{"type":"FeatureCollection","name":"tmpp1tyms0o","features":[{"type":"Feature","properties":{},"geometry":{"type":"MultiPolygon","coordinates":[[[[21.006834310283153,49.2212044302226,0.0],[21.00660433894913,49.22110102892033,0.0],[21.006539484822188,49.22107186896932,0.0],[21.00610894929375,49.22087340855512,0.0],[21.005787052907063,49.22070341248825,0.0],[21.00567688921681,49.22075595071369,0.0],[21.00556417153077,49.22084306507699,0.0],[21.005084856311292,49.22121766253869,0.0],[21.004624732368384,49.2214839481148,0.0],[21.004397932424112,49.221714435136306,0.0],[21.00417696536535,49.22195113216479,0.0],[21.003967894389056,49.222094889374496,0.0],[21.003823419550727,49.22224266193134,0.0],[21.00358650943609,49.222341601893774,0.0],[21.003528932546555,49.222365647891394,0.0],[21.0032857060948,49.22246722539869,0.0],[21.003451500246634,49.22251539664371,0.0],[21.003453636940733,49.22251601759913,0.0],[21.003341607239594,49.22262628313026,0.0],[21.00327456291228,49.22268491201061,0.0],[21.003094361253186,49.22277838779393,0.0],[21.003057492707157,49.222835501967396,0.0],[21.002879085273868,49.22284640550458,0.0],[21.002629049886938,49.22287459831941,0.0],[21.002384479996717,49.222902853496386,0.0],[21.00232276621503,49.223172448968064,0.0],[21.002063169900268,49.22337333333205,0.0],[21.001999062912084,49.22341709653039,0.0],[21.001749525911293,49.223587449196266,0.0],[21.001448246895386,49.22370520749218,0.0],[21.001379725970985,49.22383697177754,0.0],[21.001481620216047,49.22444714881797,0.0],[21.001341778298084,49.2249077979426,0.0],[21.00099431728366,49.22524739035446,0.0],[21.00081437305891,49.2253540158474,0.0],[21.000810625381135,49.22535623653437,0.0],[21.000730444381265,49.2254468229696,0.0],[21.000735297721086,49.22555997996872,0.0],[21.00075336188791,49.225695996405975,0.0],[21.00072551950484,49.225757970244956,0.0],[21.000810972160107,49.22586170331431,0.0],[21.000888878611267,49.22599280763726,0.0],[21.00086841922885,49.22600264829052,0.0],[21.000557398257936,49.226247713401555,0.0],[21.000393627279077,49.22635083047958,0.0],[21.000134114815975,49.22655929262564,0.0],[20.99987043250585,49.22661571029943,0.0],[20.99966856394409,49.226658901410815,0.0],[20.999367261653344,49.22677665332923,0.0],[20.999122812712084,49.226915413198164,0.0],[20.998905108007346,49.22701633808379,0.0],[20.998799846857885,49.22706270469494,0.0],[20.998503191063566,49.22718226340727,0.0],[20.998290377448825,49.227204961698995,0.0],[20.9981140029218,49.22722377131533,0.0],[20.997784449282246,49.22727994491218,0.0],[20.997575480288198,49.22733690574786,0.0],[20.997263336187213,49.227239454553256,0.0],[20.997250368021348,49.22738367670107,0.0],[20.996915032295608,49.22756411912595,0.0],[20.996862582466253,49.227564748581266,0.0],[20.99672405138149,49.22756641048718,0.0],[20.996641010443984,49.227675446882174,0.0],[20.996607392658746,49.22776461413439,0.0],[20.996896987141024,49.22805489289508,0.0],[20.99729158262539,49.2281188864528,0.0],[20.997333395880123,49.227954341545214,0.0],[20.9976721103583,49.22798459348213,0.0],[20.997640990768346,49.228136726435785,0.0],[20.99801470384154,49.228091547872204,0.0],[20.99860163330183,49.22818120168075,0.0],[20.998708335145437,49.228190568888856,0.0],[20.998799678926826,49.22823450924062,0.0],[20.998945567725,49.22824843798507,0.0],[20.99905846006661,49.22826744387929,0.0],[20.999285494409445,49.228292739898336,0.0],[20.999746188797385,49.22838441429048,0.0],[21.00057282399682,49.22840511908737,0.0],[21.00097684709857,49.22850076097561,0.0],[21.001024663590915,49.22848685143462,0.0],[21.00105670275602,49.22848475009204,0.0],[21.001098115211608,49.228513269004736,0.0],[21.001172941565105,49.228560041475404,0.0],[21.001292789139868,49.22859527138812,0.0],[21.00137397619379,49.2286439005546,0.0],[21.001380718190262,49.22864833843892,0.0],[21.00140722689895,49.22866578592882,0.0],[21.001573466122338,49.22850196523207,0.0],[21.001844946358087,49.22833124635333,0.0],[21.002083066673922,49.228233709074026,0.0],[21.002269683337317,49.22783495325794,0.0],[21.00248330005092,49.22757221763471,0.0],[21.002591581592146,49.227380126695955,0.0],[21.002758886997032,49.22722157017474,0.0],[21.003058296100832,49.226873952112946,0.0],[21.003246674587086,49.22658337974194,0.0],[21.003429264219328,49.22644782949871,0.0],[21.003556504734085,49.226284628945564,0.0],[21.00371286097401,49.22608393782506,0.0],[21.003983084653402,49.225715106208064,0.0],[21.004275511762714,49.2254101120528,0.0],[21.00437929436669,49.225017464453714,0.0],[21.00449349273158,49.22470627577665,0.0],[21.004509565092427,49.2245064839919,0.0],[21.004453519410557,49.22417819814598,0.0],[21.004462362859663,49.224127210084234,0.0],[21.004510956135114,49.22384705512282,0.0],[21.00460191298761,49.22365664706369,0.0],[21.004718712379557,49.22339956139225,0.0],[21.00497990055759,49.223100205401174,0.0],[21.005386923169606,49.222781043039255,0.0],[21.005398391064496,49.22242354674839,0.0],[21.00543987361192,49.22240770871819,0.0],[21.005591801081458,49.222349479136895,0.0],[21.005894792585288,49.22223353133758,0.0],[21.006446431760754,49.22208151350903,0.0],[21.006725818066972,49.22198306737047,0.0],[21.006905445000204,49.222013971945195,0.0],[21.007249194288203,49.22201234290866,0.0],[21.007419764648343,49.22201295058316,0.0],[21.007418547089532,49.221926546729605,0.0],[21.0074196295539,49.221910781867045,0.0],[21.00743455954868,49.22169330571951,0.0],[21.007502180067462,49.221607747493664,0.0],[21.007625320415436,49.22149039538271,0.0],[21.00731354436087,49.22138966465604,0.0],[21.007192606907097,49.22135059104056,0.0],[21.006834310283153,49.2212044302226,0.0]]],[[[21.009136675040047,49.22272444764425,0.0],[21.008538931147747,49.22289312937999,0.0],[21.008505103912228,49.222902674564935,0.0],[21.007709954949892,49.22312705204954,0.0],[21.00763134704333,49.22314923270539,0.0],[21.00683305398185,49.22265856313713,0.0],[21.006220966061527,49.22423575064452,0.0],[21.006768558727728,49.224352986069945,0.0],[21.006823256710902,49.224369617067,0.0],[21.006982921608614,49.22441816399873,0.0],[21.007470591361457,49.22456643876872,0.0],[21.007706338529683,49.224625650786194,0.0],[21.007706779566018,49.224625761544054,0.0],[21.00796501210819,49.22469061962121,0.0],[21.008095699398805,49.224698631940264,0.0],[21.008467932968358,49.22472179090524,0.0],[21.008726980461866,49.224737746266385,0.0],[21.00872694610062,49.224737620001285,0.0],[21.009564234271306,49.224803203275954,0.0],[21.009565992846497,49.2248033408954,0.0],[21.010185089569898,49.22483182063555,0.0],[21.010943832817503,49.224863349348844,0.0],[21.011037763244822,49.224867251829025,0.0],[21.01123175352002,49.2248747833059,0.0],[21.011629991518443,49.22489119508599,0.0],[21.012180746972543,49.22491535231435,0.0],[21.012181277129795,49.224915375936845,0.0],[21.012455605941515,49.22492737653956,0.0],[21.012557781815268,49.22493184785088,0.0],[21.012780961609508,49.22495024163349,0.0],[21.013554937708633,49.22501402769269,0.0],[21.013638850011194,49.22505906940072,0.0],[21.01373638955565,49.22509761568922,0.0],[21.01381632578358,49.225127739159596,0.0],[21.013827202835195,49.225123223764214,0.0],[21.0138592123543,49.22510993456342,0.0],[21.013876327329918,49.225108396678294,0.0],[21.01401192519832,49.225114452376964,0.0],[21.015764283495866,49.224839744735206,0.0],[21.016569707417823,49.22467971762502,0.0],[21.017064778853147,49.22463670669134,0.0],[21.017561780651146,49.22463799437728,0.0],[21.017598084523584,49.224554698843875,0.0],[21.0177950278958,49.22455895498257,0.0],[21.017507081359756,49.22443573160685,0.0],[21.017088493604707,49.224215539843044,0.0],[21.016726214453794,49.22420216464991,0.0],[21.016140451153603,49.22402828261453,0.0],[21.015402598846652,49.2239571612619,0.0],[21.014502975734825,49.22365651038658,0.0],[21.01376299090555,49.223361065740356,0.0],[21.013233122695443,49.223132994457245,0.0],[21.01302725822762,49.22304438192797,0.0],[21.0128557524211,49.22292714736623,0.0],[21.01269840718291,49.22281959324998,0.0],[21.01222652682897,49.22263014883164,0.0],[21.0120752812964,49.22256942757837,0.0],[21.011962120837815,49.222627929091885,0.0],[21.011746368374872,49.22271931436369,0.0],[21.011577216257706,49.22279095880113,0.0],[21.01129976933298,49.22289139644634,0.0],[21.011059518794077,49.2229783670425,0.0],[21.010890190862565,49.22303966397308,0.0],[21.01083135848939,49.22306095983913,0.0],[21.010471812529296,49.223177707713695,0.0],[21.01000853983346,49.22324406636029,0.0],[21.009953216707583,49.22320618646636,0.0],[21.01000021564272,49.22320844132209,0.0],[21.01045347806563,49.223143517402185,0.0],[21.010805871258658,49.22302909175826,0.0],[21.011017733897503,49.222952399007646,0.0],[21.01154899361138,49.22276008096181,0.0],[21.011930131351814,49.22259864693813,0.0],[21.012189114948644,49.22246475730123,0.0],[21.01239346177532,49.22233260860509,0.0],[21.01260438963598,49.22219620369881,0.0],[21.01264881395576,49.22216747340917,0.0],[21.01321023489674,49.221766602948186,0.0],[21.0134085202689,49.22160861598179,0.0],[21.013475314389666,49.22154874193651,0.0],[21.012848251349563,49.22137319304495,0.0],[21.01269835316243,49.22145518571428,0.0],[21.012405913156748,49.22161515965121,0.0],[21.01230752797165,49.22166893413082,0.0],[21.012114300350955,49.221741161995716,0.0],[21.011833298204845,49.221846195814265,0.0],[21.01159551359299,49.221934579462996,0.0],[21.011590557524325,49.22193648819636,0.0],[21.01137675072785,49.22201683113641,0.0],[21.01089697673368,49.22220363125952,0.0],[21.01055018557613,49.222328154207254,0.0],[21.010492787218443,49.22234391490758,0.0],[21.01020033807922,49.22242421596342,0.0],[21.009980048318997,49.22248638179701,0.0],[21.00994987671839,49.2224948954071,0.0],[21.00990478368785,49.222507645973316,0.0],[21.009136675040047,49.22272444764425,0.0]]],[[[20.988508596716017,49.22718769644735,0.0],[20.988256549890206,49.22770200319362,0.0],[20.98822030338568,49.22777596502061,0.0],[20.988298704665013,49.22794833722803,0.0],[20.988902635904847,49.22810277247078,0.0],[20.989616789208686,49.227689999043776,0.0],[20.98968969663528,49.22753359385409,0.0],[20.989767066274517,49.22731113101026,0.0],[20.989798950446694,49.22704209314137,0.0],[20.98977025599803,49.226799425217024,0.0],[20.989744187493915,49.226665636959396,0.0],[20.989678405739294,49.226476606067536,0.0],[20.989038446061812,49.22653828611607,0.0],[20.9887584363492,49.226597434030026,0.0],[20.988508596716017,49.22718769644735,0.0]]],[[[20.991043671235456,49.2268652404909,0.0],[20.991233201006654,49.2267556849686,0.0],[20.992739348339956,49.227994503374084,0.0],[20.99295413581731,49.22804392598332,0.0],[20.992915956445557,49.2276432844431,0.0],[20.993384427549046,49.22769087365013,0.0],[20.993398587176582,49.228019867701114,0.0],[20.993111578074735,49.22817148833777,0.0],[20.993322255174366,49.22837066105462,0.0],[20.993713969571612,49.228607971196396,0.0],[20.993758205310286,49.228634773208775,0.0],[20.994154613040678,49.22843075443872,0.0],[20.99426973584113,49.22830325306209,0.0],[20.994591099620116,49.22794733162994,0.0],[20.994352732715438,49.22757869079779,0.0],[20.99432972337337,49.227543107239825,0.0],[20.993283263603395,49.226999753755585,0.0],[20.99317806640651,49.22694043590008,0.0],[20.992509055205183,49.22650698238112,0.0],[20.99092882540502,49.226613186836204,0.0],[20.99077980113966,49.226634445041825,0.0],[20.991043671235456,49.2268652404909,0.0]]],[[[20.99071300717106,49.22944319835056,0.0],[20.990485017234555,49.22946231244191,0.0],[20.990328934757965,49.229356205933605,0.0],[20.990037226473877,49.22938555990079,0.0],[20.989735660700077,49.229460495971345,0.0],[20.98954600939134,49.22947801405988,0.0],[20.989032598707237,49.22955993244129,0.0],[20.98828436581421,49.22960477066827,0.0],[20.988117066391535,49.22962407908851,0.0],[20.987965427340466,49.22964157930799,0.0],[20.987930385396666,49.22970417822807,0.0],[20.9882147664884,49.22982571449043,0.0],[20.988602940948564,49.22993181908501,0.0],[20.988871117129783,49.229987692651115,0.0],[20.989176914943922,49.23001205776185,0.0],[20.98925474099562,49.2299047318498,0.0],[20.98945173213083,49.22988832867845,0.0],[20.9895373641446,49.2299532729707,0.0],[20.989693253119107,49.22997560134929,0.0],[20.99001908783311,49.229997362635395,0.0],[20.99025069450225,49.22982500971387,0.0],[20.990601894529117,49.229686124448016,0.0],[20.990764466433316,49.22960663816945,0.0],[20.990737472911512,49.22947286595524,0.0],[20.99071300717106,49.22944319835056,0.0]]],[[[20.985262294461066,49.231078035666926,0.0],[20.985422121537425,49.23094376594688,0.0],[20.98549007297752,49.230864380876596,0.0],[20.98556537119438,49.230812253963435,0.0],[20.985586752440025,49.230805069667795,0.0],[20.985707613450113,49.230783436825625,0.0],[20.98659224487874,49.230755923212364,0.0],[20.98683879318151,49.230726756269455,0.0],[20.98671856703614,49.230717670954235,0.0],[20.98653445331135,49.23069803058888,0.0],[20.98610621067895,49.23055704770187,0.0],[20.98577486534847,49.23045635224921,0.0],[20.985366461456742,49.23034209205619,0.0],[20.98515108432623,49.23027609841635,0.0],[20.985114755262877,49.23024844849529,0.0],[20.98510280093222,49.23043526140081,0.0],[20.985055597475732,49.23086655098274,0.0],[20.985055215830453,49.230869823661656,0.0],[20.98502832715412,49.23110018570909,0.0],[20.985031016695185,49.23116865730371,0.0],[20.985038005877243,49.23117077339145,0.0],[20.985100779069395,49.23116041155254,0.0],[20.985262294461066,49.231078035666926,0.0]]],[[[20.990944297561963,49.23079604584123,0.0],[20.990699453124392,49.23075908493882,0.0],[20.990349357936125,49.230676549291815,0.0],[20.990014094057287,49.230640532608334,0.0],[20.98964663570677,49.23063356335486,0.0],[20.989092970499218,49.230633906102895,0.0],[20.9884255060605,49.23068926974534,0.0],[20.988115296527013,49.230669142284206,0.0],[20.98775874887761,49.230660256979164,0.0],[20.987211339300604,49.23069283850517,0.0],[20.986904431506296,49.23071648680779,0.0],[20.98693464382212,49.230751583117424,0.0],[20.98702486580945,49.2308563883815,0.0],[20.986997097059007,49.23100752859368,0.0],[20.986946450777246,49.231160928062906,0.0],[20.987001523671537,49.23118934763659,0.0],[20.98707662696508,49.231235248995006,0.0],[20.987123953951954,49.23126527294801,0.0],[20.987178529115344,49.23126649391996,0.0],[20.98726502952395,49.23136177913082,0.0],[20.987386056195266,49.23145388966042,0.0],[20.987503914542934,49.231593414197924,0.0],[20.98754709477556,49.23171394294122,0.0],[20.98755027097668,49.23171286075767,0.0],[20.987590380202946,49.231671162652255,0.0],[20.987611507985562,49.231632099611836,0.0],[20.987654219754447,49.23173578792725,0.0],[20.98775432362696,49.23194660911375,0.0],[20.987686809988706,49.23195088981084,0.0],[20.987484858464956,49.23195118273373,0.0],[20.987419177720774,49.23196383339077,0.0],[20.98730352400989,49.23198058583971,0.0],[20.987219755351102,49.23199282173751,0.0],[20.987112659677173,49.23202384529186,0.0],[20.98702463766378,49.23208759194527,0.0],[20.986969970744028,49.232170144396676,0.0],[20.98691861646134,49.23223889597356,0.0],[20.986843837139773,49.23232105712852,0.0],[20.986775446620975,49.23236545327788,0.0],[20.986654626434937,49.23239542193155,0.0],[20.98623828592235,49.23244043036564,0.0],[20.986235897385505,49.232451623688725,0.0],[20.98622699920351,49.23253787781168,0.0],[20.98618039999601,49.23265145074479,0.0],[20.98613184219332,49.23268425459359,0.0],[20.986057900449417,49.23272400765001,0.0],[20.986511717283864,49.23263223130401,0.0],[20.987428329910234,49.23259061518793,0.0],[20.988678327586946,49.23242166324938,0.0],[20.989451791177807,49.23210406379723,0.0],[20.989673017412382,49.23133940836805,0.0],[20.990699582012,49.23100346953097,0.0],[20.991147262565953,49.230993097114414,0.0],[20.991308819839215,49.230989353723075,0.0],[20.99137620047731,49.23098779184804,0.0],[20.991460285555892,49.23083804155891,0.0],[20.991367301901654,49.230832942966984,0.0],[20.990944297561963,49.23079604584123,0.0]]],[[[20.983797704068298,49.23192017551435,0.0],[20.98378776750458,49.2318484718276,0.0],[20.98377417576798,49.231739122868376,0.0],[20.983793946561008,49.23164916616925,0.0],[20.983625697706845,49.23160602309487,0.0],[20.98356274005868,49.23158810651395,0.0],[20.98339070537915,49.231615007884194,0.0],[20.983078395562394,49.231621807419586,0.0],[20.98273437311491,49.231792283296166,0.0],[20.982752412912653,49.2318585188814,0.0],[20.982769452685197,49.23202355958782,0.0],[20.982571132002377,49.231838290388794,0.0],[20.98237391390844,49.231622092646255,0.0],[20.98252740657636,49.231412685959604,0.0],[20.982386143082376,49.2313513157623,0.0],[20.982361580447844,49.23134733532007,0.0],[20.982240307361625,49.23132768000117,0.0],[20.982067711406305,49.23133125274865,0.0],[20.9818649324163,49.23128900126668,0.0],[20.98144662513526,49.23191094366022,0.0],[20.980881767287798,49.231899234780656,0.0],[20.980868595243745,49.23192202724979,0.0],[20.98112374240026,49.23195356356106,0.0],[20.98132619750431,49.23197649927271,0.0],[20.981100419113027,49.23239015308124,0.0],[20.98125664574987,49.232479922695774,0.0],[20.981875252126965,49.23264747866427,0.0],[20.981758080882273,49.232025423009176,0.0],[20.98193729310534,49.2320457241865,0.0],[20.98233090832885,49.23208134861134,0.0],[20.982870407276444,49.23214159777631,0.0],[20.98295915656978,49.23224536480496,0.0],[20.983172872571988,49.232584218096854,0.0],[20.983254078938323,49.2326519356851,0.0],[20.983294215275986,49.23272408688729,0.0],[20.98354245481883,49.23272350584621,0.0],[20.98381739550948,49.23275836590975,0.0],[20.98383283000384,49.23276200871385,0.0],[20.983900919955826,49.23268020357579,0.0],[20.984048035597528,49.23264278410968,0.0],[20.984050333808383,49.232642001739066,0.0],[20.983957191264054,49.23252987574996,0.0],[20.984014054488863,49.232190887387105,0.0],[20.98397547694012,49.23213195388312,0.0],[20.983921376555156,49.23204813721535,0.0],[20.98385963587936,49.231987747270125,0.0],[20.983797704068298,49.23192017551435,0.0]]],[[[20.982642827049546,49.232643702666195,0.0],[20.982772225518367,49.2326674989491,0.0],[20.98283739912839,49.23268251332335,0.0],[20.98290736543817,49.23271022585707,0.0],[20.98284911363393,49.23271970006387,0.0],[20.982520787154133,49.232836376366436,0.0],[20.98225559730528,49.23300455838713,0.0],[20.982084535388704,49.23324138065804,0.0],[20.98172763886444,49.23346866294363,0.0],[20.981420829714494,49.23366387773522,0.0],[20.981374079362343,49.233693624170314,0.0],[20.981575951183352,49.233710587117876,0.0],[20.982010101514327,49.233747066976036,0.0],[20.98230896065382,49.233593009624194,0.0],[20.98230206027235,49.23359763153771,0.0],[20.98196057126356,49.23382640221652,0.0],[20.980378649414945,49.234834876458116,0.0],[20.98399158365987,49.23576916289264,0.0],[20.98395405350027,49.235552334369046,0.0],[20.98384369210319,49.23518080376916,0.0],[20.983831791485258,49.23514073999748,0.0],[20.983663340426098,49.23463268853959,0.0],[20.983662970862056,49.23463207587085,0.0],[20.98355835196375,49.23432980732537,0.0],[20.983518481888993,49.23403942346898,0.0],[20.983491289174943,49.23370583580453,0.0],[20.98349118263355,49.23324451296794,0.0],[20.983478475137183,49.233120779147995,0.0],[20.983494642265786,49.23305038471404,0.0],[20.983204374934793,49.23315858042692,0.0],[20.98308027509578,49.23310425936252,0.0],[20.982850221431953,49.23317648077768,0.0],[20.98285269235664,49.233050809305254,0.0],[20.98309482945577,49.23285562585225,0.0],[20.983126716599394,49.23267454869236,0.0],[20.983100510668905,49.23256943006916,0.0],[20.9829395851646,49.232488515995875,0.0],[20.982731951227866,49.232402696984614,0.0],[20.982584990379976,49.23233240658636,0.0],[20.9824125088689,49.23229783750572,0.0],[20.982416326061923,49.23234267266573,0.0],[20.98240631673005,49.2323822629878,0.0],[20.982398190608862,49.23250081864875,0.0],[20.982405606546802,49.232581514662584,0.0],[20.982449879041308,49.23259901568444,0.0],[20.98251582418916,49.232605517086114,0.0],[20.98257658184475,49.23262463211103,0.0],[20.982642827049546,49.232643702666195,0.0]]],[[[21.01069865506324,49.2328866459348,0.0],[21.010067199050205,49.23341202862952,0.0],[21.009559828183843,49.23379332073298,0.0],[21.009297107500423,49.233932878295434,0.0],[21.00911955149359,49.23401556855357,0.0],[21.009592609138362,49.23415223507633,0.0],[21.00895926941855,49.23535233078543,0.0],[21.00869022504868,49.23544398108911,0.0],[21.008584605513068,49.23582233401213,0.0],[21.00805170753781,49.23643232230077,0.0],[21.00737268439652,49.236547017526256,0.0],[21.00737077568848,49.23654731072128,0.0],[21.007479671545898,49.236606177980235,0.0],[21.00789489186797,49.23676362672868,0.0],[21.008477596199175,49.23690782449433,0.0],[21.008689485463748,49.23691972769988,0.0],[21.00900896333354,49.23684690524211,0.0],[21.009177123795205,49.23679498412565,0.0],[21.009381467445944,49.23673189164239,0.0],[21.0098986083566,49.236584890024204,0.0],[21.010286442294674,49.23650785118402,0.0],[21.010326411461087,49.23641611739657,0.0],[21.01025282521737,49.236310816360614,0.0],[21.010474668450247,49.23611958529471,0.0],[21.010727828998586,49.235830282768305,0.0],[21.010576655534006,49.235812135729645,0.0],[21.010560229175486,49.235725855020796,0.0],[21.010832747016998,49.23569224695907,0.0],[21.0109912853983,49.235604442021895,0.0],[21.010884029710272,49.23535269249163,0.0],[21.011067324403964,49.23530293430521,0.0],[21.01112400943279,49.23544620441357,0.0],[21.011204018692496,49.23539157061612,0.0],[21.011625748918863,49.23503114971874,0.0],[21.011559491225036,49.234898979251454,0.0],[21.01171272706795,49.23481819535071,0.0],[21.01168406624644,49.23469704292343,0.0],[21.011283267297575,49.234850126942675,0.0],[21.011262184660023,49.23480329450834,0.0],[21.011456020453917,49.234289368401434,0.0],[21.011403172871038,49.23416241192415,0.0],[21.011466327448062,49.234056291435834,0.0],[21.01156782796987,49.2339657815435,0.0],[21.012058398213778,49.23368994735659,0.0],[21.01221424458987,49.23373564935581,0.0],[21.012495199880004,49.233546299809554,0.0],[21.012790284553606,49.23363245779996,0.0],[21.012793255593397,49.23365684473361,0.0],[21.012729613086307,49.23397209963986,0.0],[21.012372506672087,49.23462022307074,0.0],[21.012194514223275,49.23460157926855,0.0],[21.01205677181493,49.23470248273007,0.0],[21.01201272455007,49.23497333752835,0.0],[21.01194628391419,49.23499600721743,0.0],[21.011903207899504,49.23519485046274,0.0],[21.011863385476545,49.23531457780133,0.0],[21.011393083312267,49.23572080143945,0.0],[21.011355604761157,49.23587730475013,0.0],[21.011094064981037,49.23594690632765,0.0],[21.0110333923579,49.236324808065206,0.0],[21.01097404590711,49.236376644465416,0.0],[21.011141355468965,49.23634471805023,0.0],[21.011352105818055,49.23625727968811,0.0],[21.011549341889296,49.23617142784372,0.0],[21.011560282985332,49.23616774835444,0.0],[21.011567320559795,49.236166346026366,0.0],[21.011579538668578,49.23616541273183,0.0],[21.011591765039064,49.2361662838925,0.0],[21.0117144811208,49.2361843975568,0.0],[21.01172228159986,49.23618637193035,0.0],[21.01173272101352,49.23619063102243,0.0],[21.01174145102094,49.236196303551004,0.0],[21.01174963401671,49.236205474752836,0.0],[21.011915034612034,49.23647614881829,0.0],[21.01202303875005,49.236631738753566,0.0],[21.012075878443127,49.23664027448742,0.0],[21.012240181867814,49.23626641276159,0.0],[21.012742628328333,49.23513935881627,0.0],[21.013171190057363,49.23459950434058,0.0],[21.01390582104067,49.23400434363768,0.0],[21.014047721435176,49.23377193140682,0.0],[21.014107097662915,49.233726482148434,0.0],[21.01452910425302,49.233343341873955,0.0],[21.0146377397892,49.23324284233172,0.0],[21.015071007022513,49.23284202064199,0.0],[21.015557081286104,49.2326610363966,0.0],[21.01591430090075,49.232563964999535,0.0],[21.01593144152786,49.23247270993298,0.0],[21.01586739688195,49.23237980844877,0.0],[21.015712988705666,49.23228136870228,0.0],[21.01545263877357,49.23217430164854,0.0],[21.01544571238432,49.232170928169595,0.0],[21.01529281283797,49.23208339276749,0.0],[21.015284963350354,49.232077191942274,0.0],[21.015119322872977,49.23191162805979,0.0],[21.0151142053466,49.23190517068096,0.0],[21.015076024723253,49.231842090579455,0.0],[21.015072801323253,49.231834318477134,0.0],[21.01507217353161,49.23182804455618,0.0],[21.015075456827436,49.23173042861036,0.0],[21.015076253930868,49.231725067279925,0.0],[21.015079701796182,49.23171733647543,0.0],[21.015140874820933,49.23162160918059,0.0],[21.015146862467027,49.231614574372664,0.0],[21.01515509090753,49.231608587720956,0.0],[21.015162413615244,49.231605000493765,0.0],[21.015173504549306,49.23160152095651,0.0],[21.01554892712579,49.23151604928052,0.0],[21.015571301686975,49.23151203047496,0.0],[21.01610575194624,49.231416034305425,0.0],[21.01625950659074,49.23134192132765,0.0],[21.016521029241037,49.23119633926716,0.0],[21.016505937105645,49.23118951327704,0.0],[21.016227358841242,49.23099513328914,0.0],[21.015737682222753,49.230784740716004,0.0],[21.015154015602157,49.23032990689418,0.0],[21.01471870502485,49.229964303688774,0.0],[21.014617528763665,49.22968212231664,0.0],[21.014589188699002,49.22960308227281,0.0],[21.01438646733915,49.22934026204806,0.0],[21.014283587737552,49.22921581366091,0.0],[21.01419906575131,49.229084868425375,0.0],[21.01415696284341,49.22897298809332,0.0],[21.014069370672168,49.22885043855529,0.0],[21.01388540608,49.22863165080528,0.0],[21.014460066381606,49.228502435294295,0.0],[21.014745701394936,49.22840003041643,0.0],[21.015116790705385,49.22833324357933,0.0],[21.015627213398314,49.228258548655845,0.0],[21.016130216959525,49.22815443724554,0.0],[21.01632867498071,49.22810637567217,0.0],[21.01674598526612,49.226636710067574,0.0],[21.01683113113143,49.226417672348546,0.0],[21.016970704875256,49.226058613416924,0.0],[21.017081220272722,49.22577005979652,0.0],[21.017204262064304,49.225285835414454,0.0],[21.017342188350966,49.22503816782605,0.0],[21.017542535653973,49.22467840728891,0.0],[21.01706873675576,49.224677180688644,0.0],[21.0165828222723,49.224719395711475,0.0],[21.01577866508935,49.224879097855734,0.0],[21.014026304261872,49.22515380386966,0.0],[21.014007722373314,49.22515482122072,0.0],[21.013872124327836,49.22514876641551,0.0],[21.013826374246293,49.22513152623869,0.0],[21.01381632578358,49.225127739159596,0.0],[21.01370776067783,49.225172811539686,0.0],[21.012949582043092,49.22542946723139,0.0],[21.012589577146677,49.22555133231416,0.0],[21.01252743447031,49.22555762195338,0.0],[21.012196234177484,49.225590981509704,0.0],[21.012053275504368,49.225635028726536,0.0],[21.012053598096546,49.225637470966205,0.0],[21.012059040499594,49.22567868788022,0.0],[21.01219316412593,49.226046420253,0.0],[21.01249395737348,49.226800979356156,0.0],[21.012515824961724,49.227434207969836,0.0],[21.01251135161554,49.2284644460531,0.0],[21.01250949754585,49.22894897191088,0.0],[21.01250964657021,49.228959000660964,0.0],[21.012297427906223,49.228991658864196,0.0],[21.012209683499382,49.22900516258647,0.0],[21.011902476773344,49.22909189388738,0.0],[21.011737328808987,49.22914411549881,0.0],[21.011468774076306,49.229229036704794,0.0],[21.01136299350851,49.229260436271176,0.0],[21.011319967563885,49.22927320826881,0.0],[21.010965490692666,49.22937842783653,0.0],[21.010851215733943,49.22943681303454,0.0],[21.010607220135146,49.22956147000072,0.0],[21.010473571719142,49.229830776812555,0.0],[21.010370492644768,49.23004552892616,0.0],[21.010249231438046,49.230284715830805,0.0],[21.01016786105132,49.23044910622314,0.0],[21.01004250150838,49.23044665826912,0.0],[21.010061836848035,49.23063280337351,0.0],[21.009791633019685,49.23060241847343,0.0],[21.009657579395952,49.230587343778964,0.0],[21.00903634706322,49.230763422247065,0.0],[21.009025932562626,49.23076637414555,0.0],[21.00947727369778,49.23136297235552,0.0],[21.009835032361195,49.23167128156699,0.0],[21.009837974891088,49.231673817546586,0.0],[21.009983004814114,49.23179880041641,0.0],[21.010021451454655,49.23184093582448,0.0],[21.010096048214127,49.232123486361196,0.0],[21.01012832015634,49.23217469024577,0.0],[21.010237714995498,49.232154062010615,0.0],[21.010318673895107,49.232138794715276,0.0],[21.01050274552559,49.232388243690956,0.0],[21.0107200221587,49.2326518613325,0.0],[21.010586542732465,49.23269208746525,0.0],[21.01059198142469,49.232700475880954,0.0],[21.010772220132267,49.23282188697557,0.0],[21.010707588220903,49.23287878208094,0.0],[21.01069865506324,49.2328866459348,0.0]]],[[[21.007688972833552,49.235397116278584,0.0],[21.007985504232494,49.235128844111195,0.0],[21.007921743426007,49.23504051356779,0.0],[21.007605062348286,49.23535477364316,0.0],[21.007224655781236,49.235511642413066,0.0],[21.006799763912195,49.23574324338334,0.0],[21.006514820627487,49.235900013009534,0.0],[21.00642548258556,49.2358962146176,0.0],[21.00642404052247,49.235895365280946,0.0],[21.00606034460862,49.235953245791855,0.0],[21.00567335709694,49.23606871674373,0.0],[21.005199574951597,49.236256730002836,0.0],[21.00485332665011,49.23640240576506,0.0],[21.004612816364716,49.23643958650809,0.0],[21.004266553857178,49.23642825555344,0.0],[21.003802061367658,49.23636800257331,0.0],[21.003360966826023,49.236328990986145,0.0],[21.002937964948995,49.236380672815436,0.0],[21.002625080137033,49.23642367073899,0.0],[21.00232248823584,49.23653663036975,0.0],[21.002125957280644,49.236653061742516,0.0],[21.002018639979536,49.236966117312576,0.0],[21.001977492554268,49.237000111869804,0.0],[21.002643146975974,49.23701685825723,0.0],[21.002860417586888,49.23709970086204,0.0],[21.003441088286092,49.2372701695789,0.0],[21.00382602396423,49.23717674701349,0.0],[21.003965234598727,49.237373151667214,0.0],[21.004080985380675,49.23747286521562,0.0],[21.004162900008904,49.23761185937544,0.0],[21.004563223604553,49.23772088440361,0.0],[21.005142744229705,49.23765402001379,0.0],[21.00570660157636,49.23772939123915,0.0],[21.00638979440116,49.237854336221524,0.0],[21.007001320841553,49.237952100374656,0.0],[21.0071016962346,49.23805130689225,0.0],[21.007505639365284,49.23821794797058,0.0],[21.00858992476252,49.2385801449085,0.0],[21.00954688703799,49.23884162072115,0.0],[21.010455312978742,49.23905345019792,0.0],[21.01064170546528,49.23910101245458,0.0],[21.010926375132385,49.239136695489215,0.0],[21.01043680874429,49.23881231805028,0.0],[21.01023152494427,49.238688908750426,0.0],[21.009992174946913,49.23858621157927,0.0],[21.009990668712547,49.23858548083439,0.0],[21.009896526027138,49.23853979608267,0.0],[21.00940989921939,49.23843828656469,0.0],[21.00939867055598,49.23843499810636,0.0],[21.008918373310312,49.23821428291496,0.0],[21.00835554035563,49.23788257171448,0.0],[21.007971215957333,49.2376290133131,0.0],[21.007710171479353,49.23744017097764,0.0],[21.007703494730485,49.237434206067014,0.0],[21.007501737196275,49.237208475750705,0.0],[21.007132752820368,49.23683880872119,0.0],[21.007127218898383,49.23683161623298,0.0],[21.007074902752716,49.236731505629,0.0],[21.007063084413403,49.236701707352005,0.0],[21.007015798371665,49.23658248409876,0.0],[21.00696364428248,49.236450983616805,0.0],[21.00695689543315,49.23640402404351,0.0],[21.00695798881676,49.23639333098421,0.0],[21.00696195934797,49.23638570840509,0.0],[21.006968420231967,49.23637885510396,0.0],[21.00697704700783,49.236373113384076,0.0],[21.006987409129174,49.23636877436319,0.0],[21.006998985527975,49.236366054174866,0.0],[21.007007101268698,49.236365209551025,0.0],[21.007019395172637,49.23636544779115,0.0],[21.00703507193492,49.23636852546718,0.0],[21.00704553930789,49.236372756194505,0.0],[21.0070930023661,49.23639715262944,0.0],[21.00711156598259,49.23628766895182,0.0],[21.007304976852655,49.235997510126495,0.0],[21.007496956016567,49.23580213141112,0.0],[21.007688972833552,49.235397116278584,0.0]]],[[[20.986850812956465,49.235517269011,0.0],[20.986801731704183,49.23559631470098,0.0],[20.986609872491975,49.23560017056367,0.0],[20.9863960547913,49.23559687582655,0.0],[20.98637425653345,49.23563998601948,0.0],[20.986408954462856,49.23567516048772,0.0],[20.9864237666542,49.235690176746424,0.0],[20.98637132343094,49.2357063611336,0.0],[20.986248500412202,49.23574426569044,0.0],[20.986174228406156,49.235706807511555,0.0],[20.986116088269664,49.23567748470898,0.0],[20.985957474314652,49.235597487808576,0.0],[20.985798372398683,49.23556180672831,0.0],[20.985524339458365,49.235587311498236,0.0],[20.985486241574815,49.23567352340257,0.0],[20.98552120785555,49.23568552942917,0.0],[20.985620755114272,49.235719709455246,0.0],[20.985920878003974,49.2358227568622,0.0],[20.98599550055778,49.23587909179431,0.0],[20.98602530518922,49.235901592060976,0.0],[20.98564162398049,49.23592724538377,0.0],[20.98553758708142,49.235973904999454,0.0],[20.98552117698456,49.23598126365858,0.0],[20.985528407230085,49.23598644776756,0.0],[20.985576134316396,49.23602067716411,0.0],[20.985485116213027,49.236045593034646,0.0],[20.985315017042566,49.23609215656215,0.0],[20.985154366208953,49.23613613435622,0.0],[20.985088824742483,49.23616740956241,0.0],[20.98487520128217,49.23626934393823,0.0],[20.984867133516712,49.236302531318806,0.0],[20.98484813885339,49.23638067089233,0.0],[20.984758684612782,49.23636863136949,0.0],[20.984338021659404,49.23631200998303,0.0],[20.98353516707644,49.23630932982041,0.0],[20.98345543216542,49.23630906287282,0.0],[20.98340542732264,49.2363088964682,0.0],[20.983324327471628,49.23630862502586,0.0],[20.98302214585323,49.23655803218125,0.0],[20.983004249129063,49.23657280334627,0.0],[20.982937860773873,49.23661128802658,0.0],[20.982813221071144,49.23668353918776,0.0],[20.982700721439404,49.236748752354906,0.0],[20.982588362466455,49.236813884522604,0.0],[20.982315405954022,49.23701488797639,0.0],[20.982337344284012,49.23701857666643,0.0],[20.98260096482929,49.23706289299925,0.0],[20.98277491537402,49.23709213466799,0.0],[20.982929759272384,49.23711816332901,0.0],[20.983167077072856,49.237151820878566,0.0],[20.9836318296915,49.2372177316113,0.0],[20.984010271282095,49.23726747507817,0.0],[20.984322890455076,49.23730653478269,0.0],[20.984604238383916,49.23743209559163,0.0],[20.984751279267766,49.23726855444233,0.0],[20.984987771746486,49.237100353483584,0.0],[20.985019306201934,49.237077926065844,0.0],[20.985137625100073,49.23699588003761,0.0],[20.985320168468135,49.23686929963125,0.0],[20.985467975192783,49.23686153354151,0.0],[20.98567097770079,49.23685086592513,0.0],[20.98584168333822,49.23685197507903,0.0],[20.98589756507449,49.23685233820079,0.0],[20.985950761612624,49.23685268321155,0.0],[20.986006155518904,49.23685304284235,0.0],[20.98612601601258,49.23685382090394,0.0],[20.986487945697963,49.236882045192104,0.0],[20.986716075852495,49.236892391421996,0.0],[20.986718240690724,49.236892489612174,0.0],[20.986813178979936,49.23691306905539,0.0],[20.98683344252191,49.23691746168505,0.0],[20.98675709342483,49.236880041911675,0.0],[20.986469042097074,49.236741808348484,0.0],[20.98645008009475,49.23673270842557,0.0],[20.986401483497776,49.23671446192397,0.0],[20.98618795345975,49.23663428381503,0.0],[20.986126222753263,49.23661110463236,0.0],[20.985963939977566,49.23657474400459,0.0],[20.985622184571405,49.236498169645266,0.0],[20.985473358452342,49.2364648230826,0.0],[20.985104760229675,49.23641521080506,0.0],[20.985488415698004,49.23637878067061,0.0],[20.985806303327898,49.236353214660056,0.0],[20.986266836675153,49.2363561699086,0.0],[20.98643785053951,49.23622436959904,0.0],[20.986475680140863,49.236051998137526,0.0],[20.98656893357146,49.23606982061615,0.0],[20.986738876257856,49.23606958361159,0.0],[20.986980017585566,49.23604412078227,0.0],[20.98697410096586,49.23618389620867,0.0],[20.98690363533543,49.23643170377748,0.0],[20.98687636502187,49.23647481419151,0.0],[20.98723306002196,49.23658201917942,0.0],[20.98752389340414,49.236664181116524,0.0],[20.987552284745213,49.236669980603146,0.0],[20.987907915379775,49.23674262616406,0.0],[20.98792678143975,49.23675264010045,0.0],[20.988292344556413,49.23694671209146,0.0],[20.988631951356968,49.236852897692046,0.0],[20.98873080199743,49.23690660846401,0.0],[20.988763509415026,49.23691127825371,0.0],[20.9890544225223,49.23695282332499,0.0],[20.989142178548004,49.236967059850905,0.0],[20.98934520392431,49.23702061895259,0.0],[20.989402733220036,49.237166846281376,0.0],[20.9896770590807,49.23722749209023,0.0],[20.989746247433892,49.23720282629611,0.0],[20.98987806556582,49.23727443865277,0.0],[20.989977095685916,49.237376617630105,0.0],[20.990087186560995,49.237452088581215,0.0],[20.99010455407183,49.23746399396842,0.0],[20.990343851070243,49.237433068825446,0.0],[20.990461561762167,49.23741879609579,0.0],[20.990699510257727,49.23738994256064,0.0],[20.990698835222645,49.237397695423006,0.0],[20.990695393403303,49.237437239910484,0.0],[20.990683238934032,49.23757684081778,0.0],[20.990655741583794,49.23762528335458,0.0],[20.990570610007936,49.23770599126814,0.0],[20.99039505309535,49.23776867483935,0.0],[20.990304433787585,49.237851173082355,0.0],[20.99047704782904,49.23789259427418,0.0],[20.990671660135355,49.23790710739732,0.0],[20.991025247148766,49.23792533796946,0.0],[20.991304852976572,49.23792556264658,0.0],[20.99174886611959,49.23796540591251,0.0],[20.991984415799422,49.23796725143152,0.0],[20.99200380736784,49.23796740287966,0.0],[20.992225820185165,49.23798552298007,0.0],[20.992329925020073,49.238001757678596,0.0],[20.99232325271377,49.23800020976761,0.0],[20.992315112531664,49.237957123160264,0.0],[20.992454948540082,49.23793569535522,0.0],[20.992600285517906,49.237914267919244,0.0],[20.992731845494443,49.237926941686354,0.0],[20.992852476353132,49.23791447117543,0.0],[20.992942915006942,49.237928900847116,0.0],[20.993003189891738,49.23794868743902,0.0],[20.993060810001957,49.237918221948405,0.0],[20.993131728285704,49.2378986418628,0.0],[20.99322826942075,49.23790078081604,0.0],[20.993281540746604,49.23778428174129,0.0],[20.993386169591165,49.23752409817221,0.0],[20.99347577555746,49.23733582293338,0.0],[20.99348523093411,49.23731595748069,0.0],[20.99347715665152,49.23723517833221,0.0],[20.993473686101947,49.23722519529478,0.0],[20.993454636141113,49.23717040237277,0.0],[20.99345175843983,49.237162122360324,0.0],[20.99344602291437,49.23714562600878,0.0],[20.993427173963237,49.23709140506667,0.0],[20.993425347339468,49.23708615216117,0.0],[20.9934252048203,49.23708591250409,0.0],[20.99338162304109,49.237012521657405,0.0],[20.99332375092327,49.236965904913,0.0],[20.993284766078666,49.23693450021685,0.0],[20.99322520578915,49.23702159422251,0.0],[20.99321576082947,49.23703250467973,0.0],[20.993153771247687,49.23710411201652,0.0],[20.99307967020969,49.23715610297505,0.0],[20.992898927521626,49.237165927840934,0.0],[20.992819234238635,49.237170259345106,0.0],[20.992728823945967,49.23714147060892,0.0],[20.992600121887186,49.237064185739975,0.0],[20.992729107435384,49.23698351258663,0.0],[20.992748502434317,49.236868649303595,0.0],[20.992309739270762,49.23696344232248,0.0],[20.992172587383042,49.237015388286444,0.0],[20.991950468795668,49.23705470387947,0.0],[20.991830873132482,49.2370671092598,0.0],[20.99162420645525,49.2370885474144,0.0],[20.99141859590257,49.23709377029246,0.0],[20.991463766599015,49.2370598167967,0.0],[20.991614429685388,49.23702080975077,0.0],[20.991770516831494,49.23698039879342,0.0],[20.99164689735043,49.23689980452623,0.0],[20.991294304710664,49.23695484894501,0.0],[20.99125237589006,49.23696139372794,0.0],[20.991104130182407,49.23689339563021,0.0],[20.991147567825216,49.23676769016998,0.0],[20.990999281534506,49.23668892292712,0.0],[20.990549909424633,49.23674341441747,0.0],[20.990325387396368,49.23682271157697,0.0],[20.99016634863148,49.23680498186534,0.0],[20.99017650053743,49.23656085537207,0.0],[20.99006623857624,49.23637433597622,0.0],[20.98994537331595,49.236295531804785,0.0],[20.98985507994431,49.23626880986813,0.0],[20.989703915862723,49.2362240733021,0.0],[20.989667352386945,49.2362164230982,0.0],[20.989624449181754,49.23620744640405,0.0],[20.989452584867152,49.23617148618562,0.0],[20.98911496259582,49.23610084238831,0.0],[20.989097624141152,49.2360972142959,0.0],[20.98890294175053,49.236056478151596,0.0],[20.988751301024262,49.236025118498766,0.0],[20.988299482141827,49.23593167870007,0.0],[20.988292693308722,49.235929467689246,0.0],[20.98821631383444,49.235904593621264,0.0],[20.987913603008913,49.235806009272856,0.0],[20.98788238607058,49.23579584231622,0.0],[20.98784876687115,49.23557331469132,0.0],[20.98773898754408,49.23553038957459,0.0],[20.987749447295347,49.23537601555365,0.0],[20.987556687970514,49.23510704108597,0.0],[20.98728809079903,49.23511459637467,0.0],[20.98718464414953,49.235333724466116,0.0],[20.987267327523373,49.235473613778254,0.0],[20.986850812956465,49.235517269011,0.0]]],[[[21.00705803389892,49.23642488861846,0.0],[21.00701163478496,49.23640105364089,0.0],[21.007016806504865,49.2364419413514,0.0],[21.007121681886545,49.236706363430976,0.0],[21.007128067926775,49.236722464301394,0.0],[21.007178733045997,49.236819130370236,0.0],[21.0075484569785,49.23718954077118,0.0],[21.00775090128475,49.23741603890523,0.0],[21.00801020346462,49.23760367720705,0.0],[21.008394526493518,49.237857235438035,0.0],[21.008949943332514,49.238184848973724,0.0],[21.00942657315271,49.23840401720981,0.0],[21.00992035252905,49.2385070181278,0.0],[21.0100141960463,49.23854728322627,0.0],[21.01008716276335,49.238428819623394,0.0],[21.010353906531993,49.23853992290558,0.0],[21.01066902545114,49.2386125503381,0.0],[21.010747302334856,49.23863059114641,0.0],[21.010972869820858,49.23874853931486,0.0],[21.01122324918106,49.238946931105914,0.0],[21.011305784419136,49.23901232913429,0.0],[21.011088067161538,49.23917866495798,0.0],[21.011081175892254,49.239181696176665,0.0],[21.011116548260482,49.23920513220705,0.0],[21.011209495740776,49.239273046454805,0.0],[21.011655659350623,49.2392432080315,0.0],[21.011868937152208,49.23938394433761,0.0],[21.01188107118456,49.238705605544496,0.0],[21.01186674250984,49.238598696944166,0.0],[21.01170438574368,49.23738730225975,0.0],[21.011724962795547,49.237020189744136,0.0],[21.01205903551578,49.23667859896129,0.0],[21.012060677037464,49.23667486414909,0.0],[21.011984046149355,49.23666248580301,0.0],[21.011864506384555,49.236490279546,0.0],[21.01169863801085,49.23621883657727,0.0],[21.01157974749382,49.23620138084511,0.0],[21.011382511357105,49.23628723273979,0.0],[21.011164185718375,49.23637782407107,0.0],[21.01091916528958,49.236424579034406,0.0],[21.01087663638134,49.23646172561271,0.0],[21.010561818818964,49.23660794864267,0.0],[21.01047205022022,49.236718407242364,0.0],[21.00976672177537,49.237532685921295,0.0],[21.009768175984437,49.237696816399016,0.0],[21.009574776191613,49.23780844383517,0.0],[21.009341526278497,49.238117144499014,0.0],[21.00931974792239,49.23823415231515,0.0],[21.00916387614448,49.238138205222285,0.0],[21.009115575940278,49.23810026446521,0.0],[21.00919120898988,49.2380267051152,0.0],[21.009416162777978,49.23762597205065,0.0],[21.00960075565486,49.237447052699245,0.0],[21.009720367062677,49.237199167935096,0.0],[21.009944259638413,49.236987207943685,0.0],[21.009940832226714,49.23685646245545,0.0],[21.009895975013862,49.23677050931125,0.0],[21.00976187054328,49.2367567868175,0.0],[21.009704976424374,49.23667898846867,0.0],[21.009403373971313,49.23676487421195,0.0],[21.009167382261197,49.236837750161484,0.0],[21.009029765741126,49.23688024702299,0.0],[21.008696471817185,49.23695621904691,0.0],[21.008465307726613,49.23694323374385,0.0],[21.007871261173985,49.23679622795401,0.0],[21.00744821021924,49.23663581045768,0.0],[21.007303626663248,49.23655765129887,0.0],[21.00705803389892,49.23642488861846,0.0]]],[[[21.00014287480685,49.240090002646475,0.0],[21.000071671657487,49.24004328508132,0.0],[21.000072327719906,49.24004250891202,0.0],[21.000104377161506,49.240004566147356,0.0],[20.999125831899644,49.23973913496761,0.0],[20.997633783644513,49.2393343923987,0.0],[20.997565204591336,49.23938109872281,0.0],[20.99742804970664,49.23943125914577,0.0],[20.997362209418256,49.23945633451275,0.0],[20.997282711375977,49.23945627580133,0.0],[20.997183191137562,49.23943627609826,0.0],[20.997099290588512,49.23931369507453,0.0],[20.997074804546102,49.239209573700705,0.0],[20.997079290479864,49.239062611693406,0.0],[20.9970806116117,49.23901930554292,0.0],[20.99708072853308,49.23895354152123,0.0],[20.99671712689183,49.23898208061398,0.0],[20.996604200982123,49.23899094374947,0.0],[20.996569575617855,49.23899086698618,0.0],[20.996518836974204,49.23899075514438,0.0],[20.996346044955093,49.239035496161954,0.0],[20.99612125137583,49.239042510335,0.0],[20.995926659581862,49.239015438963655,0.0],[20.99572659990069,49.238986568262625,0.0],[20.995744871415244,49.239005946985124,0.0],[20.995692724787343,49.2390364222562,0.0],[20.995624174219145,49.23905073018284,0.0],[20.995563817595276,49.239075813375486,0.0],[20.99552806277034,49.23914219912292,0.0],[20.995500595123143,49.239169099397905,0.0],[20.995453999969612,49.23916906540185,0.0],[20.995404720290317,49.239131337728566,0.0],[20.995385606040784,49.23909003507136,0.0],[20.99534731136967,49.23904153999917,0.0],[20.99525963134053,49.23901993735112,0.0],[20.995199341498665,49.23900732691981,0.0],[20.99515275984869,49.23899651662981,0.0],[20.99507880218891,49.23896594686814,0.0],[20.995084326465122,49.23893723742024,0.0],[20.995144501952662,49.2389341266954,0.0],[20.99506231329424,49.238873449082895,0.0],[20.994900663315903,49.23882126691181,0.0],[20.994782900097604,49.23875835235374,0.0],[20.9946596505727,49.2387026131221,0.0],[20.994506158130427,49.2386899331985,0.0],[20.994415704386448,49.23868088811578,0.0],[20.994286942496913,49.23863771587218,0.0],[20.994212999449324,49.238596369381085,0.0],[20.99414454195763,49.23855862399996,0.0],[20.994023909835175,49.238567503634215,0.0],[20.993895056755168,49.23857279123564,0.0],[20.99379900966967,49.23862656528708,0.0],[20.993733099974083,49.23869113624819,0.0],[20.993912797962498,49.238870725402336,0.0],[20.993937949320266,49.23894046985917,0.0],[20.993950998410604,49.23897665720654,0.0],[20.993964439395576,49.239120265293344,0.0],[20.994028015353802,49.23919644831899,0.0],[20.994073860908927,49.23925138392732,0.0],[20.994197459861997,49.23932649620528,0.0],[20.99422172425724,49.239341242612255,0.0],[20.994427166840516,49.23943115381053,0.0],[20.994551428287586,49.23947006196517,0.0],[20.9946627895816,49.23950493110831,0.0],[20.994862749791423,49.239593032059666,0.0],[20.99501888904724,49.239659564257956,0.0],[20.995010548602444,49.239724175363385,0.0],[20.994923842908968,49.239877518662894,0.0],[20.9949060545057,49.23990898219333,0.0],[20.994896177534894,49.240025059032995,0.0],[20.99489193061945,49.24007500347211,0.0],[20.994902725361037,49.24007743372236,0.0],[20.9950233741238,49.24010460528312,0.0],[20.995064405850005,49.240151299583836,0.0],[20.995050604161086,49.24020514397117,0.0],[20.995036929543303,49.24024077852901,0.0],[20.99668849554991,49.240507972136214,0.0],[20.99879689777069,49.24110704007488,0.0],[21.000351637564233,49.2417718318656,0.0],[21.000378724937022,49.24178341298241,0.0],[21.001093928857347,49.24188773788718,0.0],[21.001523731755025,49.24195042985197,0.0],[21.001825563216137,49.24200266258017,0.0],[21.00215995534892,49.24205136107824,0.0],[21.00236824681713,49.242087403993345,0.0],[21.002568424043698,49.24205523551787,0.0],[21.002809749451252,49.24201053129815,0.0],[21.002894819640588,49.241995346466105,0.0],[21.002839299649114,49.24177989760577,0.0],[21.002943235122117,49.241439836466846,0.0],[21.003069836139055,49.241213504403675,0.0],[21.003046711056335,49.241024765525246,0.0],[21.00289986168163,49.240718628778325,0.0],[21.002859541518426,49.24065245317833,0.0],[21.00284074897073,49.240646444244,0.0],[21.0028295959545,49.240642559839706,0.0],[21.00276800329544,49.24062110769961,0.0],[21.00252300742765,49.240535776850656,0.0],[21.002279167180838,49.24067463198562,0.0],[21.002174532771136,49.24081717896791,0.0],[21.002155038032484,49.24084432376531,0.0],[21.002162839025676,49.240860662112084,0.0],[21.002139116492586,49.24090751370789,0.0],[21.002004867312195,49.241172650231356,0.0],[21.001942212786062,49.24119344623614,0.0],[21.001891820801355,49.241210172001,0.0],[21.001790772971628,49.24124371025909,0.0],[21.001623502126446,49.24122820571734,0.0],[21.001549696598886,49.241221364531675,0.0],[21.00146517570674,49.241213531349004,0.0],[21.00143618886571,49.24110523507648,0.0],[21.001551795391926,49.241068402583345,0.0],[21.00158895345739,49.24105656430987,0.0],[21.00160975043157,49.24094210912413,0.0],[21.001698247102468,49.24045509989093,0.0],[21.001887812861362,49.24011974960217,0.0],[21.0023018643999,49.2400649955448,0.0],[21.00232045062162,49.239919222158186,0.0],[21.00213955494883,49.23980089567392,0.0],[21.00197179101931,49.23969115740407,0.0],[21.00189952555206,49.23969368667064,0.0],[21.00163470931664,49.239774783644684,0.0],[21.00159804208067,49.23980987195815,0.0],[21.001655125896626,49.23981181531048,0.0],[21.00165173884436,49.23991141232253,0.0],[21.001651046217756,49.239916069384705,0.0],[21.00164641074043,49.23994696162623,0.0],[21.00151733409961,49.24008688177845,0.0],[21.001382819552703,49.24019448308138,0.0],[21.001334160651396,49.24022789564246,0.0],[21.001113864028166,49.240379166690225,0.0],[21.00105397073677,49.24035502966503,0.0],[21.001051566966254,49.24035406143521,0.0],[21.000957699843564,49.24031623527728,0.0],[21.00106111419555,49.24026104660375,0.0],[21.00105949501217,49.2402606073395,0.0],[21.000843295026293,49.24020193931772,0.0],[21.00055434316628,49.24012580038814,0.0],[21.00046653866265,49.24010266361117,0.0],[21.000458095225504,49.240112843062754,0.0],[21.000318303080558,49.2400991073015,0.0],[21.00014287480685,49.240090002646475,0.0]]],[[[21.13906901852378,49.19276103474653,0.0],[21.13906655823598,49.1927208993729,0.0],[21.139056532119387,49.19255736505482,0.0],[21.139006867610835,49.192409778718506,0.0],[21.13899115899192,49.19236309674967,0.0],[21.138847034543648,49.19224601085257,0.0],[21.138845641255077,49.19223123271557,0.0],[21.138837004599853,49.19213964468771,0.0],[21.13885890353684,49.19198260352281,0.0],[21.138885275547587,49.19179349611016,0.0],[21.13888386101665,49.191678310779785,0.0],[21.138782577551947,49.19153530077501,0.0],[21.138530430616676,49.191277954765944,0.0],[21.138538140565718,49.19147586977206,0.0],[21.138577640565824,49.19185804994276,0.0],[21.138489918453924,49.19241886679785,0.0],[21.13835146721701,49.192635321056194,0.0],[21.138227558551183,49.19282903588472,0.0],[21.13785620467604,49.192821903009936,0.0],[21.13791430609108,49.19288909849388,0.0],[21.138076955020335,49.19303629874107,0.0],[21.138478285638218,49.19334883237807,0.0],[21.138633635380334,49.193469809509814,0.0],[21.138705559142704,49.19355265442082,0.0],[21.138793274660806,49.19369343406761,0.0],[21.138872951857913,49.193815851417796,0.0],[21.138971969998508,49.19396798532592,0.0],[21.13918007492586,49.19416397338444,0.0],[21.139191339269455,49.19417523925952,0.0],[21.139448165533757,49.19443208895001,0.0],[21.139571594059746,49.1945555289989,0.0],[21.139695628614803,49.1946414610166,0.0],[21.13988285406141,49.19477404087922,0.0],[21.14008783483283,49.194930408202175,0.0],[21.140171082527505,49.19499363366067,0.0],[21.140198155245848,49.195014195899965,0.0],[21.140350794802348,49.19508104481507,0.0],[21.140535945849674,49.19515594323367,0.0],[21.141036049565184,49.19536956923215,0.0],[21.141122871029875,49.19540665611595,0.0],[21.141229916397972,49.195426692155486,0.0],[21.141345769443625,49.19544835570462,0.0],[21.141444128578947,49.19554314683973,0.0],[21.141470451743096,49.19556851481197,0.0],[21.141519402062226,49.19560123655158,0.0],[21.1417083514475,49.195727538091774,0.0],[21.141765454033695,49.19575107645152,0.0],[21.142309508169596,49.19597534420404,0.0],[21.142341244856507,49.195988426412015,0.0],[21.142711971394814,49.196039202613825,0.0],[21.143085585187585,49.19607378632523,0.0],[21.143302337491875,49.1960938499706,0.0],[21.143754425784223,49.19611793265004,0.0],[21.14434609983195,49.19619593183682,0.0],[21.14445904462872,49.19620612064092,0.0],[21.144599658402917,49.196218804608804,0.0],[21.144858241669777,49.196242130634424,0.0],[21.144958540862614,49.196251177272096,0.0],[21.145259653643592,49.19630532935939,0.0],[21.14527321332408,49.196307737639806,0.0],[21.145966161199677,49.19637785061044,0.0],[21.146009779540396,49.195219095241086,0.0],[21.145840491093118,49.19500291857975,0.0],[21.14572779969865,49.19505787855715,0.0],[21.14537707727637,49.19504339276183,0.0],[21.144970832714886,49.1950348960757,0.0],[21.144950292011625,49.1950338986975,0.0],[21.14487983325235,49.19503047828799,0.0],[21.144578959351524,49.19501586867351,0.0],[21.144274389426222,49.19499516052631,0.0],[21.144198442169447,49.194989995601624,0.0],[21.144161301363003,49.19498935193768,0.0],[21.143726014796435,49.194981805953425,0.0],[21.143572045024268,49.19497913739471,0.0],[21.1433061688782,49.19497452518337,0.0],[21.14301340693273,49.19494608259044,0.0],[21.142729652476294,49.19491851327578,0.0],[21.14258858910915,49.19490444977379,0.0],[21.142504319571266,49.19489604842995,0.0],[21.142486516084855,49.19489427281625,0.0],[21.142161259502092,49.19483805989122,0.0],[21.142010422583944,49.19481199039029,0.0],[21.141753709386776,49.19473888550781,0.0],[21.141540403605006,49.19469120053393,0.0],[21.141417478726286,49.194663718844694,0.0],[21.141307655044027,49.19463000440107,0.0],[21.14112329658321,49.194573405066826,0.0],[21.14087429355136,49.19446273201657,0.0],[21.140517195881053,49.1942772536479,0.0],[21.14024834195624,49.19413387414141,0.0],[21.140109696547682,49.194059933964766,0.0],[21.139922478081406,49.19392915504218,0.0],[21.139895026905183,49.193905325514116,0.0],[21.139653402253245,49.19369559085758,0.0],[21.13953928222062,49.193599124184566,0.0],[21.13942063021349,49.193498824122706,0.0],[21.13924205964953,49.193222567027696,0.0],[21.13921248894599,49.193149740035864,0.0],[21.139153448717092,49.19300433857663,0.0],[21.13906901852378,49.19276103474653,0.0]]],[[[21.018725479547207,49.2314549365009,0.0],[21.0185981347726,49.231423479754646,0.0],[21.01803655224381,49.231464438953324,0.0],[21.017713153167808,49.231481919393104,0.0],[21.017012676731625,49.23136844647233,0.0],[21.0168108732345,49.23132743092594,0.0],[21.01656781402987,49.23121750024624,0.0],[21.01629361122776,49.23137014196904,0.0],[21.016130098274555,49.231448957486066,0.0],[21.015566961598317,49.23155002159536,0.0],[21.01519153879852,49.23163549332843,0.0],[21.015130365853764,49.23173122064908,0.0],[21.015127081225177,49.231828837449584,0.0],[21.015165261970917,49.231891916636606,0.0],[21.01533090383745,49.23205748139803,0.0],[21.015481847066244,49.2321438428434,0.0],[21.01574712788025,49.23225293705916,0.0],[21.015913169982895,49.232358793093475,0.0],[21.015987834077674,49.23246709666379,0.0],[21.015971043317442,49.232556483344,0.0],[21.015986031698557,49.23255450565426,0.0],[21.01607933410097,49.23252199059761,0.0],[21.016247572695836,49.232422436205056,0.0],[21.016652452468737,49.232283582295885,0.0],[21.016751784889735,49.23224951420626,0.0],[21.01711840863755,49.232175148947846,0.0],[21.0175844422377,49.23208061681779,0.0],[21.01806930885563,49.231957259434026,0.0],[21.01850339088578,49.2317735756674,0.0],[21.018831957066126,49.23165534078211,0.0],[21.01921057980871,49.23161779159096,0.0],[21.01901566403321,49.231526618005425,0.0],[21.018725479547207,49.2314549365009,0.0]]],[[[21.081732923146348,49.2613339806174,0.0],[21.08170877421179,49.2613059356749,0.0],[21.081581059286282,49.261157617564635,0.0],[21.0819120992334,49.26109935773912,0.0],[21.082091980557713,49.261204598941376,0.0],[21.0825142025253,49.26121452682601,0.0],[21.082806473323295,49.26113206610941,0.0],[21.083082660607502,49.26111750765401,0.0],[21.08268031662047,49.26161415545094,0.0],[21.08277730247346,49.261641569378554,0.0],[21.08331466479133,49.26131669133862,0.0],[21.08341855484131,49.2613713331141,0.0],[21.083736157964562,49.26117084908848,0.0],[21.083951417773413,49.261176964462706,0.0],[21.08410881265267,49.2611814340703,0.0],[21.08435022357978,49.261319250454214,0.0],[21.084653937293787,49.261460861956216,0.0],[21.084653930579535,49.26146095176508,0.0],[21.084937738403326,49.261528465525906,0.0],[21.08537569773452,49.26136468985956,0.0],[21.085634126816746,49.26129329188809,0.0],[21.085887378257546,49.26116231189008,0.0],[21.086043000779362,49.26119655154278,0.0],[21.086094581786572,49.26125176691568,0.0],[21.085723510429315,49.26134881745944,0.0],[21.085469865201436,49.26142982129949,0.0],[21.08526652942608,49.26156464929296,0.0],[21.08495596773713,49.26184395362073,0.0],[21.084884629050258,49.26191503960876,0.0],[21.084923545020654,49.26202926568713,0.0],[21.085132657062843,49.26204721448459,0.0],[21.08526695945098,49.26186066235425,0.0],[21.085580568045852,49.261695155798925,0.0],[21.085743082883155,49.26174762121922,0.0],[21.086155674372996,49.261656399923,0.0],[21.086354796891342,49.26183562037883,0.0],[21.08655680929852,49.262014842007524,0.0],[21.086684951195707,49.26197140995593,0.0],[21.087216374587197,49.26193926367456,0.0],[21.08745619064041,49.262080172987126,0.0],[21.08794110200627,49.26223612486441,0.0],[21.0884529553025,49.26241814402802,0.0],[21.089184707576383,49.26260269224099,0.0],[21.089353396215245,49.262590982117594,0.0],[21.089627831843575,49.26271048797053,0.0],[21.090142060254752,49.26271342761619,0.0],[21.090528964683422,49.2627636075734,0.0],[21.09053047509753,49.262586758809014,0.0],[21.09052719905427,49.26240030452768,0.0],[21.09057560019539,49.26222180504026,0.0],[21.090495792935304,49.26191812291447,0.0],[21.090518034125896,49.261886327447606,0.0],[21.090675953294674,49.261660563446505,0.0],[21.09136509918668,49.261475988251945,0.0],[21.092004240166876,49.26184165736299,0.0],[21.092685566580492,49.26215825754364,0.0],[21.093021572800346,49.262309880531234,0.0],[21.093352732520476,49.262378975390575,0.0],[21.09369870803223,49.262350867290294,0.0],[21.093912217468823,49.26255889076904,0.0],[21.09410045453714,49.26284757669245,0.0],[21.0947251241719,49.26319566282292,0.0],[21.094864169835322,49.26342471214593,0.0],[21.095048289275844,49.26342744104241,0.0],[21.095242030716214,49.26347638781603,0.0],[21.095444123890026,49.263477889549904,0.0],[21.09554593757957,49.26360672271679,0.0],[21.095641193046845,49.263378452005384,0.0],[21.09564026923661,49.263377969065544,0.0],[21.09550582742795,49.26337903288555,0.0],[21.09527923507067,49.2633371396544,0.0],[21.094974357842897,49.26323828110092,0.0],[21.094971405551455,49.26323602042464,0.0],[21.09496477900921,49.26323387172153,0.0],[21.09465378196475,49.26299573096752,0.0],[21.094330037616125,49.26279028174503,0.0],[21.094212498094997,49.26275618098386,0.0],[21.09421093014256,49.26275409597843,0.0],[21.09420291804464,49.262751771494266,0.0],[21.09414222378797,49.26267106247333,0.0],[21.093910793473313,49.2623805467117,0.0],[21.09368818492861,49.26209166253717,0.0],[21.093697760762964,49.26207128429773,0.0],[21.093444191555083,49.26201955163589,0.0],[21.092843100852573,49.261991795944795,0.0],[21.092394791441137,49.26184288512779,0.0],[21.092166846470455,49.26169021258146,0.0],[21.0919370442195,49.26153477947011,0.0],[21.091983560732956,49.26116761835547,0.0],[21.09209773351032,49.260266077816304,0.0],[21.09191400890358,49.259740228096,0.0],[21.091791569134617,49.25948433775568,0.0],[21.091524573154775,49.25939433187257,0.0],[21.091338107058604,49.25941402869731,0.0],[21.09128402299344,49.25941995173164,0.0],[21.090893586401542,49.25961092455048,0.0],[21.090757617462085,49.2596727455632,0.0],[21.0905885835682,49.25987349589796,0.0],[21.09026970822278,49.25995332423337,0.0],[21.089306959987127,49.26002606462334,0.0],[21.08895187203175,49.260213210633744,0.0],[21.088698229630385,49.26034958580496,0.0],[21.087999094859246,49.26046540665367,0.0],[21.087901533666876,49.26048509887381,0.0],[21.08721600117427,49.260753618381145,0.0],[21.08683125414124,49.260756780920815,0.0],[21.086404888348007,49.26072579003575,0.0],[21.08613555744366,49.26073797402875,0.0],[21.085929288776068,49.260651276638306,0.0],[21.08563298714661,49.26056685115778,0.0],[21.085470654048184,49.26052415253396,0.0],[21.085217888820672,49.26053212051731,0.0],[21.085035437230626,49.26049744278495,0.0],[21.084852554435784,49.26046851788256,0.0],[21.084594535514793,49.26040012632153,0.0],[21.084146502311327,49.260433327820095,0.0],[21.08364450645709,49.260472590616,0.0],[21.08320424004408,49.260452406436265,0.0],[21.083030970314972,49.26044446153506,0.0],[21.082411109020917,49.26047682435443,0.0],[21.08133791577314,49.260365034748745,0.0],[21.080934861320703,49.260242452919144,0.0],[21.080252150190177,49.26012503547644,0.0],[21.079406618748056,49.259884537172034,0.0],[21.078816928019553,49.259743477590455,0.0],[21.078273970279252,49.2596730185948,0.0],[21.07801936448727,49.26019230417212,0.0],[21.077918969607385,49.26066325767054,0.0],[21.077917153820824,49.26066665725055,0.0],[21.07764258492811,49.26059357169544,0.0],[21.07757365524984,49.26058681567036,0.0],[21.077425817203977,49.26057232523863,0.0],[21.076774077084465,49.26045494487967,0.0],[21.07658293750279,49.26045595769826,0.0],[21.076462121680425,49.260478839967995,0.0],[21.076211922723076,49.260526225975056,0.0],[21.076464313047218,49.26113812121572,0.0],[21.076593064097157,49.26141978047276,0.0],[21.07668804462329,49.26142877024771,0.0],[21.076877880211722,49.261428559715995,0.0],[21.077057329569076,49.26145682428444,0.0],[21.07812029553576,49.26157104869552,0.0],[21.078352631044414,49.261682928973265,0.0],[21.078425346077314,49.26173138360686,0.0],[21.078574044132942,49.26183046900221,0.0],[21.078768739600918,49.262004159790294,0.0],[21.078754069212078,49.261942922001246,0.0],[21.07867710482192,49.26161141393084,0.0],[21.07897747676089,49.26154947780118,0.0],[21.07912422876663,49.261527627257145,0.0],[21.079679537392835,49.26150537277401,0.0],[21.08043135989994,49.26136608299624,0.0],[21.080799772688625,49.261405800338395,0.0],[21.081114948563098,49.26146766643341,0.0],[21.081351367810036,49.26159857740963,0.0],[21.081476452981835,49.261783535860694,0.0],[21.08156927946161,49.261783810269236,0.0],[21.081732923146348,49.2613339806174,0.0]]],[[[21.099949574894513,49.26186764305476,0.0],[21.09902044295691,49.26103357116532,0.0],[21.0986776564271,49.26066732607301,0.0],[21.09817053559525,49.260038708506976,0.0],[21.097997549309053,49.25995361080797,0.0],[21.09799537096906,49.25995140864773,0.0],[21.097720072867386,49.259940402544494,0.0],[21.097699902706886,49.26000305503982,0.0],[21.097906934347385,49.26048273525503,0.0],[21.09778818838261,49.26090155047839,0.0],[21.097708236550712,49.26118352973135,0.0],[21.097477673255835,49.26197963162591,0.0],[21.097457016472138,49.26241378572521,0.0],[21.09735647833682,49.26263698612126,0.0],[21.09732605624907,49.262712985856254,0.0],[21.097268676231653,49.262795100217865,0.0],[21.097149758535185,49.262965276330924,0.0],[21.097149275474372,49.26307328950849,0.0],[21.096921767895505,49.26342207133057,0.0],[21.096872376007678,49.26342589624597,0.0],[21.09676272998592,49.263697417950056,0.0],[21.096735669511222,49.26382978926769,0.0],[21.09667232601715,49.26391163920785,0.0],[21.096617704488665,49.2639822148586,0.0],[21.0965476845327,49.26433107160907,0.0],[21.0965523043284,49.26441674098256,0.0],[21.096791553966803,49.2644180759373,0.0],[21.096838279347246,49.264418666168794,0.0],[21.097300220945872,49.264431247775946,0.0],[21.097077279823893,49.26464340272854,0.0],[21.096957617469606,49.264757272521635,0.0],[21.096852400492978,49.26502101357007,0.0],[21.096721296468367,49.2649842407292,0.0],[21.09671563591649,49.26531489646807,0.0],[21.09661392603404,49.2652971563565,0.0],[21.096484329116546,49.26561296335044,0.0],[21.09661212104242,49.26566097358017,0.0],[21.096469729342413,49.265863926212646,0.0],[21.0982459465724,49.266377292207665,0.0],[21.099780522858783,49.26662262684052,0.0],[21.099860802242958,49.26663292803683,0.0],[21.10019778829568,49.26610224739725,0.0],[21.100277848323287,49.265795413593196,0.0],[21.100291863338814,49.26574170008046,0.0],[21.100430361999287,49.265522863392455,0.0],[21.100570679002242,49.26530114889502,0.0],[21.101109042885806,49.264839833297174,0.0],[21.101331421430814,49.26451678934434,0.0],[21.101464049375906,49.26431135246793,0.0],[21.10157111588345,49.263933697273806,0.0],[21.101656937703968,49.263771240303434,0.0],[21.101697419524548,49.263556295095164,0.0],[21.10188128632376,49.26338129929081,0.0],[21.101983042918018,49.2632043162235,0.0],[21.102010860675154,49.263125328373505,0.0],[21.10205768930772,49.26299235034571,0.0],[21.10212022040703,49.262891446480694,0.0],[21.10218421103736,49.262825936552154,0.0],[21.10212328483975,49.262824387154836,0.0],[21.101829033394196,49.26283769469621,0.0],[21.101358935874543,49.26286096965994,0.0],[21.101412535477046,49.26300941559514,0.0],[21.101477718481405,49.26316858427182,0.0],[21.10103134565106,49.26316875827689,0.0],[21.10080421488742,49.26313405962899,0.0],[21.10058257512106,49.26311799120478,0.0],[21.10044252166048,49.26273587754472,0.0],[21.0999699329434,49.26231093604281,0.0],[21.09960821764837,49.261985683128565,0.0],[21.099552977637817,49.26193601099038,0.0],[21.099880520224332,49.26188749183375,0.0],[21.099949574894513,49.26186764305476,0.0]]],[[[21.089061051824533,49.264253249336655,0.0],[21.089356446120863,49.264260970250845,0.0],[21.089412460164986,49.26426243397216,0.0],[21.090331691968647,49.26428645493033,0.0],[21.09025275508901,49.26418606564588,0.0],[21.089965437710628,49.26361810108682,0.0],[21.09054010455825,49.26337540587621,0.0],[21.091255932858775,49.26368879485142,0.0],[21.091285834468767,49.263662293535965,0.0],[21.09141930658366,49.26354376714412,0.0],[21.091525964912144,49.263449049964706,0.0],[21.0917811023456,49.26322269296506,0.0],[21.091899252211125,49.26325599682899,0.0],[21.09217836200687,49.263334606777185,0.0],[21.093089400151744,49.26359119362503,0.0],[21.09399697926853,49.26399891508522,0.0],[21.09479918057164,49.264185585930946,0.0],[21.094457991777475,49.26403497444987,0.0],[21.094101649278848,49.26392897860572,0.0],[21.093806735534567,49.26381639169554,0.0],[21.093611165916798,49.26371634005628,0.0],[21.092877842640657,49.26343076434941,0.0],[21.09244842561543,49.263306855140634,0.0],[21.092001736007788,49.263152683636505,0.0],[21.09109986633858,49.262884485214215,0.0],[21.09091520922214,49.26289082610903,0.0],[21.09074686501705,49.26283710155454,0.0],[21.090111691532957,49.26275539775877,0.0],[21.089649682921305,49.262756111220796,0.0],[21.08962290926195,49.26275615252707,0.0],[21.08960792716226,49.26274970213152,0.0],[21.08934531044583,49.262636636428965,0.0],[21.089202715611084,49.26264152823026,0.0],[21.088410846664768,49.26244416412095,0.0],[21.087950514449847,49.262272165409456,0.0],[21.087450146457368,49.262116889292095,0.0],[21.087228530262216,49.261979083061355,0.0],[21.086724887986577,49.2620002354349,0.0],[21.08645064554931,49.26208076225379,0.0],[21.086297464804694,49.262168404471396,0.0],[21.085736080163674,49.26239341052242,0.0],[21.085018017634436,49.26248223170344,0.0],[21.084724164315308,49.2627587396606,0.0],[21.084485961157096,49.262849481550525,0.0],[21.084638508969213,49.262901080060225,0.0],[21.084695979867583,49.26292012939129,0.0],[21.08489735650654,49.26297800930375,0.0],[21.08557519727699,49.26309493582251,0.0],[21.0860086554619,49.26351573649815,0.0],[21.08612325042196,49.26356765563495,0.0],[21.086240735570083,49.26373595888851,0.0],[21.08571709240909,49.26415900751512,0.0],[21.085660161284906,49.26411791662224,0.0],[21.085256716302343,49.264042702039205,0.0],[21.084995222892662,49.26419406590615,0.0],[21.084644933519666,49.264231093192834,0.0],[21.084150866551358,49.26443528931056,0.0],[21.084158388064534,49.264721350357966,0.0],[21.083984371534722,49.26487219535525,0.0],[21.083951169412504,49.264900975768015,0.0],[21.083509710175797,49.26528364758179,0.0],[21.08386698331389,49.26516602014998,0.0],[21.08412553551837,49.26499751928491,0.0],[21.084164349533285,49.264972222422536,0.0],[21.0841666371774,49.26497073197264,0.0],[21.084734780350143,49.26457981095797,0.0],[21.084806693707947,49.264530328406046,0.0],[21.085339511828145,49.26444143392287,0.0],[21.085826025883602,49.264430518730315,0.0],[21.086683622836905,49.26443677629682,0.0],[21.08681334145687,49.26443903909683,0.0],[21.08704742147622,49.26444312009947,0.0],[21.087379707275215,49.26443786043161,0.0],[21.088105975270075,49.26414323518101,0.0],[21.089061051824533,49.264253249336655,0.0]]],[[[21.13893047276303,49.191679513906045,0.0],[21.138929014529992,49.191796408902114,0.0],[21.13888074381523,49.19214255839502,0.0],[21.1388920840976,49.192229249981274,0.0],[21.13904130020434,49.192351808108306,0.0],[21.13910915655034,49.192549665763046,0.0],[21.13911302267869,49.192760354893174,0.0],[21.139192754714163,49.192989106503774,0.0],[21.139257402600194,49.193137561392675,0.0],[21.139291811809375,49.193216577328,0.0],[21.139454972011027,49.19347452279436,0.0],[21.139580116280243,49.19358562459156,0.0],[21.13968461173722,49.19367839233793,0.0],[21.139938731808016,49.193888279565485,0.0],[21.13995434343469,49.19390117350099,0.0],[21.140143651849684,49.19404462253503,0.0],[21.140287591711278,49.1941192457674,0.0],[21.14054880176417,49.19425466603854,0.0],[21.14090603148925,49.19443834802451,0.0],[21.14100572016305,49.194481194265265,0.0],[21.141155161607806,49.194545424103715,0.0],[21.141432759756896,49.19463710453347,0.0],[21.1417554163432,49.19471193252376,0.0],[21.142031322140838,49.19478555342711,0.0],[21.14248834976191,49.19486372202013,0.0],[21.142575924354976,49.19487299922122,0.0],[21.142734101389852,49.19488975638112,0.0],[21.14302964294391,49.19491767798291,0.0],[21.14330800205889,49.194943974376,0.0],[21.143526373741576,49.194943244998896,0.0],[21.143808263655277,49.19494230179548,0.0],[21.143840837467888,49.19494357653,0.0],[21.144145979593976,49.19495551945591,0.0],[21.144200406723957,49.19495764938821,0.0],[21.144228714137135,49.194959708507376,0.0],[21.144580791758546,49.19498531784768,0.0],[21.1449722689528,49.19500973501797,0.0],[21.145379167909187,49.19500744962223,0.0],[21.145727794912272,49.195007464785064,0.0],[21.1457928166388,49.19497125621931,0.0],[21.145808998502165,49.19492486393101,0.0],[21.145700971219604,49.19479290198703,0.0],[21.14533930076849,49.1944805409549,0.0],[21.144944993859315,49.19416561848058,0.0],[21.1446758446609,49.19399256151535,0.0],[21.14441744459164,49.19384457144032,0.0],[21.14434818094279,49.193804902859924,0.0],[21.1443304930133,49.1937947725416,0.0],[21.14422368457635,49.19374815758426,0.0],[21.144121762065026,49.19370367542218,0.0],[21.143923366346467,49.19361708835889,0.0],[21.14388140949642,49.193602217494465,0.0],[21.14358962286216,49.19349879438132,0.0],[21.143643545498552,49.19356315323211,0.0],[21.143630471308498,49.19364385298611,0.0],[21.143470105606415,49.19375132064089,0.0],[21.14333944590818,49.193766399961426,0.0],[21.143240414859665,49.1937778287841,0.0],[21.142998966878324,49.19376993575331,0.0],[21.142465908689307,49.1936666815876,0.0],[21.142306271407087,49.19358854156938,0.0],[21.142168006134114,49.19351305577422,0.0],[21.14203977063044,49.193460932401734,0.0],[21.14196941241565,49.19343233479905,0.0],[21.141611656062707,49.19325773157663,0.0],[21.141543547846634,49.19320728234799,0.0],[21.14138364609045,49.1930888400935,0.0],[21.14132221029506,49.19304333396724,0.0],[21.141119586234673,49.19284563239279,0.0],[21.14096946587476,49.192645626946536,0.0],[21.140833965175734,49.192429879810426,0.0],[21.14077760186344,49.192223203166165,0.0],[21.14013971717993,49.19228166562052,0.0],[21.14013968059327,49.19228164015836,0.0],[21.139136904692133,49.19149346941287,0.0],[21.139132975619535,49.19149038077405,0.0],[21.138898877178296,49.19130635650445,0.0],[21.138629240215135,49.19109439225021,0.0],[21.138589842280286,49.19106342214876,0.0],[21.138575475241602,49.19105218503411,0.0],[21.138569451525793,49.191047473661406,0.0],[21.13848342373594,49.19097984758587,0.0],[21.138501843546667,49.191136351062376,0.0],[21.138508067992692,49.19119457592123,0.0],[21.138504318135038,49.19125130439095,0.0],[21.138571699633047,49.191258877068904,0.0],[21.13866134960527,49.19134946904828,0.0],[21.1388250130958,49.19151485639443,0.0],[21.13888694963358,49.19161155983929,0.0],[21.13893047276303,49.191679513906045,0.0]]],[[[21.14256760691441,49.19137470321913,0.0],[21.142556870510738,49.19137452896451,0.0],[21.142541882011514,49.19137373342571,0.0],[21.14245211460702,49.1913728264061,0.0],[21.14236244893222,49.19137576741396,0.0],[21.142273270247593,49.19138254701,0.0],[21.142184958348967,49.191393136678734,0.0],[21.142097891744882,49.19140748806002,0.0],[21.142012442951714,49.19142554090247,0.0],[21.141928980326583,49.19144721681969,0.0],[21.1418478593836,49.19147242531771,0.0],[21.141795254921817,49.19149162687416,0.0],[21.141769426128967,49.19150105579788,0.0],[21.141694016202788,49.19153298923271,0.0],[21.141663951175605,49.19154763351751,0.0],[21.141621958610852,49.1915680847803,0.0],[21.14155355391455,49.19160619619964,0.0],[21.141489098781836,49.191647155521515,0.0],[21.141428869526486,49.1916907914332,0.0],[21.141373124469258,49.191736915849724,0.0],[21.141322100602792,49.19178533191018,0.0],[21.141276015291673,49.19183582953019,0.0],[21.141235071027882,49.19188819545472,0.0],[21.141199439580088,49.191942204654964,0.0],[21.14116927256035,49.191997626063554,0.0],[21.14114469881508,49.19205422069156,0.0],[21.141125829509892,49.19211174719035,0.0],[21.14111273763985,49.1921699603042,0.0],[21.141107212699414,49.19221462989363,0.0],[21.140824610382822,49.19221901756577,0.0],[21.14087549245928,49.19242552013854,0.0],[21.14101438958933,49.192630571734654,0.0],[21.141161769314994,49.19283049055549,0.0],[21.141246866198006,49.19291068010861,0.0],[21.14126118391424,49.19292417216925,0.0],[21.14136203378622,49.19301920524839,0.0],[21.14141419909668,49.19305780276898,0.0],[21.14165423057818,49.19323540007792,0.0],[21.141737581831734,49.19327706454861,0.0],[21.14199565604917,49.19340606570203,0.0],[21.14221044856756,49.193492520364984,0.0],[21.142335003260513,49.19356766232222,0.0],[21.1424958686254,49.193636569613204,0.0],[21.143034099252336,49.193734855633636,0.0],[21.143242639053184,49.19374008847353,0.0],[21.14343694840948,49.19370904263697,0.0],[21.143570928947586,49.19362792911386,0.0],[21.14358295586267,49.19356520178588,0.0],[21.143506449775867,49.19346610140305,0.0],[21.143254714030697,49.193308533390486,0.0],[21.142709752474747,49.192862722619864,0.0],[21.142508830236483,49.1926380695293,0.0],[21.142420595159535,49.19246126638832,0.0],[21.14242350148212,49.19227410849985,0.0],[21.142458786423532,49.192098684793564,0.0],[21.142568956501144,49.191922364893195,0.0],[21.14263811582181,49.19181167856247,0.0],[21.142739991767534,49.19162350348133,0.0],[21.14280883022309,49.191484879091334,0.0],[21.142865079235204,49.191387771009786,0.0],[21.142724124384895,49.19138157876484,0.0],[21.14256760691441,49.19137470321913,0.0]]],[[[21.142920816828145,49.191390220315036,0.0],[21.14278869415281,49.19163737429583,0.0],[21.142684072639515,49.191823662266835,0.0],[21.142622228975068,49.191925620513366,0.0],[21.142520223853193,49.19209378741174,0.0],[21.142516368164536,49.192100142826305,0.0],[21.14247586078762,49.19227189074943,0.0],[21.144421954232936,49.19235736231204,0.0],[21.14460113765199,49.192118961189124,0.0],[21.14470022781642,49.191981553363235,0.0],[21.144780835586598,49.19186977421397,0.0],[21.144885840168616,49.19167629487778,0.0],[21.144974790779916,49.191420763848065,0.0],[21.144951864880355,49.191422452160225,0.0],[21.144534937797822,49.19146121642063,0.0],[21.144513667078797,49.191460173372626,0.0],[21.142920816828145,49.191390220315036,0.0]]],[[[21.149813360984357,49.188407165865776,0.0],[21.14976549930404,49.18840533254783,0.0],[21.149176013561554,49.188382763786976,0.0],[21.149203297790027,49.188564246318606,0.0],[21.149454859813943,49.19023748795334,0.0],[21.149534585819843,49.19033588462014,0.0],[21.149716677382443,49.190435608608276,0.0],[21.149941491153218,49.190480953635415,0.0],[21.150096008745443,49.19047538093478,0.0],[21.1501416446202,49.19044657943492,0.0],[21.150179971548237,49.19042239173274,0.0],[21.150249536199038,49.1902698329963,0.0],[21.150326632159544,49.19016252283628,0.0],[21.15038634076324,49.19008918396164,0.0],[21.150417956570028,49.19005035050795,0.0],[21.150532654817308,49.189919108684144,0.0],[21.15063467738636,49.189810873277644,0.0],[21.150677825207797,49.189715097395585,0.0],[21.150798730781695,49.18950483010653,0.0],[21.1509442320589,49.18936744658761,0.0],[21.151066064403082,49.18928684261491,0.0],[21.151252052949378,49.18920721799133,0.0],[21.151381992950338,49.189151587519994,0.0],[21.151620765888044,49.18905333126229,0.0],[21.151842434607005,49.18896353807913,0.0],[21.152079225060085,49.188890425712636,0.0],[21.152324863548348,49.18884459829876,0.0],[21.152610413295328,49.188816411296465,0.0],[21.152732177522186,49.18881798602247,0.0],[21.152959492930933,49.18882092256848,0.0],[21.153133147655335,49.188827683928324,0.0],[21.153285995075436,49.188833634190324,0.0],[21.15367228065756,49.18881959979754,0.0],[21.153986133048925,49.18881750763822,0.0],[21.154100800193845,49.18881826338442,0.0],[21.15431889961384,49.18881970088784,0.0],[21.15437920483771,49.188819550988946,0.0],[21.154819755995028,49.18881845199685,0.0],[21.15517087717675,49.188866321669515,0.0],[21.155557210894433,49.18895851075142,0.0],[21.155705424833087,49.188997653610855,0.0],[21.15582052190126,49.18900514585014,0.0],[21.15588587414797,49.18897173316474,0.0],[21.155540852437028,49.188758053671755,0.0],[21.15517336042649,49.18858867714465,0.0],[21.154681465499795,49.18847137901521,0.0],[21.15457312304778,49.18848606367061,0.0],[21.154478506738673,49.18847403218097,0.0],[21.153995474878947,49.18841260520222,0.0],[21.1538926915854,49.18841258080677,0.0],[21.15350845681973,49.18841248654386,0.0],[21.153265088299616,49.188391252631064,0.0],[21.152817147755435,49.18835216815643,0.0],[21.15277068632888,49.188348114296176,0.0],[21.152011981142753,49.1883388919836,0.0],[21.151388118893056,49.18829448346381,0.0],[21.150973933739174,49.18828682520393,0.0],[21.150786401202566,49.18828335746809,0.0],[21.15030258901328,49.18834814274251,0.0],[21.149854928265466,49.18840875489142,0.0],[21.149813360984357,49.188407165865776,0.0]]],[[[21.150721806838437,49.18971657309438,0.0],[21.150666900837457,49.18982098169878,0.0],[21.15057009614958,49.189932981534426,0.0],[21.15045291945909,49.19006054439748,0.0],[21.150412307195836,49.190107544822865,0.0],[21.150353109694127,49.19017605029531,0.0],[21.150284499207125,49.19028002693523,0.0],[21.150220415952408,49.1904327584045,0.0],[21.15015009295253,49.19047425573,0.0],[21.15010498969053,49.19050087026249,0.0],[21.149922933634084,49.19050737654333,0.0],[21.14969838337623,49.19045843798256,0.0],[21.149503385809464,49.190347414485935,0.0],[21.149464291880072,49.19030010790836,0.0],[21.149653703918553,49.19155981797408,0.0],[21.14970679147304,49.19158697363813,0.0],[21.149911967922876,49.19169786720372,0.0],[21.15003968160908,49.191718815794864,0.0],[21.150172133355873,49.19166007881413,0.0],[21.15038254645716,49.191566767284066,0.0],[21.150900880049303,49.191316357922304,0.0],[21.15101773421797,49.191241071348465,0.0],[21.151290937771087,49.19106504759487,0.0],[21.15131290378626,49.19105089390284,0.0],[21.151867476922888,49.19069386421611,0.0],[21.152102491502454,49.19055515747371,0.0],[21.152262294623622,49.19046998663547,0.0],[21.152450549832725,49.19041262918646,0.0],[21.152729255290346,49.19035613908065,0.0],[21.153005468045645,49.19033737927728,0.0],[21.153249440421426,49.19030689112062,0.0],[21.15346416162839,49.19030068877213,0.0],[21.15400652244254,49.19028805544654,0.0],[21.15420153137352,49.190290322623646,0.0],[21.154350584119683,49.19031995111663,0.0],[21.154492712165283,49.19037096684209,0.0],[21.154598159147472,49.190435231545834,0.0],[21.1546836047532,49.1905253620593,0.0],[21.154936130418942,49.190433643506395,0.0],[21.155555270037045,49.1899454915208,0.0],[21.155943693505723,49.18975965955343,0.0],[21.156180131836038,49.18969354873069,0.0],[21.156530410021666,49.189677415909856,0.0],[21.156528881508756,49.18963121340898,0.0],[21.15655754169378,49.18947994848058,0.0],[21.156507437630683,49.189445005653035,0.0],[21.156449308921204,49.189404467550084,0.0],[21.156196876474503,49.18921184583066,0.0],[21.155948376908466,49.189022222534,0.0],[21.15584073092756,49.189027387032496,0.0],[21.155703451497114,49.189024598227114,0.0],[21.15554140275096,49.18898493003805,0.0],[21.155152724378528,49.188887265785716,0.0],[21.154817776748633,49.18884359598134,0.0],[21.15437639892633,49.18884172792125,0.0],[21.154325405041543,49.18884151103233,0.0],[21.15398402170205,49.18884444881328,0.0],[21.15367056402647,49.18884115205011,0.0],[21.153284014993968,49.18885877904783,0.0],[21.152971484216835,49.18884470689122,0.0],[21.152616791611248,49.18884181935936,0.0],[21.152339720267147,49.18886676160651,0.0],[21.15209929411489,49.1889145536647,0.0],[21.1520831623904,49.1889194136513,0.0],[21.15186825600393,49.18898415722603,0.0],[21.151646584678677,49.18907583995083,0.0],[21.15140247018047,49.189172037528095,0.0],[21.151185080245046,49.18927219578372,0.0],[21.151099973054475,49.18931140763268,0.0],[21.15098153999644,49.18938311556862,0.0],[21.15084192047478,49.189517083529815,0.0],[21.150721806838437,49.18971657309438,0.0]]],[[[21.153225606660286,49.191119324167275,0.0],[21.153410195030254,49.19102633045772,0.0],[21.154567345945836,49.19044335405146,0.0],[21.15446960249077,49.19038644353994,0.0],[21.15433556340647,49.190337482828625,0.0],[21.154188989346622,49.19031153413175,0.0],[21.15400520624477,49.190306018496514,0.0],[21.153570651792823,49.19031771201845,0.0],[21.153465591280476,49.19032053871489,0.0],[21.153247597298336,49.19033204027708,0.0],[21.15300375645501,49.19036073212584,0.0],[21.15272807566623,49.190374106431236,0.0],[21.152460064021206,49.19043273373775,0.0],[21.152283309978436,49.19048496292356,0.0],[21.152120490877355,49.19057192928062,0.0],[21.15194127596752,49.190693307782404,0.0],[21.15135261276435,49.191078792283236,0.0],[21.150929357582253,49.19134759264376,0.0],[21.150487996952926,49.19155081766498,0.0],[21.150408928611814,49.1915872234303,0.0],[21.15017398559331,49.19170304373621,0.0],[21.150053798911213,49.19176229232554,0.0],[21.149896174362507,49.191735269038666,0.0],[21.149677810849827,49.191615047645755,0.0],[21.149660716078888,49.19160647081321,0.0],[21.14966071964951,49.191606497032275,0.0],[21.149759282899453,49.1922624054747,0.0],[21.14975929010685,49.19226245701467,0.0],[21.149923376770843,49.19229688495999,0.0],[21.150071942714014,49.19230221264934,0.0],[21.150122067492152,49.19230400989769,0.0],[21.150358751020665,49.19231249448157,0.0],[21.150601582529582,49.19229243888463,0.0],[21.150884991107382,49.19226902941702,0.0],[21.15151319646735,49.19216683640498,0.0],[21.15158437169638,49.19217024849443,0.0],[21.151684923367757,49.19218700977644,0.0],[21.151977997630993,49.19194030254347,0.0],[21.152272778897277,49.19171525558923,0.0],[21.152583994592536,49.19153015438154,0.0],[21.1527893833186,49.19138340249086,0.0],[21.15296735034882,49.19127530583701,0.0],[21.153225606660286,49.191119324167275,0.0]]],[[[21.146200658819133,49.19136017179869,0.0],[21.14504389395475,49.1914159612189,0.0],[21.145041607930853,49.19141607993607,0.0],[21.14494877605463,49.191681521587256,0.0],[21.14484559384878,49.19188946213746,0.0],[21.14477325007116,49.19198840556956,0.0],[21.144666022980697,49.19213505319656,0.0],[21.14447588195649,49.19237490817338,0.0],[21.145144564557516,49.192312737920496,0.0],[21.146423066701814,49.192251074945375,0.0],[21.14644860709965,49.19203231225075,0.0],[21.146507269595112,49.1916075382082,0.0],[21.146555129677758,49.19134418806104,0.0],[21.14653889347888,49.19134332487684,0.0],[21.146449128872632,49.19134242011729,0.0],[21.146359463363993,49.19134536598948,0.0],[21.14627028521687,49.19135214953465,0.0],[21.146200658819133,49.19136017179869,0.0]]],[[[21.146548269587846,49.19160847127048,0.0],[21.146517531279077,49.19192420644338,0.0],[21.146497837603054,49.19203341489244,0.0],[21.14647294378342,49.19224148527405,0.0],[21.146954946875727,49.192306651259,0.0],[21.14744617083175,49.19219943969818,0.0],[21.147705748655827,49.19211742078248,0.0],[21.14847582409286,49.19268742582167,0.0],[21.148591420069792,49.1927818142961,0.0],[21.149602120478054,49.19340305752717,0.0],[21.14986742052815,49.19574850758502,0.0],[21.149967149318602,49.19663010940746,0.0],[21.14997300024691,49.19666270182188,0.0],[21.150316072062438,49.196598161878136,0.0],[21.150419866193037,49.19655712819814,0.0],[21.150355258417317,49.19637990742668,0.0],[21.15050068846698,49.19639579131928,0.0],[21.1505730723195,49.196584558365174,0.0],[21.150550200601778,49.19677880200271,0.0],[21.150624446142206,49.196942198095066,0.0],[21.150781040633703,49.196971880814516,0.0],[21.150896451332137,49.197285495532434,0.0],[21.150977631312113,49.19730160815881,0.0],[21.150997923598663,49.19743218734874,0.0],[21.151510599871706,49.197541344668444,0.0],[21.151586431638258,49.1975574900653,0.0],[21.151771793528134,49.19768044738009,0.0],[21.151866090438332,49.19766838315575,0.0],[21.151973721868885,49.19754565129355,0.0],[21.1520802291166,49.19759374617807,0.0],[21.15284393836016,49.19760032757248,0.0],[21.153631949437507,49.197526499500675,0.0],[21.15361521864014,49.19760650401354,0.0],[21.15460893626321,49.19786108185166,0.0],[21.154844085077972,49.19766983737904,0.0],[21.154994508009484,49.19749857356704,0.0],[21.155031910421535,49.19735768743565,0.0],[21.15531536109588,49.197414048878215,0.0],[21.1554054820595,49.19756970018658,0.0],[21.15558870617947,49.19755883093383,0.0],[21.15549208659196,49.19740549415759,0.0],[21.155196240007424,49.19709512754564,0.0],[21.155078746440637,49.19695237194133,0.0],[21.15499111985443,49.19670050840883,0.0],[21.15498894916366,49.19669456886749,0.0],[21.15494064266714,49.19669489257824,0.0],[21.154839461229873,49.19669557263444,0.0],[21.154467728641936,49.196549561304124,0.0],[21.154202756251706,49.19644633924936,0.0],[21.153743655932935,49.1963678832009,0.0],[21.153638855790977,49.19629463639187,0.0],[21.15337450551417,49.19598807081834,0.0],[21.153196903087558,49.19581548783184,0.0],[21.152901648601606,49.19571319885443,0.0],[21.15247511096894,49.19558228943165,0.0],[21.152128584737174,49.19539619182447,0.0],[21.15187318895717,49.195147515865116,0.0],[21.151861806243264,49.195126752032685,0.0],[21.151144480583937,49.1945735765987,0.0],[21.151107005737316,49.194544247072805,0.0],[21.15110105026885,49.19449160881925,0.0],[21.15101289665107,49.19371243350096,0.0],[21.150970373017472,49.19333657443251,0.0],[21.15096942105679,49.19332863417039,0.0],[21.15096443343249,49.19330048636832,0.0],[21.150964187893486,49.193299095888406,0.0],[21.150959063945425,49.19327018490172,0.0],[21.150942898842896,49.193212305258285,0.0],[21.150920991446906,49.193155242167755,0.0],[21.15089343786624,49.193099239914226,0.0],[21.150860355093307,49.193044538937926,0.0],[21.15082188126727,49.19299137224249,0.0],[21.150778187743935,49.192939969376546,0.0],[21.150741246327158,49.19290250583476,0.0],[21.151017624446485,49.192725603974516,0.0],[21.151581271783616,49.19227808960317,0.0],[21.15150852516982,49.192253021728455,0.0],[21.150882526506216,49.19231387300913,0.0],[21.150589844845566,49.1923329006072,0.0],[21.150373253467073,49.19234698082946,0.0],[21.15010085829061,49.19233637089042,0.0],[21.149913461161105,49.192329071558625,0.0],[21.14982877259055,49.19230959750933,0.0],[21.149764200885187,49.192294749824114,0.0],[21.149759931192207,49.19229376726437,0.0],[21.14962628723931,49.192263036026844,0.0],[21.149165364085956,49.19195917269978,0.0],[21.148768459883023,49.191741316436705,0.0],[21.1485101313927,49.1915985867748,0.0],[21.148177240857294,49.19146493962827,0.0],[21.147767192373895,49.19138701249471,0.0],[21.147352313545642,49.19124897820509,0.0],[21.14732769471812,49.1912530370071,0.0],[21.147242248015353,49.19127109457189,0.0],[21.147158785111145,49.191292775035826,0.0],[21.147109977957815,49.19130743188216,0.0],[21.146969379776582,49.191351855119294,0.0],[21.146929453805107,49.191364471189274,0.0],[21.146871162853973,49.19137719403489,0.0],[21.14675012095712,49.191360828331646,0.0],[21.146717198122808,49.19135664999225,0.0],[21.14662837852563,49.191348074625914,0.0],[21.146605235490686,49.1913468477747,0.0],[21.146548269587846,49.19160847127048,0.0]]],[[[21.14879992614933,49.19171683186991,0.0],[21.149199179574993,49.191941962980685,0.0],[21.149556829885785,49.19218013381921,0.0],[21.149644041705308,49.192238209158205,0.0],[21.14975929010685,49.19226245701467,0.0],[21.149600675501873,49.19216939491827,0.0],[21.14954576132775,49.19212455524218,0.0],[21.14953449653429,49.19211591096116,0.0],[21.149502995413236,49.19209131519907,0.0],[21.1487329159294,49.1915213194504,0.0],[21.148721365963812,49.19151287764406,0.0],[21.148658861961948,49.19147063756113,0.0],[21.148592280144385,49.19143116672675,0.0],[21.14852190072832,49.191394633307674,0.0],[21.148448026578688,49.19136119628239,0.0],[21.148370975512957,49.19133099799722,0.0],[21.148291073384172,49.191304164848106,0.0],[21.148208664384274,49.19128081660825,0.0],[21.14812410544541,49.191261049147165,0.0],[21.148037752720352,49.1912449502088,0.0],[21.147949980452108,49.19123258560266,0.0],[21.14786116223715,49.191224011216526,0.0],[21.14777167866819,49.19121926245468,0.0],[21.147681910087638,49.19121835941082,0.0],[21.147592247682553,49.191221305417336,0.0],[21.147503068555096,49.19122808986036,0.0],[21.14744631781324,49.19123489754259,0.0],[21.147785600085523,49.19135329422648,0.0],[21.148184806980947,49.19142736772509,0.0],[21.148538982212315,49.191572309397245,0.0],[21.14879992614933,49.19171683186991,0.0]]],[[[21.14539039724454,49.19674038987176,0.0],[21.145981918229705,49.196872802385826,0.0],[21.14605415888416,49.19688897413466,0.0],[21.14612164158516,49.196892383600286,0.0],[21.145964862471754,49.196403015988736,0.0],[21.14530619751531,49.19634184895592,0.0],[21.14526603647448,49.196338118941334,0.0],[21.14499761211871,49.196290684048044,0.0],[21.144956583346826,49.196283433666316,0.0],[21.1445985612674,49.1962479103506,0.0],[21.144594655013343,49.19635159861279,0.0],[21.144593568697207,49.196372610750544,0.0],[21.144592989972335,49.19641861121067,0.0],[21.144596810634944,49.19646856294947,0.0],[21.144913146670362,49.196599576009824,0.0],[21.145091703230857,49.196673525907876,0.0],[21.14539039724454,49.19674038987176,0.0]]],[[[21.14489716799325,49.19663018821662,0.0],[21.144602965205664,49.19650834284334,0.0],[21.144607831992833,49.196535829108456,0.0],[21.144622056360255,49.196587769134986,0.0],[21.144679734624336,49.1967678160409,0.0],[21.14479324619987,49.19712215033879,0.0],[21.14479517814369,49.19712808887629,0.0],[21.14480600922208,49.19715827313571,0.0],[21.144816403923848,49.19718516049749,0.0],[21.14480865010027,49.19729747212354,0.0],[21.144813143516423,49.19735623937067,0.0],[21.144813852775798,49.19736165590798,0.0],[21.14486121278728,49.19771009125566,0.0],[21.144858123055883,49.197767256292366,0.0],[21.144857469946878,49.197814665028815,0.0],[21.144861966143402,49.197873433246414,0.0],[21.144865356804043,49.197892575515304,0.0],[21.14487231314015,49.19793188102963,0.0],[21.144888474083555,49.197989762352016,0.0],[21.144907918307535,49.19804042481418,0.0],[21.145218117417063,49.198145765688786,0.0],[21.145508444266742,49.1982443554927,0.0],[21.146008950780253,49.19847358895181,0.0],[21.1462480521152,49.19836409977947,0.0],[21.146137784421185,49.19817274406708,0.0],[21.1461873903119,49.198116424075224,0.0],[21.146372580524346,49.198091927020364,0.0],[21.146229380528208,49.197799066659236,0.0],[21.146235485328123,49.19768600988148,0.0],[21.14618054662217,49.19728187344459,0.0],[21.1462275291586,49.19717334761657,0.0],[21.146167574156532,49.1970186846898,0.0],[21.146136062058012,49.19693739242213,0.0],[21.146131746305798,49.196923920351225,0.0],[21.146117951096,49.19692376251667,0.0],[21.14604913762714,49.19692027326719,0.0],[21.146040920705378,49.19691916428423,0.0],[21.146039904593593,49.196919027808846,0.0],[21.145401441225317,49.19677611358144,0.0],[21.145075724533765,49.19670320459939,0.0],[21.145066048968665,49.196700130242725,0.0],[21.14489716799325,49.19663018821662,0.0]]],[[[21.179075103145188,49.139112009587464,0.0],[21.17887562280625,49.138915041608904,0.0],[21.178816192660573,49.138856361002446,0.0],[21.178800523646995,49.13884122748655,0.0],[21.178746998038527,49.13879401509433,0.0],[21.178688880259735,49.138749199384826,0.0],[21.17862642100145,49.13870697454497,0.0],[21.17855988294786,49.138667520733506,0.0],[21.178489555704097,49.138631006348916,0.0],[21.178415740737872,49.1385975875583,0.0],[21.17833875418294,49.138567407484764,0.0],[21.178258919994533,49.13854059599373,0.0],[21.17817658650726,49.138517268410496,0.0],[21.17809210466322,49.13849752303841,0.0],[21.178005835899317,49.138481445907395,0.0],[21.17791814706368,49.138469105212984,0.0],[21.177829417195337,49.13846055242924,0.0],[21.17774002487782,49.13845582641385,0.0],[21.17765035286881,49.138454946351324,0.0],[21.17756078497084,49.138457917056456,0.0],[21.177471706423592,49.138464723585074,0.0],[21.17738349516832,49.13847533816236,0.0],[21.177296533126082,49.13848971603506,0.0],[21.17721118709875,49.13850779397286,0.0],[21.177127826173262,49.138529496214694,0.0],[21.177046809728594,49.13855472959214,0.0],[21.176968480460296,49.13858338511112,0.0],[21.176893175136588,49.13861534098963,0.0],[21.17682121801518,49.138650458850044,0.0],[21.176752912172397,49.13868858974951,0.0],[21.176688556191966,49.1387295711013,0.0],[21.176628423696425,49.1387732251334,0.0],[21.176572766931105,49.13881936620266,0.0],[21.17652183214919,49.138867796775116,0.0],[21.176475834774646,49.138918309348696,0.0],[21.17645712658183,49.13894124462587,0.0],[21.176382508104258,49.13903599738407,0.0],[21.176335278735166,49.139095971441414,0.0],[21.175735867080665,49.13985710771723,0.0],[21.175713707223647,49.139886550553754,0.0],[21.175687529781154,49.139925346951834,0.0],[21.17564349282807,49.13999499560022,0.0],[21.17563411667266,49.14001022094614,0.0],[21.175604018896106,49.14006564958991,0.0],[21.175579511948463,49.1401222526146,0.0],[21.175579239970237,49.14012297328049,0.0],[21.17554517809438,49.140213038283655,0.0],[21.175506549442964,49.14031517452997,0.0],[21.174725311544908,49.1423807208904,0.0],[21.17457003015765,49.14279125189747,0.0],[21.174551444596684,49.142809718415464,0.0],[21.174505437532453,49.14286023001372,0.0],[21.174464567728446,49.14291260849448,0.0],[21.174459109352593,49.14292090051941,0.0],[21.17442900663761,49.142966628776186,0.0],[21.174398907006204,49.143022058889024,0.0],[21.174374397332006,49.143078660701335,0.0],[21.17435558297152,49.14313619355518,0.0],[21.174347590975678,49.143171880271595,0.0],[21.17434254366304,49.14319441058773,0.0],[21.17433898907378,49.143223352293795,0.0],[21.17433533600283,49.14325306240987,0.0],[21.17433399064105,49.143311897918224,0.0],[21.174338516323314,49.14337066532243,0.0],[21.174348886134084,49.14342911261377,0.0],[21.174364273350438,49.14348459152006,0.0],[21.174486535796202,49.143858427084126,0.0],[21.17448849407484,49.1438644191462,0.0],[21.174489284048747,49.14386681870039,0.0],[21.174511196610347,49.14392387756907,0.0],[21.174538749434888,49.1439798744343,0.0],[21.17457182693466,49.144034568909994,0.0],[21.174610286984414,49.14408772698001,0.0],[21.17463192637376,49.144114177593956,0.0],[21.17489486062669,49.144423090470816,0.0],[21.174916900851223,49.14444803489162,0.0],[21.17496560902651,49.14449744483485,0.0],[21.174997517396502,49.14452636050824,0.0],[21.175451733519353,49.14492120516939,0.0],[21.17549700259972,49.14496425954804,0.0],[21.17549930040269,49.14496643715329,0.0],[21.175552830860475,49.14501365185977,0.0],[21.175610954609787,49.14505846726416,0.0],[21.175642124499383,49.145080230700174,0.0],[21.175887827084562,49.14524616089715,0.0],[21.176200212705627,49.14545712142144,0.0],[21.176248796372505,49.145490017576606,0.0],[21.17628135368258,49.14551133454536,0.0],[21.176347898966405,49.14555079044139,0.0],[21.176418232925897,49.145587306864826,0.0],[21.17643669289596,49.1455961066948,0.0],[21.176694886503313,49.14571705471668,0.0],[21.17681692476322,49.145797797542826,0.0],[21.17687148303232,49.145833893537215,0.0],[21.176996217603243,49.14591641930269,0.0],[21.17699824319224,49.14591775654227,0.0],[21.17733321270551,49.14613844733307,0.0],[21.17735265530695,49.14615100470257,0.0],[21.177419201041193,49.14619045813671,0.0],[21.177489536674866,49.14622697390341,0.0],[21.177563362319077,49.146260392270634,0.0],[21.177640362953053,49.14629057283819,0.0],[21.177720206339586,49.14631738547026,0.0],[21.17780255241288,49.146340713290215,0.0],[21.177887047345408,49.146360458796345,0.0],[21.177973332350568,49.146376536035746,0.0],[21.178061032207612,49.14638887744677,0.0],[21.178149777560016,49.146397429155904,0.0],[21.178239182683264,49.146402154782876,0.0],[21.178328868890972,49.14640303437297,0.0],[21.178418449475195,49.146400063925626,0.0],[21.17850754339787,49.146393255822915,0.0],[21.178595768315255,49.14638264041168,0.0],[21.17868274638126,49.14636826168404,0.0],[21.178768102486984,49.14635018262347,0.0],[21.178851474302313,49.14632847921754,0.0],[21.178932503734792,49.146303244691524,0.0],[21.179010843906273,49.146274587926136,0.0],[21.179086157980073,49.146242630720245,0.0],[21.17915812704936,49.14620751253853,0.0],[21.17922643859894,49.146169379347604,0.0],[21.179265624540346,49.14614507238087,0.0],[21.17930813300565,49.146117646555616,0.0],[21.180327667763454,49.1454598174659,0.0],[21.180352844482325,49.14544314245518,0.0],[21.180412983139036,49.145399485754915,0.0],[21.1804686422768,49.14535334292364,0.0],[21.180519578503816,49.145304909805176,0.0],[21.180565580376115,49.14525439584545,0.0],[21.180606444340924,49.145202015238056,0.0],[21.180642001661884,49.14514799406781,0.0],[21.180672095600777,49.145092563295385,0.0],[21.180696599215562,49.14503595931378,0.0],[21.18071540838409,49.144978425530795,0.0],[21.180728439391803,49.14492020779197,0.0],[21.180729883920737,49.144911490188306,0.0],[21.18077882680124,49.1448705934186,0.0],[21.180829763544306,49.144822161097665,0.0],[21.180858325014725,49.144790795764884,0.0],[21.180875761859987,49.14477164781972,0.0],[21.180879621798123,49.14476670208181,0.0],[21.180916627847864,49.14471926718043,0.0],[21.18095218306033,49.14466524676182,0.0],[21.18098227649942,49.1446098141034,0.0],[21.181006780899594,49.144553210089676,0.0],[21.181011897482783,49.14453756127179,0.0],[21.18102558816432,49.14449567620378,0.0],[21.18103861868874,49.14443745842007,0.0],[21.181045818685988,49.144378806220224,0.0],[21.18104715484118,49.14431997062561,0.0],[21.18104262532878,49.144261203641484,0.0],[21.18103224481763,49.14420275688797,0.0],[21.181026682206156,49.14418033836488,0.0],[21.181069947194914,49.14413262655694,0.0],[21.181110811158245,49.1440802448966,0.0],[21.181146367145544,49.144026223550874,0.0],[21.18117646122792,49.143970792668654,0.0],[21.181200963730298,49.14391418855802,0.0],[21.18121976916624,49.1438566545844,0.0],[21.181232802039972,49.14379843685069,0.0],[21.181240001786193,49.1437397837266,0.0],[21.18124154495615,49.14370015278764,0.0],[21.18124246336809,49.1435298283991,0.0],[21.1812422561114,49.14351062372581,0.0],[21.181241609646396,49.14349472534506,0.0],[21.181236717554164,49.14340438603679,0.0],[21.181232832996514,49.14336151737833,0.0],[21.181222451018606,49.143303071476765,0.0],[21.18120626736994,49.143245194014206,0.0],[21.181184347504498,49.14318813639681,0.0],[21.181156786343212,49.14313214104942,0.0],[21.1811473979745,49.143115522748154,0.0],[21.181145409519008,49.14311210722093,0.0],[21.181177691921455,49.14308063674512,0.0],[21.181223688362145,49.14303012240025,0.0],[21.181264552575026,49.14297774160606,0.0],[21.181300104816412,49.142923721004266,0.0],[21.181330196768002,49.14286828911879,0.0],[21.181350451188077,49.14282258887825,0.0],[21.18136026134742,49.142798049472,0.0],[21.181364508652653,49.14278714644411,0.0],[21.181383316351464,49.14272961070904,0.0],[21.181396346008732,49.14267139284678,0.0],[21.18140354534083,49.142612740585676,0.0],[21.181404882404863,49.14255390499024,0.0],[21.181400349900958,49.14249513789462,0.0],[21.181389969344394,49.142436691133106,0.0],[21.18138113420426,49.14240250695144,0.0],[21.181394345636527,49.14238127511213,0.0],[21.181424437160793,49.14232584319128,0.0],[21.18144893995536,49.14226923903677,0.0],[21.181467745800376,49.14221170592873,0.0],[21.181468528319492,49.14220882987558,0.0],[21.181475456232977,49.14218316506387,0.0],[21.181487703192026,49.142127822334494,0.0],[21.181494902341317,49.142069170055684,0.0],[21.181496445104525,49.14202991897812,0.0],[21.181496636536032,49.14199821903824,0.0],[21.18149642934824,49.14197863446407,0.0],[21.18149189816009,49.14191986740183,0.0],[21.181481516248756,49.141861420592726,0.0],[21.181465332705578,49.141803544031816,0.0],[21.181461828404384,49.14179442048585,0.0],[21.18144341317974,49.14174648643101,0.0],[21.181415853959674,49.14169049025765,0.0],[21.18139745376905,49.1416587994252,0.0],[21.181371148139633,49.14161593711791,0.0],[21.18135646372051,49.1415929335296,0.0],[21.18131799982426,49.141539777681125,0.0],[21.181282128847382,49.14149701499193,0.0],[21.18124734567654,49.1414580906632,0.0],[21.18123953544702,49.14144946169459,0.0],[21.18119082407177,49.14140005431593,0.0],[21.181137293486163,49.14135284307273,0.0],[21.181079170610953,49.14130802860406,0.0],[21.181077173009758,49.14130659058033,0.0],[21.181058599768118,49.14129324266322,0.0],[21.181026267276405,49.14126905057855,0.0],[21.1809650711421,49.14122763369682,0.0],[21.18082821410854,49.14114076177903,0.0],[21.18082797973267,49.141140172902105,0.0],[21.180814247389637,49.14110399719809,0.0],[21.18081667786284,49.14106824693672,0.0],[21.18081802836698,49.14103191285601,0.0],[21.18081838460674,49.14097565088399,0.0],[21.180818177311817,49.14095590154744,0.0],[21.180813647012695,49.14089713443467,0.0],[21.180803266105176,49.14083868754094,0.0],[21.180787083676062,49.14078081086181,0.0],[21.180765165369863,49.14072375310961,0.0],[21.180737606035517,49.140667757607794,0.0],[21.180704525488594,49.140613063959,0.0],[21.180700012768156,49.14060634034513,0.0],[21.18067847348222,49.14057458177265,0.0],[21.180644520987226,49.14052815010705,0.0],[21.180600841339775,49.14047675817768,0.0],[21.180552131537947,49.14042735051197,0.0],[21.180538131676386,49.14041436521277,0.0],[21.1804997015029,49.14037938563508,0.0],[21.180460173970804,49.14034515761132,0.0],[21.180402052802037,49.14030034368403,0.0],[21.18039527886295,49.14029549020425,0.0],[21.180331533415252,49.14025015010123,0.0],[21.18027584208582,49.140212779570554,0.0],[21.180257976682448,49.14020167000221,0.0],[21.180152304569972,49.14013712881298,0.0],[21.180118441961348,49.140116127571666,0.0],[21.180096866377337,49.14010162147335,0.0],[21.180051562896065,49.14006671295744,0.0],[21.180022233876077,49.14004484167106,0.0],[21.180007550549355,49.14003441046314,0.0],[21.179973978819973,49.13999947916628,0.0],[21.179868547125935,49.139887996586566,0.0],[21.179829804004815,49.13984929262557,0.0],[21.179813126970668,49.13983388016936,0.0],[21.179659875693066,49.139695355395546,0.0],[21.179651324833575,49.13968771137663,0.0],[21.179493974135216,49.13954858995719,0.0],[21.179465674665014,49.1395244353412,0.0],[21.17945221519073,49.139513517517095,0.0],[21.17944169138261,49.139499059138565,0.0],[21.179423190982416,49.13947460709304,0.0],[21.17939222921653,49.139437379768204,0.0],[21.17933706257291,49.13937461803162,0.0],[21.179334770776034,49.13937201937584,0.0],[21.179329167503013,49.13936569277793,0.0],[21.179281995085773,49.13931243821201,0.0],[21.179271572593482,49.13930087181399,0.0],[21.179222865241087,49.139251463568144,0.0],[21.179221226845872,49.13924991791826,0.0],[21.179104119683654,49.139139732752554,0.0],[21.179087087687247,49.13912335842456,0.0],[21.179080899030254,49.13911746000512,0.0],[21.179078700674648,49.13911538819997,0.0],[21.179075103145188,49.139112009587464,0.0]],[[21.177538936529775,49.14540171313589,0.0],[21.17756065482697,49.14540573285918,0.0],[21.177637911502078,49.1454130755579,0.0],[21.17765717605588,49.14542422926214,0.0],[21.177695824532783,49.14542433181936,0.0],[21.17789652395392,49.14539872821723,0.0],[21.177938871180476,49.145388539859674,0.0],[21.177984878882278,49.14537122824719,0.0],[21.177996724726086,49.145369105407035,0.0],[21.178024776437656,49.14536658959455,0.0],[21.17807141001174,49.145350407518166,0.0],[21.17796952399589,49.14528328076941,0.0],[21.177586180315096,49.1450296603169,0.0],[21.177233194804895,49.1448643099824,0.0],[21.177184544412818,49.144831368930355,0.0],[21.177061612624133,49.144748352359805,0.0],[21.176625260255737,49.14445367659566,0.0],[21.176563400016505,49.14439484518254,0.0],[21.17609156247326,49.14398468929696,0.0],[21.175988428390802,49.143863524967365,0.0],[21.17582862186668,49.14367577812926,0.0],[21.175704392851518,49.14329595195665,0.0],[21.175809714322398,49.14324730672681,0.0],[21.17608650986513,49.142515462849026,0.0],[21.17690943569486,49.140339530514105,0.0],[21.176953468453974,49.140269881313245,0.0],[21.17767471163918,49.13935401086088,0.0],[21.177942391691637,49.1396183257919,0.0],[21.177955080971017,49.13963024594834,0.0],[21.177975958785126,49.13965031744298,0.0],[21.17809704837334,49.13976425094226,0.0],[21.178149821766826,49.13982383258992,0.0],[21.17820498468553,49.13988659479253,0.0],[21.17828880377001,49.14000173797804,0.0],[21.178329629139967,49.14004147360495,0.0],[21.17839338066124,49.140084438461955,0.0],[21.17855073006351,49.14022356044029,0.0],[21.178703978598342,49.14036208570329,0.0],[21.178799205414865,49.14046277944064,0.0],[21.178811976137894,49.14047628373459,0.0],[21.178895974400277,49.14056368698996,0.0],[21.178989480528365,49.14063923466116,0.0],[21.179008055226713,49.14064966444641,0.0],[21.179083506632317,49.14070780375543,0.0],[21.179156881644875,49.14075713682735,0.0],[21.179214636797827,49.14079295476815,0.0],[21.179324128269972,49.14085982905879,0.0],[21.179387873585135,49.14090516970167,0.0],[21.179426302085,49.14094014869791,0.0],[21.179447840737236,49.14097190749782,0.0],[21.17944748296234,49.14102816946763,0.0],[21.17943950792282,49.14114544449827,0.0],[21.17944279663197,49.14119854374293,0.0],[21.179455776629748,49.14124613167401,0.0],[21.179499744096447,49.14136196224681,0.0],[21.179504636092304,49.14137430168547,0.0],[21.17957559962873,49.141553320308304,0.0],[21.179591127029887,49.141581893217975,0.0],[21.179615111987218,49.14160890329786,0.0],[21.179654790038594,49.141639915277565,0.0],[21.179743907498743,49.14170077093663,0.0],[21.179803933646156,49.14174176116071,0.0],[21.17983362080978,49.14176060540076,0.0],[21.180012076064475,49.14187388181015,0.0],[21.180019690472516,49.14188031358777,0.0],[21.180064979251636,49.14191286028654,0.0],[21.180099760454066,49.141951784918795,0.0],[21.180126063741756,49.14199464836354,0.0],[21.180125872814266,49.14202634834512,0.0],[21.180118944232365,49.142052013079024,0.0],[21.18009216531791,49.14208442964569,0.0],[21.180055672276076,49.14213029684874,0.0],[21.18005441292742,49.14213187875636,0.0],[21.180032098237586,49.14216870294626,0.0],[21.18002756419802,49.14217618510933,0.0],[21.180009137232236,49.14220837773231,0.0],[21.17999947895108,49.14222525097542,0.0],[21.179977147563132,49.142279709157975,0.0],[21.17995513556158,49.142321655187494,0.0],[21.179950759047713,49.14235449353636,0.0],[21.179942592773045,49.14239531535044,0.0],[21.17994474246071,49.1424365319281,0.0],[21.179965003650324,49.14248097080629,0.0],[21.18001779018685,49.142538175197075,0.0],[21.180030773287463,49.14256283345839,0.0],[21.18003180893509,49.142564801344164,0.0],[21.180034502375364,49.142569918771024,0.0],[21.180028231965366,49.14258560168125,0.0],[21.18002469161224,49.14259445806869,0.0],[21.180020981181077,49.14259746126894,0.0],[21.179902339145936,49.14269348727011,0.0],[21.17986064664561,49.1427272313503,0.0],[21.179831922232914,49.142752294268945,0.0],[21.179803684177053,49.14277693308773,0.0],[21.17978419044495,49.14280461728122,0.0],[21.179772451016266,49.14283664011041,0.0],[21.179730655992017,49.14294252233429,0.0],[21.17970589438164,49.14303835082753,0.0],[21.1797001538289,49.14312073812242,0.0],[21.179726804883106,49.143208768730055,0.0],[21.179749240014825,49.143282877765174,0.0],[21.17980492327699,49.14334416714622,0.0],[21.17980984718492,49.14335076681387,0.0],[21.17984319796391,49.143395468480364,0.0],[21.179866960356005,49.14343629535672,0.0],[21.179871848618948,49.143526634681415,0.0],[21.179871075182945,49.14366964280473,0.0],[21.17987092562445,49.14369695816673,0.0],[21.179671632514893,49.14381386658766,0.0],[21.179552824657833,49.14389717503041,0.0],[21.179508073013057,49.14396539465456,0.0],[21.179509957038185,49.14403072265455,0.0],[21.17953862386961,49.14409253695837,0.0],[21.179619004313526,49.144175066645815,0.0],[21.17982100193208,49.144158493784275,0.0],[21.179882325558854,49.144189264557355,0.0],[21.179961692356752,49.14430521193613,0.0],[21.179995744853407,49.14435212571819,0.0],[21.18006990961277,49.14445429885457,0.0],[21.179885941218988,49.14457734771606,0.0],[21.179817022904892,49.14460793276384,0.0],[21.179763302167824,49.144631773442484,0.0],[21.179651484837454,49.144577349311426,0.0],[21.179366536293646,49.14481872338721,0.0],[21.178446347687036,49.14541244535673,0.0],[21.17830449352964,49.145503968826496,0.0],[21.178119714538404,49.145382231855734,0.0],[21.17810743539794,49.145374142487434,0.0],[21.17808611824311,49.145410343110754,0.0],[21.17808594570884,49.14543648927149,0.0],[21.1780773736038,49.145455485797136,0.0],[21.17803367363875,49.145487858440916,0.0],[21.177928135009033,49.1455446639698,0.0],[21.177918209351493,49.1455500067018,0.0],[21.177910032332882,49.14555489103924,0.0],[21.177854325205367,49.14557613007869,0.0],[21.17770980696653,49.14559343856855,0.0],[21.17761495321184,49.14560479910494,0.0],[21.177567833999223,49.14560625881355,0.0],[21.1775244060712,49.14559583404388,0.0],[21.177503974409017,49.145580727799725,0.0],[21.177495157642255,49.14556116624624,0.0],[21.177493246004698,49.145556923051416,0.0],[21.177493360663213,49.145538670054336,0.0],[21.17749345917403,49.14552284626206,0.0],[21.177522478248367,49.145410839334595,0.0],[21.177538936529775,49.14540171313589,0.0]]],[[[21.17733619285467,49.170130690816094,0.0],[21.177332498455698,49.17013184002338,0.0],[21.177254120000732,49.17016049723877,0.0],[21.177178768917702,49.170192453009776,0.0],[21.17710676542703,49.170227570627304,0.0],[21.177038418208493,49.17026570221893,0.0],[21.176974022053702,49.17030668327394,0.0],[21.17691385062527,49.17035033781812,0.0],[21.17688264253248,49.17037542790372,0.0],[21.176754691822754,49.170482164948396,0.0],[21.176598315488363,49.17061260980722,0.0],[21.176479936433836,49.17071135782964,0.0],[21.17646782643804,49.17072145825692,0.0],[21.176443345433338,49.17074250974681,0.0],[21.176392379528238,49.17079094064187,0.0],[21.176346351494526,49.17084145252991,0.0],[21.17631425093648,49.17088182995244,0.0],[21.176297599338337,49.17088996707778,0.0],[21.176262913757693,49.17090748356585,0.0],[21.176194565103284,49.170945612858894,0.0],[21.17613016732228,49.17098659433766,0.0],[21.17606999571526,49.17103024848016,0.0],[21.176034498967507,49.1710596584016,0.0],[21.176021938663883,49.171059535319515,0.0],[21.175932313866358,49.17106250485166,0.0],[21.175843175880512,49.17106931007937,0.0],[21.175754909677554,49.171079924345825,0.0],[21.175667887970057,49.171094300806736,0.0],[21.175582488627786,49.171112378376804,0.0],[21.17549907563142,49.171134079332944,0.0],[21.17541800305126,49.17115931123928,0.0],[21.175339623397672,49.17118796540792,0.0],[21.175287122168417,49.17121022975988,0.0],[21.175264269551935,49.1712199199339,0.0],[21.175231432230568,49.17123593481812,0.0],[21.175192261811635,49.171255037215396,0.0],[21.17512391447849,49.171293167760204,0.0],[21.175059515507527,49.171334146848224,0.0],[21.174999339812466,49.171377800348886,0.0],[21.174999282922453,49.17137784627926,0.0],[21.17497906778647,49.17139388720041,0.0],[21.174445844142,49.17182712479323,0.0],[21.174410425193265,49.171857179453376,0.0],[21.174359454891256,49.17190560850259,0.0],[21.174313425095196,49.1719561205119,0.0],[21.17427253011912,49.17200849831754,0.0],[21.17423694973482,49.17206251709799,0.0],[21.17420683247174,49.17211794745207,0.0],[21.17418230833804,49.17217455039566,0.0],[21.174165324807692,49.172225532653755,0.0],[21.174103252948743,49.17244178829675,0.0],[21.17406040825632,49.17259105402451,0.0],[21.173886393850438,49.17277597358517,0.0],[21.17388345614743,49.172779095362586,0.0],[21.173699599216356,49.172974468539785,0.0],[21.1735282743723,49.173076209730404,0.0],[21.17332993051617,49.17319399249188,0.0],[21.173319219011148,49.17320035280744,0.0],[21.17212764292734,49.173907917142486,0.0],[21.172125899163994,49.173908953571946,0.0],[21.172061492955635,49.17394993182668,0.0],[21.172001312954965,49.17399358288916,0.0],[21.171945614340984,49.17403972121429,0.0],[21.171894639447746,49.1740881491516,0.0],[21.171848603738205,49.174138661006616,0.0],[21.171807703111742,49.174191036968224,0.0],[21.171772118467008,49.174245055854485,0.0],[21.171741995938834,49.17430048369085,0.0],[21.17171746789958,49.17435708697094,0.0],[21.171698638937677,49.17441461781378,0.0],[21.171685588395324,49.17447283564861,0.0],[21.171678374679622,49.17453148574438,0.0],[21.17167702540548,49.174590321406406,0.0],[21.171680566723698,49.174636313852126,0.0],[21.17168154940229,49.17464908994937,0.0],[21.171691925426778,49.17470753684445,0.0],[21.17170810972722,49.17476541495855,0.0],[21.171730034023547,49.17482247458886,0.0],[21.171757602112184,49.17487847235851,0.0],[21.171790698347117,49.17493316788171,0.0],[21.171829179158312,49.174986327098885,0.0],[21.171872879900693,49.17503772249116,0.0],[21.171921616093048,49.17508713492025,0.0],[21.17197517539464,49.175134350675954,0.0],[21.172033330780476,49.175179169091365,0.0],[21.17208765995774,49.17521618332362,0.0],[21.173317718176566,49.17600763932633,0.0],[21.17333838305365,49.175999290688154,0.0],[21.173347901264528,49.175995446001636,0.0],[21.173635448518944,49.175930992219584,0.0],[21.173653659249776,49.175933880604276,0.0],[21.175084358180733,49.1761608066131,0.0],[21.175206967472757,49.1759968553085,0.0],[21.17511377777775,49.175903368996465,0.0],[21.1741263407983,49.17526805292475,0.0],[21.17373410942273,49.17501568528895,0.0],[21.173721151143194,49.17500734764226,0.0],[21.17304830105768,49.174574414458945,0.0],[21.17346341281066,49.174327914373265,0.0],[21.173784532220235,49.1741372247443,0.0],[21.174323656538093,49.173817072498686,0.0],[21.174617865892795,49.17364235686663,0.0],[21.174764521269907,49.17355526604358,0.0],[21.174823447647643,49.173492647314724,0.0],[21.175361116616106,49.17292127803762,0.0],[21.175409250671102,49.17275357095178,0.0],[21.17551307025425,49.172391839387316,0.0],[21.176046289353373,49.17195859608043,0.0],[21.17603540586588,49.171887332675816,0.0],[21.176506402432327,49.17198960484004,0.0],[21.176559194599132,49.172100877381226,0.0],[21.177122296528946,49.17210702893559,0.0],[21.177116948984967,49.171611034642,0.0],[21.177521663600203,49.17141331449056,0.0],[21.17754598757028,49.17127715072185,0.0],[21.17796080210656,49.170931117558766,0.0],[21.178162073163186,49.170572552510365,0.0],[21.177649069378674,49.17044876428287,0.0],[21.177503086542444,49.17035045804947,0.0],[21.17751635583848,49.1703401948478,0.0],[21.177587149189314,49.17027765270791,0.0],[21.177664574444762,49.170209249658825,0.0],[21.177750067859947,49.170107437162414,0.0],[21.177808412021825,49.17003795722745,0.0],[21.17775766037414,49.17004183371018,0.0],[21.17766939234218,49.170052448398636,0.0],[21.177663756005867,49.17005338021999,0.0],[21.177582375707043,49.17006682637499,0.0],[21.177581781652098,49.17006695272315,0.0],[21.177496977435446,49.17008490530669,0.0],[21.177413565606845,49.17010660759325,0.0],[21.17733619285467,49.170130690816094,0.0]]],[[[21.179278912132798,49.17068297532697,0.0],[21.179251337911985,49.170626980146345,0.0],[21.179218237777235,49.17057228669445,0.0],[21.17917975391589,49.170519129868325,0.0],[21.179136048278238,49.170467737080735,0.0],[21.179087312100723,49.17041832945813,0.0],[21.179033751164297,49.170371116878776,0.0],[21.178975596491494,49.170326301908595,0.0],[21.178913096258047,49.17028407774726,0.0],[21.178846517489507,49.17024462378091,0.0],[21.178776147104085,49.17020811011568,0.0],[21.178702285521233,49.17017469107646,0.0],[21.178685758513183,49.170168216501956,0.0],[21.178551609021554,49.170158659628896,0.0],[21.17845358932786,49.17022275063882,0.0],[21.178434976363718,49.17036539471844,0.0],[21.178243263886074,49.170515227031494,0.0],[21.178212535308624,49.170709933313304,0.0],[21.178135055554566,49.17120085446233,0.0],[21.17807482541987,49.17158247250237,0.0],[21.178037469790535,49.17181915823454,0.0],[21.17800697142529,49.17225709389952,0.0],[21.17797936249664,49.17265354159833,0.0],[21.177973819654987,49.172733108459646,0.0],[21.177893090119337,49.17389227224942,0.0],[21.178043583382006,49.17398835192295,0.0],[21.17825997098279,49.17396946451669,0.0],[21.17872508180717,49.17355785732298,0.0],[21.179183557936952,49.173152112928534,0.0],[21.17918582125609,49.17312083010499,0.0],[21.1791892600767,49.17307325593426,0.0],[21.1791987524515,49.17294199349544,0.0],[21.179203113683965,49.172881682211795,0.0],[21.179203781696852,49.17287244258526,0.0],[21.17922811845147,49.172535926192666,0.0],[21.179261856577,49.172069408338984,0.0],[21.179273814725473,49.17190403546945,0.0],[21.17927425599328,49.171897421880224,0.0],[21.179299809960106,49.17147898507985,0.0],[21.17933106908637,49.17096710415943,0.0],[21.179331948977733,49.17091512529061,0.0],[21.17932741774457,49.170856357011424,0.0],[21.179317032206235,49.17079791157178,0.0],[21.17930084186385,49.17074003357608,0.0],[21.179278912132798,49.17068297532697,0.0]]],[[[21.179198952427143,49.17359915786305,0.0],[21.17915448669723,49.17355408077954,0.0],[21.179154503818197,49.173553826554006,0.0],[21.17917481492111,49.17327299770346,0.0],[21.178802462297686,49.173599669077966,0.0],[21.178466866140905,49.173894087455764,0.0],[21.17832080073745,49.17402222942029,0.0],[21.178282691320966,49.174027398307274,0.0],[21.178023632367655,49.17406253665369,0.0],[21.177723951551613,49.17484141861004,0.0],[21.17760372157603,49.17515388776781,0.0],[21.177008747709298,49.175670984013756,0.0],[21.176565434541583,49.17596494105469,0.0],[21.175930636089383,49.176380219334874,0.0],[21.176090336539698,49.17662470021485,0.0],[21.176143988164615,49.17670683611356,0.0],[21.17600121123267,49.176751790427765,0.0],[21.17592120415878,49.17667741134863,0.0],[21.17571281083803,49.17679287085825,0.0],[21.1756064265396,49.17645642408719,0.0],[21.175427822751185,49.17635599569829,0.0],[21.17519417559713,49.176330998781644,0.0],[21.175030704165277,49.176232553112825,0.0],[21.175053665584787,49.17620185077466,0.0],[21.17364946256429,49.17599148012981,0.0],[21.173380452810104,49.176048002096344,0.0],[21.173633485092818,49.17621080748342,0.0],[21.174047045558265,49.17647689250417,0.0],[21.174284077252505,49.176714678464215,0.0],[21.174305468038362,49.176735496907575,0.0],[21.17431130357391,49.176740964802526,0.0],[21.17488036593614,49.17727001743632,0.0],[21.17492809611732,49.17731176306994,0.0],[21.174970966918632,49.177344799097646,0.0],[21.1749862538587,49.177356580781826,0.0],[21.17504875968458,49.17739880602181,0.0],[21.175115345046,49.1774382611357,0.0],[21.175185722926997,49.177474776893355,0.0],[21.1752595915619,49.17750819800705,0.0],[21.175336637502426,49.17753837872615,0.0],[21.175416530853933,49.17756519169043,0.0],[21.175498928473345,49.17758852172879,0.0],[21.17551702999211,49.177592749501706,0.0],[21.17558347240324,49.17760826851081,0.0],[21.175669809052142,49.17762434714763,0.0],[21.175757564403895,49.17763668921595,0.0],[21.17584636182834,49.17764524331603,0.0],[21.17593582390918,49.17764996882714,0.0],[21.176025564482977,49.17765085096226,0.0],[21.17611520240793,49.17764788139419,0.0],[21.1762043507321,49.17764107502067,0.0],[21.176292629677732,49.17763046136852,0.0],[21.176379661226974,49.17761608352393,0.0],[21.176465071339134,49.177598005403645,0.0],[21.17654849745514,49.17757630298732,0.0],[21.176548574766667,49.17757627840012,0.0],[21.176594972225615,49.17756236178465,0.0],[21.176737750992597,49.17751740585849,0.0],[21.176772355783886,49.17750611429334,0.0],[21.176850745842316,49.17747745926596,0.0],[21.17692610812304,49.177445502886364,0.0],[21.176998122079972,49.17741038546714,0.0],[21.177036456052388,49.17738900296759,0.0],[21.17706647760668,49.177372254849786,0.0],[21.17713088279916,49.17733127294862,0.0],[21.177191062324066,49.1772876193009,0.0],[21.17724675846489,49.17724147669547,0.0],[21.177297730010647,49.177193046441914,0.0],[21.177343763022243,49.177142532503204,0.0],[21.17738465895734,49.1770901537271,0.0],[21.177420239564476,49.17703613319652,0.0],[21.17745035608062,49.176980703918645,0.0],[21.1774748775545,49.176924099457,0.0],[21.17749370226115,49.176866566891924,0.0],[21.177506745243626,49.176808349326414,0.0],[21.177513953902608,49.1767496980766,0.0],[21.17751410827987,49.176743011607286,0.0],[21.17751529501514,49.1766908623633,0.0],[21.17751076523667,49.176632095942196,0.0],[21.17750881108321,49.176618063468574,0.0],[21.17756441163904,49.17658169047821,0.0],[21.177707705607954,49.176487947125906,0.0],[21.177833356779917,49.176405743403464,0.0],[21.177972454380626,49.17631474376903,0.0],[21.177990589779583,49.17630265313155,0.0],[21.178050766020252,49.17625899808447,0.0],[21.178101910473035,49.17621686542973,0.0],[21.178210452924205,49.1761217392228,0.0],[21.178333193281052,49.1760141677271,0.0],[21.1787038010371,49.17568946119131,0.0],[21.178708479749922,49.17568533779814,0.0],[21.178759448307602,49.175636906880534,0.0],[21.17880547829328,49.17558639413452,0.0],[21.17884637293914,49.175534013064315,0.0],[21.178881950808368,49.17547999295667,0.0],[21.178891873487327,49.175461730041114,0.0],[21.17891206347609,49.17542456232984,0.0],[21.17893570171614,49.17537026964145,0.0],[21.179353577327202,49.17428209364929,0.0],[21.179354459357786,49.174279783372434,0.0],[21.179373279687255,49.1742222486089,0.0],[21.179386321181056,49.17416403081903,0.0],[21.179393525902935,49.17410537935226,0.0],[21.17939486612078,49.17404654360152,0.0],[21.179390333085284,49.17398777625325,0.0],[21.179379949554825,49.173929330978126,0.0],[21.179374142404512,49.17390857767388,0.0],[21.179363755379487,49.173871452978375,0.0],[21.179341825568386,49.17381439485632,0.0],[21.179314248177015,49.173758399719254,0.0],[21.179281145898834,49.17370370635554,0.0],[21.179242659560433,49.17365054961904,0.0],[21.179198952427143,49.17359915786305,0.0]]]]}}]}