{"type":"FeatureCollection","name":"tmpkocfjlvd","features":[{"type":"Feature","properties":{"id":"IG_vPROTECTEDSITES_CHVU.4343","NATIONALSITECODE":"SKCHVU052","SITETITLE_SK":"Čergov","CATEGORY":20,"AREA_HA":35849.7093,"categoryName":"CHVU","identificationName":"Čergov (CHVU)","ID":11430},"geometry":{"type":"Polygon","coordinates":[[[21.077494545920807,49.2899669824741],[21.076817860966237,49.28982879201157],[21.07641269360396,49.28974602888349],[21.07632765135983,49.28991659596993],[21.07629325411892,49.29010004040926],[21.076106971204357,49.290392852400316],[21.075940002093137,49.2903931678299],[21.075717093876232,49.29036126059056],[21.07548168602803,49.29033453334213],[21.07539754665758,49.29053888756576],[21.07537850776425,49.29056519371046],[21.075364846813162,49.29058402041268],[21.075324752443237,49.29063782831689],[21.07501079060346,49.29064918035102],[21.074664676997653,49.29042309843366],[21.07450012670389,49.29050676106643],[21.07441732894259,49.290509685425235],[21.07428417490751,49.29040413588275],[21.074058448677583,49.29043182053847],[21.073961816517194,49.290481562854765],[21.074339113240764,49.290712068566705],[21.0742870715187,49.29076000130882],[21.074208254073774,49.29083462187054],[21.07414077754985,49.29090483511853],[21.074048332729262,49.291003324545386],[21.07390364200389,49.29114694921817],[21.074001055834017,49.2912115617148],[21.07415133189239,49.29130721828447],[21.073990268143906,49.29132050387947],[21.073853833214386,49.291361406715026],[21.073265298007858,49.291438660657946],[21.073040455369867,49.291375628250385],[21.07293626418141,49.291063863011],[21.072818952117355,49.2910736903086],[21.072794552062206,49.291066875369886],[21.072185557240896,49.29083360605463],[21.070637066231725,49.29026713721911],[21.069727014056866,49.29016137879134],[21.068561634422085,49.290028501663706],[21.067765932364615,49.28995791143557],[21.066840542061946,49.289873242777766],[21.06676639880647,49.28986356659283],[21.065511680289163,49.289699968201674],[21.064836447716576,49.289729558682716],[21.064134593238588,49.28954583184539],[21.063859059430914,49.28938482404046],[21.063854402406818,49.2893204869977],[21.06385368250092,49.28930993101192],[21.063882719510662,49.289309965265765],[21.064481170900955,49.28931121873545],[21.064921958354454,49.289379415803154],[21.065727077476133,49.28936120502564],[21.06600772419473,49.289326120495325],[21.06674124407337,49.28925338594009],[21.06781654057931,49.28922944519686],[21.06746541027485,49.286667778720656],[21.0669090887852,49.28636091245451],[21.066348589938592,49.286164638495684],[21.06613626599608,49.28609659279659],[21.065830305738608,49.28598718434456],[21.065561065275183,49.28581954043977],[21.06527591897036,49.28577561739982],[21.06504901514111,49.28587589579264],[21.06483540571017,49.28589819051174],[21.06461413023899,49.285804647135805],[21.064033293092542,49.28565758047141],[21.06360241060125,49.28547095565102],[21.06327776622767,49.285364899845106],[21.06305276129221,49.28533929162022],[21.062895456848693,49.28512537111604],[21.062707072943006,49.284922152871204],[21.062424975321434,49.28475732805667],[21.062090662058083,49.28466464106491],[21.061937503562,49.28446885738299],[21.061690876333234,49.28434478357476],[21.061494419609364,49.284157507455625],[21.061071804559404,49.28403136506993],[21.060826991523005,49.284047785876986],[21.06065898598412,49.284232145453586],[21.060649991929882,49.284241938460404],[21.060286088901442,49.284365071826414],[21.06003332208753,49.2844505536511],[21.06007650574909,49.28448930514514],[21.060161705340075,49.28456587021015],[21.06042301984663,49.28475073687023],[21.06107198841601,49.285270377165595],[21.061708813345522,49.28584183634034],[21.061940338748723,49.28607525314886],[21.061972855369937,49.286466105489396],[21.061945633545847,49.286601075583626],[21.061917773266483,49.286596397424994],[21.06188964517383,49.28659162061121],[21.061600123446464,49.286534494246254],[21.061267743962915,49.28660796250913],[21.06110545320276,49.286630372970286],[21.060853317954248,49.286665283472566],[21.06055868014149,49.28684979519161],[21.060466261948708,49.28691658698685],[21.0605226666906,49.287132571947296],[21.06070295557865,49.28782175421851],[21.06062509968079,49.287868759756186],[21.06054299235475,49.28788997136303],[21.060322096193843,49.2877986828054],[21.060173832895753,49.28768407679254],[21.060149140175177,49.28768850271118],[21.0599819875715,49.2877187672797],[21.059966642097848,49.287721513766996],[21.059868546424934,49.28771745309492],[21.059844554872136,49.2877107385177],[21.05941367581892,49.28758981644178],[21.059105765264274,49.28763976071919],[21.059015291493417,49.28769896204224],[21.05903640137516,49.28779875921529],[21.059068600636586,49.287950497726065],[21.05897816960558,49.288109627517954],[21.0585640189918,49.28837868719851],[21.058374745737844,49.28850159199239],[21.058278367971504,49.2885934614389],[21.057726336510708,49.289006434546806],[21.057588338704115,49.28939494278401],[21.05726804275773,49.289720498373754],[21.057244050003746,49.289744841690485],[21.05681502681512,49.28991691004231],[21.05656893330074,49.29001565404349],[21.056556445036726,49.290020652829305],[21.05654518279308,49.29001668869767],[21.056366017827518,49.28995419592469],[21.056157412442687,49.29002849096822],[21.05615506383085,49.29003408677364],[21.056072261683635,49.2902269497553],[21.055797285174812,49.29044224277591],[21.055631010948026,49.29053554699304],[21.055581261727127,49.29061307400287],[21.05573431767324,49.291074884801894],[21.055801968171405,49.29130032734453],[21.055913697944895,49.291726145425656],[21.055987364701902,49.29192657491368],[21.056001761557894,49.29197295166134],[21.056050207476183,49.292115402212445],[21.05611740229658,49.29226475903777],[21.05641917293511,49.29279888206768],[21.05680062704389,49.293499417363826],[21.05726446009064,49.29437635331704],[21.05772876337591,49.2952289951696],[21.057935152923886,49.295650208645974],[21.058318510737845,49.29632604140073],[21.058453294695294,49.29656138672913],[21.058705730562874,49.29700190677047],[21.058727255069204,49.29703960022781],[21.059510204895105,49.29843229025981],[21.05961760734779,49.298632902574774],[21.05989912208753,49.29911711702198],[21.059569947868777,49.2992291264365],[21.0595133953204,49.29924891045165],[21.05948219245304,49.29922089811137],[21.05946867328522,49.29922676428616],[21.05929292029164,49.29914773295465],[21.059146759628735,49.299160128808644],[21.059040665854244,49.29920712421718],[21.05897898219317,49.299212788950996],[21.058780243589634,49.29914651986926],[21.058744617435384,49.299153474160335],[21.058477040435918,49.29898686035833],[21.058309075005347,49.29877709341057],[21.058163277761956,49.298508804701235],[21.05811564902786,49.29842111680009],[21.057943818700814,49.29845816067882],[21.057908557512057,49.29846575663536],[21.05788246822984,49.2985288329357],[21.05759583876306,49.29845072670472],[21.05752913245442,49.29847738443378],[21.05657089534293,49.298222065417434],[21.05650945635886,49.298198928972205],[21.056114043557688,49.29805015369722],[21.056062279164188,49.298033810684984],[21.05563374971985,49.297898909899516],[21.055047762824064,49.29791350084075],[21.0549732685877,49.29781342184172],[21.054733390593668,49.297491499923474],[21.054600219564318,49.29741383452598],[21.05450438354551,49.29738868717248],[21.05428586072825,49.29716512940118],[21.05408160849262,49.2971849172747],[21.054292052977562,49.29751192289345],[21.05453513530512,49.297847902936326],[21.054720183512686,49.298195964195955],[21.05480521783176,49.29831690883641],[21.054994945928648,49.29858652924118],[21.055146506684327,49.298748959780994],[21.055533550650896,49.299156648001706],[21.055712976992357,49.29953378366415],[21.055829005090743,49.29988456815311],[21.056031059683484,49.30039071705094],[21.056109582688453,49.30081906282795],[21.056145296662326,49.30144093036552],[21.056071823693852,49.302114192134276],[21.056078961403326,49.30226602275814],[21.05609802136182,49.3026650836501],[21.056107188835245,49.30285938098476],[21.056190291197677,49.303263567253964],[21.056216979986967,49.303577891213536],[21.056135499888175,49.3035885879314],[21.05612979672701,49.30357841140231],[21.05603399613391,49.30358549552607],[21.05602905872098,49.30359802972655],[21.056018643831187,49.3036576499296],[21.05593316826177,49.303222868926035],[21.055848973176104,49.30315272634476],[21.055600918341288,49.30294613524335],[21.055306228480262,49.30297462295467],[21.05513257740537,49.302955249447336],[21.055093945910382,49.3029344684151],[21.054959057224682,49.30287025233817],[21.054884772352413,49.302714365550734],[21.054869937546503,49.30254599216228],[21.05451103313394,49.302465818249345],[21.054444112691968,49.302451416497014],[21.054247410563928,49.302409152154326],[21.05382448243473,49.30231817853133],[21.053232132606166,49.302277732105054],[21.05307600253182,49.302267022928056],[21.052778233536657,49.302186745578304],[21.052641557537513,49.302149926366084],[21.05238931393373,49.302174194879115],[21.052221380278205,49.30219038097282],[21.052055738620908,49.30216342914299],[21.051840864876134,49.3021284962893],[21.051786193648702,49.30211961972843],[21.051675592687456,49.3021349548548],[21.051528987216788,49.3020892614903],[21.051439592381595,49.30203704247488],[21.051350328283398,49.301984917628424],[21.051296471381036,49.30192331284912],[21.051117552728346,49.30190448334889],[21.050851834867064,49.301768070142785],[21.050144065023762,49.30180688381193],[21.04934364752363,49.301860255651995],[21.049339124115736,49.30186182001687],[21.049212098958623,49.30190687056721],[21.049023741536942,49.301859915400364],[21.04897969126678,49.30184894991087],[21.048848987840767,49.3018442777627],[21.048580165289934,49.30183469346063],[21.048548983568132,49.3018173916863],[21.04842490961845,49.30174865571417],[21.048222884232185,49.30172592436909],[21.047861766403436,49.30177727388811],[21.04774353984904,49.30184979459884],[21.047695763212232,49.30187903921663],[21.047355614676317,49.30189334449631],[21.04706601346155,49.30190550136593],[21.046816259231175,49.30200608922839],[21.04672453757983,49.30204300563941],[21.046501820595793,49.302071816856106],[21.046181647313293,49.30211323168283],[21.04616690249703,49.302086107749595],[21.043961574699015,49.302520197240376],[21.043946622210978,49.30252313455326],[21.04413549119925,49.30299287073519],[21.044311502565705,49.30339602240728],[21.044329215926584,49.303434855772345],[21.044726813606964,49.30433040552357],[21.045278497211427,49.30560993845014],[21.046019615711398,49.3054768042964],[21.046126592784383,49.3054767512838],[21.046515051523727,49.306632257850886],[21.0463142303002,49.30660245088296],[21.045253630009828,49.30684553163503],[21.04446915246982,49.30693818886614],[21.04443790981601,49.30708914004381],[21.043726472407368,49.30714985497024],[21.041956485699565,49.307296950763124],[21.04082878808127,49.30738919051984],[21.040496661230367,49.30738429145965],[21.03985260189023,49.30733508327118],[21.039242683354797,49.30725321769936],[21.03855299302892,49.30715211069617],[21.037934587495354,49.30705510916357],[21.037267870204314,49.306950687432995],[21.036889984790648,49.30688469893726],[21.036757358373492,49.3068670778171],[21.03562040093302,49.30669276311038],[21.035400357174574,49.30667140668989],[21.0351663728924,49.306648697692054],[21.03496089448229,49.3066277225675],[21.03490665606507,49.30662218316836],[21.034867378829222,49.306624510839995],[21.03467929434684,49.30663560792467],[21.034563899273827,49.3063163283527],[21.03452854619592,49.306019989472986],[21.034511523892697,49.30596668278796],[21.034411757379278,49.305653761249474],[21.034322132307302,49.30546855410373],[21.03431234175566,49.30528539536287],[21.034312022819577,49.305280523657665],[21.034304526025775,49.30527226832605],[21.034162478993263,49.305115699701695],[21.034083326891274,49.305028419271125],[21.0340231394009,49.30502691767323],[21.033863191060348,49.305022901140894],[21.033814012886225,49.30494703546019],[21.03334135881673,49.3048347492808],[21.033192137481812,49.304809113540806],[21.033203565976766,49.30490347067614],[21.033083873416786,49.304858806932714],[21.032511164569332,49.304949339999716],[21.03236429480329,49.3049870673358],[21.032121099646194,49.305049577230605],[21.03209605648759,49.30515463459571],[21.03209619185601,49.305198211278196],[21.032096362419026,49.30526672613493],[21.03209684699681,49.30551980321455],[21.03218557081777,49.30572766948981],[21.03220002238323,49.305956352631085],[21.032160942703403,49.30609579440923],[21.03216165427141,49.30614992273159],[21.03216645342567,49.306534846749706],[21.030865235930708,49.306727320956156],[21.03065043299088,49.30680380320871],[21.03051077327446,49.30685346573112],[21.030482782144222,49.30678872920558],[21.0304746895127,49.30677019138233],[21.03025009489691,49.30636084786165],[21.03001557217614,49.30646495685181],[21.029745188809635,49.30663154926939],[21.029638078254248,49.306720348192634],[21.029593263998343,49.30675751426538],[21.029508044990262,49.306808222790636],[21.029408985686203,49.30683993667013],[21.029098243922455,49.30695957449691],[21.02880393475993,49.30704229450943],[21.02872866999839,49.30706343725361],[21.028628240921257,49.30710410857728],[21.028620505774292,49.3070718083087],[21.02840766579214,49.30617616430652],[21.028379479255232,49.306072349703776],[21.028362342006766,49.30600976553525],[21.028286236535948,49.30595498907901],[21.028243086740265,49.305957548857954],[21.02816391692892,49.30596668099945],[21.028271664173975,49.30670875015489],[21.028158886930935,49.306678169927096],[21.028117416432778,49.306689426673984],[21.02803096000235,49.306712906258866],[21.02773971784416,49.30661207099961],[21.027695047753078,49.30659657609487],[21.0273960846981,49.30651583494031],[21.0270948579439,49.30652288448139],[21.026833348828774,49.30652906299556],[21.026998875421604,49.307253385288156],[21.026876118212247,49.307276224936935],[21.026821037267162,49.3072890196448],[21.026757714897677,49.30729974606521],[21.026522178993552,49.307362673773675],[21.02624134062231,49.30745464773845],[21.02591460972357,49.307563495014364],[21.02569131987651,49.30762105741693],[21.025673884961822,49.307622201317535],[21.02555087230892,49.307630267108664],[21.02496646322903,49.307810680267195],[21.024735946079534,49.30788177994308],[21.02449274776956,49.3079440045355],[21.024174688802223,49.3080020844605],[21.024066817064316,49.30804278016155],[21.024050798672977,49.308048831270625],[21.02393576358894,49.3080877635313],[21.023804536118767,49.30812778968615],[21.023662616141213,49.30815090329641],[21.023272224195786,49.30822769501193],[21.023027948030222,49.308282319452815],[21.022967906792395,49.308260741290816],[21.022873566138983,49.308226704396766],[21.02281312666352,49.30820493314761],[21.022726474214732,49.30821462864396],[21.02266833900975,49.30823677484724],[21.022563706441623,49.308276494254144],[21.022452840424123,49.30830403739352],[21.022268450904168,49.30837501219498],[21.021825943278134,49.30851420252438],[21.021596537877937,49.30853077672608],[21.021434559302914,49.308542432054416],[21.021223307231047,49.308550233418224],[21.02117939909841,49.30855186574759],[21.021147513885182,49.30849321175362],[21.020982501226648,49.30860262593991],[21.02097365841203,49.30860845998612],[21.020844989565983,49.30865099689205],[21.02072595970996,49.30870618086224],[21.020644305564726,49.30875510876324],[21.020518725564326,49.30881494079869],[21.02038694912265,49.308869349559046],[21.02028798562081,49.30890871135339],[21.020176418417066,49.30894181121199],[21.020059192523775,49.30897508691364],[21.019995064847958,49.30899091506333],[21.019943959538807,49.30901292866226],[21.019792149260326,49.30906461417793],[21.0196498262257,49.30910742564449],[21.01951016783381,49.30915140398937],[21.019352275067153,49.309190737469386],[21.01919995443922,49.30921836869159],[21.019089348225783,49.309233403607415],[21.018871088268643,49.30926266898776],[21.01873840208561,49.309294629880476],[21.018657940114554,49.30932243917167],[21.01858216264988,49.309375518193576],[21.01849713686483,49.30932584640886],[21.018512069082366,49.30926898596245],[21.018558111260855,49.3091507503072],[21.018719805537554,49.30897110098532],[21.018780391484555,49.30889511083453],[21.01889379915278,49.30875287058172],[21.0182620614085,49.3086990832375],[21.01806763269154,49.308706526453555],[21.017752163237045,49.30871596951101],[21.017681457209854,49.308711506359415],[21.017602381569763,49.308712082144844],[21.017579931493295,49.30882424382243],[21.01757749719846,49.30883631807648],[21.01744516282485,49.308849203412805],[21.017307021948337,49.308873242790405],[21.01728796478565,49.308989656132844],[21.017223035344806,49.30899069239297],[21.01687077192012,49.308960763700455],[21.016811862700674,49.309124943205255],[21.016601816822323,49.30906084469891],[21.01637279573783,49.30899099616574],[21.016378464559303,49.308978037007165],[21.01639991152546,49.308929671378934],[21.016053804598965,49.308831610838794],[21.016007577897366,49.30881849142935],[21.015813208843507,49.30879442368474],[21.015716713762465,49.30885915953474],[21.01570960740699,49.308863879440764],[21.015597115127896,49.30891630054103],[21.015142528670616,49.308846932039415],[21.01482146707115,49.308796047443444],[21.014608458241092,49.30876002689625],[21.014495382377774,49.30878758068456],[21.014410783127925,49.308808230217956],[21.014410683357955,49.30882218104817],[21.01441049735129,49.308878801549795],[21.014394182201627,49.30897360767551],[21.014394086520372,49.308945966473374],[21.01429927051517,49.30888570936734],[21.014019477923082,49.308757664678375],[21.013854203164296,49.30868790834424],[21.013728875089495,49.30864862253515],[21.013182231655183,49.308477486254404],[21.013159007888714,49.308482310708555],[21.012998817345665,49.30851561906839],[21.012798281234424,49.30844246078512],[21.01246474129605,49.30825558279365],[21.012221057369104,49.308091079918206],[21.01190381705972,49.30786385967249],[21.011631007165004,49.30766248486476],[21.011478427392714,49.30754011333981],[21.01138228531297,49.307439568489585],[21.01114908055642,49.3071071451834],[21.01113465296519,49.307106764550504],[21.011127245795656,49.30707933487722],[21.011072194125124,49.306876959658396],[21.010966830163785,49.306471463396086],[21.010962154789564,49.306308992830445],[21.010981456047706,49.30600551249521],[21.010984738817225,49.30596609789112],[21.01099632723691,49.3058232435401],[21.011023030878885,49.305731297236626],[21.011053366214984,49.30567656039295],[21.011085178818114,49.305627723469556],[21.011215933049364,49.30548749629535],[21.01123977699009,49.30546189633448],[21.011324237963798,49.30534014476269],[21.011368412199957,49.305262812472634],[21.011411590429653,49.305144395519164],[21.01157091620409,49.30501221213782],[21.011669857053665,49.30481071892714],[21.0116360480455,49.30474677748638],[21.011628705151008,49.30473294393748],[21.011653958023597,49.30471774292874],[21.011681662018244,49.304701091415474],[21.011781574513144,49.3045247472534],[21.01181002085138,49.30447490008863],[21.011790567555746,49.304435734140476],[21.011737201712744,49.30432857218165],[21.011735209692784,49.30428610463967],[21.01184287817149,49.30432571732922],[21.01186015567975,49.30433204259439],[21.011942871555576,49.30414829536432],[21.01194567980307,49.30410967549405],[21.01195198097248,49.304021654883314],[21.011986285993835,49.30390762970322],[21.011998285826095,49.30381709415976],[21.011982036418356,49.303687195807356],[21.0120705382759,49.303683870630486],[21.01229716911627,49.30325760385411],[21.012199032457556,49.30321398110544],[21.012401271064387,49.30304070380413],[21.012450812205838,49.30282616546886],[21.01269522832032,49.30279119386407],[21.01287554290949,49.30263637652155],[21.01253041605077,49.302587490111335],[21.01244973320372,49.30257135473359],[21.012411676533457,49.30255408878886],[21.01235010427155,49.302509407966376],[21.012335229712843,49.30249865978634],[21.01231783188352,49.302506554862624],[21.011799423564156,49.30274226068361],[21.01176955873918,49.30272589192978],[21.0114455631813,49.30317238858178],[21.01121696162003,49.303066801682085],[21.01114927403933,49.30303551475524],[21.01086252579819,49.30337987444179],[21.010545449857332,49.30376078509463],[21.01048997857438,49.30382739542129],[21.010329591396022,49.3037443787293],[21.01027356339695,49.303809260287686],[21.0104262127052,49.303896255817826],[21.010362144585383,49.30396546642788],[21.010260129781003,49.30383736041315],[21.010224426116835,49.303899304101996],[21.010046023245373,49.3042092962511],[21.009912037745934,49.30456323034972],[21.009796839495348,49.304930741288196],[21.009639951904717,49.305451197405695],[21.00962262167137,49.30551230014192],[21.00959159180229,49.305621210109486],[21.00970256870384,49.30574195675141],[21.009253391946423,49.305535449734364],[21.009231842765153,49.30552556364716],[21.00921951681321,49.305524711197975],[21.009220030495953,49.30551437488441],[21.00864833087294,49.30515811275151],[21.00733936306164,49.30477507251541],[21.006706725555993,49.30462207150411],[21.006343742997238,49.30445356826144],[21.005894854445874,49.30416612247944],[21.00562293135216,49.30404920618857],[21.00524945221584,49.30391006524229],[21.00417929410531,49.30364552377739],[21.004087420566236,49.30365872581633],[21.004039575720878,49.30369929471461],[21.00388049783534,49.30363710787636],[21.003767406861755,49.30365771858185],[21.0036444292676,49.30375362884481],[21.003128615351798,49.303639536991014],[21.002594470617222,49.30344111803947],[21.002388682286842,49.303431688183515],[21.002287538206872,49.30351210613621],[21.001868752618037,49.30342548874909],[21.001674704736807,49.30347856044859],[21.001474465372812,49.30343798095383],[21.001360663691152,49.30379544841686],[21.000751537275306,49.30371340446734],[21.000132936215046,49.30364725221212],[20.99944224050668,49.30355172912743],[20.998832703453175,49.30352907968751],[20.998076506325003,49.30342600285327],[20.99785509157626,49.303408491122404],[20.9977363093476,49.30339911062048],[20.99743607526408,49.30337532641693],[20.9968034725787,49.30333030445016],[20.99586353266053,49.30325360573321],[20.995732220135114,49.303242462316284],[20.995551662067527,49.30322718477835],[20.995091270847965,49.30319859801812],[20.994549910484928,49.30325648383634],[20.994012865684297,49.30336582446874],[20.993632963227313,49.30363426067988],[20.99356487207975,49.30364967445485],[20.99287218852326,49.30380648514686],[20.9922620087531,49.30389991641205],[20.99173896447908,49.30398809931062],[20.991153925655695,49.30402293087292],[20.990667776897787,49.304006986351396],[20.99019871445982,49.30403751458356],[20.989593102963067,49.30396362987766],[20.989112138393363,49.30382631102935],[20.988699387147943,49.30369356939922],[20.98853061175639,49.30396963858415],[20.987905078343623,49.30363698047802],[20.987475575870324,49.30335306733168],[20.987147051948973,49.303016380035395],[20.98689258048434,49.30261181092192],[20.98666452281597,49.30230794973564],[20.986674506757982,49.30230701716361],[20.986474633001563,49.30187101903433],[20.986383728570868,49.30156319800281],[20.986354147953804,49.30131554894377],[20.986395043802553,49.30110388480159],[20.986495138821596,49.300935217546915],[20.98671626344923,49.30076269192025],[20.987333366251228,49.30046218245206],[20.98761237376797,49.30001795952417],[20.987490965724486,49.29953538310944],[20.9873514712587,49.29942114886554],[20.987121841476416,49.29924192545677],[20.986770195312527,49.29918347437694],[20.9867017048401,49.29917186241581],[20.986589764430448,49.299147029887244],[20.98653357473991,49.29918677784817],[20.986428430290065,49.29920790277743],[20.986164899138053,49.299323217451146],[20.986045290431903,49.29945919346474],[20.985872300607266,49.299628797321574],[20.985587768614554,49.2998472238639],[20.985533358180305,49.299919350046515],[20.98549648918924,49.29995487063432],[20.984941409874015,49.30052317229348],[20.984713079297254,49.300880826658776],[20.984526098495667,49.301149990741926],[20.984355355051633,49.30137980543831],[20.984214694332856,49.301748441933405],[20.983985454785298,49.30164655982777],[20.983893330943562,49.30162714754451],[20.983831011102737,49.30161402622947],[20.983728581102334,49.30150478681292],[20.983860761170178,49.30145439296331],[20.98386385885022,49.30145170386877],[20.983963939470407,49.301363973638594],[20.983844184449172,49.30127775248923],[20.983775561948434,49.3012284126137],[20.983569966336972,49.301161067215126],[20.983371869547497,49.30107497185377],[20.98334189697261,49.30106192299744],[20.98322173773809,49.301170869771255],[20.983073155477662,49.301305710778735],[20.982721357962664,49.3017022473665],[20.982635992404852,49.30171312576427],[20.982591848168134,49.301613993725134],[20.98246505849939,49.30160856560832],[20.982067030984133,49.30165544016045],[20.981989449372605,49.3016223699368],[20.981814154057687,49.301606793725725],[20.981797762710947,49.301594371043734],[20.98172280803173,49.3015360889536],[20.981702749754046,49.30154092122141],[20.98168539187629,49.301541070752926],[20.981611332822347,49.30154097653253],[20.98157189133507,49.30154544156191],[20.981536892494425,49.301549422450485],[20.981451517754365,49.30153356117374],[20.981269769606865,49.301499856254324],[20.981320450602812,49.30133668025043],[20.981006105269152,49.301251349736326],[20.980842651792756,49.301244714150414],[20.98055918479999,49.30171560489859],[20.980406492170545,49.30203981802468],[20.980381969867533,49.30209194838237],[20.98031741885267,49.30220092074936],[20.980269382221437,49.30226164069108],[20.980229003554832,49.30231766091022],[20.98019771097546,49.302384423292594],[20.980154227865267,49.302593570219045],[20.980006955579363,49.30309603789834],[20.98071714062785,49.30321338479309],[20.98088158352866,49.3033898468379],[20.980904091440667,49.303390767042316],[20.98127570945127,49.30370008097833],[20.981339121260657,49.30376527599462],[20.981353157131924,49.30377969191863],[20.98156838376369,49.303985101198556],[20.98151670282457,49.30420244149616],[20.98150148684855,49.30426604154807],[20.981500255482946,49.30427131274716],[20.981498065106933,49.30427115070334],[20.981454532249856,49.30426791884816],[20.981379215353005,49.30435754172649],[20.981299864883802,49.30446917896249],[20.981220573879536,49.30458540956266],[20.981205056863303,49.30461352843688],[20.98120016041732,49.30463065292106],[20.981192790171544,49.304699642536356],[20.981198196390302,49.30475824881927],[20.981200357610057,49.30476237116517],[20.98124867941156,49.30485551901111],[20.9813416441179,49.30499118765392],[20.981422579338837,49.30510962535937],[20.98162037134166,49.30526431513074],[20.981560964568136,49.30527055463293],[20.981576728723738,49.30529114926235],[20.98166939202593,49.30541285323629],[20.981846985480935,49.305645833461455],[20.981849884409648,49.306003881919125],[20.981827598848916,49.30604303191024],[20.981813424543823,49.30609487247448],[20.9818020512909,49.30613177036782],[20.981793635947195,49.306205407077975],[20.981791175551862,49.3062266629368],[20.981779394609262,49.30635123513121],[20.98180961160197,49.306475747506106],[20.981810441012758,49.306479285881096],[20.98183357706688,49.30657412616322],[20.98192290222573,49.30680375413306],[20.981947575328928,49.306968146827025],[20.982039294509065,49.30717381574172],[20.981780404372124,49.30724957196742],[20.978800590842294,49.30812127459425],[20.97816066301638,49.30827631612766],[20.97722847129643,49.30852544874601],[20.97620997590078,49.30876336046348],[20.975851299947944,49.30882942706574],[20.975318875269892,49.3088702353374],[20.97497647364086,49.30883582292158],[20.97473143203494,49.308808397079],[20.973486404048383,49.30868015014943],[20.97280736648793,49.30863662144054],[20.972674255107865,49.30863259553516],[20.97253135798837,49.308662638070984],[20.971965632251166,49.308749598997345],[20.971449876466703,49.30885990130672],[20.97085773887395,49.308951838339325],[20.969953735921866,49.30900260957018],[20.969392769502427,49.309004547732854],[20.968602373680028,49.309058695021335],[20.967926286576205,49.30896797002744],[20.967348627348688,49.30879370062016],[20.966395084951206,49.30845523360208],[20.965242891403367,49.308278735137385],[20.965058253442095,49.3082251937664],[20.964520325681928,49.30801449914183],[20.964503699365913,49.3080158407439],[20.96449713066403,49.30801175257219],[20.96449041768851,49.30800774966541],[20.964496860120533,49.30800634187141],[20.964477273354227,49.307999663120476],[20.964283792067327,49.30793763575765],[20.964109963091207,49.307895703433545],[20.963894674358546,49.307725640050315],[20.963829204347142,49.30772473820495],[20.963612668689606,49.30756192544128],[20.96338664978338,49.30732227386128],[20.96310606566388,49.306921016769635],[20.962766169168056,49.30645171755554],[20.962644941590394,49.30636524535777],[20.962191821165217,49.30600356999743],[20.961769316427116,49.30579631496074],[20.961518581905693,49.305737702305],[20.961008536056493,49.30562280269428],[20.960646587515573,49.30554952849764],[20.96048065958657,49.3055159542055],[20.96023047811212,49.30546446932043],[20.959802747156374,49.30536056824891],[20.959406242044032,49.30520007896372],[20.959081357819045,49.30509624476025],[20.95778510047599,49.30443936637515],[20.956717106558052,49.30397692836759],[20.955646347040705,49.3034899901196],[20.955499652440754,49.303423283686115],[20.95543388283407,49.30336051628157],[20.955215205549088,49.303245511260485],[20.954764433533,49.303169277464704],[20.954723063678756,49.303090121654144],[20.9537394691133,49.30287010927402],[20.953510490376207,49.302818861283214],[20.95212597198933,49.30244276778403],[20.951698352938955,49.30231128986676],[20.950687807433354,49.3020467829731],[20.95062068118766,49.30202826262135],[20.95020663934808,49.30178388047357],[20.949684239781263,49.30170660247478],[20.949061567660003,49.30160330958526],[20.948087018618654,49.30148033065146],[20.94596461670247,49.30129630024386],[20.945516475254987,49.30124685613975],[20.94540930735529,49.301235196574126],[20.945292508367395,49.3012216867241],[20.94486956500141,49.30113850454546],[20.94459036778812,49.30108350079505],[20.944057404579848,49.30093499202894],[20.94359726023412,49.30072812775454],[20.94351079202987,49.30067862044363],[20.943276947035542,49.30054490169051],[20.942956672796544,49.300331065376284],[20.942666500519756,49.30013560387692],[20.942227345316336,49.29983768906951],[20.941968775872656,49.29962535916621],[20.941897033448807,49.29956886711845],[20.941514180895908,49.29929946888131],[20.941567493566815,49.29930610182072],[20.941650324817267,49.29926059701579],[20.94183666314426,49.29911076349629],[20.94253504607671,49.29854885009336],[20.942410773394126,49.29849871625756],[20.942290563188593,49.298461861784006],[20.942211360623656,49.298460671301946],[20.941986644358966,49.29864560301956],[20.941724471114263,49.29851165974076],[20.941805195645404,49.29844717831021],[20.941506863339576,49.298255943709485],[20.940981387270956,49.29869197123062],[20.9408574824988,49.29879481108799],[20.94082966773827,49.29881792515082],[20.940446559033585,49.298548424391704],[20.940055236586037,49.29827306725727],[20.939744981388476,49.298123746343435],[20.939449353020702,49.29798994601417],[20.939334987301205,49.29793815738785],[20.93949784987838,49.29777512267692],[20.93972725254749,49.29754767638033],[20.940066603533538,49.297256990864916],[20.940075600338222,49.297249277106054],[20.94017433043799,49.297176302058794],[20.940253270728995,49.29713300977144],[20.940344937613926,49.2970694331948],[20.94044520051538,49.296994438161455],[20.940517149094607,49.2968976147665],[20.94060494168927,49.2968130219676],[20.940727772099653,49.296720410315515],[20.940843772806694,49.29664836882974],[20.940994827730943,49.29653265649438],[20.94107244336981,49.29647095328632],[20.941137601798953,49.296417209003415],[20.94125732993648,49.2963166610332],[20.94138083491508,49.29622064998393],[20.941489738548693,49.296122983257725],[20.941685191718523,49.29602225000935],[20.941828252430277,49.29608030165462],[20.94203471266136,49.29616395755312],[20.94237036523745,49.29633005191915],[20.942628478639193,49.29619529608722],[20.94285441963306,49.29606001131473],[20.94345934616303,49.29587312053094],[20.943473212143612,49.29585764548925],[20.94353050489071,49.29579346523009],[20.943584278538193,49.29572673723763],[20.943617837683792,49.29569697098332],[20.94368604576813,49.29564467713706],[20.943803613716714,49.295559450374206],[20.944174600210197,49.29528988147799],[20.94431009271212,49.295168786781815],[20.944353531914583,49.29513763779257],[20.94442402247401,49.29507542587775],[20.944458474286375,49.29502705258607],[20.944527960277547,49.2949547237674],[20.944549227419778,49.29493256193844],[20.944737733631403,49.29482186989922],[20.944621721552533,49.29469377521906],[20.944545612067632,49.29459428468661],[20.944444980231953,49.29442411566021],[20.9443939395807,49.294310242058344],[20.94433234475695,49.294169188674175],[20.944290013580943,49.293987450524725],[20.944235507976938,49.29371428647781],[20.94421234891518,49.2935409275352],[20.944189772324464,49.293333466054],[20.94415261479017,49.29299110364336],[20.944135855160976,49.29273530836806],[20.94393125538129,49.29273067493991],[20.943768702798046,49.29272698736765],[20.94371044087316,49.29272568272627],[20.94364613467279,49.292715354250994],[20.943549289003197,49.292698633214926],[20.943379679686807,49.29265995862842],[20.94317908331241,49.29261440252909],[20.94301888090696,49.29270100340734],[20.942811697266755,49.293185242647674],[20.942775113698705,49.29318483771623],[20.942753262459732,49.29320742999528],[20.942714441492637,49.29319506658141],[20.94256712376625,49.29338869207768],[20.942541366202445,49.29342258854213],[20.941444164347867,49.294411232829056],[20.94128238376608,49.294557019803165],[20.941192120304066,49.294528181343395],[20.941045453735946,49.29448117277233],[20.940996818611634,49.29446578173181],[20.940900221308684,49.294568088427795],[20.94088731821578,49.29458179455892],[20.940192970068054,49.29531723250544],[20.940069517559454,49.295447996228354],[20.938258917449843,49.29554004261391],[20.93824130847766,49.295885178245335],[20.937087283105324,49.29568915051392],[20.936903510474647,49.2960112926224],[20.93635774511953,49.29600177898496],[20.933629013335782,49.29462656570247],[20.933120767891033,49.29537662444669],[20.932810346296172,49.29525113653691],[20.932803819563556,49.294915910372595],[20.933261794793463,49.29462244146098],[20.933460907732393,49.2938010477861],[20.93238042784453,49.293852847227484],[20.93324376392494,49.292871709905626],[20.933267201438905,49.29285178300451],[20.934362492669557,49.29192301794712],[20.934896290906085,49.291450653371975],[20.93574062687631,49.2908718501813],[20.936481188506175,49.29112274344007],[20.93592820382923,49.290822722890525],[20.935847211169026,49.29079869002901],[20.93703087785339,49.28998718392232],[20.938403032414882,49.29050423253155],[20.939122287474984,49.29052815057329],[20.939439379364188,49.28995654873087],[20.939710071090346,49.289468303411276],[20.93954689160708,49.28937185607042],[20.936949081110892,49.288431772509114],[20.93319615816983,49.286752893076425],[20.933556520416683,49.28640224438805],[20.93401827051071,49.28608927301079],[20.934410776861313,49.28583656691927],[20.934551143840757,49.285753638978626],[20.93457004213442,49.285742473949966],[20.934924347514276,49.28553315039699],[20.935186913494544,49.28532302285293],[20.935564872903164,49.28516517301164],[20.93583344043681,49.28503177121538],[20.9358311377276,49.28496759170034],[20.93575946821244,49.284944138785214],[20.934046222437104,49.285119836526746],[20.932895301177762,49.28528867160981],[20.931821459576085,49.28540604429954],[20.93071292145932,49.28549524126823],[20.927971707932507,49.28515473381692],[20.927429767402767,49.285000529366485],[20.927423983673652,49.28499880589526],[20.92708548862455,49.284902524054516],[20.926618631650303,49.284802138905626],[20.924286696456925,49.284251014626534],[20.924208279480688,49.28429296312872],[20.924183879970947,49.284318168099006],[20.92417093644838,49.28428649459071],[20.924136372376886,49.28420206029815],[20.924335809660228,49.28393897957476],[20.92471095890886,49.283609287346245],[20.92478693552171,49.28363037013436],[20.924981772822562,49.28347913578914],[20.92493185906991,49.28346621569818],[20.924886933212683,49.283454632497524],[20.927152184772776,49.28146378761763],[20.928040845317913,49.280267543585055],[20.928094702762436,49.28028986736009],[20.928171701969802,49.280193579457695],[20.928316712599294,49.28001213793377],[20.92837190692137,49.27994312289889],[20.92845521098497,49.279792395202435],[20.92903972752157,49.279643165899934],[20.930188470264458,49.27917395071965],[20.93072226386222,49.27925710745529],[20.931137742287934,49.27921261379398],[20.931301488363626,49.279195112568715],[20.932900257426507,49.27972051251081],[20.93356509992608,49.279725461515646],[20.93381540168673,49.2801289502263],[20.933795925515874,49.2802519161324],[20.934646152970714,49.280559239121665],[20.9355967756053,49.28006951024758],[20.93583486398873,49.27991006552003],[20.936346273876172,49.279481337555765],[20.93600921915282,49.27957563694705],[20.933499275369783,49.278175070225195],[20.932863829234776,49.27798716286617],[20.931953419096946,49.27741420372801],[20.93178865709402,49.2773104878415],[20.931578849672096,49.27708012512772],[20.931661320520586,49.27696466051764],[20.93189385811345,49.27682700667798],[20.93192300171178,49.27680970117713],[20.931924883396718,49.276774921230874],[20.931927319852246,49.276731246534595],[20.931990860083214,49.276655665617085],[20.932000024093792,49.27664930855926],[20.932068287704144,49.27660143499624],[20.932057781264014,49.27655255729322],[20.9320389980758,49.27646504986957],[20.932042266069608,49.276449583108906],[20.9320584522319,49.27637422489812],[20.932069756436697,49.27631031822832],[20.93145875594487,49.276017338139816],[20.931304493362656,49.27598032536643],[20.931006918158364,49.27590882494119],[20.93079151704255,49.27586176073756],[20.930496619317704,49.27589019459233],[20.929547115780952,49.275795245787364],[20.929625773670445,49.2757641061529],[20.929738557147935,49.27572059935098],[20.930059973728177,49.27576156653173],[20.930527623113598,49.275150978271554],[20.930570513052174,49.27509496707047],[20.93163581352184,49.27418125843217],[20.932681448136304,49.27344902214867],[20.932799326724354,49.27326036951437],[20.932760909465863,49.27295306816613],[20.932877580846377,49.27272863223101],[20.933613848849166,49.27195051819429],[20.93390422629753,49.27180299348204],[20.93435819042344,49.271719257677475],[20.934598200395538,49.2715134232702],[20.934522462081187,49.271514232137534],[20.933678743246354,49.27149486327944],[20.9339136613451,49.270907031590056],[20.934100088781232,49.27079745907814],[20.9342877811044,49.2708308104155],[20.93444089254038,49.270776308196226],[20.934771222473973,49.270781907383295],[20.93480033226292,49.27051376895269],[20.934067777934548,49.27052124269242],[20.93417283892575,49.270258425076214],[20.93421743700449,49.27014673930851],[20.934285926396154,49.270046293074664],[20.935002364106193,49.26899516190445],[20.93470506698837,49.268892257228785],[20.934690732695067,49.26888727819798],[20.934676665878342,49.26888239810627],[20.934701819331984,49.268803106620865],[20.934618718595935,49.26877657033203],[20.93421745557623,49.2687579837357],[20.93412016431855,49.268737006618345],[20.933635016305654,49.26870905143663],[20.933315812982073,49.26896734553715],[20.932799773434393,49.26953086437369],[20.932602110668704,49.26989269276131],[20.932399268976965,49.27004169056424],[20.931843766793857,49.27052682248836],[20.931568306552798,49.270767303127364],[20.93099146068447,49.27110928791399],[20.930752007707955,49.271314863872824],[20.930405891917424,49.27196785854802],[20.930164197854346,49.27258733029023],[20.92953441495297,49.27352734338402],[20.92948116978269,49.273606777636516],[20.929070052961002,49.27355345351979],[20.92744622503672,49.272755795765526],[20.926575388201865,49.273668395091754],[20.926500932467953,49.27373037418402],[20.926296253870603,49.27390072892689],[20.926228270098985,49.27395734179394],[20.925782158939136,49.27448526278186],[20.925691427914547,49.2745530005219],[20.925618697828813,49.27460693372646],[20.924803767977924,49.27493410095879],[20.92416553517274,49.27519036451751],[20.92385946157946,49.2754732025565],[20.923889630717607,49.27565094520631],[20.92388989536473,49.275652844741195],[20.923911864573103,49.275782235812876],[20.924171933660826,49.27594811763242],[20.923391233515122,49.27668453945363],[20.923326315264465,49.27670352926771],[20.923297162046392,49.2767120991847],[20.923240264330737,49.2766547385293],[20.92320338154407,49.276630098115604],[20.9231031809503,49.276524563928945],[20.923030694065112,49.276448315718596],[20.922660053205963,49.27615818351705],[20.922419713990493,49.27625972595721],[20.92233565731508,49.27629473207627],[20.922325843832876,49.276298815890314],[20.922492776028147,49.2765155201824],[20.922434736094548,49.27655040505739],[20.921714200646196,49.275954802559404],[20.921238938026786,49.27533921043549],[20.921069734037918,49.27511999710281],[20.920749182960147,49.274851249096365],[20.92030504029351,49.27447888225779],[20.919415754420335,49.27401681463809],[20.918944831888513,49.274176095376816],[20.918598169583113,49.274023421392215],[20.918595646156376,49.27402225660923],[20.918042766764046,49.27389545735506],[20.9180300050905,49.27394256833573],[20.917841176300367,49.274395784936345],[20.919045782307048,49.274633059827416],[20.919580940783472,49.27473846378145],[20.919488848891078,49.274938050647705],[20.919308485748367,49.27532879873391],[20.919398798203748,49.275374043696274],[20.9203751861233,49.27586288035902],[20.920452537275466,49.27591201284342],[20.920816479735983,49.27614322695532],[20.922047445854673,49.276925060833754],[20.922377870255584,49.27707988193119],[20.922420635999522,49.27714199288678],[20.922432782006837,49.27723675346434],[20.922430038974596,49.27725250769188],[20.922411241229067,49.27735937949559],[20.922215069934254,49.2776583994425],[20.92211874784058,49.27773945291056],[20.921995468975652,49.27780267952142],[20.921862605718925,49.277757725955624],[20.921755650829358,49.27789037313196],[20.92177966364905,49.27792475777723],[20.921867986607747,49.27793563140091],[20.92154589626836,49.27809359305673],[20.92150816052248,49.278226211781856],[20.921492988838093,49.27827954478936],[20.921406833372256,49.27826910345453],[20.921359557803363,49.278384657210545],[20.921313273767776,49.27849808327971],[20.921241531148745,49.27857977728307],[20.9211488742619,49.27870903027682],[20.92111403779455,49.27871281810262],[20.921014209270165,49.27887928522115],[20.92131525096773,49.27893994262267],[20.921449923479297,49.27896704052544],[20.921235871867335,49.27918821312283],[20.921395832909646,49.279499580662396],[20.921188603888556,49.279702074175525],[20.920906321713325,49.27960377932872],[20.920882976930187,49.27960137866862],[20.920801071331603,49.27959287964273],[20.920565944738232,49.27981775854828],[20.92056868425288,49.27991310530458],[20.92065311476596,49.27994743836467],[20.92085931482471,49.280031397158695],[20.920837650901657,49.28005858357007],[20.920764096148798,49.280184603174526],[20.92054990566059,49.28055198405887],[20.92053958156586,49.28056964570811],[20.920307852065037,49.28096597101126],[20.920092557211287,49.28097201079376],[20.92001490773867,49.280974187431404],[20.91988031300863,49.28105882195938],[20.919727043382316,49.281155256755554],[20.919705483453118,49.28116876139968],[20.919155729741785,49.28155769589771],[20.919075901898438,49.281614179242894],[20.918933827946347,49.2816465234975],[20.918589017160745,49.28172493921002],[20.917872429873594,49.28257034144475],[20.917850811272494,49.282839988672045],[20.9178428719756,49.282939840261506],[20.917799198476498,49.28300032280775],[20.917718483335225,49.283112146157286],[20.91759970578569,49.2831368948676],[20.91757598634326,49.28317625654495],[20.917477149073196,49.28320824438717],[20.916897733745884,49.282912553942396],[20.914705987357017,49.28183283154646],[20.91453384846035,49.28174802108649],[20.914317705450372,49.2815677424694],[20.91326520837041,49.280689435388545],[20.912788990207748,49.28125132735777],[20.912665129845298,49.28139735630753],[20.91254517232916,49.28147590050508],[20.912259724898995,49.281662615483164],[20.9114418543556,49.282372870980616],[20.911554069422042,49.28278196135025],[20.91179226031903,49.282770131320405],[20.91195136011037,49.28292131415955],[20.9124587870498,49.283403240158194],[20.912466012173923,49.28356419215357],[20.912470821401712,49.283668071946295],[20.91208935859919,49.28375550584893],[20.911981304690535,49.28378033800319],[20.911734450314157,49.28368473834938],[20.91136818310909,49.28354282278429],[20.911284742072002,49.283819402635494],[20.911158422984208,49.28423760979322],[20.911000945941645,49.28436810583832],[20.91098711483392,49.284379526997526],[20.910698507888185,49.28461862254766],[20.910368786976804,49.28488533095621],[20.910200547915174,49.28486492908086],[20.908808965111024,49.28554325124822],[20.908568092115605,49.28550303626985],[20.90835456830801,49.28541061751461],[20.908432843543782,49.28523713494822],[20.908442493306374,49.28521585026357],[20.90798999891868,49.28498694247702],[20.90756711089443,49.285058298041974],[20.9071142205938,49.28482748267681],[20.90668292307444,49.284660143141735],[20.90625336697689,49.28448466721111],[20.90593272598051,49.2842120044976],[20.905527556992002,49.28401168387111],[20.905352160801566,49.284073866121005],[20.904836744844047,49.283875426799185],[20.904251967621764,49.28389290047762],[20.902983309922725,49.28345417385146],[20.90284991312259,49.28334057471005],[20.902697833773253,49.2833230450625],[20.901561509029154,49.28299597498812],[20.901066939134893,49.282867184368776],[20.899993237444125,49.282757743812894],[20.899871761031164,49.2827325950819],[20.899365425829057,49.28278356082769],[20.899261395786187,49.28273252745412],[20.89859168662411,49.28248565851315],[20.898346731305132,49.28248192852473],[20.89807457971569,49.28245648601133],[20.897803951837282,49.2818981791199],[20.89807815793293,49.28132433090719],[20.89804029812548,49.281252651373514],[20.898040572644767,49.28125266059995],[20.897499288866545,49.280220766370974],[20.897646563816167,49.279997929087536],[20.897847905836223,49.279726219427545],[20.897671394955786,49.279077168224916],[20.897439587781964,49.27809492950273],[20.897443534002214,49.27773978480696],[20.897716001268673,49.277282473729976],[20.897055984505457,49.276589075331735],[20.89704873975921,49.27658144889318],[20.89705035201769,49.27657844191347],[20.897485783796274,49.2757508947157],[20.89668469110036,49.275263161779996],[20.89667151223567,49.27524174048895],[20.896605044720523,49.275133174168595],[20.896732160217706,49.27481647386327],[20.896795113595285,49.27465967895432],[20.89699106265174,49.274382837490684],[20.897046588163786,49.274388936079724],[20.89771511963818,49.273524297897715],[20.897792739994824,49.273043959768636],[20.89806322983239,49.27263249935125],[20.89812900818481,49.27253252081803],[20.89844972298762,49.27226293236341],[20.89869912790228,49.272053340601936],[20.8987225483235,49.27203368983727],[20.89886375161527,49.27099033866052],[20.898868287911245,49.27095708814682],[20.898541632341658,49.27053302823553],[20.899103930340754,49.27080177440409],[20.899280576403704,49.27088622145553],[20.89972992369365,49.2706797455239],[20.900036455258466,49.26977880180941],[20.899884519594746,49.26915506627838],[20.899996989090116,49.26881239084855],[20.90012233053497,49.268018082071286],[20.90012556256928,49.267997932793534],[20.900221250527476,49.267374594286125],[20.90047735653165,49.267412370704335],[20.900790451737944,49.26745854367993],[20.901752047177528,49.267084607655505],[20.90249444495324,49.26623539185395],[20.902365037202546,49.2653206125391],[20.902333173116148,49.26509535532124],[20.902330176654907,49.26507391639633],[20.90184509631246,49.2640562546547],[20.901386945236293,49.26357952502161],[20.90114987531452,49.26335016442293],[20.901071621752553,49.26327442689145],[20.90086294035477,49.2631619846064],[20.89932711323111,49.2623341793568],[20.8989334040977,49.26200618189804],[20.89743721902004,49.260122305271906],[20.89739889742829,49.26007599877758],[20.896852496591436,49.25942422199965],[20.896852531845038,49.25942377300774],[20.895656079102466,49.25799553430844],[20.895106722870427,49.257150791243156],[20.89443581226903,49.25632149117324],[20.893722320149106,49.255496965166905],[20.893720490182407,49.25537670565414],[20.893713210419644,49.25488990659236],[20.89360520641775,49.25433182931813],[20.89350554208606,49.2540895184976],[20.893113950024883,49.25313725838439],[20.89249294320778,49.25246511542437],[20.893699851518136,49.251539488558635],[20.893414473046903,49.25073053990649],[20.89341414618871,49.25072944846791],[20.893420038504637,49.25072622549716],[20.893710716784206,49.25056791522867],[20.893114987583523,49.24931184037201],[20.89311132797108,49.24930415409925],[20.893183593893504,49.2492578780511],[20.893663068485182,49.24895115338415],[20.89276048732871,49.24737708890129],[20.893133840931835,49.2471517867879],[20.892630613154125,49.24659363097499],[20.892566476326145,49.24652250298763],[20.892603271948005,49.246451533204755],[20.892639930302288,49.24638055878865],[20.89258949069269,49.24635914198405],[20.892633899490267,49.24636279858965],[20.892618790724548,49.24631880218394],[20.892838628113495,49.24634241285186],[20.89296791827283,49.246356220965595],[20.89335987217759,49.246443700424365],[20.893402580990188,49.24645324187862],[20.893415374800234,49.24645844461968],[20.89382898083832,49.24662570334699],[20.894292883362375,49.2465028465699],[20.894317312458575,49.246471976275146],[20.894498584374958,49.24624245423272],[20.894693892307675,49.24612486922592],[20.894805934591197,49.246106131850155],[20.895358611024342,49.24601381044245],[20.8952788930403,49.2458415892401],[20.895263382648732,49.2458079338813],[20.895434404471146,49.24584196147166],[20.89586459945862,49.24592756835532],[20.89603595923502,49.245964307491185],[20.896316335683277,49.24602434263927],[20.896611452104125,49.24608757412691],[20.89696209916986,49.246046070466114],[20.897116182795607,49.246027844980674],[20.897115390979167,49.246074727107334],[20.89711481174184,49.24611189249512],[20.89711326010279,49.24620349695656],[20.897210352868985,49.24621576696381],[20.897309627303212,49.24622126754587],[20.89732794155734,49.24625951869837],[20.897431168900397,49.24626722297976],[20.897545686522058,49.24627125534134],[20.897654488829776,49.246276265807055],[20.89776957903398,49.24628526918662],[20.89788809408791,49.24629969977074],[20.89788984546686,49.24632469864062],[20.8978899403482,49.246325242047796],[20.897892572540435,49.24638808564625],[20.897893897320856,49.24642027304251],[20.89789576545676,49.246464813640046],[20.897897976871008,49.24651899962985],[20.8979010472423,49.246592032023024],[20.897993384911285,49.24695582177028],[20.898002442688842,49.247045442063076],[20.898056139764766,49.24705868267685],[20.898104716170128,49.24707058057243],[20.898223174863595,49.24709977473726],[20.898317130755977,49.24712400306068],[20.898378867719266,49.247139944882704],[20.898404752667183,49.24714657771423],[20.89841553571541,49.247149371325314],[20.898429149932063,49.24715289040049],[20.898431439480646,49.24715350761463],[20.89846217082742,49.24716147388647],[20.898549894342906,49.247188013422246],[20.89855271846791,49.24718882868325],[20.898599061472485,49.247202902153134],[20.898696711343366,49.24722212233739],[20.898709340999755,49.247224167695386],[20.898861185380593,49.24724854151198],[20.898889230324624,49.24725218564611],[20.899032314468936,49.24727077247039],[20.89903462516582,49.24727112027584],[20.89908745711759,49.247549576901356],[20.89911600970473,49.24798324916131],[20.899266639755155,49.24842633804334],[20.89933840433316,49.24857920072516],[20.899383891679673,49.248676077971766],[20.900082313068044,49.24847401818303],[20.900185077662783,49.24844559996514],[20.900586311150835,49.2482958518222],[20.901205011614532,49.248064995743725],[20.901689176980177,49.24801689015589],[20.901755928236632,49.248030297532786],[20.901904069107037,49.24805985491086],[20.902165389208708,49.248440392072396],[20.902632986451557,49.24912128406595],[20.902650359534043,49.2491628338581],[20.90302165196245,49.24894760619763],[20.90310219478606,49.248900882086325],[20.903324281871377,49.24872926095176],[20.903539315576598,49.248444047820364],[20.90358360653706,49.248363242891266],[20.90374401936198,49.24807124300044],[20.90391586116842,49.24777377443152],[20.90391226521826,49.24740369766261],[20.903928562444364,49.24744845242627],[20.904043667273868,49.24776447111868],[20.904051960030838,49.24827822210997],[20.90405321738889,49.248360466743044],[20.903876776696173,49.24882542712865],[20.90452552464555,49.24959945804614],[20.905697803656953,49.249380771887914],[20.906418278357677,49.24911639038512],[20.90646670319211,49.24909865795052],[20.90651909539057,49.24907943800533],[20.906816034166336,49.24897046620543],[20.90834700429459,49.24840869160337],[20.908441730378733,49.24837396428656],[20.908593102129146,49.248311335295355],[20.909308858651944,49.24801544643215],[20.91013682946075,49.24762814887472],[20.910192784383582,49.24760202409129],[20.910622818796764,49.24723478320608],[20.91069026209339,49.24726045341588],[20.91077467833428,49.2474366010541],[20.910744439350005,49.24751022640855],[20.910713504093376,49.2475857191508],[20.910737423958217,49.24771067946431],[20.91079520968768,49.24770334307821],[20.910810350741674,49.24770141971997],[20.910967884858632,49.248108527334416],[20.911600307610545,49.24882875777112],[20.912012153713114,49.248838328995134],[20.91301223373586,49.24873867859233],[20.91428961697707,49.24746642029145],[20.91436021656031,49.247430610163775],[20.914596547559796,49.247533692379996],[20.914647129569705,49.24728589983182],[20.914258565134613,49.246948669955074],[20.91368104884398,49.246572696214876],[20.913523351496547,49.24647008542167],[20.913479152457914,49.24591831085871],[20.913888994424866,49.2457033519788],[20.914043390934268,49.24570564288425],[20.91466496888817,49.24571475809063],[20.914843815694972,49.24571741665644],[20.91557086603207,49.24583224891278],[20.915749099693997,49.24586036540972],[20.91575711521795,49.24586162417599],[20.915770831054612,49.24584272592735],[20.918077691722157,49.24506875482574],[20.918086941304665,49.24508238948965],[20.918492920813687,49.245677598394174],[20.919047616334343,49.2455340044998],[20.918642235780553,49.244897581821],[20.9186336508612,49.24488423954707],[20.920886175565407,49.24410047469688],[20.920913597217872,49.24409094766366],[20.920266299078182,49.24302291753213],[20.92025862510142,49.24301023608146],[20.920982687183812,49.242868607204514],[20.92101477620045,49.24281863062424],[20.92119733454865,49.242658981468985],[20.92073748343657,49.242431662251406],[20.92071881708632,49.24242239467118],[20.92072272235105,49.242416402916405],[20.920750719887895,49.242373042170186],[20.920780580407623,49.24232695264586],[20.92093365724895,49.24209041874838],[20.92084262750384,49.2418242032137],[20.921261511551176,49.24169343508832],[20.92128138951569,49.24168716710902],[20.922197078479748,49.24140851382628],[20.92267731158702,49.24127916154243],[20.922709338516604,49.241270508358696],[20.92305556639616,49.241260202620936],[20.923387315473594,49.241229244234184],[20.923675338018686,49.241237069097906],[20.92367577305999,49.24119620796094],[20.92364937920519,49.2411167257763],[20.92364640671684,49.241114285542274],[20.923437310186742,49.24094424508401],[20.92321425689073,49.24076275350344],[20.922931622289372,49.23948832047707],[20.923178306569632,49.23940365011099],[20.92310996503824,49.23889041928429],[20.923109422199207,49.23888679975414],[20.923109278052547,49.23888688497072],[20.92172193447651,49.23901301165345],[20.92024402531454,49.239007973250075],[20.918690889508397,49.2390629731663],[20.918670961135618,49.239009996022105],[20.918617517699843,49.23886847343902],[20.918551909295005,49.23869431121696],[20.91782384431687,49.23877339519255],[20.91720062267254,49.23884103862175],[20.91714642706631,49.238844806557935],[20.917140899191445,49.2388451617173],[20.91708988596112,49.238848676020496],[20.91701216215539,49.23912383213888],[20.917022982979244,49.23920009390722],[20.916989199708688,49.23924533098407],[20.916989171661047,49.239245690185214],[20.916978582172693,49.23933023870236],[20.916892634626958,49.23936202488653],[20.916886158229364,49.23935163411391],[20.916724333880875,49.23942886863705],[20.91666710014289,49.23943631613085],[20.916555638676993,49.2394021525476],[20.916427865028744,49.23948178720365],[20.916334503861574,49.23943418396635],[20.916516514345762,49.23901747339392],[20.916812677676837,49.23847889540915],[20.916978733105747,49.237940642921544],[20.91713244139368,49.23744249264352],[20.917243996892505,49.23709500030914],[20.91725353639829,49.237078483096155],[20.917403756924575,49.2368204293251],[20.91771972643142,49.23646465332947],[20.917544578634384,49.236399187301934],[20.91724362299688,49.23627206700878],[20.91515414253995,49.2344266932308],[20.914381937798602,49.23453821873526],[20.91424518445529,49.23428063766472],[20.91417240413083,49.23428828316841],[20.913868533103265,49.234320148202094],[20.913231120681214,49.23438702323853],[20.91267340237991,49.23467265113052],[20.912305284539535,49.23491250161461],[20.912161856127202,49.23500601251299],[20.91177918656871,49.23511185104728],[20.911284626309417,49.23511705864827],[20.910514662620482,49.23528931835564],[20.91026570615711,49.23534498454936],[20.91026436979281,49.23537789275452],[20.91025737224483,49.23554998617431],[20.910065421930987,49.2356590641659],[20.909393023139472,49.236041040724096],[20.90897795021096,49.23613732021763],[20.908484281767876,49.23622762995197],[20.90794991228705,49.236296854060896],[20.90785643114236,49.23630893314425],[20.907746196848638,49.23629614030647],[20.9072353517031,49.23623694935737],[20.906723552446014,49.236214548736754],[20.906169414908337,49.23644138416884],[20.905996541928047,49.23651211082127],[20.90582050304734,49.2365284393402],[20.90547825314542,49.23656025512524],[20.90531389884742,49.23660470627433],[20.905192391112077,49.23663754079991],[20.904877036443114,49.2367139254011],[20.904590159771402,49.236503961089056],[20.904660619776912,49.23555698884512],[20.904796969892846,49.23521348924657],[20.904811875601855,49.23517590464654],[20.904924235587746,49.234892913690736],[20.905395328472967,49.23438499480815],[20.90559455485543,49.23374585695988],[20.90600663508815,49.23313799529853],[20.906507006578423,49.232477004124064],[20.906547194590352,49.23219194901363],[20.90647793615718,49.23208086046312],[20.906431167456887,49.2320056409194],[20.906301223583867,49.23192510785879],[20.90565256528847,49.231523015976336],[20.90546925444574,49.23140944732094],[20.905093799566853,49.231198579019235],[20.90442130723794,49.23085528295447],[20.903693603118363,49.230621952621554],[20.903148544145964,49.230466783857665],[20.903157004150348,49.23045005128681],[20.903339328995592,49.2300864889542],[20.903409211947988,49.22986482695151],[20.90346489090449,49.229824470777416],[20.90340562185864,49.22977728115764],[20.903110918158863,49.22950636359665],[20.90293674750652,49.2291622445689],[20.902794140983882,49.22866621424076],[20.902720550391543,49.22841055901641],[20.90258036261887,49.227462626958484],[20.902424798850817,49.22671099694142],[20.9023680821827,49.22643655044898],[20.902353811083046,49.226332708978475],[20.9022961545286,49.22591237177969],[20.902342391653438,49.225792466776895],[20.902467187331325,49.22542787215983],[20.902370118088932,49.22537896100835],[20.902295664013742,49.22534143423449],[20.902292154396953,49.22493885330494],[20.90233283661895,49.2249319374058],[20.903256645548215,49.2247753497823],[20.9042590207404,49.22460545819952],[20.90558393132111,49.22419086819984],[20.906043091420123,49.22390601750947],[20.90613917155348,49.22384639870484],[20.906211058833478,49.2238254033045],[20.907269695646182,49.2235158392179],[20.90731519268581,49.223352510328645],[20.907324015073314,49.22332057354558],[20.90738081909256,49.22311638763642],[20.907491728027257,49.22306572902822],[20.908021472401277,49.22282366692368],[20.90811371030647,49.222781474711724],[20.908324546762977,49.2226851896956],[20.908404659975872,49.2226486227491],[20.908394559472296,49.22230155446181],[20.90899637520209,49.222223972259975],[20.909235493766282,49.222193100667255],[20.909751880767512,49.221961657471454],[20.909986789724886,49.221856273348656],[20.91045687886869,49.221645512874915],[20.9107484698096,49.221514837839635],[20.910793059150407,49.221494814880145],[20.911007660093386,49.22142584249814],[20.91104121582667,49.22141508322755],[20.9112487646948,49.22134839490128],[20.911306478275545,49.22134510845043],[20.91139221201284,49.221340330734385],[20.911618218695303,49.22132765216322],[20.911744957870713,49.22132055785719],[20.912430021883907,49.22133308509243],[20.912642226188428,49.22133695856586],[20.912739540120317,49.221338780594444],[20.913168710378464,49.22095836073528],[20.913268989987365,49.22086943552226],[20.91336513590132,49.22078415317468],[20.914448563689223,49.21958202249162],[20.914994227109748,49.21901021279532],[20.915843622829936,49.218119945894294],[20.915988234215845,49.21807923240644],[20.91618062608248,49.218025083368346],[20.91654795621587,49.21766671048039],[20.91673139616101,49.21748774120192],[20.91673878273909,49.2174177606667],[20.91681128676094,49.21734113768382],[20.917343044729297,49.21744700220235],[20.917525170492958,49.21758599415085],[20.91782721877925,49.21760961404032],[20.917995832897585,49.217713939158955],[20.918274139556967,49.21767544857245],[20.9184458262186,49.217389841148446],[20.918754688319943,49.21739658001043],[20.91895777852749,49.2174994468322],[20.919270303569736,49.217529716196964],[20.919427907154464,49.21775584898158],[20.919524082624175,49.21789376137749],[20.919896777751873,49.21800905569612],[20.920459878790375,49.21785944312531],[20.920480641036942,49.217855816169745],[20.920975190667896,49.21776918309487],[20.92135177275978,49.217776470077304],[20.92152977175295,49.21777990386304],[20.921611155879628,49.21778145593617],[20.9217406639197,49.21789914293308],[20.92181678394608,49.217968225454925],[20.922240332291626,49.21813122126837],[20.92254666474002,49.218136964963016],[20.922426926497103,49.217846287463246],[20.922520097983092,49.217657808144274],[20.922777860518327,49.217523092255284],[20.9230323830489,49.217523410676996],[20.92314164572124,49.21759756216379],[20.92365306276917,49.217278470423466],[20.923897869387588,49.21705418399033],[20.924305770612616,49.21683579965887],[20.924671842221414,49.21672207742623],[20.92517119107683,49.21648180726749],[20.925827589537942,49.21643090560771],[20.926086033349748,49.2162890028262],[20.92629562118002,49.216363262402666],[20.927035880939588,49.21648505256663],[20.927285400805527,49.21683912313964],[20.92799121092678,49.21655423781234],[20.92953000821273,49.216347490858865],[20.929575373781816,49.21648162705363],[20.930145203740878,49.217163667320506],[20.930220336971164,49.217136013500266],[20.929656989801604,49.21642186745598],[20.930503188425,49.21622250575408],[20.930522962859442,49.21625629865382],[20.931067998450054,49.216106753940416],[20.9315158505369,49.21598385553508],[20.93176217475178,49.21591626539778],[20.93195249685242,49.215877778273835],[20.93204707643097,49.21594467862367],[20.932208343624932,49.21605539992335],[20.93220749811409,49.21609102553932],[20.93227804175071,49.216141817829566],[20.932351668660537,49.216193613282805],[20.932417608195607,49.216238219539264],[20.932599498954975,49.21636124274065],[20.93266549983748,49.21640152921162],[20.93272267598051,49.21644395220587],[20.932784485796287,49.216481577818946],[20.932843419434693,49.216517306757666],[20.932961964833165,49.216594189245754],[20.933073512802807,49.21666561617941],[20.934145254869538,49.215970816941535],[20.934195330595816,49.2159383635827],[20.934707776549075,49.21560485501929],[20.934734848337648,49.21558721047242],[20.934807865756344,49.215544267434495],[20.93488024139488,49.215539657766726],[20.936384563751254,49.21539901903862],[20.935965400857913,49.215460677806625],[20.9358444685848,49.215495902083],[20.935809527986468,49.21550869281718],[20.935441884435576,49.215751056035884],[20.935000809593312,49.21605048306469],[20.934797631234115,49.2161837131865],[20.93494001275486,49.21626516976434],[20.935333544833664,49.21600278292858],[20.93556093574776,49.21583560565005],[20.935741682363258,49.21570270700872],[20.935907083036934,49.21558865407301],[20.935946998881047,49.21556135348394],[20.935942287083318,49.215558315324294],[20.935905229313178,49.215534661501444],[20.936244320852502,49.21545637891407],[20.936494612429694,49.21542429494666],[20.93696338196615,49.21560522002366],[20.936981599944552,49.21561131919998],[20.93694563058732,49.215692232200624],[20.936831482918688,49.2158011518308],[20.936917177716822,49.21592060227269],[20.93693301339726,49.21595561321575],[20.936897521719672,49.21598081068904],[20.936705069372305,49.21610872918283],[20.93655557184344,49.21619144093993],[20.93591342517342,49.21579189369851],[20.935392520344614,49.216135299255384],[20.93542316990054,49.21616360148374],[20.935454202842415,49.216192276621435],[20.935503069873064,49.2162373023121],[20.93555475754586,49.216284942973054],[20.935607971755644,49.21633416508123],[20.93563734138322,49.21636125412741],[20.93566837457014,49.21638992920563],[20.935701208407625,49.21642019488398],[20.93580252376309,49.216513696648555],[20.935844716339794,49.21655264744498],[20.935856649777485,49.21655295516612],[20.935935515953446,49.21655504363178],[20.93588698838996,49.21658349775258],[20.935905273130963,49.216606435793366],[20.935938845544946,49.216648430515114],[20.93581456017378,49.21672324837019],[20.93582505325659,49.21676510409736],[20.935829648177144,49.21678380439162],[20.935840555002855,49.21677786550285],[20.93587699582792,49.21684309475074],[20.93590040303722,49.21688502076456],[20.93591511183738,49.21691153102959],[20.93585976151797,49.216905724643595],[20.93583713067159,49.21690334971174],[20.935740466307124,49.21689328511053],[20.935728472431133,49.21689198498454],[20.935615797862287,49.216946481689746],[20.935393782237032,49.21709394068988],[20.93522872500034,49.21722826229492],[20.934327986338147,49.21796154611151],[20.93327737207355,49.21931592672877],[20.932583735182,49.21986847319838],[20.93231989991443,49.21986228318084],[20.932191207516155,49.219859250525154],[20.93205881358202,49.21985609423877],[20.931953585315185,49.219853574010216],[20.931844100148044,49.2198510016973],[20.931736397219424,49.21984848874436],[20.931640361292786,49.21984618489237],[20.931468586418188,49.21984216415651],[20.931410553592247,49.21984076799936],[20.931385992747742,49.219840218579904],[20.931297764449482,49.21988598345852],[20.931182184609664,49.219945871405514],[20.93108249947251,49.219997556269284],[20.93097207803276,49.220054735042496],[20.930913635908606,49.220085107289194],[20.93022137215535,49.22105418793179],[20.930225458024278,49.22106350785811],[20.930666544439806,49.22207788531833],[20.930042912059548,49.222558385793654],[20.929667678606442,49.22292022590975],[20.92969012191513,49.222972745080845],[20.929612451556157,49.22299932373671],[20.928702665650075,49.223051603371964],[20.92796744795823,49.22313923714297],[20.927684553059024,49.22347831496765],[20.928100382952376,49.224294052116086],[20.929670820490283,49.22446811890974],[20.92979247977597,49.22446452671382],[20.929904317493605,49.224562435881886],[20.930024473735614,49.224682410964824],[20.929598961076653,49.22522912500933],[20.929851423482265,49.225493160180484],[20.929778604512755,49.225692317456556],[20.92981450803163,49.22584747514896],[20.929764202004147,49.22600992937092],[20.929506207717548,49.22676211133398],[20.929589117831245,49.22697213855343],[20.92954641575522,49.22721704813016],[20.929651622304185,49.227525687105974],[20.92982935674876,49.2276919708445],[20.929859714345596,49.22784775355921],[20.929605494123646,49.228077860575276],[20.929534789760048,49.22844941451857],[20.92879057133138,49.22905265417842],[20.928816313810287,49.229059275753244],[20.928874796853414,49.229083286550626],[20.928894961710487,49.22910151645212],[20.92964589532604,49.22854270728207],[20.93004696724912,49.22818325948168],[20.930953118095992,49.22693293501767],[20.93139612525841,49.22636807289632],[20.932034731490266,49.22560175429504],[20.932847241895384,49.22456095509578],[20.933400343105475,49.22385246155115],[20.93370991333922,49.223442052984964],[20.93376257631588,49.22338348585775],[20.933869078953098,49.2232529756281],[20.934112093431466,49.22283926650632],[20.934142822931808,49.22278699062448],[20.934150594785077,49.2227736545326],[20.93454363042707,49.222854464185836],[20.93465538412614,49.22287745715905],[20.93476707950498,49.222872897519174],[20.934877709892735,49.222844893302145],[20.935124026186728,49.22256193248644],[20.935184401051128,49.222582762166255],[20.93556785843894,49.22208441748045],[20.935549896392548,49.222034299842086],[20.935259287743804,49.22186480226654],[20.93469021959403,49.22168971248461],[20.934326975622234,49.22167138987275],[20.934321353055942,49.22163230747536],[20.934291990909376,49.2214282104967],[20.934292149649643,49.22119268529934],[20.934389250675384,49.2208699974996],[20.934576784065598,49.22047667630423],[20.934976257853215,49.22065484712679],[20.935368624144438,49.22033182732564],[20.935817443137246,49.2202339735253],[20.93583780682107,49.220251398645665],[20.936121658646123,49.220198104654095],[20.93638306806397,49.2202001536166],[20.93648683686326,49.22017191942568],[20.936783673462685,49.22029300316433],[20.936988328703475,49.22034799064568],[20.93720256592036,49.22045659738303],[20.937258574392494,49.22041326610738],[20.937353873545113,49.22048702808648],[20.93732054546511,49.22068435361951],[20.937364500026636,49.220695361635634],[20.937444099593908,49.22072349323055],[20.93763296722439,49.220518024196956],[20.937760531630047,49.220393974665775],[20.938002652854095,49.220168220651615],[20.93804516907987,49.22013578393306],[20.93823292344028,49.21999240069233],[20.93837087391702,49.22004084225519],[20.9386473146397,49.220113073423235],[20.938890383818716,49.2201920255427],[20.938980494559335,49.220121918540436],[20.939092249991656,49.220059825046796],[20.939161260830964,49.2201021884276],[20.939330915490785,49.22022209140241],[20.93932824097123,49.220222902687375],[20.939404911744806,49.220301174559204],[20.939470463660218,49.22036332013816],[20.93951464680811,49.22040503664743],[20.939594647378897,49.22045811960568],[20.93966283231921,49.220514680567405],[20.939729527834878,49.220567410452496],[20.939736531307215,49.220563952228034],[20.93979539151785,49.22061669129574],[20.93990746327934,49.22071702937823],[20.940009088863953,49.220838627775215],[20.94009952917298,49.22097506947202],[20.94016189736204,49.22104638212063],[20.940259646901225,49.22119315081854],[20.9403388752913,49.22129518608665],[20.94043651670179,49.22138666998619],[20.940611130161134,49.22154905192252],[20.94068609858128,49.22161033968004],[20.940743002815218,49.221578470971245],[20.940804404021414,49.22165695374895],[20.94091362128644,49.2217905983355],[20.9409918161655,49.22190421306363],[20.940975168626284,49.22198946152347],[20.940988252527706,49.22205823291739],[20.94101182416663,49.222138877740484],[20.941047541081495,49.22219939899732],[20.94108905644925,49.22222770093632],[20.94117374589319,49.2222735558732],[20.941468817205045,49.222360985309784],[20.94152625958095,49.22238243431413],[20.941594212670328,49.222408374630454],[20.9416611566639,49.222424287540605],[20.9417060496151,49.222426771818384],[20.94178374378701,49.222413961378116],[20.94182257528318,49.22240066801308],[20.941851239930415,49.22238199441978],[20.94200747563419,49.222380890765535],[20.9422905305249,49.22237869446807],[20.94245044741039,49.22246837698217],[20.94318692485664,49.22253591378938],[20.943760340197183,49.222534818869526],[20.94380835649205,49.222580352407405],[20.943882620288793,49.22265079792718],[20.943947067367944,49.22270957263644],[20.944001372591355,49.22275909665822],[20.94402614197562,49.22278179865326],[20.944066051788656,49.22281310721104],[20.944183425033007,49.22290551389138],[20.94428823745499,49.22298795914119],[20.9442393694579,49.2230190163714],[20.944205965108655,49.22304032396039],[20.944314422960968,49.2230952499918],[20.94436974606838,49.22306071599554],[20.944397059578797,49.223077200126454],[20.94455161028954,49.22317057254625],[20.94451645145325,49.22319146174614],[20.944598963669026,49.223256598903895],[20.944606086820436,49.22326223779107],[20.944734962258263,49.22335169503854],[20.944781781815593,49.2233843134697],[20.94480089925407,49.22339836416319],[20.944853812765746,49.2234374875528],[20.944865251654846,49.22344597093174],[20.944952997749027,49.22338505436686],[20.945029176818345,49.22342017941637],[20.945092083892497,49.223449191026454],[20.945248951018,49.22352157152333],[20.94540117298658,49.22359181662308],[20.94556136427665,49.22366565768172],[20.94557754355542,49.22367150752032],[20.945704298421973,49.223717406772565],[20.946167982991582,49.22388551671676],[20.94628243818807,49.22392695497132],[20.946573286481012,49.22402476440137],[20.946984138605657,49.224133223385394],[20.947048368253284,49.22415228407333],[20.947136913602918,49.22417863513795],[20.94737613612904,49.22425086805056],[20.947320172707467,49.22431320255578],[20.947368528952556,49.224334886801024],[20.94744017083861,49.224346990850265],[20.94766170468331,49.22440269944623],[20.947732057114138,49.22442790538066],[20.94779467988471,49.224462398032124],[20.947847223288424,49.22450456877687],[20.947879331636234,49.22455146261325],[20.947965926057595,49.22463852088464],[20.94808840791054,49.224771608015615],[20.948109700721727,49.22479131245961],[20.94825514823039,49.22492606263639],[20.948366163144808,49.224988902434234],[20.948433627460798,49.225010590686736],[20.948491110434112,49.22501916258356],[20.948555194493352,49.225022371633415],[20.948582827063806,49.225018787800984],[20.94861809802897,49.225014197206946],[20.948646672975034,49.224982464156106],[20.94869867695142,49.224960602687055],[20.94871315778757,49.22495289061336],[20.94874813532373,49.22493433503414],[20.94881599195458,49.22489769435009],[20.948942248976223,49.22497850633756],[20.949523620739388,49.22523721302226],[20.949747826207272,49.225159036317855],[20.94948408035467,49.22512470859079],[20.949361539553507,49.2250935390833],[20.949128503828344,49.22498037064542],[20.948849187291263,49.22484711763662],[20.94878954945485,49.22479003628262],[20.948745258488103,49.22465369489487],[20.948699482443757,49.22457204456148],[20.9487125229395,49.224533223065826],[20.948726923643065,49.224498138124886],[20.948751171378834,49.224467251694804],[20.94872836368844,49.22441562516547],[20.948656104699484,49.2242517047956],[20.94852943371346,49.224238403844616],[20.948368281167998,49.224141396517396],[20.948320871439336,49.22411281154646],[20.9481949569024,49.224091522352744],[20.947954519985537,49.224050942623414],[20.947542830119705,49.22389294074356],[20.947526995454158,49.223854240347265],[20.94748633590712,49.223754482581356],[20.947433199066488,49.22362414892641],[20.94728986223215,49.22355096060004],[20.94711795447126,49.223530752877195],[20.94702033057758,49.22336607837335],[20.946832266112185,49.223180031360755],[20.946763828259268,49.22311239249355],[20.94674901627586,49.22309776494836],[20.946396636751906,49.22311648517921],[20.946282141201333,49.22308801048516],[20.946236428063088,49.22307658738913],[20.94618758320021,49.223039940756124],[20.94618056917755,49.22303466573227],[20.945905680239242,49.22282853467988],[20.945723049433823,49.22276403184716],[20.945653005745417,49.22272956134914],[20.945577268501484,49.22269229055103],[20.94568201449525,49.22267272395597],[20.94577314699178,49.22266386892859],[20.945872870316226,49.22265412895858],[20.94591918651055,49.22259921733651],[20.945656778389534,49.22241654907648],[20.9453599944757,49.222250023811675],[20.94527874614558,49.22219519302297],[20.94506973837547,49.222054273668974],[20.945038125635005,49.22203296497146],[20.94501690688459,49.22201056130887],[20.944879454884184,49.221865088061655],[20.944830417372575,49.221813218630764],[20.94489652042799,49.22166794101472],[20.94477995164996,49.22163966585487],[20.94487571675984,49.22160116439444],[20.944933879386525,49.221528190077905],[20.944941371893126,49.221498908075745],[20.944955582307127,49.221416639393226],[20.944968946414374,49.22136657471337],[20.94493432708334,49.22123685518127],[20.944918914187497,49.221238863652424],[20.944872535824516,49.22113495297359],[20.944833807885193,49.22109017884833],[20.944771140625345,49.221040377096166],[20.944642532678408,49.220961732571354],[20.944646324819463,49.22096068822853],[20.944507846035503,49.22082319322579],[20.944503435907674,49.220825117353165],[20.944474655052183,49.220751322786796],[20.944450399334777,49.220665254000096],[20.94444331569466,49.22057930608465],[20.944436032012085,49.22039485432715],[20.944415149349503,49.22033797866364],[20.944392243405048,49.220305434922324],[20.94432241020834,49.2202062359922],[20.944272033518814,49.220129112157146],[20.944251548992977,49.220136263872774],[20.944205847671473,49.22005911541967],[20.944142443554718,49.21994968621273],[20.944118499609157,49.219919898933796],[20.94406495760331,49.21985347379202],[20.943959845965942,49.21973419412175],[20.943954099177983,49.219730311591185],[20.9438841920488,49.2196835096784],[20.943817285086347,49.2196387882552],[20.943810490289728,49.219634240620806],[20.943706862832652,49.21956497894856],[20.943644408556924,49.21952310653924],[20.943570447003776,49.21947364860123],[20.943556430156043,49.21946651983755],[20.943533150866,49.21945476133781],[20.943532486279175,49.219454469129275],[20.94346438196836,49.21941988150264],[20.94334839016377,49.21936119234749],[20.94323240559285,49.21930241327294],[20.94314475412537,49.21925403020684],[20.94306807148913,49.219193587264435],[20.94297804439358,49.219131529874545],[20.942936764860452,49.21912502462537],[20.942992836994467,49.219086104591476],[20.943022863283673,49.21906756609999],[20.94361199023242,49.21870370838562],[20.943905751248092,49.21852233703686],[20.943863480172308,49.21849671189251],[20.943808865481895,49.21846365350408],[20.943745325421908,49.218425166266684],[20.943698855535665,49.21839697047355],[20.943637678869294,49.21835991229506],[20.943508236155235,49.2182815084723],[20.943441805864104,49.21824130429518],[20.94336159377249,49.218192718612926],[20.943284005298413,49.21814575072782],[20.943218493229143,49.21810611715977],[20.943142487449627,49.21806001212847],[20.943203628429547,49.21802306133478],[20.94314304702756,49.2179818810945],[20.943071493209263,49.21793331312115],[20.94300059713009,49.21788512711721],[20.9429191190985,49.21782983644393],[20.94285135332411,49.217783825267645],[20.942784245271,49.21773819606669],[20.942748602300394,49.21771396143526],[20.94271824204211,49.21773149835396],[20.942458992833643,49.21788079247567],[20.94246021882263,49.217870299266515],[20.942471807163137,49.21776516475953],[20.942475563886994,49.21773089669065],[20.942055301469672,49.21737415195788],[20.941782276369818,49.217011681555626],[20.941607574087254,49.21679743794505],[20.941515890198566,49.216671759794856],[20.94149588785498,49.216644353874976],[20.942356943360537,49.21608967691035],[20.94233232251035,49.21607220129033],[20.942272520135422,49.21602987593706],[20.942476928258763,49.215900005706416],[20.942406962586883,49.21585049962828],[20.94230692635124,49.21591406631281],[20.942247628557535,49.21587409861897],[20.94223104052821,49.21586292257503],[20.942165215931144,49.21581850602996],[20.941951271127238,49.21567435405159],[20.9419337654273,49.21566260721441],[20.941929970688893,49.21565482800972],[20.941907367223383,49.215607798130314],[20.941889468631985,49.21559225676803],[20.941781057256883,49.21549798420794],[20.94173573590669,49.21545857140063],[20.941691318494435,49.215419908932155],[20.941635178762652,49.215371132588075],[20.941583291255306,49.21532600907839],[20.941507719821963,49.215260199665366],[20.94134682448976,49.21533938665682],[20.941261229204134,49.215381554781985],[20.94107775448502,49.21547187439485],[20.940892606238638,49.2155624981674],[20.940715096696657,49.21565031479036],[20.940538862311826,49.21574294543735],[20.940359788054593,49.21583674177153],[20.940009030700082,49.21602115846286],[20.939992589605872,49.21601340828668],[20.93990296919465,49.21594622969617],[20.939876083814916,49.215926067124926],[20.939891278814315,49.21591090708124],[20.939885205140108,49.215905933020906],[20.939885212107868,49.21590584321846],[20.93984570303587,49.21587301562252],[20.93984196449849,49.21586982996784],[20.939810106892917,49.21584644064493],[20.939782796415837,49.21582644396242],[20.93979556130465,49.215819576216376],[20.93978786581992,49.21581247735497],[20.93974172082934,49.21576952496547],[20.939732331576355,49.2157629999411],[20.93972254501008,49.21575628161707],[20.939671544302733,49.215721000504516],[20.93965367247862,49.215728148352845],[20.9396365157062,49.21571191104964],[20.939617941610283,49.215694456099314],[20.9395868485717,49.21566830109762],[20.939564273493044,49.21564927235395],[20.939535485459036,49.21562706557498],[20.939527959682373,49.21562132286195],[20.93944640793373,49.21557061875972],[20.93940864675829,49.21554361140603],[20.93938026084609,49.21552330869875],[20.93929751040918,49.21546680235418],[20.93925548120526,49.21543812222222],[20.93921455100798,49.21540767798365],[20.93918531717434,49.215385906432005],[20.93912802757571,49.21534312281398],[20.939117230511346,49.21533880171057],[20.93902764771062,49.215303045645776],[20.93901564479686,49.21529832423365],[20.938961522507643,49.21527671408843],[20.93894486110457,49.215270036825146],[20.93888673791349,49.21524685283816],[20.938875799145826,49.21524081633523],[20.93881467406418,49.215206728184704],[20.938753939403345,49.215172923106316],[20.93864209397437,49.21511058530034],[20.938589554479254,49.215142958382486],[20.938570381522112,49.21512791422718],[20.938508727020295,49.21507940274009],[20.93848372696241,49.21505975277767],[20.938471106123526,49.21505059902914],[20.938427648837237,49.21501907992559],[20.938352727893154,49.2149679656064],[20.938307439899333,49.21493701571154],[20.938240874177563,49.214891581708],[20.938111120501247,49.21493425735239],[20.938108237152672,49.21493245064245],[20.937989004702803,49.21485906192335],[20.93788066235087,49.21479233829492],[20.93786623872121,49.21478339451766],[20.937744767233337,49.21470876047634],[20.9377351018559,49.214709338807985],[20.93762733889579,49.214629849304195],[20.93751265244022,49.21455634139717],[20.93740646304456,49.214479605129135],[20.937219803909528,49.214377228610985],[20.93708253339147,49.21428838209015],[20.93666327511294,49.21437795061433],[20.936471670441296,49.21441892333956],[20.936412177512175,49.214422252628715],[20.936403766347674,49.21437659480855],[20.93628208059197,49.214387935139825],[20.93613052674168,49.21441754726823],[20.93599320595836,49.21444439236533],[20.935832300003675,49.21447585323226],[20.935463035799152,49.21427915281927],[20.935415651845595,49.214253984100516],[20.93518262066084,49.21425855017552],[20.934914256921232,49.214307495386855],[20.934834514890085,49.21432203334321],[20.93413253145533,49.21439766438134],[20.93359710948186,49.21445570758648],[20.93327735057618,49.21456289822437],[20.93304914646258,49.2146043553491],[20.932813804884162,49.214642152617614],[20.932530052638338,49.21467860450916],[20.93227524672464,49.21473871027948],[20.932016511045575,49.21489178055156],[20.931880450218955,49.214868783594234],[20.931705719493635,49.21483936414957],[20.931542254944226,49.2148117609422],[20.931321406038062,49.214774499510604],[20.931347654123016,49.214672015246315],[20.931385681149397,49.214524096226775],[20.931390974382182,49.214503744882855],[20.931142758352564,49.214475563676395],[20.930642502868217,49.21441889196514],[20.93059696215401,49.21455206438748],[20.930554594058396,49.21467624914759],[20.93048597268087,49.21465910289782],[20.930439195128034,49.21464736755679],[20.930491103689075,49.21446236746039],[20.930549989372686,49.2140975300611],[20.930629858151175,49.213602481954986],[20.930413951786576,49.2135688949232],[20.930419011239223,49.213530348708765],[20.93037026332002,49.21352629054696],[20.930321515408647,49.21352223236482],[20.930369068310565,49.21335788498227],[20.930313389765352,49.21329804376848],[20.93018030083704,49.213219232022574],[20.929722245713165,49.21414138622631],[20.929689340218147,49.21419160768296],[20.929609444818507,49.214291130170146],[20.929561648086896,49.214343735554785],[20.92947308220415,49.21443810658347],[20.929430985901075,49.214482799081075],[20.92934480842516,49.214574728783724],[20.92924922605935,49.21467624827504],[20.928147354218947,49.2148198830114],[20.92766550164088,49.21486402241311],[20.927325165558358,49.21484338015674],[20.92696090027632,49.21480528092991],[20.9258570246793,49.214423831272526],[20.925146898358715,49.21418554336352],[20.924584217938545,49.21387880114817],[20.92411815947614,49.21345562925446],[20.923801475915617,49.213039790840455],[20.923646630910664,49.212518889457236],[20.92339614470832,49.21222897192482],[20.92324323277751,49.21205198028828],[20.922791173907044,49.211490074859654],[20.92274004957747,49.21142660043098],[20.923233180460954,49.2112073799978],[20.9242522091057,49.210730953388904],[20.924504080531484,49.21061665590027],[20.925036311932445,49.21037865763772],[20.925205860891435,49.21025026232073],[20.926113844820076,49.20939745159972],[20.926561672046198,49.20897241350574],[20.92659802107769,49.208937974085046],[20.926690323411865,49.20892089046847],[20.92698396430199,49.208866506864474],[20.927161260886642,49.20876555857071],[20.927297843655595,49.20860328614659],[20.927582664579187,49.20826490465791],[20.927740683771,49.208106139027144],[20.92838584954299,49.207671840696946],[20.9291203300321,49.20717740703393],[20.929793258124423,49.20674096754063],[20.93029612751709,49.20633189001096],[20.93101206517422,49.20572374203863],[20.931700183413405,49.2051391512784],[20.93305000774548,49.20396088443337],[20.93421533225431,49.20296885515162],[20.935183039382505,49.20207574691941],[20.935209221453935,49.20205177029126],[20.937203841633988,49.20035637014454],[20.937397754568675,49.20019113625738],[20.937584105547227,49.20030034728992],[20.93799256613352,49.200539587648365],[20.93802436440964,49.20055829417391],[20.93808206136629,49.20057966442458],[20.941201072708676,49.19955407022755],[20.946056422301147,49.19795726152506],[20.94630953925657,49.1979069764688],[20.94683824457408,49.197801839893934],[20.948115867604432,49.19737694442956],[20.94860681662864,49.197076070477365],[20.950512887224704,49.19612255459492],[20.951252444035056,49.19567813066773],[20.95188480282651,49.19529802855079],[20.9523772557916,49.195073088937114],[20.952840214991284,49.19486175374224],[20.953370041672684,49.19464372319429],[20.954172848470716,49.19447706690251],[20.954259198076283,49.19447786197731],[20.954274163368254,49.19449042325298],[20.954300156957895,49.194484713435536],[20.95436831295757,49.19450939394319],[20.954339367589277,49.19447863195195],[20.954865138808305,49.19448365533857],[20.955694295146458,49.194491539230974],[20.956636422908087,49.1947478771998],[20.957085228365077,49.19489214140089],[20.95725417495943,49.19499038934989],[20.95759114559503,49.19518640367272],[20.957605474071535,49.19520722650075],[20.957687688742524,49.19528116961879],[20.957746854513285,49.195317344410334],[20.957802526925562,49.19535250299623],[20.95797714043113,49.19546102149394],[20.958018539162445,49.19549066479719],[20.958142584068998,49.195595795716834],[20.958241210319052,49.19566181930335],[20.95833019516394,49.195713928019295],[20.95843942661821,49.19577427073241],[20.9585313604411,49.19582377602287],[20.958650802513638,49.19584439188472],[20.95865561732814,49.19593152433127],[20.958624921770724,49.195992810292445],[20.95862476021427,49.19601270244835],[20.95862408306236,49.19609623154058],[20.958601274976974,49.196140762543095],[20.958532848954857,49.19622987868008],[20.95852873582426,49.19624756905576],[20.958511340031023,49.1963234312237],[20.95850331196273,49.196413199068964],[20.95850165846441,49.19643106101628],[20.958514024889666,49.19648621163345],[20.95852987899333,49.1965566936076],[20.958473060391714,49.1965523791064],[20.958362483866246,49.196530796559664],[20.958345194423067,49.19669426529759],[20.95829380545177,49.19732973206456],[20.958091921907258,49.197357251941696],[20.95804552470468,49.19771801038468],[20.958064770044647,49.19776591627152],[20.958035694032397,49.19779196247817],[20.957991451365118,49.197889893144584],[20.95798433818053,49.19806567369982],[20.958018702614723,49.198193580822746],[20.958050550199054,49.198293583992594],[20.95800190916357,49.198298994010365],[20.958045494855163,49.198802198150574],[20.95804071872756,49.19903846888295],[20.958027740918727,49.19913716596949],[20.95798777008376,49.199215340753],[20.957917520336323,49.19935292442012],[20.957861448522234,49.1994438903745],[20.957712963855357,49.19956087330256],[20.95755559824971,49.199639837383096],[20.957572926920175,49.19968587907614],[20.957595372286765,49.19971903549756],[20.95763968512554,49.19981062869242],[20.957704152341506,49.19978710648174],[20.95782941257137,49.19974138068596],[20.95797284835946,49.19966132418919],[20.957620819689833,49.200083436174765],[20.95756687429198,49.200064991279866],[20.95749269831796,49.20007189537533],[20.9574515948518,49.20008286714585],[20.957435741520985,49.2000871132876],[20.957349276327992,49.200119719650445],[20.957229236549757,49.200172550690716],[20.957018170156335,49.20025477533514],[20.956839767350644,49.20032322722746],[20.95682345643928,49.2003405130377],[20.956788433826375,49.20037770605353],[20.956771304223345,49.20039847603114],[20.956690101884806,49.20049635101252],[20.95664219323917,49.20047801586359],[20.95663431573561,49.20047505359489],[20.956607551535114,49.200451567458266],[20.956588503657546,49.20043490970179],[20.95648343486025,49.20038460743518],[20.955931539659243,49.20056401691553],[20.955510481769046,49.20064863687627],[20.955894320190897,49.20093912440822],[20.955894970729616,49.20093959615658],[20.956120318259067,49.20111012225544],[20.955616563417994,49.20138656324768],[20.955276343587176,49.201715875521025],[20.95484512653469,49.202276796422346],[20.95467888565732,49.20264114041201],[20.954525936682494,49.202659204298534],[20.95348857835194,49.20278161875778],[20.953491872893352,49.20277632605804],[20.950793538691077,49.20276803933873],[20.950072184075058,49.20502527647488],[20.950515264825217,49.20518945026968],[20.951069511951104,49.2052150600719],[20.952279733997376,49.20521949997746],[20.952143936734597,49.20561447277515],[20.952068839938025,49.20611292902054],[20.951773211802134,49.20641040018431],[20.952470456660425,49.206641166178834],[20.954154156051896,49.2043300533668],[20.954156269145628,49.204327602533816],[20.9546007828012,49.2038118718088],[20.955412825030454,49.20309180046273],[20.955691465563934,49.2028447168307],[20.955886465369264,49.20252598239946],[20.95598287319776,49.20236828950095],[20.956705158642336,49.20183313383846],[20.95694177469336,49.20170304847478],[20.95767142924268,49.20130174199523],[20.958007190030678,49.20111713996452],[20.958571815800497,49.2008066033362],[20.958681743016143,49.200651607484204],[20.959209914988598,49.19990715724365],[20.959409069640337,49.19992402138933],[20.959376013509434,49.19977554054324],[20.95965701034594,49.200038657979114],[20.959639286387972,49.20016150694491],[20.959862954020377,49.20051059685635],[20.95989207258297,49.20053920209708],[20.959935486687446,49.200597992158464],[20.9601293731567,49.20073658607211],[20.960161106516484,49.20081677716124],[20.960205959379135,49.20087651510472],[20.96026878143782,49.20095800631521],[20.96031485488196,49.20102507737581],[20.960346578718728,49.201108959455006],[20.96036715497526,49.201191301744856],[20.960375072098106,49.201204438869624],[20.960495440454878,49.20130404256389],[20.96052449667439,49.2013263431865],[20.960642978906275,49.201372044080834],[20.960724188824823,49.20136303008482],[20.960799169270903,49.2013546199682],[20.960829819523575,49.20138831755658],[20.960884910625584,49.20144893454855],[20.960914529968342,49.201535177610424],[20.960989500230916,49.20176733691517],[20.961016098921863,49.20176272596382],[20.96102818016513,49.201933829926254],[20.960999355722944,49.201953042635374],[20.960938237483493,49.2019936939824],[20.96087906907825,49.202135517660196],[20.960778219209605,49.20229756859707],[20.960700477106915,49.20239339994976],[20.960693650685755,49.20246763161768],[20.96068071101228,49.20264781040947],[20.9606854527041,49.2027858089656],[20.96088540515782,49.2028459127231],[20.96147941896963,49.20298623345717],[20.962235951733646,49.20300579588937],[20.962151496678075,49.202714801877754],[20.962105859404414,49.2026206460746],[20.96194433913334,49.201948238477165],[20.9617615207775,49.20163039753186],[20.961658189058156,49.20150047800163],[20.961536111565497,49.20139271597492],[20.961375711063525,49.20129016685856],[20.961243650544386,49.201231682347306],[20.96111848961447,49.201174596662185],[20.961081061961174,49.20115751093752],[20.961014193380073,49.20103762187352],[20.961004025515702,49.20096282721182],[20.960994947987533,49.200895271358284],[20.961171694627016,49.20098359702855],[20.961527443356193,49.201161312566995],[20.961960201681556,49.20145754059853],[20.962440762560036,49.20147426497918],[20.96296754147696,49.20146001551278],[20.962993569978764,49.20139686345297],[20.962982165669708,49.20132202814109],[20.9628810411306,49.2012222540438],[20.962721250611114,49.20107435013001],[20.96258217969363,49.20096422587072],[20.962493919525894,49.20093105202345],[20.961891271091353,49.200742641774816],[20.961573300543854,49.20071464401237],[20.96123946026639,49.20065370757929],[20.961200155904045,49.200636019510334],[20.961045712743935,49.20056670949819],[20.960963476864084,49.20050177203426],[20.96104275893021,49.20038771472871],[20.961141920469792,49.20041134715488],[20.961460842374947,49.20048754568612],[20.961672168629335,49.200563961118924],[20.9620322864326,49.20055139880787],[20.96206269084784,49.20052593584625],[20.961807300844466,49.200302927542346],[20.961293728322797,49.19982017275387],[20.960879981116808,49.19943624816129],[20.96082138544515,49.19938190733449],[20.960788087007806,49.19940214218294],[20.960790847183564,49.199111694750925],[20.960791230100316,49.199063989552066],[20.960771832596425,49.199046510611836],[20.960653631011017,49.199056009610565],[20.96052019805518,49.19893526519571],[20.960492568983682,49.19889626550625],[20.960458539586664,49.198769270819476],[20.960468954583956,49.19856839039646],[20.96045236443264,49.19856973143106],[20.96019728987752,49.198590360767106],[20.96018943554892,49.19859244139367],[20.96016910067228,49.1985977998622],[20.960239869802674,49.19843736367291],[20.960190208874362,49.197546093982744],[20.960183602900912,49.197426940387494],[20.96043831804483,49.197362813028505],[20.960458357536,49.197357714843065],[20.96063974025354,49.197271800012615],[20.960687298718117,49.19721629426865],[20.960699987423702,49.19720140891611],[20.960691781139513,49.197158190897724],[20.9606880564061,49.19713880025372],[20.960674842209137,49.197094606007276],[20.960659637801324,49.19702990813965],[20.96065100403867,49.196949491978664],[20.960718661598328,49.19680975024936],[20.960720309054167,49.196806203479035],[20.96072406356223,49.196798494928615],[20.960772613961847,49.196598337654486],[20.960890134202977,49.19636607245376],[20.961127712366096,49.196205219898104],[20.961294847129135,49.19609200210035],[20.961323209684906,49.19605557763318],[20.96138082532773,49.196015710558626],[20.96147119670159,49.19593767377752],[20.96150848931125,49.195906586978936],[20.961566323831274,49.19585853399499],[20.961659944807725,49.19577754357644],[20.961689298758692,49.195751415724494],[20.961773390483586,49.19567641194364],[20.9618403259041,49.195617225996784],[20.961938407048084,49.19548551401379],[20.96190561469936,49.19546894204424],[20.961937118221414,49.195411373504804],[20.962004928487676,49.19528739211423],[20.96201761585269,49.195281419939754],[20.962146586333734,49.19522122736944],[20.962193864719527,49.19524413125168],[20.96224031636034,49.195247470398805],[20.962320352224115,49.195203663696304],[20.962376725505877,49.19517275841085],[20.962518336912893,49.19517132598901],[20.96271047052459,49.195104401293044],[20.962775812024844,49.19509080919616],[20.962923387042725,49.19506013273909],[20.962988996134193,49.19507157877081],[20.963254187530968,49.1950050016041],[20.963319543757628,49.19494666293319],[20.963353786661326,49.19491412411427],[20.963424832879728,49.19508492955985],[20.96403376249635,49.194686612766375],[20.964266691286724,49.194534153623785],[20.9645188468535,49.19436927559343],[20.964401970962104,49.194283296134515],[20.96461141668776,49.194184169291724],[20.96469670564558,49.19414701737449],[20.964894041665378,49.19397861347558],[20.964951278970094,49.19381700673837],[20.964986748270036,49.19366512342467],[20.96514063293305,49.19359170710981],[20.96516031373181,49.1936233300444],[20.965282676556892,49.19375576766314],[20.965370317465847,49.19373264834288],[20.965462791652456,49.19371455072439],[20.965611010331198,49.193695056522316],[20.965913292361545,49.19365509052405],[20.96594396973102,49.193558239063876],[20.965943746078562,49.19352726009686],[20.965933649681734,49.193496044482636],[20.96588283581265,49.19339955766976],[20.966253613891862,49.19342803205057],[20.966531762714578,49.19354797599306],[20.966655427178924,49.193610048865814],[20.966681712321176,49.193671871181294],[20.966734522269554,49.193795973879574],[20.966697876748345,49.19389541909111],[20.967848371273064,49.19351751965565],[20.968351541110604,49.19346798514991],[20.96980379606104,49.193481336998474],[20.97027249495194,49.19366014984389],[20.97098603088991,49.193717133653394],[20.971446265484122,49.19367210922046],[20.97300525621246,49.19351941521469],[20.97325730500615,49.1934537324484],[20.97475848971656,49.193062769440694],[20.974888666215534,49.19272206015596],[20.975033941134082,49.192808696078686],[20.97550324893708,49.19293681904483],[20.97581463218062,49.1929695148019],[20.97605473592513,49.192948358439054],[20.977305928645595,49.19239560694996],[20.979882170189814,49.1912573885513],[20.98068347367635,49.19210715531607],[20.981441468733443,49.19172591135073],[20.981719558054017,49.19175920484527],[20.98212363021768,49.1915415864181],[20.98327363883351,49.190922237010994],[20.983500366009746,49.19120790648019],[20.985072997953093,49.19189532778418],[20.985131692862115,49.19206508092931],[20.985251314987153,49.19241132295581],[20.985205038058055,49.19249713082312],[20.98519442027285,49.19254963030044],[20.985172710357276,49.19260167454045],[20.98513517387711,49.192691731588035],[20.985109747153075,49.192752836754316],[20.985069213403552,49.19288916181954],[20.98501665334326,49.19304975979317],[20.985000130014974,49.19310044422399],[20.984982472057737,49.19312471178183],[20.984932582811005,49.19319311438331],[20.984905702725165,49.19321761847527],[20.984847809714317,49.19327036195716],[20.984762440059576,49.19334822006014],[20.984728867336912,49.19340626591976],[20.98467358092503,49.19361674200877],[20.984667947944857,49.19363825434932],[20.98463069895407,49.193780089388866],[20.984614184101016,49.193843198530956],[20.984566747915395,49.19392617700044],[20.984560761322243,49.194106404916944],[20.9846006595301,49.19411996312442],[20.984838512815696,49.19414967290622],[20.984488289011864,49.194668251835054],[20.98415556694825,49.19516093667748],[20.9841517004745,49.19516657142484],[20.9837709411392,49.19573023951632],[20.983430209793475,49.195890078895964],[20.98335497039215,49.19592532429377],[20.983206190776592,49.19599515066338],[20.982992260210352,49.19607435489971],[20.982941501466613,49.19609312022355],[20.98296021094729,49.19609994877861],[20.982983606415225,49.19610837221122],[20.98291367228199,49.19613712970019],[20.982892818801094,49.19614571609859],[20.982144368025786,49.196623890082535],[20.981989315421597,49.19667694234622],[20.981598783663834,49.19681064700225],[20.981247650526743,49.19718999716807],[20.980335949452463,49.19796357930433],[20.980365904550553,49.19816398884117],[20.980493807996407,49.198233838460446],[20.98079546885571,49.19857627121631],[20.982711003648074,49.19778173880447],[20.982714700822058,49.197704882861224],[20.982721928342542,49.19755692754941],[20.98290990879672,49.19732894551434],[20.982991741096367,49.19731345454981],[20.983001504440864,49.197281094379456],[20.983059782619563,49.19708728352618],[20.9829877958882,49.1967988791892],[20.983042011192964,49.19668848461338],[20.9830832039781,49.196604580762575],[20.98355525136434,49.19649345330117],[20.983560460172207,49.196402241936674],[20.983728683310666,49.19651600135173],[20.983786973184454,49.19660147115427],[20.983833531257957,49.19667331978805],[20.983953464124873,49.19687579094549],[20.984025519055276,49.196982421348814],[20.98409201776035,49.197088058430644],[20.98413577264432,49.19716422617482],[20.98421589444216,49.197303623748006],[20.984266146432102,49.19741331734217],[20.9842716520893,49.197422141744184],[20.984441664562436,49.19769360545855],[20.98450822121627,49.197832556080265],[20.984540893668783,49.19790097604831],[20.98459443814879,49.19796774239295],[20.98497764906122,49.198449247434226],[20.985015200779863,49.19844328113193],[20.985124388563012,49.1984258081988],[20.985131951596653,49.198621067062874],[20.98513895234401,49.19879857104471],[20.985138938575133,49.198798750655975],[20.985138095672703,49.19879899300386],[20.984848283617122,49.19889298896783],[20.985073268269115,49.19921451843462],[20.984934323131817,49.19925991205699],[20.98504751596966,49.19940886054048],[20.985179621740482,49.19936666284962],[20.985360891652206,49.199615086837646],[20.985441549232135,49.199597034497536],[20.985496906206528,49.1995846316057],[20.985534007941848,49.199632939716615],[20.98555624711565,49.1996618518303],[20.985565746909778,49.19967413881094],[20.985652334737082,49.19978484749157],[20.985685393703545,49.19977477164814],[20.985713741836484,49.19977417418241],[20.985732325410513,49.19977370547255],[20.98578556551759,49.199760242410285],[20.98583485698195,49.19975169116118],[20.986034965534913,49.20010931273144],[20.986316020441027,49.200620851685564],[20.98637328200885,49.20061229237951],[20.986452776545132,49.20057178303663],[20.98649126625939,49.200551802075374],[20.986517691679236,49.20054402859154],[20.986543699069546,49.20053633137779],[20.98651373196744,49.200479165202246],[20.986659670448823,49.20051106725925],[20.98672677871977,49.2004815842301],[20.986751800373025,49.20047061338024],[20.986937773141676,49.200388861458634],[20.98703326471894,49.200291977835604],[20.987751884259435,49.19933706214588],[20.987767787905938,49.19931597764211],[20.98782959913663,49.19860774797911],[20.98768881571006,49.19822885297392],[20.987639939384508,49.19809750868929],[20.98787135310831,49.19758383590927],[20.98864415739034,49.197291173675104],[20.98891896784354,49.19698023827805],[20.989066436378103,49.19685211095579],[20.98916692270479,49.19666832907063],[20.98930313082715,49.196495265279644],[20.98942464037704,49.196323968782806],[20.98949102579704,49.19623026772213],[20.989599354074493,49.19599785598041],[20.989690926637188,49.19569718903747],[20.989682780655667,49.195669011221085],[20.989654406583202,49.19557129367584],[20.9895867229722,49.19552945382167],[20.98953872113445,49.195499695239604],[20.989208955112947,49.19542690827991],[20.9889699992338,49.1954132871986],[20.988758536662598,49.1953850844034],[20.988741415091493,49.19531087493871],[20.988789191251506,49.195241320984366],[20.988891981425198,49.195092007355036],[20.989103002442143,49.19478509577906],[20.98957950278021,49.1942350046627],[20.989841808834477,49.194279103126256],[20.99000872582703,49.194305929408316],[20.99001561112252,49.194203429165825],[20.989916135740174,49.194092389727714],[20.989968409732832,49.1939999350299],[20.990092585405385,49.193924699866635],[20.990189784034488,49.19393806948691],[20.99030393395371,49.19394893528593],[20.990392245062257,49.19396714434534],[20.990506681027522,49.193958122253974],[20.99065901178601,49.19389731700898],[20.991024177066016,49.19360798448686],[20.991197833482385,49.193552111147184],[20.991379548859545,49.1935165796143],[20.991605441380518,49.193424339161574],[20.99179059150198,49.1933457045306],[20.992015724520524,49.19342675001647],[20.992177405763613,49.19354532387295],[20.992206014596025,49.19346406484153],[20.992201137246905,49.19336621982169],[20.9921765684636,49.193270788747874],[20.99215102381512,49.193220431634096],[20.992120846482088,49.193144443197724],[20.992067298672175,49.193039956811596],[20.99200556101876,49.19291683468783],[20.991940930782285,49.19283152093899],[20.991920865197987,49.19276162680796],[20.99193264939069,49.19270097238176],[20.99204520931008,49.19261049825588],[20.992120540807722,49.192604421001946],[20.992261085673835,49.192586261812465],[20.992401500283165,49.192568008144576],[20.992539311313212,49.19254966875401],[20.9926612693134,49.19252666679618],[20.99276135816479,49.19250222585076],[20.992870464194617,49.19247303932267],[20.99304738656451,49.19243185591022],[20.993158135131115,49.19240992565161],[20.993316871495647,49.19238020860632],[20.993448675989782,49.19234699561484],[20.993575963298245,49.19232434788258],[20.993703661905254,49.192299912887954],[20.993872790180912,49.192274407872894],[20.993996931759252,49.19225516760202],[20.994142266543417,49.19222284846954],[20.994277215405134,49.19218622661428],[20.994447316568596,49.192117447392164],[20.994624935438317,49.19203477983681],[20.994733236414735,49.19197297364347],[20.994836063048883,49.19191089753644],[20.99495859000967,49.1918283108323],[20.99505281370044,49.191749386150704],[20.995130360915724,49.19167297483482],[20.995212829558128,49.19158069941185],[20.995301869240834,49.19148152720105],[20.99538925576123,49.191393194502865],[20.995491688309034,49.1912967127519],[20.99558960370345,49.19121259702666],[20.995727591188253,49.191080459533346],[20.99579843762793,49.19099284391421],[20.99585971163604,49.19091364704842],[20.995897468355537,49.19086356857885],[20.99593442936701,49.190725052669826],[20.99595469287755,49.19064324878965],[20.995988898296037,49.19056055218511],[20.996039374373492,49.19048064058096],[20.996134007934828,49.19038012093598],[20.996228364079272,49.19030119976549],[20.99633734492679,49.19023581328366],[20.996472433372283,49.1901792966408],[20.996590227796958,49.19013697734358],[20.99661790701924,49.19012708217906],[20.996770895111776,49.1900807862273],[20.99695600635949,49.190040136162004],[20.997114184452627,49.19001399720821],[20.9972822084002,49.189977647487865],[20.997396697422282,49.189953405348675],[20.997555477162813,49.18993376785054],[20.997692909757465,49.18990946815174],[20.997837047906856,49.18989808283964],[20.997990908734934,49.18987450199823],[20.998110139028228,49.18984033121102],[20.99820349224737,49.18981584487959],[20.998278094835523,49.18978687182785],[20.99841293276733,49.18973538660437],[20.998516693986275,49.18969152459521],[20.99857514886117,49.18965995079317],[20.998740374551225,49.18955589338911],[20.998929565527565,49.18943299512296],[20.99903935009448,49.18935880954052],[20.99916365183124,49.18927798761968],[20.999279603986327,49.18917159274707],[20.99938049662976,49.18907712812231],[20.999490555778394,49.18897594164559],[20.999611706151303,49.18887160766774],[20.999717392606122,49.18878450257258],[20.999812527067064,49.18871865888019],[20.999909997155193,49.18865640296429],[21.000003211765204,49.18860850249832],[21.000143383013512,49.18853207151065],[21.00030285917662,49.18845645358656],[21.000454251108938,49.18837876969226],[21.00061864493004,49.18830709397676],[21.000777982559704,49.188233271536134],[21.000951411820683,49.18815477918394],[21.001093217210443,49.188089294552604],[21.001287047185297,49.18800084695706],[21.001436791552184,49.18793751291354],[21.001572169493485,49.18788064009269],[21.001716575744155,49.187842249514276],[21.00183935434027,49.187801078979646],[21.001926961698004,49.1877528131825],[21.00198390528796,49.18771038446026],[21.00210297474761,49.18777902065811],[21.002232183847575,49.18782998279495],[21.002291037551235,49.18784532679722],[21.002342088026076,49.18788193252451],[21.00237616939673,49.187923113778005],[21.00241449121796,49.187975327841315],[21.002468274599803,49.18806253080092],[21.002500567589493,49.1881451579389],[21.002452659723694,49.18820778006967],[21.002440745073365,49.18829192915747],[21.002477559878855,49.18835849883159],[21.00251573824842,49.18841259879821],[21.002525177685737,49.188477910992866],[21.002525861819667,49.18854815802939],[21.002558848201414,49.18854788879342],[21.003167907404215,49.188862794248955],[21.003535012883546,49.18867081336952],[21.003895318448876,49.18839505940019],[21.00420822216683,49.188222097811234],[21.004542889102712,49.188077127970544],[21.00442681059362,49.18805928010625],[21.003654045226323,49.18794041711497],[21.003753030032392,49.18789243279956],[21.004531029362912,49.18751575342398],[21.006902880000702,49.1863674788659],[21.007201236929035,49.186269749967856],[21.007358162588393,49.18621834790712],[21.008144334196345,49.185960844916636],[21.008478845897923,49.18608982467283],[21.008783360481615,49.18633495237079],[21.00898673403841,49.18649060953554],[21.009186981111913,49.18661339262552],[21.0092028548641,49.186623185269525],[21.00942720730466,49.18683525734932],[21.00967004914518,49.186977709543356],[21.00983779839856,49.18713409009439],[21.01030061085038,49.18739294508721],[21.010323691517772,49.18740009232012],[21.01054015954865,49.1874668639019],[21.010553668319243,49.18746262416091],[21.010788621031445,49.1876275935897],[21.011013494441514,49.18776981509423],[21.0110856022738,49.187843838158],[21.011142076761825,49.18791572932315],[21.011317250142312,49.1881388831639],[21.01136841706976,49.188217352941095],[21.011399540770803,49.1882650068361],[21.01134677895808,49.18827966702995],[21.01124012744393,49.188282301278335],[21.01116650309179,49.188284124917296],[21.011189499434906,49.1883176482928],[21.011299581921566,49.18851895652265],[21.011320318430265,49.18855690750969],[21.01137387356754,49.1886581431721],[21.011387078047946,49.188760760179896],[21.01139911867771,49.188867840669836],[21.01143102925582,49.18890696731742],[21.011525116785265,49.189022492807574],[21.01168901392283,49.18917370244205],[21.011718041127892,49.18917492170162],[21.011900839657113,49.18924022930177],[21.012229554906618,49.18934289857525],[21.012305031267626,49.189269830270156],[21.012592875292174,49.18944570782846],[21.01268329508747,49.18945604627536],[21.012482504040648,49.18968491294441],[21.012360532358077,49.18980759884989],[21.012342723134054,49.18982502279066],[21.01220483141359,49.18996015252319],[21.012307919784522,49.19004770177962],[21.012322103479168,49.19005986950915],[21.012558978695296,49.1902611798917],[21.012617974672693,49.19030902426633],[21.012807027970545,49.19045286155567],[21.012860759809893,49.19048504840332],[21.013402399943885,49.19074835653148],[21.01333113931635,49.19080211665655],[21.013169355337922,49.190924492480285],[21.012950571040122,49.191090110376884],[21.01277933404883,49.19123018288359],[21.012723696828427,49.19126995841483],[21.012679252732575,49.19130163692012],[21.0125873618357,49.19135571258043],[21.012427295585365,49.1914500540013],[21.012356107769524,49.19150102501002],[21.012256129133178,49.191388819132015],[21.012221585541152,49.19134996686562],[21.01211074058611,49.19138595651113],[21.01203657839358,49.191432688669515],[21.011933137430137,49.191497730106725],[21.01183907442297,49.19155686595511],[21.01172842627165,49.191626353181995],[21.01189266695124,49.191848967771875],[21.01209575808751,49.192124259848484],[21.012194074492374,49.19209227208776],[21.012321129973465,49.19205087024179],[21.012462142322043,49.19201559646687],[21.012608196730568,49.19197904685744],[21.012901403200527,49.191916786685574],[21.01309787138652,49.19189646933728],[21.013219847795305,49.19188389045228],[21.01330843249092,49.19187688236372],[21.013444173163016,49.19186574345056],[21.013513767785348,49.191799594569055],[21.01372387239507,49.19186002928378],[21.01402470830538,49.19192135779177],[21.0142656670944,49.192052933642785],[21.01446425454539,49.192042676652584],[21.014428676982142,49.192107686766526],[21.01438471744033,49.19219078926006],[21.014312472303658,49.19241278519201],[21.01428437393615,49.192561858221275],[21.014388992662184,49.19268177626322],[21.01451837218106,49.192830142603995],[21.014601419327978,49.19298986940236],[21.014609316006627,49.193007053163086],[21.01456998411883,49.193014861216525],[21.0146415190215,49.1931941086048],[21.014877130918027,49.19328049286192],[21.01511855213231,49.193274244824835],[21.015398916029312,49.19320930796815],[21.015535812650757,49.19317758727627],[21.01565408562495,49.19311257703214],[21.0156482809475,49.19307871599633],[21.0157409169851,49.19318284604018],[21.015936013143904,49.19311377244741],[21.015866170884365,49.19322474982757],[21.015886585938738,49.19327061194047],[21.015901391052267,49.193348701828555],[21.016023911255388,49.19309413553856],[21.01637599271441,49.19300191858975],[21.016720825886814,49.19301768063216],[21.01696582419073,49.19356793412652],[21.016970701665432,49.193565212405154],[21.01787474215797,49.1930517530664],[21.017877756260358,49.193050050848285],[21.017955070291475,49.193037719601065],[21.018992999617954,49.192871728495675],[21.019778108110334,49.192746276212354],[21.019559068144748,49.1923168868608],[21.0194759642415,49.19215410115836],[21.019389254302485,49.192131014905165],[21.017462697071267,49.19161771038277],[21.01756794682838,49.19160106973052],[21.018125455004153,49.1915132135468],[21.018035286748926,49.19141996960565],[21.017857240224696,49.19123589702009],[21.01780567577567,49.1911082609845],[21.0177439843959,49.191047006932656],[21.017718526480582,49.19102591895882],[21.017606224107894,49.19093294234854],[21.017459542963852,49.19078986657337],[21.017334793005098,49.19064741659871],[21.017229772852904,49.19049840820843],[21.017126265560528,49.190367455210634],[21.017056489905222,49.19024993771643],[21.01705003328574,49.190239103280106],[21.01694752111237,49.19021072743869],[21.016807732124725,49.190204722268874],[21.016658210347835,49.1901821935839],[21.01644934084467,49.19014170109784],[21.016263924013437,49.190159503768534],[21.016170797505755,49.190181130678646],[21.016113184270253,49.19019455421973],[21.01599040062241,49.19021962386815],[21.01587059126117,49.19008633654417],[21.01596540517869,49.19004612863817],[21.01613686022061,49.19003129161763],[21.01616451689305,49.19002886376199],[21.016137117675935,49.18999357717617],[21.016083259077664,49.18974081258322],[21.016041387600705,49.18974592721159],[21.016015875593588,49.1897490552967],[21.01567120280255,49.189791095333284],[21.015607832072142,49.18968152866036],[21.015597332966884,49.189528763700984],[21.015586057838277,49.18936814070679],[21.015595753051887,49.18926231118132],[21.0156642279536,49.18926499809755],[21.015620575227846,49.189074957787355],[21.015579525475243,49.18907649784691],[21.01539648297824,49.189095637015015],[21.015148776988706,49.189121576429024],[21.015111529019382,49.18894849081213],[21.01508671055559,49.18892805327958],[21.01499173249121,49.18893431347662],[21.014639417142465,49.18896853804232],[21.014582396155117,49.18893084265747],[21.014570718375502,49.18882251415477],[21.01456700248909,49.18871966758618],[21.014596564094646,49.188571182359496],[21.01463409595004,49.18846599227741],[21.0146672420847,49.18838595754326],[21.014710393130304,49.18831885401583],[21.014787800128044,49.188232972927075],[21.014867877058933,49.188169776760944],[21.01488672672013,49.18815490732994],[21.0149356310539,49.18808439047241],[21.014930678308122,49.187997799075305],[21.014871176573227,49.18786450003441],[21.014840744651966,49.18782938404818],[21.014789901014954,49.18780800606109],[21.01467997230861,49.18779415072122],[21.014659159430757,49.187791489988285],[21.014538839449205,49.18778242673789],[21.014441807841447,49.18775611818036],[21.014317227785178,49.18768929574089],[21.01407998648119,49.187545236224615],[21.013848909824592,49.18739057393695],[21.013763521634715,49.18731413796414],[21.013739635557343,49.18725798828681],[21.01369976621332,49.187164583600065],[21.013742905358612,49.18710486253583],[21.013839778009395,49.186970731452064],[21.013935681638873,49.186856555492476],[21.013997610881372,49.18679537772495],[21.01407337808868,49.18673465216128],[21.014239730899536,49.18671271914907],[21.014415950354064,49.186669410878565],[21.014589838685332,49.18661882370892],[21.01478441028603,49.18654730469989],[21.014794198674014,49.18654321301808],[21.014968430262332,49.18647003877842],[21.015147608713992,49.18646004751538],[21.015219612996724,49.186456007791534],[21.015406937292713,49.18644907322178],[21.01572837088354,49.18635108664536],[21.015975401028978,49.186308558703445],[21.01605428200031,49.18646157675638],[21.016141271155686,49.186601895133585],[21.016255849524605,49.186722587521054],[21.016439716379118,49.1866942910787],[21.016664913132615,49.186644476314996],[21.016629453779956,49.18658875962505],[21.016475927481125,49.1865883371232],[21.01649553126677,49.186502097688404],[21.016518132351884,49.18637823324651],[21.01654060074956,49.18624527135583],[21.0164658623099,49.1858299491934],[21.016347842866644,49.18470115938904],[21.016482150841224,49.18471040780036],[21.017090438936346,49.18365161443987],[21.016731212566206,49.183647175210794],[21.016109395669492,49.18353782453578],[21.015751512135676,49.18380477931202],[21.01571045169763,49.18380109713194],[21.015716074853984,49.18377049025881],[21.015589887134833,49.183789955930145],[21.015340112286317,49.183819968745176],[21.015145400051715,49.18382846211221],[21.014895892878346,49.18383327406815],[21.01463214415955,49.18392783115213],[21.014536030931872,49.183961783119],[21.014390623600345,49.183993763979956],[21.0141709394655,49.184054287870374],[21.014000684330277,49.18410958450495],[21.013844019540638,49.18416496497031],[21.013637937177084,49.18425249161753],[21.013451207934708,49.18431670227482],[21.013305664773828,49.184363082365586],[21.013047652458894,49.18439660244508],[21.012712888833104,49.18445867341852],[21.01241669483293,49.18446690552112],[21.012153190413663,49.184516629751],[21.011884064858037,49.18458606646513],[21.01170433836546,49.18464123022787],[21.01167536345278,49.184650186101514],[21.011505095211554,49.18469656573516],[21.011492126370467,49.184688308892085],[21.011323231806653,49.18471663693368],[21.011119224082247,49.18475335958941],[21.011085640416585,49.18472903311381],[21.01107810201759,49.1847089796943],[21.011041527224013,49.18461208027892],[21.010953159175813,49.184565884902746],[21.010865041525655,49.184543465876644],[21.010545555877215,49.184457118880644],[21.0100404762066,49.184297355704494],[21.00955823238331,49.18414617016183],[21.009433695990225,49.18419620392958],[21.009375363506862,49.18416863623422],[21.00931319454995,49.18413734171379],[21.0092051421175,49.184095362475176],[21.008711398306055,49.183853585540064],[21.008623301095163,49.18380928779082],[21.00820924575844,49.18366455957109],[21.008165102277136,49.18364906971786],[21.007510026150264,49.18353840385601],[21.00720877922082,49.18334802785757],[21.007111477917608,49.183305588279005],[21.00695834036573,49.18323890248645],[21.006973457692176,49.1832297641208],[21.006982526716737,49.183224299061955],[21.006900105102936,49.18319567116676],[21.00670326498585,49.18312755398307],[21.006589387726343,49.18308817239329],[21.00649384827509,49.183051461941496],[21.006231547883008,49.182935824306526],[21.006161785814687,49.182905089579414],[21.006028574380224,49.18278602649627],[21.005323812159826,49.18237787661531],[21.00539633278583,49.18239222647507],[21.00548389533402,49.18239482472568],[21.005565436045156,49.18238092993875],[21.00556868141349,49.18234916506467],[21.005500623785117,49.18196457151511],[21.00564844273552,49.18194600537837],[21.005775371895083,49.181839334138495],[21.0059198373918,49.181884580253595],[21.005937010237435,49.18188991440384],[21.006095755793986,49.1818973645978],[21.006223498152135,49.18177640452053],[21.006392082541897,49.18161149602758],[21.006565194735806,49.18146465187773],[21.00676775752441,49.18118723582311],[21.006900470310615,49.18126594776296],[21.00710530722347,49.18137682163276],[21.007224955958325,49.181252084314515],[21.00733198538395,49.18110910746183],[21.00741166639333,49.18124937456167],[21.007517536287093,49.18141003586075],[21.007634377850945,49.181621383838014],[21.007786669908928,49.1815494828018],[21.008139979767105,49.18138260660704],[21.00737696401766,49.17999058780898],[21.00745699688242,49.1799369385519],[21.0077899961571,49.179713849183614],[21.008048353805844,49.17970979297513],[21.008093868963652,49.17970903221389],[21.008131969911457,49.17967759806552],[21.008334034972723,49.17951108217752],[21.008472137680165,49.17953703036139],[21.008527517161955,49.17954739611165],[21.0086305021996,49.17944299938322],[21.008827375932327,49.17924363135646],[21.00894785244444,49.17925216618844],[21.00906269626934,49.179121868058104],[21.00914222432755,49.17911267676698],[21.009336466733366,49.17898749781824],[21.00947435237886,49.17892790785599],[21.009646925155646,49.17888349775474],[21.009862623041155,49.178849861833115],[21.009876801060773,49.17884762482408],[21.01027788159776,49.17878890322443],[21.01052351194315,49.178717441916156],[21.010697176024497,49.17865325911016],[21.010953196090586,49.178495796732946],[21.01130034977557,49.178281263939915],[21.011556912206306,49.178113014321326],[21.011726862505732,49.17801998860891],[21.011868574871315,49.17794071424443],[21.012042234856967,49.177878330061155],[21.012193143552878,49.17782978668028],[21.01243834999702,49.17776560024391],[21.0124198801649,49.17759321648129],[21.012359984642963,49.1774870015255],[21.01222857640922,49.17745614493703],[21.01206572839745,49.17749196357032],[21.01205846847558,49.17749352676764],[21.01190483646475,49.17751290075107],[21.01176767403375,49.17751615739805],[21.011655867483093,49.17747855868725],[21.01165533320916,49.1774783611496],[21.01162253034539,49.17746729475458],[21.011655740720784,49.177417063103306],[21.01196038841124,49.177342307520696],[21.012424296361797,49.17724818073105],[21.012627222124454,49.17723428933665],[21.012871073242156,49.177263690350294],[21.01300508740719,49.17727653513225],[21.013139642749596,49.177289487483165],[21.013518173311887,49.17726522022431],[21.013778759714427,49.177238896884326],[21.013935261464223,49.177194405540966],[21.01407433131896,49.17714799372995],[21.014149427302108,49.177122988849575],[21.01428135267155,49.17707481274419],[21.0144982547695,49.176992681132],[21.01463292024907,49.17691929543265],[21.014789555982084,49.17686940550402],[21.01484409026727,49.17693420958624],[21.014912090025337,49.17702781351925],[21.015010174978755,49.17716462519266],[21.015102756308874,49.17728352076665],[21.015173650377392,49.17738964338498],[21.0152280543366,49.17747785108381],[21.015274217108846,49.17755885705487],[21.015312148496836,49.17764517596181],[21.015336483338398,49.17772789947989],[21.01535807256772,49.17781422454991],[21.015376522503608,49.177947263227594],[21.01538041974146,49.17797548028782],[21.01538712341366,49.17802458624201],[21.015397604677233,49.17814503025658],[21.01539983661808,49.17822586111209],[21.015424039714777,49.17832838712181],[21.015459226666508,49.178420108151144],[21.01549716122967,49.17851543015121],[21.01552149547897,49.17859275169175],[21.01555118957331,49.17868447326182],[21.015604401049515,49.17867819908202],[21.015752231349335,49.178731555801],[21.01586410610069,49.17877194356312],[21.01593595777241,49.17880409127014],[21.016139696692317,49.17889519638628],[21.016265009657353,49.17890514208818],[21.01632002551934,49.178752265933966],[21.016371037066335,49.178610512831796],[21.01648107263215,49.17858475712506],[21.01662282963127,49.17866924513675],[21.016744987424428,49.17871527975443],[21.016910071569093,49.178337409712775],[21.016987726832227,49.178177530076475],[21.01710480989697,49.17798130516194],[21.01800651962511,49.177440585740186],[21.018197038556565,49.177327875695106],[21.018448433006398,49.177194735222706],[21.0186606380831,49.17707129858463],[21.018942947746712,49.176896311694414],[21.01910545069855,49.17687397707164],[21.019140701761245,49.17686909573319],[21.019151804260883,49.176825973211095],[21.019220953220987,49.17671830268322],[21.019354006177327,49.176595522192564],[21.019473411371045,49.17648246958394],[21.01960871398754,49.176205269165564],[21.019621396826473,49.17617930406896],[21.019743217248237,49.17589698184312],[21.01984366407477,49.17585272397912],[21.020470987434877,49.17551757507822],[21.020774039943923,49.1753585663276],[21.020918675563212,49.17531827037291],[21.021033750668146,49.175296546433074],[21.021313318004697,49.17527865874415],[21.021455078333926,49.175243670188145],[21.021485724566574,49.1752361170878],[21.021724054805162,49.17509029968845],[21.021834174548975,49.174987295530386],[21.021869317495923,49.17491686743003],[21.021817009208483,49.1748154068375],[21.021535412689584,49.17451992196602],[21.021471577642007,49.17432067167338],[21.021334829351314,49.174211864275335],[21.02113264431943,49.17399549537945],[21.021027780177615,49.173871882443976],[21.020991409290104,49.17378300552509],[21.020941937950195,49.173638782230334],[21.020906590764813,49.17340255798181],[21.020942023738424,49.17337715505743],[21.021206437623007,49.173319970162844],[21.021359119346894,49.17331288769911],[21.02147433841393,49.17332357930421],[21.021616150710877,49.173314971474106],[21.021612714933145,49.17319016654502],[21.02158867670901,49.17309800089359],[21.021651305684763,49.1730742953265],[21.021636234973926,49.17302680749721],[21.021611370536903,49.17296000361313],[21.021597153615033,49.17292478783745],[21.021580334867306,49.17289128779161],[21.02156357001135,49.17285526863393],[21.02155263920769,49.172816558823584],[21.021526682367014,49.17281481164537],[21.021504960573253,49.172782592111865],[21.02151025234054,49.172720103219625],[21.021554794813323,49.172605416539696],[21.02212446890475,49.17172099106951],[21.02216260886552,49.17166893693345],[21.02231019950568,49.17145200524352],[21.022342362150063,49.17140452771453],[21.022350532604705,49.17138732823116],[21.022362781462004,49.17136161881352],[21.022388421908484,49.17130780641495],[21.022445597583047,49.17132155554384],[21.022509093743576,49.1713515363176],[21.022523806786413,49.17135849846492],[21.022603459929993,49.171374601250655],[21.022678164398453,49.171379918918475],[21.022904599826035,49.17146662163313],[21.02309519920018,49.17145195075175],[21.023192594243767,49.17147853514805],[21.023173764020868,49.17152041562386],[21.023303147216726,49.17156154777526],[21.023557999062803,49.171581382612],[21.023801937458124,49.171591227724825],[21.024037377706488,49.17160268588698],[21.024080420861868,49.17153845683812],[21.024523000943503,49.17087711499606],[21.024742661892038,49.170542519095605],[21.024945937983304,49.17023745901373],[21.024978322845552,49.170188817690025],[21.02505235899443,49.1700779723361],[21.02507435487125,49.17004501781938],[21.02468993110348,49.17014421418616],[21.024278485488818,49.17025027096488],[21.02399943112602,49.17032877231806],[21.023625267826137,49.17044288487832],[21.023421313242014,49.170496104350065],[21.023259524186972,49.17056906493204],[21.023218272162538,49.17059157777554],[21.023141772723353,49.17063346811081],[21.023068004991888,49.170673736904874],[21.022963399595483,49.17071507059303],[21.02297555984985,49.17067423303342],[21.023017590595906,49.17054190792514],[21.023092339613658,49.170351139440925],[21.023125677985067,49.17028452347989],[21.023169225696602,49.17019735329831],[21.023252258278053,49.1699679615147],[21.023399249527554,49.1695614939418],[21.023463006909093,49.169445002440405],[21.023509389418212,49.169360265400684],[21.023312507051603,49.16936374801138],[21.023230735002958,49.169350277419646],[21.023146814585218,49.169341598373435],[21.023048123043246,49.169281479964596],[21.022993344632,49.16926330768656],[21.022940840146187,49.16924592979667],[21.022819427569026,49.16920478688324],[21.02273795674656,49.16922535747654],[21.022527443234345,49.16923658694516],[21.022378882266032,49.16922390809023],[21.022181767331364,49.1692087447674],[21.022008068534344,49.1691998369437],[21.021845719584036,49.16925306046373],[21.021554113693156,49.16934861246618],[21.02141361923869,49.16933457502335],[21.02137904290349,49.1692962639725],[21.02123234215365,49.169257265243544],[21.02122076773383,49.16925418662389],[21.020976920621308,49.16925595269788],[21.020939533280256,49.16926553635215],[21.020849776210532,49.1692885361796],[21.0208233638261,49.16938868913529],[21.02066809834628,49.169355802396275],[21.02049390289135,49.16933715275682],[21.02034680967041,49.16933046126798],[21.020166504514204,49.169287393338855],[21.020018977330015,49.169252057354875],[21.019960534539937,49.169208015089076],[21.019882141450218,49.16917898698315],[21.019875196619928,49.16917641947378],[21.019879688548986,49.169175125604156],[21.01991844506406,49.169163786354076],[21.01984920518943,49.16912632398117],[21.019759910666814,49.16907812341016],[21.019697427216094,49.16890646491831],[21.0195796626413,49.16874317521734],[21.019575541609527,49.16860034120925],[21.019589767119616,49.16856488315628],[21.019590458161957,49.168563015060315],[21.019691587731014,49.16851499867145],[21.01954701006859,49.16844446603934],[21.019527812072404,49.16843510626814],[21.019518469479,49.168408061992196],[21.0194752796478,49.16828249892221],[21.019438272720162,49.16825995335239],[21.019381971311294,49.16822570400772],[21.019248817280847,49.16817652119253],[21.019095128499814,49.16817717529029],[21.019055300750633,49.168177315398836],[21.0188801846999,49.16817807988074],[21.01865742732538,49.16811192571569],[21.018480609349254,49.16825803456168],[21.0183507720914,49.1683278903573],[21.01825081255236,49.16826106388113],[21.01799171985181,49.1680767711102],[21.017911724430775,49.16801464773683],[21.017846387077718,49.16796380681131],[21.01776756325854,49.16790253187224],[21.01755628153919,49.167701613239004],[21.017375969131024,49.16753042579384],[21.01735993229354,49.16748488624766],[21.017254698876542,49.16737908298665],[21.017250115833807,49.167372541044756],[21.017132327220395,49.16720429587187],[21.01695693967405,49.16700085720592],[21.01680757731642,49.16678017215806],[21.016684249589353,49.166578253724346],[21.016584351225113,49.1664366114266],[21.01649994636379,49.166307899593974],[21.016422104709637,49.16616328649196],[21.016385230607444,49.16606133639457],[21.0163252988943,49.165742467201696],[21.01629610339886,49.165647880436445],[21.016262491934484,49.165423503959836],[21.016247787500166,49.16520145586446],[21.016163837975512,49.16467472900289],[21.01613721305967,49.16442708242906],[21.016088819542812,49.1642563316706],[21.015812535736615,49.16361212973206],[21.015782586546962,49.16317701842399],[21.015780437786898,49.16315471038345],[21.015773112548708,49.16307767398985],[21.015778704575943,49.162958924949514],[21.015788545942907,49.16285652047927],[21.015807532476256,49.16279817027172],[21.01583331307046,49.16271906473047],[21.01587615042705,49.162587127859695],[21.016008664909997,49.1622650938559],[21.016271036038418,49.16134517159947],[21.01635437560056,49.161019819626134],[21.01635365290595,49.1608739446875],[21.01636142289712,49.16068495199818],[21.016396580755465,49.16049685429942],[21.01642568426944,49.160198720064166],[21.016450719717234,49.160080606307126],[21.01647918106494,49.159946308757156],[21.016502851152673,49.15984435607584],[21.016558969947344,49.15967125831426],[21.016586879068655,49.15954783652638],[21.016626704541604,49.15941030902074],[21.01667378069739,49.15924780955208],[21.016686671821965,49.15921725988528],[21.016716627921877,49.159146393447045],[21.01673318277029,49.15906761646022],[21.016781370689678,49.158968175485114],[21.01681886967854,49.15886487398257],[21.01686664789128,49.15877082149266],[21.01691852858733,49.158657096056885],[21.01697346504366,49.15857723234538],[21.017043683788707,49.15847508992759],[21.017156483638075,49.15825693739342],[21.017227316656765,49.1581015161697],[21.01727997941414,49.15792506403322],[21.017306928785935,49.15780701262895],[21.017322745279678,49.1577614331494],[21.01744211541921,49.157447701278876],[21.017563432148407,49.157195074414375],[21.017636592038937,49.15699813433014],[21.017740022907308,49.15676590036062],[21.017837947861107,49.15653204593034],[21.017863400962323,49.15647885841022],[21.018120727345746,49.15594086207017],[21.018344344541603,49.15540383484706],[21.018488560083316,49.155086321997395],[21.01860789790376,49.154823455960596],[21.018646078873132,49.1547562789486],[21.01874567561085,49.15446413787808],[21.01883789058442,49.15414807727129],[21.018995412095133,49.15401862466794],[21.019040535701766,49.15397931404693],[21.019845084876017,49.15330397100513],[21.020179934205085,49.153020861107706],[21.02066071146362,49.15261439948824],[21.02088417120926,49.15243163775891],[21.021451672648723,49.1519674130134],[21.021495844801155,49.15193878425305],[21.022013717735412,49.1516039331973],[21.02213683532842,49.151524311859134],[21.022358971602348,49.151380578118335],[21.022977104370593,49.15101937453394],[21.023012932557467,49.15108446600412],[21.02327249987485,49.151225371443594],[21.023362432598052,49.15126296771616],[21.023605891793068,49.15136472326559],[21.023788522845233,49.15140345258975],[21.023893224123327,49.15152868073771],[21.02401798451175,49.151655463399315],[21.024218467234686,49.15155468525259],[21.024272550600585,49.15152745916085],[21.024442694554903,49.151448469061165],[21.024556927459045,49.15141357128295],[21.024720809792168,49.151373720347834],[21.024903035259683,49.151310969176805],[21.024977957109876,49.15128586286266],[21.025097786606658,49.15122962956505],[21.025202551265,49.15116390174891],[21.025274233077344,49.151103667354256],[21.025311061470195,49.15105418055891],[21.025327507393932,49.15102914789641],[21.025332907775883,49.15091804508444],[21.02533276971493,49.150774980552704],[21.025350407097378,49.15071973615965],[21.02537807743717,49.15068966761287],[21.025444967863685,49.150663668920615],[21.02534014846466,49.15060155041888],[21.02548250049283,49.15056684848199],[21.025725631234756,49.15051355470347],[21.025949015897165,49.15051435577231],[21.02599114352262,49.15051446883192],[21.026005187791128,49.150387082047914],[21.02602937247875,49.15027983278852],[21.0260585569396,49.150193543797954],[21.026077779379115,49.150133669357736],[21.026079227436,49.15009644354167],[21.025994878286248,49.150023198861724],[21.02590448242344,49.14994462516753],[21.02592589585263,49.14987032711058],[21.025978785708173,49.149813531064],[21.026147101256655,49.149691534088234],[21.026362989614636,49.14962456649328],[21.02651278758661,49.14957849208792],[21.026591899434198,49.14953245406631],[21.02673268023245,49.14951300484776],[21.026878518116117,49.14949020907876],[21.02673106771494,49.1494020335396],[21.026744146989515,49.14930909727636],[21.026795178137345,49.14924782876846],[21.026877803812646,49.14919344215801],[21.0266893436247,49.149090425025015],[21.02688721764772,49.149109029421126],[21.0269935835532,49.14909998214673],[21.027158112876375,49.14905870866022],[21.027355497751554,49.14904209403067],[21.027174501604716,49.14891663303789],[21.02720097143955,49.14881359951229],[21.027243334492102,49.148721797740365],[21.027738652647354,49.14899912199924],[21.027781447750982,49.14902302449763],[21.027900021033595,49.14900501096626],[21.02797010769231,49.148971192325604],[21.028022428309157,49.148932743296726],[21.028052042351895,49.14872654609087],[21.0280953046,49.14844885852857],[21.028098593322305,49.14842717809742],[21.02808200381388,49.1483925156014],[21.02807726201541,49.14838263769055],[21.028076568879126,49.14833741933847],[21.028131313610235,49.148205326578],[21.028136778891874,49.14816940207714],[21.02812038153188,49.14805245713291],[21.028062799995784,49.148011777195855],[21.028047599230803,49.14797508921639],[21.027967699526375,49.14788659550057],[21.027846124586723,49.14785004217903],[21.027695892846626,49.14779319803208],[21.027672969489426,49.14748517359742],[21.02765178230964,49.147411557605196],[21.02774462207035,49.14738172182579],[21.02775946837121,49.1473379101915],[21.02772519270753,49.14726314740231],[21.027655842443625,49.14718760160848],[21.027573391293398,49.14695704473],[21.0276204078449,49.146952364910675],[21.027684851083578,49.14694591220917],[21.027845134285197,49.14692979843482],[21.028037929473356,49.14689574731186],[21.028358572943425,49.14719780781726],[21.028713312283408,49.14745200110656],[21.028867102915143,49.14753434874776],[21.0289626544643,49.14769528682523],[21.02912434344243,49.14787998696589],[21.02931033158126,49.14804648179548],[21.029683319750834,49.148357085573124],[21.029983611286912,49.149136814013836],[21.03021814470806,49.14940005117637],[21.0303824616209,49.149640834115885],[21.03055654643523,49.149865008968185],[21.030620575913606,49.14994749188766],[21.031119417030705,49.14999182467352],[21.031818797800668,49.14993977814228],[21.032420711462567,49.14979362371651],[21.03270831001284,49.14972384691295],[21.033040183042484,49.1496638831539],[21.033523733572892,49.14957644284331],[21.034398543827457,49.149507581557174],[21.034797000806524,49.14946184312633],[21.03489823579623,49.14943713644706],[21.035236755929382,49.14932003309271],[21.03546227110883,49.14918178763769],[21.035818757696678,49.149023042505355],[21.036212658762167,49.14889585335313],[21.036272022658636,49.148876716411074],[21.036276521892084,49.14869184922257],[21.036334888491506,49.14866592751085],[21.036412350128753,49.1488323024034],[21.036550974168907,49.14918279827438],[21.03663328498885,49.14942306586521],[21.036532774914363,49.14957987284973],[21.03648044517579,49.149574930319964],[21.03655717729229,49.14979457953381],[21.0365985143326,49.14982149226923],[21.036594750648295,49.15000935428522],[21.036631466996557,49.15017008263941],[21.036651177593633,49.15028704328755],[21.03672947781237,49.15039150381323],[21.036710562964778,49.15044202637219],[21.036713634973406,49.150532157054144],[21.036794398061353,49.15078749916084],[21.036807953971802,49.15085150160241],[21.03687350924155,49.15144801596004],[21.03687710936781,49.15166195605333],[21.036877368539148,49.15169122447453],[21.03687650162524,49.151828043037845],[21.036864569845072,49.15195144743165],[21.036855644195104,49.152065946471424],[21.036811211990784,49.152574076007255],[21.036804859602736,49.15266723136399],[21.036793871059437,49.152758165295495],[21.036784945110096,49.15287266429482],[21.036784775460518,49.15287490954772],[21.036775011971997,49.15298596014795],[21.03677386888954,49.15309918162778],[21.036773534960055,49.15321441008284],[21.03677802362129,49.15332394331245],[21.036868675824984,49.15377182192734],[21.0368851472241,49.15385356504441],[21.03705169297152,49.15418353941471],[21.037571006355655,49.153961117423556],[21.041254870520657,49.15554945491905],[21.041417926816173,49.15542231436143],[21.041606820840073,49.155287459557606],[21.041746691388067,49.155165597873534],[21.041978485863844,49.15500062464208],[21.04219732681785,49.15485449699785],[21.04227140418646,49.154574926617],[21.042384643129886,49.154474887418566],[21.042927255879455,49.153977885925606],[21.043087106184576,49.15388584107122],[21.0435861093163,49.153591970338304],[21.043985750162335,49.15325418002399],[21.044260302195756,49.15278772820473],[21.044656940754606,49.15259154607116],[21.044996623825956,49.152335175542305],[21.045005849419177,49.152323860906044],[21.045162957706964,49.15213152085314],[21.04520274561091,49.152066189082426],[21.045380243662457,49.1519693119907],[21.04549172093713,49.15192161053551],[21.04559524784239,49.15189561849407],[21.045685818634183,49.151881270208364],[21.045774292099388,49.15188017830441],[21.045959120941646,49.15193730972225],[21.04605773516699,49.15191457910375],[21.04613980518637,49.151918320949086],[21.04666831799085,49.151942661334665],[21.046735886629087,49.151738142959196],[21.046693723357436,49.15131777544324],[21.046474569264397,49.15065254846141],[21.046375795435942,49.15054995211258],[21.046672826029784,49.15045676933843],[21.04629252406794,49.15040374357601],[21.045975770411903,49.150327028880795],[21.045858445928474,49.150312150083266],[21.0455412656707,49.15027206265312],[21.045416565419508,49.15026945837674],[21.045214922390418,49.1503007303531],[21.044978139855463,49.15040486698083],[21.044717741115587,49.1472324816312],[21.04471615788075,49.14721343384178],[21.043655741045626,49.14477610907895],[21.043672962776334,49.14476793504716],[21.043814588453795,49.14470059701147],[21.04469525990955,49.144297748651454],[21.044930486472484,49.14410101143583],[21.044907113419093,49.14406153997004],[21.045085086836114,49.14381234773037],[21.04513279956369,49.14363815609716],[21.045099361675728,49.143397229891896],[21.04500538093747,49.14307835356576],[21.04490240566974,49.1427404588885],[21.044812230056603,49.14245123574046],[21.044797701890598,49.1423963858642],[21.04477114638274,49.14223166851489],[21.044738989236865,49.142046602524985],[21.044689151896975,49.14176841133011],[21.044634204254272,49.141667234533365],[21.044508610594878,49.14148381803338],[21.044248860361147,49.14131432393248],[21.04409636375187,49.14121475268336],[21.043876578039953,49.140941128694124],[21.044005025873446,49.14066440174016],[21.043899996316195,49.14051406282205],[21.04435489076312,49.14024829038715],[21.04440370870392,49.14022142493478],[21.04483766305119,49.1399821604791],[21.044983532876948,49.13992567277437],[21.045207821491047,49.13981915133844],[21.045292822992984,49.13978373621076],[21.04530444624926,49.13983525073542],[21.045506425928597,49.14041799974268],[21.04561878775009,49.140744224650824],[21.045649628107906,49.140833905287245],[21.04568735405729,49.14088320548192],[21.045714583156418,49.14091884061346],[21.04590968370892,49.141126838051875],[21.04620370339844,49.141435276642916],[21.0463479346398,49.141588145051756],[21.046566619393616,49.141820133966675],[21.04677434401204,49.14199180663495],[21.04686293689644,49.14206175241542],[21.04693702361232,49.14212024398187],[21.047026790219956,49.14220922411104],[21.0471275450418,49.142309004007856],[21.047149433369835,49.14232447877694],[21.047153174782768,49.14232946174425],[21.047161411306668,49.14234035242294],[21.047335186101314,49.142474550733276],[21.047495488972036,49.142605430963116],[21.048567034779634,49.14397477933191],[21.048975552298348,49.14436686758952],[21.04910605297213,49.144711411424005],[21.04909075765015,49.14482705475674],[21.04906635393219,49.14501262649038],[21.049008798062307,49.14531587368223],[21.04900627091736,49.14532938634693],[21.048963801759722,49.14553615987909],[21.04895491788383,49.14555207740283],[21.04893564079728,49.14564040252129],[21.049032228716605,49.145903180003835],[21.049040281991395,49.145914694774326],[21.04916467137796,49.1460907736815],[21.049261751055507,49.146230405489305],[21.049333823901147,49.14642693618631],[21.04941345320068,49.14707719361582],[21.049434668416406,49.14725109909333],[21.049526081351484,49.14789435551262],[21.049548619758557,49.14859750073244],[21.049551577390456,49.14870950397441],[21.04956081031943,49.14904984677784],[21.049583523784143,49.149659546117455],[21.04961911731507,49.14989405727482],[21.049616615320765,49.15032828112694],[21.04953218790895,49.1506092302609],[21.04943657723986,49.150931140763085],[21.049244472982537,49.151586636829265],[21.049115176171085,49.1519220404162],[21.049017030227176,49.15205156434055],[21.04894053346015,49.15219979573465],[21.048740275862375,49.15258799783728],[21.048605669386884,49.152857146840844],[21.04857966080196,49.15290906155591],[21.04839680693889,49.15325929431438],[21.048361672779606,49.15331937605899],[21.04813022597468,49.15331250507418],[21.047872763920807,49.15330479039288],[21.04786861971877,49.15355656009355],[21.047867842936707,49.15360695173029],[21.04771210446039,49.15373928949379],[21.047422515401898,49.15401583771829],[21.04702841803551,49.15432401889951],[21.04693239441737,49.154685707559445],[21.04673600323826,49.15504594268291],[21.0470131877941,49.15515999421491],[21.047120463917445,49.15540673307983],[21.04716042141553,49.15572349354492],[21.047066025406348,49.15601438133911],[21.047036190769507,49.156401173292274],[21.046884659317385,49.15660504033383],[21.046968134265416,49.15671956374366],[21.04704255773887,49.15702159614161],[21.047123873775085,49.15735968377871],[21.04733010140731,49.15755210058738],[21.047509109681496,49.15773778275372],[21.04751521750545,49.157769671254044],[21.047554982633848,49.157979739492205],[21.047682510937832,49.15821651017739],[21.04773066715068,49.1583061201973],[21.047785840439346,49.15844106257676],[21.047829171271694,49.15854735172516],[21.04775331910881,49.15865770074238],[21.04760823299158,49.158868889931426],[21.047407221411824,49.15900975352305],[21.047301833119317,49.15916956164117],[21.047274871112492,49.159146630370444],[21.046839427381563,49.159030240954614],[21.046808825080028,49.15901736493226],[21.046654062792232,49.15894707598718],[21.0465271403429,49.158893534684964],[21.046282717522892,49.158770731800026],[21.046058064325205,49.158545935236816],[21.04593759309723,49.15779135886702],[21.04598054015715,49.15763681954082],[21.04599483994436,49.15743255500854],[21.04597652290943,49.15726036385123],[21.046058974507933,49.15705884940029],[21.046019312579144,49.156696362853346],[21.045935427775717,49.15621765386776],[21.04590370817051,49.15622508808875],[21.04568756799338,49.1563937275144],[21.04559895488707,49.156709740239215],[21.045555249448835,49.15728946679722],[21.04562024696489,49.15789486585468],[21.04566193407668,49.158095724229696],[21.045714915729118,49.158374374618795],[21.045279336607013,49.159434216548746],[21.0455101036077,49.15978003298208],[21.045505771594616,49.15985569771791],[21.045479932841896,49.1603294976502],[21.04539260502145,49.160424438178445],[21.04533879033298,49.16063930500116],[21.045324321339027,49.16077658156612],[21.045238070748297,49.16121952259244],[21.045202659330084,49.16140149503134],[21.045180876764125,49.16151377614884],[21.045136530007007,49.16190162726364],[21.045088383501753,49.16198667458731],[21.04500582558461,49.1620911326904],[21.044941186744467,49.16224559831738],[21.044846370402755,49.162472549567646],[21.04485545251573,49.16258331080962],[21.044866638362727,49.16272078912166],[21.044653305687262,49.16290275271576],[21.044652833786184,49.16297818246108],[21.04474354980584,49.163115089202634],[21.044850492972298,49.16320066492981],[21.044891282091147,49.163200457305045],[21.045077383617176,49.163199380456234],[21.045346072352196,49.16316812059964],[21.045751633224597,49.163131394977775],[21.04594374711323,49.163107013925654],[21.04637627329454,49.16304037027347],[21.04504517265535,49.163411706596996],[21.04488685640826,49.16348669877356],[21.04473537068666,49.163558491150056],[21.04455718910342,49.16367479253145],[21.04431842222471,49.16392633403873],[21.044238924034893,49.16401018405602],[21.044245284076933,49.1640842148588],[21.044254870859195,49.16419373206467],[21.044229050702107,49.16443048336781],[21.044227398701974,49.16444510465033],[21.044233213729214,49.16445537661689],[21.044330287691327,49.16462814160308],[21.044244674196747,49.16464562133741],[21.044094075176798,49.16467647817054],[21.043925574739077,49.164831805601196],[21.0438739699594,49.16489711379503],[21.04396455873686,49.165061205885074],[21.044079792996566,49.16533539355251],[21.044248338092093,49.16573645168778],[21.044483184536737,49.16598660918367],[21.044612347777175,49.166305542475406],[21.04468953144384,49.16663287310025],[21.044154280186568,49.166721297892835],[21.043587425155685,49.166682653289136],[21.044335051422916,49.166918474524046],[21.0446076899347,49.16703535275248],[21.04471055855313,49.16721874841787],[21.04474930470973,49.16731120510642],[21.044858936138926,49.16757242552394],[21.044934959788957,49.16779321294578],[21.04497523913898,49.16785078770472],[21.045179322429068,49.168008385359265],[21.045461757673205,49.16822668225793],[21.045802756580944,49.16852232188924],[21.045858966435276,49.1685561947797],[21.045948667706384,49.168579269504086],[21.0459783046136,49.16857770947935],[21.04609010035036,49.16857179060011],[21.04620080010396,49.16862957704418],[21.04604787316671,49.16874579934535],[21.045567785219298,49.16895818972006],[21.045535158454282,49.16911774473368],[21.045605156717386,49.16947130978253],[21.04576052406726,49.16966144779155],[21.045905153641723,49.16986654246227],[21.046245342032925,49.17015126029717],[21.04601469788601,49.17025289940081],[21.046308793098806,49.17039324580472],[21.046596948940575,49.17047397941826],[21.046995464124773,49.170536951984296],[21.047402113516124,49.170635928442614],[21.04766939337153,49.17081879641611],[21.04805120618677,49.17097773555021],[21.048317061220082,49.17116316656409],[21.04855929628205,49.17139968863851],[21.048730415099833,49.17166163547785],[21.04882162671191,49.171952683946515],[21.048981871700207,49.172408201142375],[21.04903581378661,49.17256155767965],[21.04903795878715,49.1726606593743],[21.049047723340422,49.173094196538635],[21.049041123513465,49.17314169828622],[21.04889520976354,49.173235824247115],[21.04866550990787,49.17330841988843],[21.048704176379758,49.17320892962402],[21.04842609604857,49.17328761011898],[21.048513469160834,49.17355854775429],[21.048391789914643,49.173910491804236],[21.04828746287423,49.17402487042193],[21.04810298819652,49.17407489234576],[21.048080541718637,49.174010154314],[21.047656275884144,49.17410444365946],[21.047165432262556,49.17420755765772],[21.047760327476862,49.17538380011478],[21.048185978733777,49.17548626885705],[21.04809779884713,49.175555795714004],[21.047805900433357,49.17611640418898],[21.04752499729991,49.1763379580354],[21.047227677154915,49.176773609057264],[21.047301335812755,49.176769243581894],[21.047706458104475,49.17633168336266],[21.04787981498684,49.17604668544664],[21.048202948716092,49.17593525419939],[21.048575994784013,49.17551861931886],[21.04860468896442,49.175363798235125],[21.04890532361023,49.17528116600394],[21.04918343848013,49.175034490729345],[21.04942137307625,49.174770668481784],[21.049669180582804,49.17480228117215],[21.049836593449218,49.17469804687806],[21.050035111858993,49.1746365930976],[21.050273851709886,49.17443491547439],[21.050601819519287,49.17425179131473],[21.050798167000554,49.17416442767251],[21.050896410020766,49.17413987916649],[21.050985696868313,49.17411756146479],[21.05108460243799,49.174199088547454],[21.051429944951856,49.17448359554174],[21.05166499866615,49.174677293640805],[21.051946874723004,49.17486557429985],[21.05266098395793,49.17534260931375],[21.05270295449384,49.17537061592439],[21.053341471896864,49.17571735923645],[21.05363184980134,49.175438840432484],[21.05332303352775,49.1750920519795],[21.053343800444768,49.17505878290826],[21.053386209724817,49.174984260501915],[21.053454971722864,49.174880701001],[21.053464373468238,49.17486525008742],[21.053562407698493,49.17472122418574],[21.053654521375943,49.17456098153695],[21.05352565200761,49.174306442142374],[21.053435264904763,49.17404963636336],[21.053536859699474,49.174022493250604],[21.05357553796729,49.17401213076642],[21.053626965227917,49.17399839947992],[21.053777323555398,49.173958248948736],[21.05354790850543,49.17363482580676],[21.053454808124755,49.17353998434804],[21.053182462222285,49.17330538048082],[21.053081785499103,49.17311783373403],[21.05305287879903,49.17306405141487],[21.053052038905754,49.173011357256414],[21.05304863661944,49.1727920264701],[21.052999574142003,49.1725718484932],[21.05295765339014,49.1723844920641],[21.0527083916683,49.17192358026178],[21.0525756863902,49.17177487929792],[21.05240435549228,49.171582974589505],[21.05244230718482,49.171461853192675],[21.05244520858569,49.17145249402855],[21.05241474360514,49.171295397620675],[21.052369496155425,49.17114133392959],[21.05236557248331,49.171127792608075],[21.052375228106854,49.17112720479609],[21.052442557042486,49.17112290160388],[21.052430851470312,49.17098837937253],[21.052430616325083,49.17098603100507],[21.052434760651085,49.170854362457426],[21.052458955423685,49.17085397506876],[21.052508786564477,49.17079391772359],[21.052841957147354,49.17039164548456],[21.052830862242438,49.17034933288649],[21.05280630737673,49.17024140363238],[21.052767413117873,49.17020359320109],[21.052749070643276,49.170193726641145],[21.05257740388839,49.17010120323911],[21.052299441949167,49.169968867701535],[21.052301938072006,49.170196542255546],[21.05221054909721,49.17019034348801],[21.052201976222484,49.17010723918135],[21.052175045871902,49.17006189316968],[21.052132248708403,49.16995373341458],[21.052132064388946,49.169905111682745],[21.052144846991375,49.169873925146604],[21.052152942622815,49.16985393059371],[21.05213926531894,49.169831340741666],[21.052121606666052,49.16973578840399],[21.052130488256942,49.1696579305109],[21.05212402096862,49.169627111263225],[21.052041274085063,49.16957725777571],[21.051908296532307,49.16943592922554],[21.051832003007913,49.16927482825346],[21.051814328674897,49.169254269672535],[21.051812066694325,49.169153003588015],[21.051771393598482,49.16905859680882],[21.05172276659839,49.168967713772204],[21.051691621122668,49.168896302725464],[21.05166897950146,49.16889430940926],[21.0516368215805,49.16876704742355],[21.051660058148702,49.168761137431154],[21.051691045359565,49.16866869010925],[21.051766118683243,49.16859612582673],[21.0517720392258,49.16855760488622],[21.0517668150238,49.16852304460194],[21.051643191244807,49.16842712301733],[21.051634139014897,49.168328518016224],[21.05162980773103,49.16822556436583],[21.051626964334446,49.16811743717583],[21.051596855564412,49.167955670202694],[21.051582403368847,49.167881378339665],[21.05159523172884,49.16779122413242],[21.05171970189253,49.16779381286593],[21.051890242961264,49.16782274081947],[21.05193752036968,49.16782211042047],[21.051987685765535,49.16781959283653],[21.052288116662794,49.16780464876975],[21.052384729420258,49.16776510177272],[21.052195187194044,49.16767487982044],[21.05201282118822,49.167618830854614],[21.05196061789396,49.16760282647517],[21.05172505904868,49.16755486845578],[21.0514003391859,49.16761890096656],[21.051394147362725,49.16746042896338],[21.051425434261226,49.16740229255176],[21.051457111531445,49.167337146482744],[21.05165187569883,49.167348853151566],[21.05167095066502,49.167288790869875],[21.051687377547452,49.167223781280946],[21.051737478225743,49.16722576319446],[21.051744339373535,49.167147389699736],[21.05175233172974,49.16707040326055],[21.051697855039198,49.16706089728782],[21.051728575136384,49.166948274716496],[21.051742725469275,49.16686608585131],[21.051757014455838,49.16678570205824],[21.05179446482916,49.16670768853589],[21.051817978412906,49.16660689659224],[21.051840014980616,49.16653666680552],[21.05186033994554,49.16645269715128],[21.051877593315314,49.166336577621486],[21.051919182452952,49.166261939090916],[21.051922816182334,49.16621001975516],[21.0519241203157,49.16617080917685],[21.05187073460093,49.166084813619754],[21.05181048889997,49.16604253029114],[21.051696383213013,49.165989860580765],[21.05159482376297,49.165938317140096],[21.051526812798155,49.165909826848896],[21.05145657428602,49.16584345206105],[21.051499825966832,49.16570296597335],[21.051731907342287,49.16566204325208],[21.051873272882077,49.16563708976998],[21.052085175148235,49.16568914368124],[21.052511855944825,49.16580612755546],[21.052883318108815,49.16585965278281],[21.052925827549625,49.1658658000019],[21.053175389243744,49.165933745330605],[21.053781027806707,49.165978729891854],[21.05645328154138,49.1655073365994],[21.058627684308778,49.16511801942514],[21.058678479019505,49.16510525609752],[21.058937538665457,49.16493536929953],[21.05875064778878,49.16479158632372],[21.05869979802601,49.16470459578115],[21.05875573622301,49.164563077126154],[21.0587902110744,49.16448064417627],[21.058788634867536,49.16441757295439],[21.0583964500807,49.16401507440386],[21.058376027824355,49.1638374173703],[21.058457410595953,49.163645944698274],[21.05837859017001,49.163576776077804],[21.058056514926975,49.16357320966214],[21.058334380809903,49.163536634910315],[21.058240450950017,49.16339450450719],[21.058121621290038,49.16336815692702],[21.057882786170676,49.16334207199629],[21.057787040127387,49.16320951557529],[21.05766448632097,49.1631706231198],[21.057560140725116,49.163075780799126],[21.057536237733384,49.16284219287808],[21.057535269353863,49.16283315866441],[21.057287077519465,49.16266128288079],[21.057174447499627,49.16262919273931],[21.056969211223304,49.16264380477311],[21.056761296045288,49.162586306500266],[21.056521572263023,49.16237671039887],[21.056361732469394,49.16237730409812],[21.056072105366635,49.162424297192985],[21.055990150882494,49.16240418136626],[21.055875621472193,49.16224400692236],[21.05576517470977,49.16221576718553],[21.055343126260357,49.16217258804138],[21.055112211456464,49.16211794398366],[21.054295044925393,49.161954665229125],[21.05387737737524,49.16198832742087],[21.053190872171722,49.16185834780899],[21.053197572952598,49.1618076080076],[21.053197824544306,49.161771424323376],[21.053186391022603,49.16153841828351],[21.053186236980743,49.16153499218014],[21.053152692069627,49.161533816566454],[21.05300166137883,49.16152865868553],[21.05290156305181,49.16149976071208],[21.052671950210662,49.16143335989683],[21.05262179799007,49.16143578796227],[21.052309868106683,49.161450809570404],[21.052281994257314,49.16141623627516],[21.05229144073677,49.16071251137831],[21.052360722820602,49.16033915090554],[21.052491490985524,49.15961207395545],[21.052502717245606,49.159015991592895],[21.05250462690886,49.158917651100055],[21.05250963598197,49.15846802551954],[21.052594592389763,49.15803224144054],[21.052596643692205,49.157813445907394],[21.052597414197376,49.1577265922892],[21.05254558159444,49.157722213587604],[21.052175179315558,49.15757697920249],[21.051879433991257,49.15755966200777],[21.051801111266446,49.15757531220134],[21.051139534438384,49.15754902912496],[21.050935392916553,49.15745634998177],[21.05067495055037,49.15741136343388],[21.050645401131202,49.15732433801333],[21.050947110604984,49.1573444624027],[21.05127723499456,49.15736640641365],[21.051846925741547,49.15741708290917],[21.052432290445307,49.15750391569793],[21.05295355852792,49.15759614335898],[21.053037026173165,49.157597854572266],[21.053602095173456,49.157609660059],[21.05391285904003,49.157609813049156],[21.054026237541255,49.15760988056091],[21.054065704944378,49.157607106290044],[21.05422441638864,49.157595766224034],[21.054524082921315,49.15759015675756],[21.05469548493947,49.15757616563369],[21.054879045199627,49.15756112711127],[21.055153288708446,49.15748104950758],[21.055504097647415,49.15738310115949],[21.056082595009556,49.15714504729881],[21.05616672899652,49.15711049599622],[21.056220137393698,49.157090256005255],[21.056382461685875,49.157027172979525],[21.056445525704664,49.15700265363098],[21.056722978884736,49.15689440707537],[21.0572120325437,49.15670297191173],[21.057706064564496,49.15654752741697],[21.058317708876675,49.156412447768446],[21.05891091368867,49.1563400596951],[21.059113043055305,49.1565473568251],[21.059219044141646,49.15663829056341],[21.05970054224989,49.15703890333538],[21.059769501050496,49.15713143058481],[21.059838520813393,49.157223149488615],[21.05992471714425,49.157343872481384],[21.059903352714887,49.15736514937724],[21.059899963564433,49.15749252118398],[21.059899316746385,49.157513927228315],[21.05992752604102,49.157661045939534],[21.05996165359044,49.15770743314797],[21.06010714024634,49.15790506565434],[21.06014301661652,49.157953760018145],[21.060155739002436,49.15796713520495],[21.060348207407397,49.15816979618332],[21.06043394453572,49.158245489273774],[21.06045448151971,49.158321146900285],[21.060457382998994,49.15833186405709],[21.06045186138201,49.158449263704206],[21.060487096893574,49.158493705859485],[21.060559683455093,49.15857635642674],[21.060660298137194,49.158591039996615],[21.060760894360715,49.15865532890087],[21.06081049464244,49.15872967441048],[21.060854887267215,49.15880025053288],[21.060880949021648,49.15883890447659],[21.060914127950856,49.15889246301504],[21.06093175909173,49.15896478560851],[21.06108070646005,49.15896833568866],[21.0611904980362,49.15897233160118],[21.061240274878134,49.158943779405966],[21.061324182414413,49.15897439813124],[21.06148237315727,49.15896636236995],[21.061536640817497,49.15900232581916],[21.061576198378265,49.15902944153028],[21.06163443277213,49.15906742362977],[21.061546381227373,49.15913588329157],[21.061453491450838,49.159129822689884],[21.06135499391148,49.15912349089062],[21.06106255687066,49.1593380389581],[21.06111846843716,49.15936856391383],[21.061176028023446,49.15939725145318],[21.061356719413283,49.15940767818496],[21.06144851673839,49.159410012379006],[21.06156255911681,49.15941225456729],[21.061653054477528,49.1594136462676],[21.061722674202603,49.159415174084074],[21.061811297500004,49.15941407442978],[21.061912700921013,49.15941644834477],[21.06198795880849,49.15943247265654],[21.062068763894587,49.159449576310855],[21.06223662315039,49.15943527953664],[21.06234184151927,49.15942706279969],[21.06242137842431,49.15944277482904],[21.062509444023707,49.15945642138487],[21.062550460593418,49.15946593816145],[21.062615584789278,49.159452375510085],[21.062763261148028,49.15945093076781],[21.062878859341208,49.15945439226423],[21.063157833595948,49.15923256314686],[21.0631994444587,49.159252452204825],[21.06337115028879,49.159197855014504],[21.063505975697083,49.159106055718155],[21.063535638751627,49.159085766271076],[21.06405536881252,49.158895202795016],[21.064307198287736,49.15874964991102],[21.064624060322245,49.158719811261115],[21.06490011221091,49.15867587100771],[21.064986755874354,49.158702974167056],[21.065263194145732,49.1587893172065],[21.06551515347451,49.158757292332304],[21.065617296629494,49.158744292009466],[21.065828663176074,49.15874651842206],[21.06650952350672,49.15887102048224],[21.066600764865893,49.15882399698449],[21.066723144373128,49.15873332331399],[21.06676563956315,49.15868832888918],[21.066908522283555,49.15854754002275],[21.067050932924733,49.15841303778757],[21.0670905114548,49.1583684893822],[21.067175814610504,49.158272478443635],[21.067308491692277,49.15811947628267],[21.067365284958576,49.15805036484223],[21.06741323740643,49.157969174571214],[21.067523921596987,49.15779457643759],[21.0675650057074,49.15775556818335],[21.06769493136298,49.15763191631095],[21.067872789125282,49.157471277304325],[21.067977222168665,49.15737822331381],[21.068087137610526,49.157305422370605],[21.068298688538636,49.15715856297876],[21.068511964540253,49.1570124790709],[21.06861658915921,49.156931494579126],[21.06872307433663,49.156849489627405],[21.06887160028711,49.15673399850185],[21.068928586647726,49.15668974051916],[21.06913724912192,49.15652640143326],[21.069320857395084,49.156382330978865],[21.06944438839284,49.15628529980912],[21.06950884843323,49.15623471032537],[21.069723532982906,49.156082547845244],[21.069815098950468,49.15601275527356],[21.06992809284457,49.15593726105699],[21.070148540823215,49.155801578750285],[21.07037315077371,49.155656127005884],[21.070519424320146,49.155561448040196],[21.07055949232015,49.155502959924846],[21.070644557825975,49.155554766016756],[21.071218430477437,49.1562075936267],[21.07134461453326,49.156186900193084],[21.071394643217808,49.156178698479806],[21.07142889592864,49.15615387351458],[21.071581746525684,49.15604283984745],[21.071832983676813,49.15599637407744],[21.07196525939063,49.15599514228005],[21.072330631752006,49.155949560183046],[21.072347569211267,49.155954336928765],[21.07244635879636,49.15598236588479],[21.07248462074537,49.156065343767054],[21.072562343656227,49.15619694721316],[21.07263655209134,49.15628198275101],[21.072800123908547,49.156399964994336],[21.072964834102716,49.15657794255091],[21.073099381850295,49.15669309926233],[21.073440020604203,49.15722938090191],[21.07368875697688,49.15755941906406],[21.07369412776284,49.1575665241236],[21.073713160315172,49.1575855025316],[21.073889534922102,49.15776178326801],[21.07405633408606,49.15807522870617],[21.074155984650528,49.15843305732567],[21.0741770699821,49.158508999569655],[21.07459074418633,49.15829688167719],[21.074705029329557,49.158018770925366],[21.074733451657448,49.15786636741583],[21.074758224870823,49.15773338260359],[21.074770788677387,49.157666355727144],[21.074502687555352,49.15740240791483],[21.07416026497608,49.157042077798245],[21.07400388618773,49.156877424420344],[21.073759594865592,49.156469655341965],[21.0736420400606,49.15627231033128],[21.07356025494931,49.156121580951144],[21.073589562713856,49.15612063378748],[21.0736625300649,49.15609570401221],[21.073799012820952,49.156038247787436],[21.073996692036864,49.155964575428094],[21.074055972614858,49.15595378947799],[21.074246624419263,49.15591716226872],[21.074650165185,49.15582553656168],[21.074693897927382,49.155800565636426],[21.074700212452818,49.15578771473628],[21.074881584584237,49.15578337814738],[21.07525524248855,49.15576092084504],[21.07559617559245,49.15566763757239],[21.075751575319856,49.155617809997324],[21.075897644089615,49.15554958635665],[21.076170461001112,49.15551730993588],[21.07629510258538,49.15550250351605],[21.0764702786806,49.1554800495655],[21.076606604768646,49.1554686796231],[21.076722861707342,49.15543199628834],[21.07680001380501,49.15540062716812],[21.076889599879227,49.155360835143604],[21.077073960112124,49.15528528896802],[21.077263947525015,49.155200560551826],[21.07730306182457,49.155169408288245],[21.07735938788593,49.15512467509456],[21.077436788385715,49.15512302287142],[21.077478028554893,49.15512218839043],[21.077637543475422,49.15506132725275],[21.077841287886123,49.15497064832381],[21.078080013061108,49.154860027200485],[21.078186542794693,49.15475694905531],[21.078267176471098,49.15467896634664],[21.07833016501739,49.1546405688447],[21.078474408351333,49.15455994961941],[21.078629929562204,49.154535960383434],[21.078670613403286,49.15452970592418],[21.078806783327572,49.15441200526224],[21.078839465846833,49.15438424689101],[21.07894424807573,49.154295336389836],[21.07909307174851,49.15417543137337],[21.079223515808234,49.15406636897504],[21.079364169700447,49.15395475371309],[21.079487622863585,49.153854739241],[21.079651000869397,49.15372737890096],[21.07981619193017,49.15364923196768],[21.079988845990684,49.1535630420705],[21.080350366769824,49.15337938886371],[21.0805277234384,49.153307393716],[21.080982507580785,49.15312277420459],[21.081391267062795,49.15289643192941],[21.081476739493038,49.152849122163985],[21.08222008804689,49.15243744432896],[21.082163535094615,49.152389713620764],[21.082349500505213,49.15226298527954],[21.08246790866144,49.15218261205108],[21.083125707907676,49.15183930341288],[21.083181536656692,49.151810306574255],[21.08316901176963,49.15179054837478],[21.08314113457168,49.151746619835436],[21.08343122509257,49.151662755731124],[21.08346138892753,49.15165949294064],[21.083889740240014,49.151613557408645],[21.084104729610548,49.15156680280076],[21.08418955232683,49.15154836928793],[21.084298937169,49.15146194287627],[21.08433919316203,49.15143010487923],[21.0843722389684,49.1513845312293],[21.084400086672034,49.15134608296882],[21.084461611891342,49.15103467080124],[21.08455483165035,49.150892628192715],[21.08459098380109,49.15084220266728],[21.08469053373553,49.150703604164626],[21.085965250012077,49.14966048852022],[21.086057686347182,49.14962456258498],[21.086221501864138,49.14956085759188],[21.08640542871006,49.149890048981064],[21.08776645522563,49.149562614472885],[21.087535159463204,49.149148900453774],[21.086430722867853,49.149414613218696],[21.086280336256383,49.149427073370155],[21.08570116360404,49.149475019250005],[21.08503649803072,49.149460259689675],[21.084857963364914,49.14945632975724],[21.084772959550786,49.14912031775918],[21.084656278898382,49.14865887010964],[21.084931801753882,49.14866699395265],[21.08528412559894,49.1485304764211],[21.08545580136208,49.1486410488524],[21.085460382727135,49.148642186191864],[21.085560077504912,49.14866717246365],[21.085665244589883,49.14868135085557],[21.08587854302168,49.14866811954766],[21.086096112439243,49.14865466478959],[21.086460806125686,49.1486319758698],[21.086508102181064,49.14862899195624],[21.086510831494188,49.14862367785217],[21.086624259684445,49.148401887283434],[21.08666585374028,49.14832075622965],[21.086748676188396,49.148338268022144],[21.08664119394848,49.14855394750967],[21.086874743789206,49.148563601020754],[21.08711089506732,49.14857333751393],[21.08780182553985,49.14846018828335],[21.08809554212213,49.148358604168266],[21.088170530061902,49.14834129300093],[21.08849676731626,49.14828027306055],[21.088715755073565,49.14825695592516],[21.088683042773322,49.1486038642479],[21.0887148674634,49.14860038334179],[21.088758306638294,49.14859574437683],[21.089005684082448,49.1485690156453],[21.089372926167083,49.14857655868088],[21.089534076736744,49.148579834464485],[21.089594235215337,49.148581042821],[21.089614736109695,49.148700086452685],[21.089640255685264,49.14884755965118],[21.089700486966503,49.14883121487826],[21.08970331532542,49.14883193574053],[21.09009327287715,49.14892699128603],[21.0902258560433,49.14887713435099],[21.09033546323042,49.14886120150299],[21.09028746841818,49.14881644991879],[21.090249737753798,49.1487813001489],[21.09015026468991,49.14835165073035],[21.090367617950843,49.148365009404074],[21.090611242087274,49.14837758914114],[21.090683385346466,49.14837819074425],[21.090695013895367,49.148223895940276],[21.090714377862163,49.1479675776308],[21.090788060454496,49.147755853298264],[21.090862777925295,49.14754128120321],[21.09088406265247,49.14748029438665],[21.090990754706894,49.147556906050745],[21.090999746737065,49.14756331609554],[21.091033053015416,49.14756204272651],[21.091226826452676,49.14755474815333],[21.09161420664002,49.14760506261322],[21.091623449705146,49.147606259049134],[21.092016514868778,49.14738298040507],[21.091881800202643,49.1472495647513],[21.091790663019246,49.14715940798943],[21.091828375044923,49.147141350372394],[21.092010082286397,49.14705462372064],[21.092077587858352,49.14702716738486],[21.09209167934626,49.14695217571334],[21.092409638311988,49.14684730669068],[21.092595216377255,49.146725142294656],[21.092570194767376,49.146777367007545],[21.092498021865094,49.14692837199359],[21.09262245568657,49.14684224046415],[21.092708980052667,49.146782352894256],[21.092627389657746,49.14694926124406],[21.092625118607586,49.14695395995662],[21.09267687640026,49.14696291014034],[21.09291601433252,49.14700433044665],[21.092972907936428,49.14701434527377],[21.0933192591223,49.14696313935909],[21.093376855844717,49.14688810049398],[21.093621971432906,49.14656888049628],[21.093835114233205,49.146251427035416],[21.093901632936575,49.14615236622269],[21.09390984773247,49.146145247025245],[21.09412142478782,49.145959453230226],[21.094217737425563,49.145874940439484],[21.094240938967726,49.14585452688836],[21.094287214875425,49.14581909735227],[21.094466980635136,49.14570853770436],[21.094559741787247,49.14564776823424],[21.094590760073494,49.14562742483625],[21.094797565541306,49.145500175086944],[21.09484300570111,49.14547228090188],[21.094809940428075,49.14539839006871],[21.094745596492398,49.145254266658746],[21.09482163252579,49.14524121627552],[21.09518066858517,49.145179788138506],[21.09565170369777,49.144987082751285],[21.095931846578967,49.14495310625451],[21.095933215656018,49.14494945894804],[21.0960021000354,49.14476314617821],[21.096052645617007,49.144572465282074],[21.09608951333472,49.144466062435356],[21.096113090852285,49.144435037341765],[21.096138498174682,49.14440155003767],[21.095921748673174,49.14434707834583],[21.095717273278368,49.14434899620023],[21.095672365955163,49.14434944936209],[21.095460139898695,49.144383618602426],[21.09542220675635,49.144275541701305],[21.095379513096795,49.144128150423235],[21.095360198033962,49.144061271875266],[21.095296085933196,49.143860528802634],[21.095269038273184,49.14377584732017],[21.095221532861753,49.14367286551781],[21.095187363325703,49.14358615545878],[21.09526795085351,49.14344361092508],[21.09533727962783,49.14341369048089],[21.095553906789362,49.14332582600786],[21.095563810375697,49.14332182170396],[21.095565176063182,49.14332006486957],[21.095634488774984,49.14322946519641],[21.095751678669625,49.14317595885756],[21.095884821982132,49.143129354994294],[21.096028466188514,49.1430836272485],[21.096155248177514,49.14304321144007],[21.096471694722084,49.142926850400414],[21.09669454490173,49.14281982717666],[21.096896925946538,49.1426817192763],[21.09694433901814,49.14264938612478],[21.097000639774112,49.142563951063195],[21.097036786062876,49.142450592751274],[21.097108250079643,49.14247682675562],[21.09719880266743,49.14248071448779],[21.097271491304035,49.142451710717694],[21.097277715076515,49.14244920903118],[21.097343682767892,49.142446008106056],[21.097445840700328,49.14240822415231],[21.097585815114794,49.142356435367546],[21.097578162872797,49.14223600391572],[21.097576569642637,49.1422112854238],[21.097585698821746,49.142086619410534],[21.097746949513915,49.14184087184278],[21.09768014366981,49.14167074331301],[21.097662029002958,49.141624609872736],[21.098035078769705,49.14144622640947],[21.097879821435484,49.140424219281826],[21.097439462121816,49.14031200032716],[21.097215807946085,49.140725362573804],[21.097018388543642,49.14039260558128],[21.097066486343543,49.140291963437505],[21.096924175974607,49.1402737253125],[21.096919918484936,49.13985847201979],[21.096919076398514,49.13978120142384],[21.096864241131158,49.13947227254883],[21.096949135153515,49.139413770522616],[21.09710518800603,49.13937447070741],[21.097222644827323,49.13934491903574],[21.097146788431413,49.13910094773433],[21.09714424754239,49.139092673917816],[21.09714124589305,49.13908321499854],[21.09706045230825,49.138837375077124],[21.097117183583805,49.138823615718195],[21.09699273735358,49.13860572780587],[21.09697148245178,49.13853356570534],[21.096987042978764,49.13842576045526],[21.097136895913266,49.13837014733933],[21.09708835373368,49.13828666885428],[21.097133027256163,49.137687524220475],[21.097201179772114,49.13752009308317],[21.097134275290745,49.137392003455325],[21.09705038916562,49.13739454060486],[21.09711770192076,49.13735654237073],[21.097155814205003,49.13725729115399],[21.097180966365336,49.13719210578088],[21.097218790839527,49.13706349632526],[21.097219141349097,49.13706062665723],[21.09722928254745,49.13696480165795],[21.097235013412842,49.13686739508143],[21.096903005807924,49.13701458876004],[21.096337664809543,49.13705393241974],[21.09593084677015,49.13705018318146],[21.095475331329308,49.13708133470744],[21.09510555023908,49.137125672804],[21.0948969235606,49.13715059247076],[21.094437757482297,49.137263998538764],[21.094222373098,49.13727645683666],[21.09400530772672,49.1373207307514],[21.093765407834148,49.13738975076928],[21.09375882063742,49.137391610422995],[21.093458113240434,49.13746831514371],[21.093300509778885,49.13752664624177],[21.093142479250005,49.1376257460789],[21.093098290773995,49.137351095908954],[21.093189639555924,49.13697905617447],[21.09320107393121,49.1369323378913],[21.093204499918453,49.13692317477044],[21.0933119202444,49.13663753638967],[21.093427457380727,49.13642904174503],[21.093428569242864,49.136427006720254],[21.093610272645,49.13614797892069],[21.093751923129794,49.135844800868384],[21.093830744355305,49.1356760925176],[21.093985904448175,49.1353443579535],[21.094088557873455,49.13516695984723],[21.094252953684958,49.13495264706581],[21.094451074816398,49.13469440021924],[21.094485375849036,49.13464643353075],[21.094670047821158,49.13437713235383],[21.094876337515416,49.133996078351046],[21.09499720133365,49.13363461549767],[21.095001408039863,49.13362232635467],[21.09510058544342,49.133336602643],[21.095204197426472,49.13322000320792],[21.095340945003734,49.13296591174585],[21.09542467291868,49.13283625161845],[21.095450201821414,49.13279736671449],[21.095493086477134,49.13276308875895],[21.095693507871438,49.132602864074975],[21.095712896706637,49.132604115029366],[21.0958284285493,49.1326113249541],[21.09595547077467,49.132629796630894],[21.09598411335704,49.132635755155405],[21.09608178861913,49.13265616742802],[21.096189155017363,49.13268463224534],[21.09626298488517,49.13271391399648],[21.09635397706748,49.13275409827709],[21.09649481376002,49.13279002617551],[21.096887910149782,49.13278226200335],[21.097103908763682,49.1327612664428],[21.09728513599333,49.13277985027548],[21.09753072003861,49.12577390666838],[21.09753495992393,49.12565223446939],[21.097710771148535,49.12567505656856],[21.09773794793462,49.125678537136004],[21.09794388969355,49.12568908904155],[21.098907250999197,49.125691375410746],[21.098962391353105,49.12540333961876],[21.098662347580355,49.125398331307885],[21.09880661608509,49.12513295337595],[21.09878931330504,49.12506856995681],[21.098801034386526,49.124968023629535],[21.098853512436595,49.12485248624214],[21.099033485861607,49.124852482467645],[21.098982780613344,49.12469853294646],[21.099074967180588,49.12451377398886],[21.099074854199152,49.12439340299012],[21.099066972102303,49.124361010835685],[21.099060131620682,49.124333063374735],[21.099111516896578,49.124280240416326],[21.099179449160363,49.12420039825493],[21.099216346351238,49.124109930201534],[21.099264940332596,49.12410761360029],[21.09958157710656,49.12409226492441],[21.099892702763633,49.12412157302304],[21.10043666027483,49.12420379086902],[21.100570371037964,49.124213468708504],[21.100692200503364,49.12423537034271],[21.100830451832152,49.12425779698344],[21.10094739335901,49.12426054615983],[21.101016834971734,49.124258265271855],[21.101056851092977,49.124256934023784],[21.101179893193574,49.1242865262794],[21.101259047176494,49.12431417495588],[21.101458641779367,49.12435287664174],[21.10158367318496,49.12437785061117],[21.101707973426148,49.1243997401213],[21.10180188951002,49.124383746736974],[21.101882468114074,49.12437002773083],[21.101952962549575,49.12431844470841],[21.102020194105304,49.12428125181516],[21.102045379752848,49.1242117452327],[21.102055396587048,49.124183976773715],[21.10207121542346,49.12413532728463],[21.102177725669797,49.12407346193348],[21.102320654678344,49.12404949196765],[21.102356374573603,49.12404505203375],[21.102390158602446,49.12404082029322],[21.102618775277307,49.12403039224308],[21.10263418883713,49.12402971453947],[21.10281967736329,49.12406256137151],[21.102896424901246,49.12432231355695],[21.10294489005082,49.12448627252697],[21.102884728678347,49.12476280554685],[21.10287968495411,49.12478641166908],[21.10278913300396,49.12520259664796],[21.103428642089337,49.12608459857906],[21.10319982097291,49.12628254958869],[21.10304400290357,49.12641729306739],[21.103160769353504,49.12647053976878],[21.103185945474348,49.12645847034959],[21.103506050862823,49.12623012601747],[21.103578308878788,49.126156631627595],[21.10373753204658,49.12599444783978],[21.103798464142425,49.12587575768529],[21.103702620748052,49.125780867134196],[21.10375141054912,49.12571490533459],[21.1041623932888,49.12532651304755],[21.104364783878957,49.125360887512706],[21.10450594408248,49.12538484300133],[21.104555451414612,49.12543125827508],[21.104935128546312,49.125786751633775],[21.105009781345142,49.125856656809034],[21.10509559663671,49.12596842116122],[21.10517889694562,49.126088207584985],[21.10524612562591,49.12618794465112],[21.105345870412837,49.126315368307885],[21.105444995771617,49.12641045219584],[21.105543807839247,49.12650606614353],[21.105666710093434,49.12662090494457],[21.105801409773324,49.12673945134299],[21.105933026019905,49.12685888940069],[21.10593635119943,49.12686214654265],[21.106097777133144,49.127023588792014],[21.10621768451347,49.1271214961454],[21.10622918627073,49.12713473731662],[21.106458956730716,49.12721994728252],[21.106676580256565,49.12730062770893],[21.106792747315254,49.12747862940407],[21.106815893385566,49.12751429895811],[21.106826491407883,49.127530482113215],[21.10689112772437,49.1275949345364],[21.106820041675515,49.12759158486687],[21.106692769879515,49.12751712032237],[21.10668212384252,49.12751083863519],[21.106504422421107,49.127468974288355],[21.10617312138939,49.12747649189623],[21.105928313862936,49.1275570819382],[21.106076079151745,49.12787320515681],[21.106118475586563,49.12796377606046],[21.10609198112707,49.12797697436905],[21.106011636559288,49.12801708192715],[21.10539851434607,49.1283230421014],[21.105219690346733,49.128420232449926],[21.10490371388088,49.12852438543519],[21.10466861870795,49.1285997015457],[21.10435327705737,49.12870081245028],[21.104197660138716,49.12886977437038],[21.104184980980985,49.128883503641845],[21.10379071792066,49.12921256232258],[21.103372052939672,49.129454413669315],[21.10291623901747,49.12976052651896],[21.102500722033945,49.129965384218565],[21.102385519983155,49.13002220087045],[21.10192556342476,49.13030819162744],[21.1018653489844,49.130393053493854],[21.101778636617748,49.13051514998778],[21.10147345499617,49.13078222918838],[21.10138623534851,49.13078547277072],[21.10097159470005,49.13080093531734],[21.10123212018359,49.13091180606691],[21.10154823684033,49.131046330001226],[21.10158720530171,49.13106288039477],[21.101974634087462,49.13113126174933],[21.10200039374139,49.13115018065252],[21.102002737347203,49.13115187605763],[21.10202106104428,49.13115453237338],[21.102494119289496,49.131193058931544],[21.102746464441434,49.131327341904345],[21.102754912160243,49.13155736205372],[21.102996695093292,49.131774852353196],[21.102869098703575,49.13181191760197],[21.103138932011564,49.13208405027177],[21.103291848731324,49.13204041148938],[21.10337956242481,49.13211928723031],[21.103314874312492,49.132321762734364],[21.103312922229907,49.13232773220161],[21.103675280093725,49.132774861987414],[21.103775360993907,49.13280911875114],[21.104008350935874,49.13311383220341],[21.10404133611587,49.13332942111059],[21.10421471440948,49.1333151533923],[21.104354956612276,49.13330369818322],[21.104535029025946,49.133898318551125],[21.104405283657055,49.13415849466996],[21.104312942241336,49.13434352223464],[21.10439844340849,49.13437092069234],[21.106160654792507,49.13408022824039],[21.106443395496512,49.13400471899053],[21.107053666256025,49.133841714058484],[21.107067040290683,49.1339389201301],[21.107067217986394,49.13402166076195],[21.107049360719166,49.134179268512334],[21.107118784622237,49.1341718514426],[21.10876151339554,49.13553596489459],[21.109081465201466,49.13584344069665],[21.109223309704348,49.1359919184528],[21.109326305587267,49.13610548677647],[21.109365364164603,49.136148685176536],[21.109486562336535,49.13639067216677],[21.109533330526986,49.13648723228206],[21.10964596679232,49.136767027325355],[21.109735671118937,49.13712117325813],[21.109751054808864,49.13718207192904],[21.11006656070084,49.13781466952723],[21.110168351618192,49.13801867538866],[21.110292721932073,49.138267964390344],[21.110292744386687,49.13830100494944],[21.110291671508648,49.13901200246523],[21.11034642301592,49.13934909807426],[21.110360931259684,49.139438507139516],[21.110088387212272,49.13945754479052],[21.110117402897103,49.13963636297392],[21.110389947903506,49.13961732525527],[21.110407285731632,49.13972410966138],[21.110450195305443,49.13936339017452],[21.110452083852604,49.13934715554486],[21.111026296197064,49.139419749045885],[21.111443925344645,49.13947969618306],[21.111635740968833,49.13952614238754],[21.11186232943334,49.13958107876492],[21.112262730089764,49.13969584016309],[21.112289068684547,49.13970334152434],[21.11259424312374,49.1397365636922],[21.11258722489788,49.140203938342346],[21.11267315102266,49.140809674627846],[21.112829396188744,49.141210680181516],[21.1128065850088,49.14129268775444],[21.112789986689865,49.14135193651287],[21.112671526889557,49.14177695842659],[21.11255044628343,49.14214653037511],[21.11240612246445,49.14218316354896],[21.112128111184216,49.14225361741793],[21.11202028854614,49.14228097028939],[21.11174101084445,49.14235183304192],[21.111588716369514,49.14239046186537],[21.111752466777062,49.14253810307277],[21.111849196511788,49.14262536083026],[21.111972295124286,49.1427364156405],[21.112095785030366,49.1428477528478],[21.112207315169563,49.14294826569428],[21.11231870885531,49.14304877406718],[21.11240527707432,49.14312688486954],[21.11246767085065,49.14318306904388],[21.112632796356856,49.143095333290944],[21.112741815302684,49.1431797408292],[21.112851479226936,49.14326470895989],[21.112979970308707,49.14336414089847],[21.11310845525118,49.14346366250575],[21.11321774295165,49.143548168123296],[21.113327024372147,49.143632763450015],[21.11344681023348,49.143725615620795],[21.113566733440248,49.143818472025835],[21.11369937558667,49.143921186215216],[21.113813464802448,49.14400944519823],[21.11383800889733,49.14401526847923],[21.11402625402432,49.144060155873944],[21.114197776054066,49.144101089326064],[21.11459557303526,49.14419595242605],[21.114885738948725,49.145079708498976],[21.11785634405671,49.1473866551501],[21.118972565777426,49.14802596780752],[21.11853224271486,49.14882336619864],[21.118466238596422,49.14909431538911],[21.118462698507805,49.1491087869856],[21.118461837091843,49.149192843830086],[21.11856521228179,49.14947458236596],[21.11890136049474,49.149949267833364],[21.11907451010516,49.15019874495553],[21.119164221500498,49.15033861746384],[21.119151089586325,49.15034360138335],[21.118938558009187,49.15042452727011],[21.11931456645079,49.151060094593014],[21.11877713925175,49.151516538641516],[21.11676518872936,49.15212421409219],[21.117164965513673,49.1526905946263],[21.12078061290373,49.15169538553315],[21.12108171843343,49.151933351932165],[21.121218133622836,49.15204121740324],[21.121973425703544,49.15253335453938],[21.12245668630354,49.15277854558576],[21.122433471322374,49.1533177814516],[21.122308713558752,49.1536076609798],[21.122151470952307,49.153973119957435],[21.122121309123056,49.1540432817711],[21.122034277472025,49.15402674239688],[21.121954416974027,49.15401160116218],[21.121802644442504,49.154079969079184],[21.12181229210117,49.154025540100605],[21.12103373732205,49.15434217405323],[21.120480109924614,49.15433961046296],[21.11996193931971,49.15454072933186],[21.119884358657067,49.154823464129166],[21.120481454865168,49.15474863975004],[21.120461679764265,49.15507570445328],[21.12056111786728,49.155191847562584],[21.12111210438288,49.15502777917378],[21.121116600675673,49.15526045818461],[21.12113069948686,49.15527026894436],[21.121522347865646,49.155542619699695],[21.12140677634779,49.15583062968451],[21.119971439543395,49.15626016121116],[21.119677454521586,49.15631185186415],[21.119868986193307,49.15646153221691],[21.119906575769917,49.156545370800714],[21.12056126715863,49.1567241779918],[21.12121931761391,49.15667550356171],[21.121212704038975,49.15664054351975],[21.121282521338593,49.156418238683],[21.121411322766974,49.15674453334879],[21.121682140076732,49.1574301310969],[21.12177233392627,49.1576585109054],[21.12177971832736,49.158008224379905],[21.121781701541828,49.15810587498578],[21.1220125847644,49.15827489678604],[21.12233983211423,49.1585144986617],[21.122459970599785,49.158774257595205],[21.124163487549662,49.1591304887863],[21.124182551468433,49.159134425075955],[21.12439872669298,49.160259672807214],[21.123690590479686,49.160277787830665],[21.123787510671693,49.16064393753926],[21.123929338161506,49.16088898877109],[21.1241658668508,49.16107105834179],[21.124754085533706,49.16091283492635],[21.12509858463524,49.16078333224731],[21.1253450894796,49.16069077921772],[21.125501397885184,49.16113776417369],[21.125979410984304,49.1616153947606],[21.125681926932018,49.16162116743791],[21.127466947958617,49.16280204086905],[21.128464844386507,49.16353867784843],[21.128650257959748,49.16353933649117],[21.128778414955267,49.16340611271495],[21.12899268157177,49.16335988261227],[21.129766514302588,49.163704366147186],[21.130803308556086,49.163837518389336],[21.130935896487408,49.16385459407008],[21.129892932422518,49.16392245279231],[21.12919289160407,49.16394743125251],[21.12904895487017,49.16390181595734],[21.128153572616842,49.1639546233673],[21.127728091108853,49.16410425288783],[21.127787580499337,49.16421155901648],[21.127898477948165,49.16437568094246],[21.127624015314613,49.16455116599449],[21.1268253940853,49.16470083888633],[21.126690555352706,49.16488543300906],[21.126416485554294,49.16501456504313],[21.128578550219014,49.16638265651125],[21.128673073800154,49.16643381717528],[21.128955083987684,49.16632734778559],[21.12917261994732,49.16661863330646],[21.12900363058891,49.16674138038266],[21.12885680090694,49.16687824357238],[21.12867754801026,49.16699121218043],[21.127978001714485,49.16726574908339],[21.127782988326146,49.16732618223884],[21.127632230079293,49.16736920362903],[21.127470038687036,49.167388545753255],[21.12727981409145,49.1673449713129],[21.12733520957941,49.16739615215423],[21.127471059963213,49.167419366624536],[21.1276314201685,49.16740437762696],[21.127805305888934,49.16735119678024],[21.127985823330857,49.16730488784774],[21.128496798858432,49.167267798048464],[21.128704341334206,49.16725340356045],[21.129139052022165,49.16726565682862],[21.129453174207775,49.16727858673137],[21.13006436100535,49.16728814898633],[21.130483884180727,49.167297845247234],[21.13082442543988,49.16730251628928],[21.13102435373165,49.16735044347179],[21.131175235188078,49.167426794278896],[21.131458888426234,49.16762033272826],[21.131776898090653,49.167807846979244],[21.13201468141922,49.167915937754685],[21.135425385412713,49.16860747869266],[21.135461071809903,49.16861319943468],[21.136376908912872,49.16875912414183],[21.136789539294334,49.168692868846904],[21.13698333059987,49.1684996865558],[21.137485505304504,49.16873154105038],[21.137521227531526,49.16874797515824],[21.137547220381226,49.168555155448544],[21.13755505682501,49.168497157712515],[21.137638929112274,49.16827898155817],[21.137685633365145,49.16822824489962],[21.137688023122546,49.16822561976744],[21.13784481724389,49.16805566242975],[21.138003798113896,49.16791755259353],[21.1380540395199,49.167870978767795],[21.138265331984346,49.16767492717702],[21.138353724352264,49.167606153562986],[21.1383538679277,49.16760606807965],[21.138408187833363,49.16756376421558],[21.138608728010563,49.16736827225447],[21.138762081413915,49.16718155054365],[21.13895346273971,49.16703402135045],[21.138963599408537,49.16704739538642],[21.138964114254932,49.167047861787275],[21.138976381234272,49.16706400390926],[21.139301935364305,49.16738073998271],[21.14032450256039,49.16684591612669],[21.140500794511127,49.16673922862573],[21.140526353085203,49.1667277032021],[21.14159469361573,49.1662458995282],[21.141908190338697,49.165996356372155],[21.14185167482272,49.165708024271645],[21.141773366784413,49.16530899413509],[21.14126324625506,49.16538721907336],[21.141087977724244,49.16533810828545],[21.141325526313956,49.16506654112194],[21.141074218620382,49.16492572332725],[21.14144873009905,49.1646472315718],[21.141811001218475,49.16447548055047],[21.14195845447051,49.16452758248529],[21.14205512198231,49.16448616503947],[21.14217092576126,49.16443652979228],[21.14208171941057,49.16431848044958],[21.142426705652372,49.16413528859029],[21.14252781552007,49.16421464330983],[21.14287498711947,49.164020356262064],[21.142892909429484,49.16586758394678],[21.142920832990114,49.168490681603615],[21.142920935631757,49.1685004974436],[21.142894942332116,49.168501116779325],[21.14288900718387,49.16857816975576],[21.142881158547443,49.16868126919964],[21.14309701895109,49.16868259591325],[21.143324136349445,49.16857552900225],[21.144108235846424,49.16897884060733],[21.143220146354363,49.16933330582423],[21.14257002324252,49.16969456180351],[21.142289957320994,49.17004193875041],[21.142258403208565,49.17003788110731],[21.14217637261809,49.170036910048466],[21.141945792177726,49.17003403647332],[21.141599860978523,49.169979174945965],[21.141247684067714,49.170265215467374],[21.141091686770004,49.17043187137192],[21.140886201549538,49.17059561278767],[21.140781637277204,49.17067891119549],[21.140746944772946,49.17075676572699],[21.14074222377421,49.17085834350958],[21.140797381627966,49.171028791432484],[21.14085864979421,49.1711572112171],[21.140831517406376,49.17142732557027],[21.141079331431015,49.17169082458304],[21.141215404452957,49.17162904697857],[21.141369801129127,49.171558935859046],[21.141437882706978,49.171745995983315],[21.141551293104737,49.17204674793003],[21.14166373191762,49.17224304141255],[21.14180029371998,49.17258377479595],[21.141917184498332,49.172801724248025],[21.141936901161557,49.172987435944115],[21.141945256564153,49.17317828014164],[21.141978222550456,49.17343967019016],[21.142040577881925,49.17357766589406],[21.1420634900038,49.17362835286083],[21.14213028986059,49.17373390031897],[21.14230438694227,49.173769467826126],[21.14256846484205,49.173815619286614],[21.14307458945615,49.17397420216515],[21.143404836541162,49.17408221706382],[21.14342547589291,49.17416947153542],[21.14490715757913,49.17447398881996],[21.145138837463097,49.17444907331065],[21.145333462953356,49.17432666271609],[21.14535214882656,49.174339585697346],[21.14558463033459,49.17422332080709],[21.145853399411376,49.174091546304865],[21.146001009464722,49.1739754830068],[21.146110471259956,49.17384975354359],[21.14627832107289,49.17373477872464],[21.14650080421057,49.17350773788709],[21.146693382495926,49.173306490105034],[21.147024691845488,49.173308390587906],[21.14761100161151,49.173311762239805],[21.147678062897707,49.173309106311216],[21.14819059882369,49.17328872244762],[21.148638549563156,49.173175466168715],[21.148822252924848,49.17310068814595],[21.148936045284106,49.1730543133616],[21.149206080221255,49.17273658333331],[21.149331860781103,49.17238819787505],[21.149094262740846,49.171949224516425],[21.149131123091173,49.1719333723571],[21.149136595068192,49.17197108462934],[21.149331407723903,49.17195256071711],[21.149284990441753,49.171795446846716],[21.149660761301977,49.17167207921861],[21.14965891884451,49.17164852504414],[21.149659162705316,49.17162647701758],[21.14963260343034,49.171419486257875],[21.14961654101359,49.17129402746154],[21.150326614438008,49.171071548653806],[21.150609540648023,49.17079869363267],[21.1509779469974,49.170275566586525],[21.15129506651393,49.16980582651421],[21.151605616925835,49.16941626948455],[21.151798269022134,49.16896061065108],[21.151779591512213,49.1677261625217],[21.152247708551013,49.16631017159515],[21.15243242456212,49.16643662278558],[21.152453733813815,49.166415598535416],[21.152469996233183,49.16639225471541],[21.15232407479549,49.1662365980094],[21.15142843882876,49.16528131403039],[21.15110965456355,49.16497815042552],[21.151020077847658,49.16489295555757],[21.15079415478993,49.16468454178868],[21.150218487532367,49.163908216011286],[21.15016637659871,49.16367341203517],[21.15001071324263,49.163499169846936],[21.149483362543386,49.16321562165853],[21.14881950820145,49.16297592831757],[21.14830488707774,49.16287084275305],[21.148000064499147,49.1627838965699],[21.147511977448215,49.162749412869026],[21.14726045658787,49.16280602388258],[21.146876533202974,49.1627775248881],[21.14671238071991,49.16285759723443],[21.14640994530738,49.16286722768521],[21.145992192323405,49.16296486179931],[21.145027145340237,49.16308275641624],[21.14450592315835,49.1632452666701],[21.144366110311843,49.16326299765929],[21.14342303804531,49.16338247346558],[21.14287380082404,49.16335252070332],[21.142847824974933,49.16335106994108],[21.142824450868403,49.163334757376944],[21.142570087444238,49.16315711621636],[21.142518640074965,49.163121191651726],[21.142326826092756,49.16298720717928],[21.142447262212926,49.16184860681937],[21.14241246483839,49.16172246390712],[21.142216692281806,49.16101463014161],[21.141800514623025,49.16085176893001],[21.141337649955954,49.16118418408399],[21.140567869354406,49.16081397935667],[21.12584769485372,49.15378856273506],[21.125841464547392,49.153785574179246],[21.12584100520512,49.15378249873598],[21.125171689817698,49.15338368403517],[21.12402439380718,49.15308833931633],[21.123356201430116,49.15298321229589],[21.123043791815682,49.15292971579156],[21.12264635000005,49.152795464699764],[21.122218321506832,49.15259407146047],[21.12201644596722,49.15249907144733],[21.12204313865391,49.15249073704105],[21.122494271573597,49.15234950742597],[21.122050958553753,49.15204292793156],[21.121945320192133,49.15196989116644],[21.12192795195331,49.15197834180502],[21.121527202073764,49.15217329531128],[21.121307864849786,49.15201373073472],[21.119873061140627,49.150871874925585],[21.119967957410847,49.150837621561756],[21.120131756361246,49.150821853522835],[21.120183449656203,49.15081692517592],[21.120309170561782,49.148966840408164],[21.120638703118008,49.14728726150019],[21.120780485584255,49.146564359728295],[21.11978361934026,49.14677996491134],[21.11976959059181,49.14672838404919],[21.11991895059262,49.14665526115793],[21.120286263765355,49.14650930528746],[21.12026996194368,49.14646062307666],[21.12006209633487,49.14583787587325],[21.119879191740992,49.14559241050179],[21.119667210219287,49.145307759005185],[21.119507661015625,49.14509355444836],[21.119286935184473,49.144992277124956],[21.11927101090442,49.144984928665785],[21.11916774382141,49.1449376214114],[21.119083468572377,49.144820877852965],[21.118986757754378,49.14468672373398],[21.11871148310317,49.14452330258183],[21.11856161886827,49.144434360789745],[21.118597596556814,49.14443217433959],[21.11911131771161,49.14440134186655],[21.119430373328377,49.14403545081341],[21.119497383081125,49.143958719181626],[21.119440209843365,49.143662785588326],[21.119633762656722,49.14354488542371],[21.119771705579847,49.1434608667832],[21.11985055075157,49.14349137231883],[21.120188484959325,49.14362203335741],[21.120265227299768,49.14348412302018],[21.119992123153082,49.143408369116706],[21.11991888170348,49.14341531267282],[21.119865533268737,49.14342045810828],[21.119854469784904,49.1434104734826],[21.120180070545324,49.143212147232084],[21.12029319004918,49.143185495497505],[21.120256805395876,49.143165343035726],[21.120558118943613,49.14298181802613],[21.121127313202987,49.14278493248903],[21.121621302570986,49.14261410201488],[21.12192842344683,49.142507910569634],[21.122175839784664,49.14242232731583],[21.12236918068467,49.14235546091467],[21.122458037526258,49.142324705127685],[21.122671654743243,49.14225083042083],[21.122683766222682,49.14224662397706],[21.122542534121877,49.14203147506189],[21.122505529612393,49.141975113156434],[21.122605989541746,49.14190799542641],[21.122780346884998,49.14179155101396],[21.12345567612913,49.14134064329646],[21.124776536916144,49.14050557015947],[21.12487339831058,49.140444368076516],[21.1260384831974,49.13970777391483],[21.12652523205451,49.13940003494097],[21.1265183587808,49.13939648577996],[21.126427807409055,49.13934985845762],[21.124289139826995,49.13824835252395],[21.12410421496653,49.13815308205933],[21.122346092510725,49.13937126494224],[21.12095205464345,49.14033677321829],[21.120659501950005,49.140539392887014],[21.119970988659002,49.141016243415805],[21.119192070175274,49.141555753663766],[21.1175179072103,49.142715232731966],[21.117363494596958,49.142702756690284],[21.11695550891203,49.14266969660733],[21.116238015071634,49.142611658449006],[21.11610226701629,49.14257132654816],[21.11571368770001,49.142455875549686],[21.11583548481809,49.142089294789386],[21.115859320402944,49.14201749239372],[21.115909119077322,49.14186738339632],[21.11588203428565,49.14185139667898],[21.115886516249784,49.141811207557986],[21.115693067595345,49.14164012029481],[21.11555154459825,49.141577727357344],[21.115528024807148,49.141567345666076],[21.11552750361298,49.14155769624687],[21.11552330188535,49.141466095642734],[21.115556583693618,49.14121094019114],[21.115836281141977,49.14091717666835],[21.11561077206218,49.14079557317138],[21.115646793069807,49.140520068874956],[21.11564229551314,49.14051965559495],[21.115594120244292,49.140547650368],[21.115529458071713,49.14058520313072],[21.114595436204915,49.14112847807031],[21.11443509344361,49.14115542074503],[21.114162060325455,49.14120137049959],[21.11388038475825,49.140859750277414],[21.113889482316917,49.140751648146086],[21.113896794617766,49.14066581572029],[21.113906931634464,49.140541811998034],[21.113918040743748,49.14047698666685],[21.114158064023528,49.14046356604279],[21.114155434147996,49.14041936928145],[21.114151218916348,49.140348384145085],[21.114142579864353,49.14020181586794],[21.11406557991726,49.13990542654085],[21.11398946072394,49.139728800471175],[21.11419491899263,49.139284942229814],[21.114200632600646,49.13926891944512],[21.114518647173995,49.13837563225936],[21.114532502068084,49.13833673193814],[21.114301041221754,49.13834583438505],[21.114288107342325,49.13834632267156],[21.114148435514192,49.13835177657654],[21.114095829462027,49.138356222661045],[21.114083467205834,49.138339714107595],[21.11397241844113,49.1382031173281],[21.113992221157325,49.13814874189803],[21.114013812258513,49.137881060368656],[21.11406957096289,49.13779506062718],[21.11415128207646,49.1376939528531],[21.114162605158736,49.137679999311224],[21.114199157008056,49.1375772729296],[21.114256709592034,49.137420659360735],[21.11439463408208,49.13734420878571],[21.11443369812549,49.13732249628296],[21.114379088140723,49.13720939390048],[21.11434944958157,49.1371482220193],[21.114346342614894,49.1371049102753],[21.11434204762429,49.137044275576315],[21.11443305311385,49.136938062092774],[21.11456489862503,49.13678426491271],[21.11466782521567,49.13665043269333],[21.114701692301363,49.13660622798926],[21.11480862627205,49.13646829204661],[21.11513338819752,49.13599348174904],[21.11568085185728,49.1360692528078],[21.115735382602846,49.13607585061648],[21.115759439785485,49.135936085156054],[21.115769606069414,49.13587654119368],[21.115858419212177,49.13582958442608],[21.115891543863825,49.13581209366838],[21.115827339719665,49.13563575788533],[21.115796139861256,49.1355622930324],[21.115931802505184,49.135466233042266],[21.116071229397548,49.1353675019358],[21.1165717299447,49.13501324732891],[21.116340508330193,49.134245611530865],[21.115625463720644,49.13187062659324],[21.115591361843713,49.13180490140148],[21.115189414780446,49.13047275790428],[21.115144785439135,49.13032495285341],[21.11513965603179,49.13030156256126],[21.11511565028471,49.13019951779276],[21.11509024003537,49.13009049621172],[21.115051812646254,49.129931185137025],[21.115008922047274,49.129761738889776],[21.114942774723993,49.12948198914036],[21.114922296418033,49.12939347063506],[21.114900070829925,49.12930075522823],[21.114879421300714,49.12921826304997],[21.114864472317993,49.1291514370692],[21.114849884812138,49.12908714335027],[21.11484016204353,49.129044250930626],[21.114810539441894,49.128923571579904],[21.11478465214458,49.12881174380667],[21.114745677895275,49.12863945119704],[21.114718140578127,49.128523969749416],[21.114690547565303,49.12840182452127],[21.114666362937815,49.12829851345122],[21.11466186645023,49.12827955458661],[21.11463696441238,49.12816739801042],[21.11460656019521,49.128042462369606],[21.114576638459152,49.12792213345355],[21.114544592236847,49.12779714546514],[21.114517212648817,49.12767212607234],[21.114497048080665,49.12758865888596],[21.114475071225673,49.12749631131415],[21.114454094958333,49.127410837657706],[21.11443425216706,49.127321168836964],[21.114392634815076,49.12715311302111],[21.114315251185012,49.126823219509525],[21.114257838228898,49.126584979444566],[21.114228161494545,49.12644467212956],[21.114322628828567,49.12642121400569],[21.114299508848593,49.126322077887245],[21.114292694205528,49.126288100644345],[21.114279816965848,49.12622296095303],[21.1146684489398,49.12610228262361],[21.11539832083844,49.12598788119283],[21.115860047813367,49.125963875408296],[21.11626735454941,49.125983868520514],[21.116701105618816,49.126082215326235],[21.117056519048713,49.12623082216428],[21.117255805343266,49.126372296948844],[21.117533556625943,49.12656947497238],[21.117517652559403,49.12650811058641],[21.117206719669767,49.12530670707765],[21.117525505578744,49.12513419118775],[21.117528505587938,49.125132576179396],[21.11765357717482,49.124262486918504],[21.11765635949189,49.1242433997663],[21.117660311738238,49.124236323429926],[21.117811118247015,49.123970143139616],[21.11776441907618,49.12383361628833],[21.117657681189446,49.123522056462015],[21.117422070363258,49.1231465258317],[21.116957979655226,49.12299688972948],[21.116604425596268,49.12288282118379],[21.116623805276877,49.12286930405897],[21.11671838121487,49.12280344497741],[21.116494906805162,49.12263869156662],[21.11639889277775,49.12268874995053],[21.116102892880647,49.122540231680816],[21.115833192032046,49.12241820793208],[21.11555724106829,49.12241040881544],[21.115626648399203,49.122256422660655],[21.11552653329506,49.12225620463844],[21.115394448945104,49.12227837522213],[21.115320445270154,49.12215691206408],[21.115040513907562,49.12213061935242],[21.114884021364137,49.12197834949185],[21.11464171234806,49.12192372547546],[21.11459209953478,49.12191575283765],[21.11455487435399,49.121866402278954],[21.114653818106582,49.12178600956271],[21.11462581448905,49.121671323049334],[21.11458168890794,49.12158916281121],[21.114300600565183,49.121452458041695],[21.1143059628118,49.12118524822584],[21.114307611807842,49.12090333566182],[21.114326627146063,49.120672211606106],[21.11434094245724,49.12060847836928],[21.114422239223742,49.12031415913639],[21.11445916190003,49.12023034995571],[21.114691004065303,49.120122232142485],[21.114601225104074,49.11986918604624],[21.11473075789723,49.11979426933588],[21.114717640068257,49.11976207178375],[21.11467511419,49.11966015645658],[21.114519104644152,49.119573800982046],[21.11456322316476,49.11944646782717],[21.114581156665036,49.119413549119336],[21.114778859120946,49.11934971714312],[21.114800864418886,49.119345196680484],[21.114854919175663,49.11921331854539],[21.114888626750833,49.1191395798828],[21.11512166224956,49.11899854943288],[21.115242936831535,49.118927690438355],[21.115239839894652,49.11891021652958],[21.115174588109863,49.118768775643],[21.11516861505336,49.11875310067306],[21.115273163907048,49.11862463156305],[21.115320831652415,49.11856241087424],[21.11535936630491,49.1185216857988],[21.11532943905999,49.1184831010376],[21.115274542657737,49.11841122098982],[21.115343627419424,49.11831718276748],[21.115366307928635,49.11828126422891],[21.11547016417282,49.11813431732733],[21.1154775203461,49.11808305610568],[21.115487853365057,49.117943302941356],[21.115502366218283,49.11783420214901],[21.115534277419876,49.11763076690839],[21.115552742276705,49.11752386262431],[21.115749475284012,49.1173301791207],[21.11584014408988,49.11725582392999],[21.115908795099077,49.1171861689767],[21.11598601568225,49.117115616595676],[21.115983895152915,49.117103485405806],[21.115979721066452,49.117002251893624],[21.116018726956504,49.116821549326545],[21.116033866800418,49.11680969783628],[21.116144902973925,49.11673067957821],[21.11625268955859,49.116654798702314],[21.11638094842004,49.11658398109938],[21.11674260438533,49.116342882769544],[21.116789772179803,49.11630036159093],[21.116847221459786,49.116248624933846],[21.116959488259575,49.11614920898629],[21.116934577333446,49.11605388715738],[21.116749580933554,49.116023958543416],[21.116556674602347,49.11600827209232],[21.116571491411296,49.11593213082323],[21.11658641401453,49.115878679779016],[21.116634564013275,49.1158562660155],[21.116775456269146,49.115788911311625],[21.116906043793577,49.11572365902449],[21.117340718519877,49.11558004308256],[21.117390332128213,49.11553967019343],[21.1174261507465,49.115461406732095],[21.117438534873198,49.11538104667614],[21.11745525191367,49.115295873087085],[21.117574631010253,49.11525421045131],[21.1175994927631,49.115246269410854],[21.11771975778569,49.11518518897245],[21.117547504753855,49.11504223300566],[21.1175616119284,49.115036920442726],[21.117841274214335,49.11494382384127],[21.11792373999291,49.1149172805483],[21.118052902746623,49.11483784745424],[21.11822942898792,49.11472805242732],[21.11830203904015,49.114684540104925],[21.11856257804537,49.114701746531395],[21.118656567491936,49.11470113726866],[21.118743342579332,49.11458839457419],[21.11862404293795,49.11447863521433],[21.118249298050596,49.114349580574974],[21.11814816263478,49.11423715794028],[21.118148942642133,49.11416534108373],[21.11815189543815,49.114125372993],[21.11817086020836,49.114102569683034],[21.118293969712045,49.11396766698321],[21.118350793733836,49.11369228225833],[21.11853925402722,49.11361023504423],[21.118681723699645,49.113447139576024],[21.11870433567237,49.1134250824767],[21.11854337183464,49.11332056863181],[21.118703973157487,49.11313293274721],[21.11891412744125,49.11313962212751],[21.119078575062943,49.113087419034],[21.119200620776905,49.11296499540419],[21.11913150895761,49.112743939681955],[21.11911953197049,49.1127055670079],[21.119261086136753,49.11261608400738],[21.119271433705936,49.112615242988625],[21.119445510633476,49.11260160745156],[21.119610654514727,49.112588227533095],[21.1195236226505,49.11238325678226],[21.11952129090857,49.11237769091741],[21.119599395278108,49.11220957511395],[21.119712056192764,49.11209162379116],[21.119726752595426,49.11207831732969],[21.11988802825659,49.11201700955797],[21.11993353894062,49.112006124083535],[21.12016571310102,49.1119504030518],[21.120185658957446,49.1119384339271],[21.12023250906716,49.111909405479516],[21.12025255823914,49.11184774465414],[21.120208565703603,49.11161704570866],[21.120180210065072,49.11145688540826],[21.120243907662335,49.11123681527453],[21.120438859229385,49.111042527963086],[21.12038843760742,49.11092676919417],[21.12041400911952,49.11092218121443],[21.120440251431404,49.11091779462723],[21.121097612024105,49.11076630690974],[21.122640742126674,49.11036354212034],[21.125621368966083,49.10962076689727],[21.128708371651616,49.10884555489784],[21.128881388242657,49.10881071582565],[21.129140583481718,49.108793646730305],[21.12917695884531,49.10879129041498],[21.13015711638256,49.10883644512686],[21.13107171737826,49.108874290023934],[21.131148277312708,49.10887743932344],[21.131276969992854,49.1088802619874],[21.132296334121055,49.108854801310365],[21.133593343841287,49.10882238065457],[21.133859788053833,49.108818584793646],[21.134101259028245,49.10883551293472],[21.134330997939752,49.108767713918674],[21.134649743104326,49.10867365726263],[21.134792412156177,49.10874560920473],[21.13469101268575,49.10883782313728],[21.13473800327758,49.10896895058228],[21.13473382925021,49.109096565706224],[21.134631493563568,49.10923133240245],[21.134862341053744,49.109430045475314],[21.134999791970156,49.10955620758376],[21.13491840979742,49.109715585620194],[21.134868262882524,49.10981383543634],[21.134833162378158,49.10988276341536],[21.134978498033213,49.110308242841825],[21.134998687746016,49.11036748985836],[21.13520360965479,49.11058131493463],[21.13528609030072,49.11124436163298],[21.135452419819735,49.11145903363722],[21.13547470691667,49.111842261395566],[21.135287677831847,49.11222983929006],[21.135135306120674,49.1124034425752],[21.138507292672724,49.11238962019508],[21.1385179407449,49.11271693188818],[21.138539874382943,49.113387149819275],[21.13860262909917,49.113776158429644],[21.13867272096555,49.11397571448175],[21.138731265905015,49.11414204541849],[21.13899352506396,49.114432669326995],[21.13942160388097,49.115038680482535],[21.139505230020916,49.11532850999525],[21.139626385519644,49.11562834973792],[21.139655400417688,49.11570011841486],[21.139673147575703,49.11606159375367],[21.139712105689803,49.11606894851039],[21.140531633753486,49.116006297628765],[21.140578269235718,49.11601182442866],[21.14329456746482,49.116331807787176],[21.143484177780657,49.11618502930281],[21.14359687406591,49.11592013594335],[21.14400782393171,49.11551928006515],[21.143944393861187,49.115327680906],[21.143994596002727,49.11506774351825],[21.14426049564916,49.11489231680753],[21.144293840199516,49.11469576462095],[21.144483476983183,49.11453728222597],[21.14490170030756,49.11480923471057],[21.14493692135245,49.11482079084837],[21.146124993732364,49.11521168402285],[21.147051517862867,49.11538409396753],[21.14745722434241,49.11571856890914],[21.147875492301797,49.1161231185323],[21.148073795497247,49.116432045790376],[21.148288260633297,49.116634622856076],[21.148248650367464,49.11683826977988],[21.14846305919539,49.11713897220745],[21.148579299685107,49.117422440818096],[21.148709410553455,49.11770193590122],[21.14878425709719,49.118892902025394],[21.14868531422918,49.11927922750023],[21.14853073798349,49.11958808529837],[21.14854918714856,49.11983605700926],[21.14856904511921,49.11990384273342],[21.148604509063823,49.12002631629824],[21.14858233565429,49.120184780807044],[21.14845301063026,49.12065810145912],[21.1483667749785,49.121222807525974],[21.148276123908488,49.12152396047782],[21.14811084795537,49.12172228916463],[21.14784486497195,49.1218742257427],[21.147776982775802,49.122012521578526],[21.147930078939577,49.12224800007737],[21.148076175056072,49.122328234008904],[21.148067495730377,49.122573908645975],[21.148031943761005,49.12288679380391],[21.14802875208002,49.12326344814591],[21.148203327589947,49.123806679741904],[21.14857378489509,49.12458385785293],[21.148707592559962,49.12446501752009],[21.148658836088888,49.12429927278446],[21.14885129687128,49.12361026468165],[21.14916013827691,49.12303449017444],[21.149232433961654,49.122899573870995],[21.14924530871239,49.12287549341975],[21.149263729950015,49.122841235147966],[21.14947024971587,49.122669683730145],[21.149699263863866,49.122479396477665],[21.14984192173098,49.12249614194778],[21.149947176969977,49.1225085560577],[21.15036261714662,49.122233675351765],[21.150464955714174,49.12216605477497],[21.151068698819167,49.1217977254764],[21.15122577439239,49.12170185278474],[21.152118322299145,49.121259175723814],[21.15218301615736,49.12128228192789],[21.15261058977827,49.12143530479693],[21.152975901143257,49.121241567493335],[21.153253018840083,49.121104014749456],[21.153843821327214,49.12081646642906],[21.154470072915032,49.12064607464388],[21.1545514946805,49.12077611611195],[21.154805276213587,49.12069309958347],[21.155718383630546,49.12044306720079],[21.155933303818973,49.12038313052719],[21.15592821850039,49.120163850064],[21.156310039723863,49.120083514142586],[21.156808738012348,49.11997850087046],[21.156828517488318,49.11997435260613],[21.15728229070945,49.1198797154812],[21.157787068473336,49.11977966093487],[21.158240173073995,49.11969787265985],[21.158683640881772,49.119624061532186],[21.159154358534185,49.11953769291828],[21.160028042737007,49.11942304428844],[21.160060204232195,49.11953289614496],[21.159982868896297,49.1195457663917],[21.16050386481015,49.11948267071557],[21.160524741578353,49.1195386027158],[21.160530012796695,49.11955281241331],[21.16059894935383,49.11956479435653],[21.160631560290724,49.11954457475045],[21.16193536582648,49.119392221939776],[21.16401659110577,49.11914906695986],[21.16422395466151,49.119124797614404],[21.163653015903588,49.11900034909844],[21.1634455132764,49.118955114248394],[21.162921474303996,49.118701151206935],[21.162499298319123,49.11849666198516],[21.161361071694582,49.117982106896925],[21.160567442112765,49.11752123617807],[21.16014397313187,49.116865313612564],[21.160166389094684,49.116627903984416],[21.16111070354137,49.116285278928004],[21.161988751190787,49.11586017009418],[21.16281286474534,49.115657069696866],[21.163881876209743,49.115354804960766],[21.164187940722787,49.115152330242644],[21.164354495461843,49.11498039842378],[21.16406846667024,49.1146921499917],[21.163903787602305,49.11462035412705],[21.16396678653436,49.114576422455784],[21.164186832130394,49.114423187338645],[21.164400759018108,49.11442523171611],[21.164525330883976,49.11442644721731],[21.16542833710952,49.11410013539732],[21.165433214030475,49.11394301603726],[21.165434533158123,49.113902366463385],[21.165818210136763,49.11372987462189],[21.166385060034415,49.11347518351635],[21.16690734696859,49.11317893891751],[21.16790018445897,49.112639372949715],[21.16849510225316,49.11247341751905],[21.16869205416027,49.11241847598739],[21.168680387270513,49.11247131396116],[21.16867088177157,49.11258858715847],[21.168669946776802,49.11265787648179],[21.168655736510186,49.11323115482306],[21.16863778513066,49.11335329415261],[21.168619133987566,49.11344363294547],[21.168483737820544,49.11390525653718],[21.168171497678266,49.11388986922954],[21.16806286555724,49.113884476940726],[21.168058152813312,49.11392844081389],[21.168000167595448,49.11429877992501],[21.168037674112856,49.114386291145145],[21.1682255489804,49.114395792521755],[21.168199715109075,49.11450940199748],[21.168151451925443,49.114725654871364],[21.16802537931489,49.11470927206579],[21.1679559375157,49.11489245100002],[21.167886827789467,49.11507483010834],[21.16785930631553,49.11514760553764],[21.167897107202045,49.11525178048873],[21.167959898437577,49.11542515869193],[21.168022833484393,49.11559845132819],[21.168085762420336,49.11577183373725],[21.168148691792027,49.11594521610054],[21.168211484768072,49.11611859412094],[21.168274415010803,49.116291976392745],[21.16849498468842,49.117659527521425],[21.16933238526878,49.11769005065322],[21.169551214310378,49.11770970368173],[21.16961062607509,49.11771498961379],[21.169654790019695,49.11793144337231],[21.16969564933906,49.11813113890817],[21.169842226871936,49.11835188754268],[21.16987212868385,49.11839702790268],[21.16986915000689,49.11842097081419],[21.169839311312185,49.118659227976764],[21.169968625652036,49.11889293806859],[21.169815930289612,49.11893873875366],[21.16998677626572,49.11918410514154],[21.170109592497322,49.11914744912122],[21.170173809315727,49.11912821895324],[21.170612855011832,49.11970788809987],[21.17096309438655,49.12007393270764],[21.171237168485895,49.12034648222082],[21.17134463110184,49.120556458575884],[21.17160134803754,49.120980782752525],[21.17182055892957,49.12131183527566],[21.172015635640292,49.1218651190664],[21.172118185036954,49.12184880061032],[21.17218079198728,49.12204197480711],[21.17220850889261,49.12281605794833],[21.172502151742123,49.123694266392015],[21.172945512326535,49.12425137295072],[21.173477016183806,49.125041161181706],[21.173488068549958,49.12532274129437],[21.17336596098548,49.12589407326355],[21.17336055233146,49.12591938034456],[21.17344000898431,49.125975435563895],[21.173561889491996,49.12598762898166],[21.173633184161393,49.12594287189388],[21.1736438360106,49.12590206509206],[21.173675207765864,49.12571039828699],[21.17370982285581,49.125498667877245],[21.173696912095206,49.12524448676374],[21.17359755640093,49.12500578018105],[21.173285511738346,49.12444595242053],[21.172896783506197,49.12383357563235],[21.172678437223805,49.12330765192129],[21.172571124923625,49.12284300509738],[21.172336649128408,49.121892562671285],[21.172331278169498,49.121872138870565],[21.172429389312914,49.121882868104514],[21.172284402131268,49.12127264082479],[21.172148739749062,49.120952582186895],[21.172021652858216,49.12073893035119],[21.171452589972915,49.11988574712153],[21.171038039727197,49.11926336861329],[21.17089481646433,49.11906613328818],[21.170791360059603,49.118923619849376],[21.170730091501735,49.11875362252924],[21.17073238885408,49.1185827391612],[21.171434158056886,49.1175002557434],[21.172238370400045,49.11751000150573],[21.172376633634176,49.11751163784452],[21.173326618093785,49.11732186448097],[21.17397634916845,49.11737752721262],[21.174767330188626,49.117429602013495],[21.175629162161112,49.1174786704824],[21.176520415541333,49.11749093445403],[21.177528822236763,49.11749524823948],[21.178890070750644,49.11750952157515],[21.17931500378518,49.1176484988773],[21.180477563774698,49.11765473240435],[21.180704943462366,49.117630340477916],[21.18222288616855,49.11767198436514],[21.18236612467373,49.11705161340526],[21.182951094064688,49.11709070630333],[21.18398402427355,49.117155687007745],[21.1840583064607,49.11715638922122],[21.184411595201524,49.11764212735115],[21.184592071183673,49.11807700004078],[21.184672831812367,49.11807160272776],[21.18486807440523,49.11797976096031],[21.184705220397614,49.117725395939104],[21.18459561706306,49.11746486335943],[21.184612744845108,49.117162650868956],[21.184787763985433,49.11718315615828],[21.184880749138348,49.1168863757977],[21.185056661305524,49.11655050689151],[21.185270526090907,49.11630206626818],[21.18551214644038,49.11608879164465],[21.185835999038172,49.115724957204364],[21.186060489362553,49.115426344383735],[21.186248371362698,49.115110563061904],[21.186874715777115,49.11436124697153],[21.18720669751268,49.113809334747614],[21.18733473899032,49.11360376113623],[21.18747886159482,49.11329552325845],[21.187491513449178,49.11326855147091],[21.18844297585729,49.113584274994764],[21.188461454264864,49.113590433542434],[21.18894413054641,49.11385595153908],[21.18941148011777,49.11427060703184],[21.189590675423823,49.114380988714835],[21.189720708586687,49.11446390862086],[21.189882765076536,49.114530723743],[21.189950276254095,49.11455857792411],[21.190025807821556,49.11458173117976],[21.19003761452119,49.11458534058437],[21.19005076981051,49.1145873716742],[21.190603247376522,49.11467330484402],[21.191293654270584,49.11468206903617],[21.191788829707964,49.114718496148015],[21.19232622180514,49.11485373292181],[21.192307712075394,49.11486314798961],[21.19230031078277,49.11486687808793],[21.192268087760766,49.114938791269545],[21.19227432539723,49.115000381431535],[21.192280908774872,49.115064773084825],[21.192301458743454,49.1151995481837],[21.192302827052323,49.11519959087191],[21.193273585615824,49.11519845440036],[21.19402972157136,49.11519160773088],[21.194475665202358,49.115195880290095],[21.194750714090016,49.11519851425217],[21.194795392509672,49.11519891692264],[21.19497789737606,49.11519551433183],[21.19513238470451,49.11519267841761],[21.19511996858927,49.114843003493455],[21.19511797720099,49.11478901784454],[21.19518837845282,49.11462151980084],[21.195296615677325,49.114585013835836],[21.19593441602091,49.11447733184916],[21.19618114315599,49.11450554649993],[21.19624712335824,49.11451858550603],[21.19645494229687,49.11455954051166],[21.19663330638012,49.11460956980278],[21.196785953723413,49.11463215080893],[21.19732219243277,49.11452552770439],[21.197403999222267,49.11440312509797],[21.1974599611227,49.114319527186346],[21.197605992403147,49.114359635458634],[21.19787714149909,49.11434026523251],[21.19805788425062,49.11438964624524],[21.198494737892347,49.11444178253835],[21.198545009679577,49.114431195213136],[21.198878392089217,49.11454123266415],[21.199187231850658,49.11460567371227],[21.199278507463845,49.114551441694815],[21.199318393252536,49.11451757491867],[21.199536684103016,49.11414222669375],[21.19955953614179,49.11410305828768],[21.19956016782549,49.114101907664406],[21.199543232466148,49.114097149307476],[21.19911294865611,49.11397500394666],[21.198836741287252,49.11390500717645],[21.198716863627823,49.113912886724826],[21.198857812606814,49.11337624119764],[21.19885783805892,49.11337399142808],[21.19886638819372,49.112948271262944],[21.1987619447454,49.1125813275952],[21.19871532002188,49.11255475922153],[21.198688446498483,49.11253951865422],[21.19861719648505,49.11249885995458],[21.198561454444217,49.11226639607463],[21.198553868708967,49.11223474194227],[21.198549035435438,49.11221433633258],[21.19850422582674,49.11215127523543],[21.198410577243852,49.11198793817553],[21.19834383664666,49.11187162072374],[21.198343418209014,49.11186602629104],[21.19833430801256,49.111734039504896],[21.198323753316707,49.111584093223],[21.1983149113591,49.11145598574428],[21.198304302958267,49.11139975128188],[21.198293211725822,49.111340711076636],[21.19815564131135,49.1111324346239],[21.19820465754083,49.11111640706981],[21.198357745109213,49.111066351849125],[21.19865114126616,49.11100833347583],[21.198887080617066,49.11097877254733],[21.19899155447307,49.11096573214806],[21.199235822414476,49.11089871045657],[21.199262979368687,49.110881551639366],[21.199325201209707,49.1108421689129],[21.199427646905193,49.110777482061486],[21.199514679777867,49.11076668880509],[21.19954002751005,49.110825812700995],[21.199553424972684,49.110856747515236],[21.20007044737603,49.11113886205696],[21.200429223164377,49.1114514267384],[21.20070675342295,49.11162255654657],[21.2010396957946,49.11184861358064],[21.20238474061819,49.11103273725358],[21.203668900981818,49.11141711061256],[21.204240775176995,49.111553275220565],[21.204443048483707,49.111606376813924],[21.20448328355699,49.111615099793916],[21.20485024768598,49.11169483698372],[21.205414777098213,49.11185876414234],[21.2057988461108,49.111920035307264],[21.20705904445975,49.11201546421311],[21.20841528901302,49.11206642112758],[21.20854911567139,49.11221119220672],[21.2088164274137,49.11240656024552],[21.20881285090908,49.11243525618949],[21.208716863611496,49.11277768919919],[21.20946687934678,49.11291413852764],[21.209972505737323,49.11302616142049],[21.210394584358003,49.11315962427238],[21.212450463989864,49.11381694114473],[21.212709161055205,49.11405038133477],[21.21230215810591,49.11438730828152],[21.21185965458745,49.11469153474834],[21.211691995722642,49.114806871215116],[21.211593404275245,49.114913368148386],[21.21139414922177,49.1151284580063],[21.21135714073429,49.11521769127705],[21.21123404255178,49.11551400333779],[21.211200263105145,49.11577545825691],[21.21119756439441,49.11581102309207],[21.211194567110727,49.11584882920281],[21.21118336745655,49.11586342522119],[21.21105327572908,49.11603402982317],[21.21097574373653,49.116135598561414],[21.21096943247299,49.116166100077315],[21.210735455277636,49.11643664491594],[21.210129380919465,49.116793222232246],[21.209764906159133,49.11700759155574],[21.209614098195548,49.11710967517215],[21.209441030085443,49.11725040695343],[21.209289245078683,49.11746498703132],[21.20927626742115,49.117483308592675],[21.20895263679085,49.11809179872791],[21.208377517783724,49.11900782396626],[21.208367846294948,49.11962714319021],[21.208302489445835,49.119900219776845],[21.208144172142646,49.12030796233423],[21.208090643499833,49.1207593790681],[21.20806716927279,49.120955617467324],[21.208022909207084,49.12108441417582],[21.208045991222654,49.12108576122664],[21.208069079715084,49.12108701845225],[21.20863293544851,49.121695701733586],[21.209095332945182,49.12157520737203],[21.209554687041877,49.12164726295929],[21.210121949820568,49.121744541510374],[21.210539898306187,49.121734558557655],[21.21078961201454,49.12160385552041],[21.211315362280615,49.12106644865104],[21.21159383466365,49.120911520431825],[21.21176431701599,49.12068680518503],[21.21192916094027,49.120498463507104],[21.211940793970285,49.12041501442351],[21.21189749543255,49.12035920804703],[21.211978782126806,49.12033697411382],[21.21268314938796,49.120690014119134],[21.212813729057515,49.12068416215],[21.212834919979198,49.120683199061645],[21.21286866482286,49.12065264822585],[21.213034164391136,49.12050276460571],[21.213143867224584,49.12027823287883],[21.213319220335457,49.120180056741454],[21.213871604848592,49.119971323386125],[21.214344400629837,49.11980693100573],[21.2144127690863,49.11978312462173],[21.214770821482723,49.11959509818796],[21.21496857732505,49.11946187577524],[21.21504740482452,49.119363225449796],[21.215065643342992,49.119296544889494],[21.215088198996423,49.11921370429054],[21.21507339942825,49.11908010393114],[21.215080577427525,49.11893269141996],[21.21520264524246,49.11880108329497],[21.215465022843993,49.11866554228881],[21.21588285847185,49.11905901308161],[21.215915110188174,49.119213138882905],[21.215931368881012,49.11937415075081],[21.216342390822003,49.1196508307837],[21.216403308435797,49.11982402895247],[21.216065939667335,49.11999532712898],[21.21600805010027,49.12015755183841],[21.21604267238438,49.12043508008975],[21.216131915303045,49.12065875786015],[21.216092292350613,49.12090832912813],[21.216079731686335,49.120987608668116],[21.216162366605662,49.121293631008754],[21.216339919810924,49.12152139538142],[21.216327204950094,49.12185642035013],[21.216393275572635,49.12210674607546],[21.216384743606994,49.12228256311491],[21.216531570848613,49.122367411520855],[21.21655997993852,49.122205083408964],[21.216609402071555,49.12197562042786],[21.216876679376973,49.12173589329284],[21.21702131833236,49.12159751088919],[21.217071249880274,49.121271290778],[21.217082501947353,49.12112436474901],[21.217121211020558,49.121095316876165],[21.21715238404605,49.121071886897624],[21.217336360456986,49.12093382263075],[21.21748760723867,49.120730199043194],[21.217548359441725,49.12064827129805],[21.21789055651584,49.12053761266181],[21.218023391685108,49.1204946460269],[21.218036928465217,49.120478051310506],[21.218180441032246,49.120301823858206],[21.21837688786963,49.120060800070206],[21.218422680180574,49.11986642231329],[21.218455261494483,49.11972798862263],[21.21859098877388,49.1195989607568],[21.218784271240548,49.119485848418286],[21.21905200439461,49.1193291304188],[21.219054583796293,49.119327589910434],[21.21959921431199,49.11959651226885],[21.21962637033844,49.11960986595585],[21.21991685937036,49.11949526025585],[21.220019899240906,49.119454609833944],[21.22021488935128,49.11931004073563],[21.22034024117181,49.11914018034688],[21.220794833869043,49.11903974431344],[21.22081485419531,49.11903406247826],[21.221466211993384,49.11884825233858],[21.221842129986534,49.118873117527606],[21.221821146826247,49.11922066937781],[21.221815815173972,49.119308274844975],[21.221876380910306,49.11940260034484],[21.221916489321597,49.11940366128778],[21.222168771630802,49.11941038652588],[21.22254412811077,49.11953290461779],[21.22300563308388,49.11967428989238],[21.22384101179655,49.11975260817607],[21.224461254616667,49.11982831985786],[21.225656060537414,49.12006978232374],[21.225892400831736,49.11997950445639],[21.226561099710857,49.119723895946706],[21.227175995789974,49.11973650343499],[21.22790665918074,49.11976231585808],[21.228232680214465,49.119811814839814],[21.22849290439214,49.11985126902164],[21.22866702762154,49.11958802515195],[21.228903631345485,49.11935236636383],[21.229159014654726,49.11891780150052],[21.229295294548077,49.11839025816293],[21.229409947880253,49.11839982973194],[21.229481775942826,49.11840798889103],[21.22948239350356,49.1187170484882],[21.229482697405047,49.11886973270145],[21.229534734207732,49.11900096893567],[21.229660332252916,49.119175525655855],[21.229696509208186,49.119225703763036],[21.229788064442943,49.1193528487037],[21.230070361446476,49.119629734719666],[21.231238773329,49.11982252369003],[21.231532577625188,49.11986804843945],[21.23246797650499,49.12001303512118],[21.232354396346796,49.12049213011464],[21.232311343359978,49.120673903229324],[21.232240366660132,49.120973641658914],[21.23223238578704,49.12101039378637],[21.232002521867575,49.122002347321875],[21.23184353829245,49.12206774805871],[21.23177151562849,49.1221158472231],[21.231608830274116,49.122231004687805],[21.231325679373736,49.122490348063096],[21.23139805908261,49.12251769717852],[21.231470575724263,49.122545050471516],[21.231976987382403,49.12209076962176],[21.23196138371514,49.12230480653049],[21.231964053979226,49.12249924267736],[21.231957020091265,49.1225246814418],[21.231932911704572,49.12261233754139],[21.231922731327675,49.12265298267169],[21.23215078163714,49.122749318459064],[21.232115623866235,49.122937636417056],[21.231843947622135,49.123189953361674],[21.231766963125924,49.12328624034264],[21.23153500483319,49.12357570015442],[21.23123400578615,49.12375284434181],[21.231013346823516,49.12388259585955],[21.23099425229832,49.124225703995585],[21.230898467552706,49.12447714535577],[21.231078784387005,49.124519978198634],[21.23171665446911,49.123977123836355],[21.232303974265502,49.12347726691996],[21.2323910277361,49.1234031651349],[21.23264906367279,49.12308273104568],[21.232688530631066,49.12304298924289],[21.232750522159943,49.122951100344224],[21.23288045602085,49.12274167020917],[21.23296170558378,49.122610676299125],[21.23306625231572,49.1225144285286],[21.23325935359823,49.12233647288976],[21.233376006131188,49.122205220289274],[21.233652122576743,49.12189452390278],[21.23375400303574,49.12177991925821],[21.233743057401334,49.12166075507071],[21.233674048862298,49.12157481819306],[21.23360793093974,49.12149257121565],[21.23368658937917,49.121347903904855],[21.233779870074336,49.121223131826774],[21.23399993356719,49.12092898029788],[21.234084048681407,49.121164096186696],[21.234425902034292,49.121142049398074],[21.234856408783855,49.121255334359425],[21.235199850321006,49.12142768769765],[21.235496110261984,49.12168059399861],[21.23553528482347,49.121742655027845],[21.235560159117735,49.12178222035926],[21.235857006677094,49.122556089727944],[21.23593361748638,49.12262785620146],[21.236500532221378,49.122834278011595],[21.236709415407603,49.12276725784791],[21.23693680751995,49.12270224789637],[21.237029261701906,49.12270401607806],[21.2372806437048,49.1227484886766],[21.237442454665395,49.122787320878736],[21.23752310261418,49.12262812939748],[21.237536700238646,49.12260676343729],[21.237603687830205,49.122640513943104],[21.23773369893419,49.12270591228731],[21.238892346914152,49.123278384201924],[21.239638069103275,49.12364693024293],[21.24048189671981,49.122821138002976],[21.24312059778784,49.1226969895172],[21.2446622117843,49.12258577918218],[21.245118798922835,49.12255507549678],[21.246023649135683,49.12208930961138],[21.246257493129697,49.12162407362715],[21.24626004799769,49.12161902102799],[21.246338497310518,49.12165365872111],[21.246406962374184,49.12168213828955],[21.246477319119474,49.121701403938104],[21.24659332769641,49.12172864371907],[21.246691754064454,49.12174472085202],[21.246702435014832,49.121744959017285],[21.24674571904303,49.1217457488431],[21.246805078409515,49.12174037113382],[21.246883527387666,49.12172117680629],[21.246910461354886,49.12169544860388],[21.246953040961884,49.121621500577916],[21.246972763600525,49.12158726901302],[21.24710873004374,49.1214750512268],[21.24731777869716,49.12144195507407],[21.247656669356086,49.121388271835215],[21.247723118248,49.121377710287476],[21.247894244862376,49.12139556947467],[21.24817701415903,49.12142495916108],[21.24818654259341,49.12142597196883],[21.24797985680291,49.12181642915234],[21.247922788907438,49.12192431989053],[21.247953330212688,49.12193840080701],[21.248053978506626,49.12198488153508],[21.248095721882766,49.12195726743369],[21.248480123195794,49.121853938569416],[21.24926491183235,49.12176929407882],[21.24934115903097,49.12174633973254],[21.249665038773813,49.12168003717821],[21.249689069074275,49.121693107564596],[21.24980377081533,49.121665572259595],[21.249966506190248,49.12176463817649],[21.250018686361493,49.121796486466316],[21.249899651628194,49.12187519995007],[21.250023777654114,49.12214654758732],[21.250837884366952,49.12163115033819],[21.25132339239485,49.121332873116195],[21.25178720553021,49.12135259625227],[21.251849195548182,49.12136611072948],[21.25243271401858,49.12140741784405],[21.252555830008134,49.12143117886849],[21.252587352119697,49.121437276928035],[21.252661347127074,49.12145169933936],[21.252706935664975,49.1214605693512],[21.252637095666604,49.12204652185276],[21.25243743020899,49.122541083202925],[21.252379420659295,49.12265461812877],[21.252295619535982,49.12281831262008],[21.252061745683246,49.12321343310105],[21.252044768796647,49.12333047719675],[21.25199425544821,49.12332910751431],[21.251914317663616,49.12332683506222],[21.251911072730685,49.12337624600946],[21.251908435559688,49.12341712378823],[21.25190734797436,49.12343239366671],[21.251937463163124,49.123433227587476],[21.252029581494014,49.12343587370919],[21.251929249402256,49.12412819294547],[21.252408303931333,49.12433679020635],[21.252424753539096,49.12437159205534],[21.25243619703608,49.12439579813026],[21.252477003363794,49.12448148771035],[21.252531279420797,49.12459567637692],[21.25257257824524,49.12470334565253],[21.252620240499397,49.1248275935499],[21.25267867389845,49.124979717608085],[21.252729704446836,49.12511253053016],[21.252782913515166,49.12525135148605],[21.252825624070237,49.12538543946995],[21.252870429976664,49.12552670318833],[21.252890911833802,49.125593495317815],[21.252873266111454,49.12586634169209],[21.252910620543215,49.126218201177124],[21.25307066666226,49.12618773222658],[21.25316869945632,49.126511926217795],[21.253318687319037,49.12700802905583],[21.253417189201745,49.12710412918613],[21.253485044753816,49.127476547586724],[21.253442442040473,49.128134629312065],[21.254659517659434,49.12814664819234],[21.254692137170082,49.128170152787305],[21.25481701270449,49.128223400873686],[21.254930567664072,49.12827189090905],[21.255124944467468,49.12831034540063],[21.256340745857152,49.12859290365354],[21.256524143724263,49.12867773903184],[21.25662921411756,49.12880311335063],[21.256879887721833,49.12917635839648],[21.256869230750198,49.13006667592111],[21.257128979797574,49.13018130463098],[21.257273678930172,49.130245239100155],[21.257640363101885,49.130507351627664],[21.25784230789386,49.13065171472597],[21.257906143330707,49.13069732862139],[21.258642560944498,49.13167281362967],[21.257412206367718,49.13210476360221],[21.256952041679018,49.131935927206776],[21.25609959228336,49.13188019616393],[21.255976822420802,49.131991928390846],[21.255896948766264,49.13350386299136],[21.255884131750225,49.13374760048979],[21.256130564604646,49.1362089637778],[21.256724630192107,49.13620474736054],[21.256732315389645,49.1362047127082],[21.257001604987796,49.13624545753583],[21.257004894604666,49.1362667126051],[21.257030657674843,49.1364368262008],[21.25703656625234,49.13647526496616],[21.257010024773606,49.1364992971189],[21.25672642581918,49.13675607482988],[21.256299457344934,49.13741966393418],[21.25625709978368,49.13758111955109],[21.256228867624554,49.13759033674422],[21.2561371035683,49.13761705162351],[21.255702994569216,49.1381224378306],[21.25539089582318,49.13846520718644],[21.2553660453369,49.1384924414614],[21.25492969775948,49.13893654401774],[21.254551143808296,49.13926638264142],[21.254067886753145,49.13967348736594],[21.254011543869968,49.13972100043962],[21.253705639424613,49.14007088704165],[21.253581516423917,49.140212821908335],[21.253334098745807,49.140508149022175],[21.25312498615424,49.14076648224869],[21.253037284529977,49.14086704453237],[21.252945477195308,49.1408383944532],[21.252924268363312,49.14083180296853],[21.252641482598307,49.14071826082109],[21.252551267136884,49.1408213562234],[21.25230666290541,49.14112135858866],[21.252262457795243,49.141175634415816],[21.252181239543177,49.14127567478767],[21.252511940078456,49.14136764248565],[21.25256226031293,49.14138160801518],[21.25264624244011,49.14133521311345],[21.252848029416057,49.141108522561126],[21.252628719062372,49.1413885968414],[21.252443105207462,49.14164053805862],[21.252222435981636,49.14195117626172],[21.252124369003752,49.14217213479151],[21.252063734612054,49.14235877392928],[21.252003447212708,49.14257134898293],[21.251825362895595,49.14314308562876],[21.251692404772125,49.14353976992393],[21.25167325196573,49.14359481389577],[21.251640854811654,49.14235687707732],[21.251549363820363,49.142258291339374],[21.25153471373039,49.14224244884553],[21.249930096564793,49.14201480517387],[21.249699273759706,49.1420268960334],[21.249449493842263,49.14208548437889],[21.2491763216837,49.14228162282444],[21.24903666322364,49.14244297061943],[21.248723408010054,49.142804772322656],[21.248455972071458,49.14301080732547],[21.24798794698356,49.14329548116015],[21.247547116686484,49.143633559153635],[21.247206461828632,49.14402719266957],[21.247069651085827,49.144471554393334],[21.24722079415291,49.14482060688372],[21.24694864266242,49.14519248834811],[21.24628295112982,49.145958446687715],[21.246056909499597,49.145832139087965],[21.24557787550473,49.14530161699359],[21.245546988053302,49.14530372874574],[21.24551610059926,49.14530584048975],[21.245013208816985,49.14540948479725],[21.244827826683263,49.14532493231292],[21.24371095538561,49.14523542734898],[21.242850874036726,49.14509331394603],[21.241815166649594,49.14488773092806],[21.241753469005126,49.14487935215378],[21.24171255670951,49.14490653992516],[21.241451524781084,49.145079990040905],[21.2413184216467,49.14533155001784],[21.241282098764433,49.145428913541394],[21.24123980888989,49.145542566988595],[21.241161715360924,49.14575206955882],[21.241043832017414,49.14603830458173],[21.241014047112614,49.146188170123935],[21.240606263739462,49.14615312159832],[21.24029628586572,49.146126211773506],[21.240213640414385,49.14611907815943],[21.23972433210389,49.146020935494555],[21.239623410989573,49.146000726461935],[21.239809457146343,49.14572469170073],[21.23996667414546,49.1453854764937],[21.24014560199264,49.14495943060351],[21.239764243140744,49.1449272622309],[21.238783966726036,49.1449464247605],[21.23878024943865,49.145000321801646],[21.2383963220277,49.1448755302317],[21.238391761438304,49.144780059596386],[21.23843352241141,49.14457412107697],[21.2388606259813,49.14355213768209],[21.238964409673077,49.14330390858142],[21.23853950259998,49.143149859728894],[21.238261723503054,49.143054800255136],[21.238259714816067,49.14305410828366],[21.23819689790511,49.14303264029275],[21.237894076879705,49.142928977296336],[21.237223710490365,49.143641722846425],[21.237057409946484,49.143827712612875],[21.23659011056403,49.14435046621183],[21.236557593956054,49.144384932331235],[21.236111969812136,49.14485776097416],[21.236172204760468,49.14487122880517],[21.236337102820848,49.14490817462008],[21.23648768733952,49.14494188875822],[21.236576122600372,49.14495820532977],[21.23720007711733,49.14508823385841],[21.2377487298146,49.14517759243093],[21.237797396877387,49.145182061406786],[21.237770057773492,49.14526691792646],[21.237649639272483,49.14564012061126],[21.23759252272127,49.14606064181207],[21.237588254931417,49.14610687026083],[21.237574057581764,49.146259285608906],[21.23750740049832,49.14646022641861],[21.237475371771065,49.14655691101774],[21.23744334292101,49.14665359560459],[21.237411457295003,49.1467501945737],[21.237379428199674,49.14684687913606],[21.23734845186094,49.1469403554166],[21.23727665741392,49.14717471504454],[21.237227021600475,49.14739472372508],[21.23709702251679,49.1477425155023],[21.236800132158237,49.14821335518823],[21.23682852391651,49.14830559885742],[21.238102320581444,49.14828747470492],[21.238070681400238,49.14832691929665],[21.237827203321824,49.14863052979508],[21.238419291375322,49.148681072495506],[21.238582900984294,49.14833332387098],[21.238614445330477,49.148266420443484],[21.23998115193022,49.148422801477125],[21.23996193169178,49.1484593879418],[21.239920127616486,49.14853929881149],[21.239912189581897,49.14855435779494],[21.239719645907748,49.14870425636288],[21.239690433129645,49.14871361967745],[21.239212252620856,49.14886634083066],[21.238506425057512,49.14909172040012],[21.23850902589535,49.14913401934455],[21.23803197513322,49.14995183082359],[21.237989904209655,49.15002390122946],[21.238536698260077,49.15028774363418],[21.239233269739735,49.15045492102478],[21.239782492157513,49.15063313398396],[21.240875908809283,49.150749046981964],[21.241264594828273,49.15068700588668],[21.241490410504195,49.15063804878671],[21.241719730600714,49.15053428760072],[21.242347228776364,49.15057167540862],[21.242949132235882,49.150600441419506],[21.24318971655421,49.15051952836636],[21.243518961518106,49.15032512579582],[21.243747485698385,49.1502593241899],[21.245469027061432,49.15048262470943],[21.246301592071926,49.15059056345829],[21.24753555152208,49.1507506078747],[21.248365560607553,49.15153512089225],[21.24838688784755,49.15190178990861],[21.24838162793205,49.15192935410641],[21.24836814896084,49.15200095504494],[21.248349138508544,49.15210200222601],[21.247445099584336,49.15247798388653],[21.24740380011986,49.15249516974978],[21.24798942454944,49.153015989241695],[21.24756684786878,49.1532932365535],[21.24742446058696,49.1535596404671],[21.247316006393685,49.15363705735954],[21.2472372285687,49.15378902022193],[21.24721096705147,49.1538397044362],[21.247146487334632,49.15387976337339],[21.24709393767608,49.15391226694374],[21.246982811524695,49.15402902953976],[21.246866260954523,49.15410448712476],[21.2467240556023,49.15423172757093],[21.246676768721798,49.15439815977243],[21.24649354661668,49.154605877161],[21.246456760944028,49.154802067726436],[21.246368249918454,49.154863442835726],[21.24621537629363,49.155213150454145],[21.246243296309444,49.15526999922156],[21.24618082012821,49.15532425208521],[21.246104237470878,49.15533963389942],[21.245931127955892,49.15551327406984],[21.245958433161988,49.155536437174796],[21.24598482466136,49.15555894208395],[21.245965013884646,49.15562881801957],[21.245945352823018,49.155698518512864],[21.24611352390154,49.15585554389341],[21.246294308927062,49.15602429863367],[21.24614704596364,49.15621844680986],[21.246132207606045,49.156720473106304],[21.24611042918407,49.157012093592996],[21.24609291686258,49.157245873308604],[21.246110855437376,49.15737911105401],[21.246138658494804,49.157585656486376],[21.246293468523277,49.157887650390236],[21.24631791633724,49.15793548060919],[21.24683287726987,49.1585105747125],[21.247162590048962,49.15880632435159],[21.24748451588959,49.15908815112883],[21.247735702054086,49.15931883585555],[21.247913173837098,49.159457329544196],[21.248422598512878,49.15976804242677],[21.248800204290383,49.15997181772228],[21.249866811332623,49.16047056270064],[21.250690847173146,49.16076985053049],[21.25099768929979,49.160818957805056],[21.251375948045524,49.16088096607709],[21.251378935556836,49.16088141774744],[21.251380677620492,49.16088201126706],[21.25159853694937,49.16095863459591],[21.251654773393735,49.160978452295566],[21.25193422751369,49.16116534472993],[21.251980051906326,49.161221480300206],[21.252172208028146,49.16145655592503],[21.252522275191147,49.16210299125156],[21.252939400173112,49.162419134954355],[21.25369261159226,49.16296566804392],[21.25375980606855,49.163003193759636],[21.253911354667796,49.16308786256988],[21.254183561254656,49.16323996003258],[21.254701021165772,49.16338687682037],[21.255298081636965,49.163480058113386],[21.255976769473996,49.163464024034525],[21.257060051743313,49.163414192531704],[21.25756015231696,49.163429049573864],[21.25799615230199,49.163441942863365],[21.25816605446595,49.163467486035636],[21.258213042670103,49.163474594990795],[21.258324552513198,49.163552991600106],[21.258383767861982,49.163594681203456],[21.25845792498731,49.16381029130766],[21.258571644784016,49.1641412537432],[21.25859333058404,49.16450207637179],[21.25850108811054,49.16484546045747],[21.258267029725534,49.16521412083972],[21.25809800910459,49.1655387721592],[21.258088772983708,49.16582096367842],[21.25823940840862,49.16633345022544],[21.258244482122368,49.166350888778666],[21.258296606415616,49.16640739417862],[21.256541565564863,49.16709758372075],[21.255246647567535,49.16753502806545],[21.25346921961537,49.16810665534527],[21.253226402051713,49.16832200880635],[21.25202966055964,49.168484813298264],[21.251566951905854,49.16838187300607],[21.251172947406392,49.16859573850061],[21.250925295153742,49.168690045731424],[21.248571903829834,49.16958636830385],[21.248136491412637,49.16951062716797],[21.24741028117524,49.16969115260209],[21.244092378844307,49.170458134882395],[21.244178733533175,49.17084435355875],[21.244248026767725,49.17115425299685],[21.244073891410856,49.17153355055119],[21.244018075562387,49.171546148911254],[21.243498736597246,49.17166297162713],[21.243331303220053,49.17178124225213],[21.242996632105218,49.17196890913696],[21.24255513268468,49.17222206612544],[21.24219416029209,49.17247796639746],[21.24180551839356,49.17269259717019],[21.242702148422268,49.17286201996067],[21.243730631600812,49.17327673378231],[21.24223433844075,49.17845350318286],[21.242296803215194,49.17846901523998],[21.242164005185565,49.178592219686806],[21.242005275209735,49.17854998473318],[21.2417619114776,49.17842206227684],[21.241689490149184,49.17845746402846],[21.241480373795834,49.17849388563707],[21.241272952827746,49.178512355438684],[21.241145725975905,49.17853842084571],[21.241073398571224,49.178553301069435],[21.240989969915322,49.178529492445804],[21.24060701087938,49.17842014098885],[21.24017754693542,49.178473370885015],[21.239970625750033,49.178567378711996],[21.239839207264037,49.17862707052882],[21.23979155312596,49.17875577102954],[21.23994534424931,49.17893612454139],[21.23986610236288,49.178976626559106],[21.239390641828965,49.17879178250328],[21.239053428736767,49.17874162416336],[21.23881253848948,49.17870585973572],[21.238276774796187,49.17900489284505],[21.237924403115052,49.179057155454274],[21.237689261743736,49.179104112050176],[21.236805024977603,49.18057435282472],[21.236754669110447,49.180965011352484],[21.23660918915676,49.18160443259535],[21.236468722931225,49.18221214157213],[21.236267685186466,49.18308074840121],[21.23608590747895,49.18370527902258],[21.23589945350339,49.18425891138756],[21.23592832250203,49.18440418855824],[21.235810332556724,49.184490844914905],[21.23563332105311,49.18447549458981],[21.235495761085872,49.184482602600916],[21.23518467202974,49.18449859143461],[21.235132942341764,49.18449033763704],[21.234994564674835,49.18449543949499],[21.234911905058702,49.18451062823963],[21.234787262318907,49.18454252795361],[21.23438957042487,49.18457889294722],[21.234166039310782,49.184591813918765],[21.23383015615628,49.18462224872904],[21.23372303590157,49.184631912409145],[21.233534179869743,49.184607462381834],[21.23331506789566,49.18455489472127],[21.233186272784156,49.184524012338926],[21.23301792469438,49.18467707851731],[21.232842097973723,49.18483675547263],[21.232898329872203,49.18505039001848],[21.232957155440623,49.18527382633895],[21.23274435719899,49.18530363861283],[21.23253794558851,49.18533247702235],[21.232353578390985,49.185358393500515],[21.232264108578992,49.18537085012401],[21.232234835547096,49.18537498926323],[21.2321001936495,49.18540072698568],[21.232014844445757,49.185417001118644],[21.23195817332174,49.185427857542514],[21.23191793527437,49.18543552953228],[21.23159480021394,49.185450867813266],[21.23148719011536,49.18558221883955],[21.231417181655413,49.18567755104986],[21.231240833435596,49.18569120042674],[21.230843918287196,49.18556914579378],[21.229913850517235,49.18528311468473],[21.2298109258659,49.1852514958323],[21.229290322718068,49.18522077155035],[21.228853137658607,49.18519495789245],[21.228625592744606,49.18518145928824],[21.228579916768016,49.18517879037085],[21.22851520371625,49.18526915328956],[21.228371595813506,49.18546951570483],[21.227515435812506,49.187516857387386],[21.227477853839474,49.18752001892243],[21.22747315609251,49.18752041411346],[21.22721996633025,49.18792893763257],[21.22697977377431,49.18838017022511],[21.227847017419467,49.188459133870126],[21.228238793146133,49.18846743664092],[21.228898239230958,49.18848147168012],[21.229307689992957,49.18850948972595],[21.229309882533695,49.188509557326604],[21.23023768465801,49.188550402151904],[21.230438755906857,49.18859620774443],[21.231132639931584,49.188754330103244],[21.23134471923044,49.1889396410592],[21.231467363536776,49.18904685081145],[21.231871361674404,49.1891969359822],[21.232098672209343,49.189225453397775],[21.232332248016732,49.189254703475775],[21.232470947488594,49.189272118732525],[21.232549004053553,49.18926570144637],[21.233235604993105,49.1892095240251],[21.233272948174594,49.189255683026005],[21.233210764455844,49.18929931692161],[21.232928647200797,49.18949694879428],[21.232826649983743,49.18960740971042],[21.23205341318998,49.190444521416474],[21.23277400355873,49.19043746282925],[21.232931608766076,49.19035022892385],[21.233277374052456,49.19037023976606],[21.23398846749858,49.19022164340694],[21.234106127458347,49.19034102901007],[21.234184539806915,49.190369908493416],[21.234340711567036,49.190685908021294],[21.234758971725405,49.190936251106365],[21.23513235617909,49.191143983168274],[21.23525626891815,49.191331433173175],[21.235365791562035,49.19149737597887],[21.235662509309538,49.19159823597327],[21.23575162016086,49.19157559341381],[21.235936137227437,49.19152870147537],[21.23615097144233,49.191698964378915],[21.23678062278753,49.19184193194733],[21.237273203458393,49.19200795488091],[21.237575196610265,49.19214839970965],[21.237994222855356,49.192355815400795],[21.23866383632922,49.19219781295382],[21.239222467595887,49.192158818364526],[21.239533970883652,49.19205515317111],[21.240174621222252,49.19187950871346],[21.24059954880413,49.191745390496735],[21.241537935617384,49.191447103527295],[21.241913331866996,49.1910644515061],[21.241880776029507,49.19134106454256],[21.241816473009163,49.19146817372813],[21.241803284727492,49.19151430746603],[21.241588132915968,49.192056802431026],[21.241287710772877,49.192558599693335],[21.24088936161636,49.193100595318214],[21.24040563872497,49.19367237214637],[21.239963337641147,49.194052873454424],[21.23958900784211,49.194370200179755],[21.239539157356905,49.194611894437664],[21.23944652325066,49.194704825175144],[21.23878464786416,49.19641208815106],[21.23846458313876,49.197296838544965],[21.238305352213093,49.19855578420222],[21.2382280425282,49.198706976370715],[21.23810867284062,49.19889306207509],[21.23772417917168,49.19930368909184],[21.237648787668164,49.199531634568196],[21.237629778420377,49.19960909487951],[21.237317134010606,49.19952467524901],[21.237056182758746,49.19964870436165],[21.236579413787787,49.199590740446155],[21.236423390126852,49.199498353861],[21.236157878956924,49.19958821422215],[21.235882155263113,49.19957135933924],[21.23555125394054,49.19974751337595],[21.235011519629083,49.199686435274565],[21.23449811398298,49.20009362523757],[21.23392074294094,49.20041953869484],[21.233566819601876,49.200539167939176],[21.233184028715478,49.200572840846746],[21.232829726972938,49.20046975314979],[21.232117944949245,49.20050904418169],[21.231696432941973,49.20044097006299],[21.231104992536174,49.200374860597705],[21.2306365123844,49.200410025957524],[21.230289106715283,49.20032577647617],[21.229672841898797,49.20036250495542],[21.228555129240014,49.20044390306859],[21.228775775905362,49.20330975531376],[21.22888230348566,49.204694268318214],[21.228947159510895,49.20553604070894],[21.22830370422848,49.20590075981526],[21.22797834944603,49.20555298311356],[21.227903068273132,49.205575866902414],[21.226319125504805,49.20605641202948],[21.225573822329544,49.20631814564033],[21.22549290000754,49.20635831732195],[21.22488060127966,49.20644006412407],[21.224439667866033,49.206412234006066],[21.22411208107306,49.206386280386944],[21.223957503744003,49.20640563400932],[21.22321589010419,49.20624708397547],[21.22289016762042,49.2061723047629],[21.222817971056013,49.20628214779812],[21.221971463678454,49.206103607587096],[21.221665741611268,49.20606977056141],[21.220507916633473,49.20551910128904],[21.220467996177828,49.20554883406238],[21.22013242370805,49.205443046395324],[21.220036783034097,49.20547960898453],[21.22019052990591,49.20616660597208],[21.220439682506516,49.20666004100862],[21.220668795176564,49.20693564294691],[21.22087383357898,49.20711625189232],[21.22102302626069,49.207383712891115],[21.221205426694453,49.20759638831425],[21.22131302934806,49.20778505875081],[21.221404705604733,49.208172176512704],[21.221652815423436,49.20854864253827],[21.221626227110978,49.20866421436512],[21.22182035102036,49.20867966155165],[21.222181107082154,49.20869737357027],[21.223780840231534,49.20845375489628],[21.224618275906405,49.20866737732342],[21.224679526199314,49.20868304013409],[21.224740226097666,49.20867960219476],[21.225286557082384,49.2086482102305],[21.225462858079005,49.20871666188421],[21.22581077312645,49.208851889456795],[21.22724332108724,49.20972279319348],[21.227311378247503,49.20971832050959],[21.226529980966294,49.210881373252406],[21.2263318339037,49.21230806903133],[21.226783855219715,49.212620236906126],[21.226430287929112,49.21288451612468],[21.22627492250714,49.21300061773225],[21.225354173830056,49.21756364003273],[21.22667255076687,49.21797670155121],[21.22726362028346,49.2180527169331],[21.227645516157935,49.218033434387294],[21.22784238548297,49.21827516783068],[21.228071488906245,49.218332189236776],[21.228058293181668,49.21851397701792],[21.228051529947386,49.218606216062376],[21.22832512272867,49.218856974585954],[21.2286448477245,49.218756287414415],[21.22869982134992,49.21873898799235],[21.22877070383667,49.21880823506144],[21.22910930512107,49.21913930967226],[21.229462567514044,49.21913039076407],[21.229583089302754,49.21914373588386],[21.23043013286857,49.21923779273735],[21.230485458601635,49.2194644490708],[21.230532416726362,49.21953583856404],[21.230774493518158,49.21990426216364],[21.231082164300208,49.21998494102228],[21.231144306990227,49.22000944899359],[21.231668335140803,49.22021579113079],[21.231999261876254,49.22050674253168],[21.23192257030096,49.22071177990696],[21.231896198822152,49.22078244125779],[21.232019043795837,49.22083816310273],[21.232049255374253,49.22085187562112],[21.23266827316635,49.220906668595994],[21.232809485864745,49.22118718651743],[21.23276360205889,49.22132295958641],[21.232942139617496,49.221692392364915],[21.233116965072664,49.221872225474705],[21.232881534790156,49.22192033948274],[21.23283111882937,49.22196028536117],[21.232776029694083,49.221988745279546],[21.232757000667114,49.2220279469139],[21.232717994891335,49.22200271183902],[21.23271215828847,49.22200361238228],[21.23225437456555,49.22207269583409],[21.232202090564382,49.22217505552536],[21.232192672469324,49.222193309021165],[21.232022658712733,49.222281602294764],[21.232011353070245,49.222243807290134],[21.232057436598424,49.22222020141211],[21.23205323481105,49.22220981015191],[21.232030320144847,49.22215185407482],[21.23183995421868,49.222150313965706],[21.23174978152899,49.22212377324689],[21.231598866927097,49.222114445738846],[21.231429628887494,49.22218808933748],[21.231289239847676,49.222214012026015],[21.23124647506146,49.22224690151451],[21.231231584981682,49.22236436490762],[21.23106431752529,49.22237415681572],[21.231018348255287,49.22245168586247],[21.23100100609152,49.22248076730988],[21.230940705016966,49.22251671732776],[21.230847999385652,49.22249099808649],[21.230636450082933,49.22243227315618],[21.23040353203582,49.22249126170895],[21.23021851163353,49.22240184723446],[21.230105297485974,49.222412942659176],[21.230008303714246,49.22251203394875],[21.229963182578633,49.222547100833935],[21.22990130745741,49.22257625059448],[21.229700010944295,49.22263504166141],[21.22952788031189,49.22261110532061],[21.229417253538276,49.222632091643],[21.229420774767757,49.222759123838394],[21.22942092337817,49.22276470945931],[21.229288629131517,49.22280609205719],[21.22925931562339,49.22278943596461],[21.229233170636594,49.222774587806896],[21.229181007052798,49.222762268614055],[21.22910986481158,49.222797973727666],[21.22892821533842,49.22276114086728],[21.228891082223914,49.222732811592266],[21.228810429059138,49.222742118579944],[21.2287003640029,49.22272657470719],[21.22857407679401,49.22275319882018],[21.228327662943784,49.22293112984085],[21.22816371797612,49.22294246033814],[21.227994964062646,49.22300351174791],[21.227879128050784,49.22299751107272],[21.22779783386735,49.22304442468615],[21.2278050985206,49.22309442794366],[21.227696854358204,49.223170216403545],[21.227648668882043,49.22331293822982],[21.227335391617434,49.22343821682747],[21.227063445422697,49.2234224520555],[21.22687791512458,49.223586864282524],[21.22664713924275,49.223501164436215],[21.226429511707984,49.22350597649941],[21.226346651005528,49.223532587045845],[21.22623107707217,49.22357646225341],[21.226115509392375,49.22362024752837],[21.225589945185163,49.22372565273111],[21.225357306738317,49.22372513896192],[21.22518346423685,49.22376703595],[21.225037128065477,49.223779985505956],[21.224819004431453,49.22380314278842],[21.224654887981192,49.22384164833742],[21.22460848992546,49.223861911107846],[21.224483042829767,49.22391691224061],[21.22435953228867,49.2239105813557],[21.22419064840845,49.22394083765569],[21.223898159372276,49.223868621177466],[21.22383754529095,49.22383812545482],[21.223637249754425,49.22373760704862],[21.223025251293347,49.22365552853372],[21.222812356526294,49.22357352338373],[21.222673873464803,49.22355754680519],[21.222566271261858,49.22343900350413],[21.22236788727466,49.223409385312095],[21.222203903629055,49.2232760486953],[21.221884346504428,49.223280226121595],[21.221759987837864,49.22327233595035],[21.22146080673164,49.22320917828114],[21.22069640042586,49.22368462928802],[21.21825992466475,49.225200055644265],[21.217701796017472,49.22554710693444],[21.215880330668117,49.22707591345466],[21.215550601111957,49.22733711969601],[21.215491442933,49.22734744258927],[21.214282866847558,49.22726775265656],[21.213356093679042,49.228197315597576],[21.21341869472985,49.22820978469164],[21.213487533028815,49.2282234369357],[21.213075028996023,49.22856480163501],[21.213058951939736,49.228578076812056],[21.212477000588372,49.22905993430055],[21.212380961387076,49.229152740544656],[21.212203160408244,49.22928334391647],[21.211827978057592,49.22955870668807],[21.211844470970004,49.2296253801448],[21.21183823245568,49.22965849353409],[21.21182842395055,49.229720122001545],[21.211827883883853,49.2297237960042],[21.211735892537952,49.2298557046827],[21.211388506818288,49.22978967978746],[21.211191086221742,49.2297521515825],[21.21078786139881,49.229741827282346],[21.21059112417854,49.22973672555451],[21.209886176275663,49.22972092546224],[21.209069740299807,49.22935707950243],[21.208981033054403,49.229283577462745],[21.208803861191996,49.22913703075526],[21.20871908195919,49.22917851286003],[21.208289100965025,49.22880610936205],[21.208171418347323,49.22868660985942],[21.20774331035956,49.22846531201562],[21.207309809337588,49.22867629120583],[21.20852034298477,49.22970156984753],[21.208566062460882,49.22974034375335],[21.20900406423925,49.229944751112654],[21.209336359807796,49.23009979331757],[21.209269518272443,49.230233559520485],[21.209964316187172,49.23054610700794],[21.21087178975096,49.230681239253286],[21.210986295410866,49.23069828722552],[21.210916179327395,49.230782263128816],[21.21039145873594,49.231190448495276],[21.209776310640624,49.231586829323085],[21.209749425349667,49.23155178994886],[21.20962734745018,49.231637666491494],[21.209653252257645,49.23167105520868],[21.20945261079804,49.23185693832089],[21.209455237974016,49.2318605303825],[21.20857453109459,49.232294588649786],[21.208547809773183,49.23228772960417],[21.20807749347138,49.23216693669332],[21.20806862069247,49.23218700576461],[21.207852808110633,49.23267595593701],[21.20746258766949,49.23356007966098],[21.20745943938012,49.2335884276827],[21.20742704024691,49.23388268160983],[21.207110798726333,49.23402258026673],[21.20692320785695,49.23410561364563],[21.206085544958928,49.23433700866737],[21.206440028243115,49.23444782717553],[21.205831978293933,49.235511260276425],[21.20608733085484,49.235439871007294],[21.20633202478109,49.23537139143807],[21.206732634386462,49.23537858798581],[21.207299631496397,49.23538886923706],[21.208103733553077,49.235266336876286],[21.208215764036463,49.23524928388899],[21.20896330940378,49.23577068916878],[21.209770366897224,49.23620301443927],[21.209290827102205,49.236215078100514],[21.20897402561508,49.236256035403116],[21.208761861845236,49.236319497015536],[21.20860786515746,49.236365586457545],[21.208482433850186,49.23643299461952],[21.208353430356205,49.23650227237379],[21.20793007171431,49.23681357901411],[21.20792049317451,49.23682057365454],[21.20791051698894,49.236829266306756],[21.206271856456926,49.23824405921137],[21.206079790578205,49.238504737652605],[21.205921797491357,49.23885504935718],[21.205654981259702,49.23937752147977],[21.20556241936141,49.23961760929386],[21.20554178752224,49.23967098019747],[21.20544283646942,49.239879633751286],[21.205389076491457,49.24011354296687],[21.20533631211317,49.240339381438936],[21.205360623371817,49.24046516954511],[21.205362842279236,49.240476310496454],[21.20539682034716,49.2405843947787],[21.20525265590112,49.240545628475445],[21.204981722348442,49.240484207723014],[21.204717260099905,49.24044927212193],[21.204630679478527,49.24043551515634],[21.204613669189122,49.24043309730254],[21.204349042832185,49.24039473509303],[21.204032472918872,49.24040355081361],[21.20401638606542,49.24040737272782],[21.20377087678212,49.24046583095856],[21.203685673589966,49.24050144567637],[21.203580478904012,49.240545441993625],[21.203573253880226,49.240578794464305],[21.203568467753932,49.240601240433456],[21.203563505458145,49.24062422104361],[21.20343027248599,49.240749803685944],[21.202777203301988,49.24136569870208],[21.202694423345246,49.24144378625617],[21.201825527802352,49.24218440593208],[21.201675644267215,49.242296777565606],[21.20122046466862,49.24263804065666],[21.200547122582407,49.24330532543724],[21.20040259602713,49.243375913625066],[21.200426906099697,49.243385760093],[21.200103510663958,49.243890981722565],[21.199749890207393,49.244443243557946],[21.199422295662476,49.24495499445701],[21.199263054319356,49.24533109470911],[21.19893477386093,49.24509117507363],[21.198737261959252,49.24495550554332],[21.198318683368633,49.244872651117575],[21.19817991224847,49.244776432519224],[21.198044041571443,49.244678143405004],[21.19778964984858,49.24452297171267],[21.197540014419314,49.244338241282556],[21.19742648715942,49.244343355893555],[21.197403143540527,49.2444358891334],[21.197875204049968,49.244790011811396],[21.1980064634619,49.24489121848142],[21.19821601087714,49.24499548688609],[21.19892742942708,49.24552654280569],[21.199182680560227,49.24566427493047],[21.199409563488473,49.24583110148065],[21.19945753333334,49.24585410520117],[21.199551617582554,49.245899154790884],[21.199627276016813,49.24661804448316],[21.19943606935258,49.24678242105196],[21.199310108452714,49.24689076191425],[21.199087264620687,49.2471596562888],[21.199054860133437,49.2472007782996],[21.19834050658882,49.247920429033755],[21.197945502589754,49.24831828065693],[21.19760410212526,49.2487903505082],[21.197593097741535,49.24880558172221],[21.19655874110187,49.24987580241381],[21.19649257381653,49.249993740000654],[21.19648953122931,49.250030012608086],[21.196655069126496,49.250022733823826],[21.196587257395468,49.250176627435],[21.196353396960852,49.25014001488139],[21.195913692680037,49.25007107971308],[21.19585461572865,49.25011587288986],[21.196102046170832,49.25027254170414],[21.196334131252748,49.25037157185656],[21.19645436937744,49.25050925441129],[21.196522867505124,49.250465383805235],[21.197100100480874,49.25060619253829],[21.19719581467711,49.25060988623883],[21.197370236694695,49.250616655081394],[21.19751891609321,49.25074711835773],[21.197782145612805,49.25097808850428],[21.197863016267743,49.25118088954069],[21.19832735558912,49.25141288365337],[21.198553805917314,49.251561333698035],[21.198769339442475,49.251754182955885],[21.19902771774514,49.25195736383606],[21.19923568203377,49.25228509326191],[21.199336225946514,49.25239488558342],[21.199296264217654,49.25263516166888],[21.199489992594433,49.25283867447244],[21.199703258415273,49.25291109794701],[21.199708714742115,49.25291360778361],[21.19988223934722,49.252993618897726],[21.199735086646797,49.25305260316204],[21.19971157485217,49.25306204524196],[21.19945082995944,49.253263421024585],[21.199320464158394,49.25351394289002],[21.199006206972125,49.254117834532366],[21.198853263097565,49.254114345948025],[21.198835138265252,49.2541139632029],[21.19841049175395,49.25410428770972],[21.19802947884173,49.25412252096399],[21.196644326953354,49.25381034135507],[21.195882491065912,49.25365839411152],[21.194695601130906,49.25346460359911],[21.19501704636319,49.25381819301778],[21.195374203864272,49.254174331574035],[21.195820970478824,49.25509064223131],[21.195762810671397,49.25529335473172],[21.195596657065455,49.255708933238765],[21.195856852672822,49.255881481042834],[21.195894775137308,49.255906604121016],[21.195866595955447,49.25591590044783],[21.195336978239588,49.25609045883251],[21.19462422555634,49.25649363804887],[21.193741357142443,49.25722251877428],[21.193385294786058,49.25733054086953],[21.19350093863368,49.25741416238087],[21.193567610647552,49.25743351882565],[21.193711586585625,49.257475442725614],[21.19385036725694,49.257549161150976],[21.19396781861626,49.257683698266156],[21.194095932038092,49.25783999087721],[21.19427873957169,49.2579684578398],[21.194393624969912,49.25803414128664],[21.194664878887632,49.258177599347825],[21.19496413185416,49.258407173496565],[21.195261564373165,49.258667566174665],[21.19524694130026,49.25879709690012],[21.195446617224523,49.25887891688016],[21.195550673586887,49.259103413302434],[21.19557541788917,49.25915666237879],[21.195746084018683,49.25924406154519],[21.196043004603798,49.25939596501914],[21.19608199054295,49.25945955836635],[21.196120970067096,49.25952324151373],[21.196083391452355,49.259557810832504],[21.195842076207715,49.25960441329271],[21.195690031239256,49.259633805391964],[21.195670395821754,49.25966749186857],[21.195565986558552,49.25984599252704],[21.194983454162678,49.25995121301054],[21.194708636603757,49.260080398165826],[21.194199767225918,49.2601332638393],[21.194108579030654,49.260142761515645],[21.194069592653353,49.26017206546372],[21.193904924185066,49.26029576126348],[21.193390742515234,49.26044450701535],[21.193069505814755,49.2604741261387],[21.192510375175356,49.26071148795963],[21.192383410724688,49.2607363448903],[21.192142427258116,49.26083507046693],[21.192055590180694,49.26089448162923],[21.191945750078794,49.26094867635286],[21.19178850774468,49.26096052852081],[21.191658096461367,49.26097033456099],[21.191451156818225,49.26107371849248],[21.19080860513179,49.26111493958212],[21.190710918116206,49.26117221186458],[21.19071049990396,49.26117228886944],[21.19058656570235,49.26119894853386],[21.19043824659793,49.26136626695833],[21.190385577262557,49.26137182942135],[21.19025580229204,49.26141640054553],[21.190108191187367,49.2614982238757],[21.18982361019766,49.261572183553035],[21.18976499830633,49.26162166944564],[21.189475505409288,49.26159285530131],[21.189129684774812,49.26158209093517],[21.18896848040296,49.26168059312078],[21.188806876160413,49.261689965129634],[21.188511951041193,49.26154665697814],[21.188222529756587,49.261592556649354],[21.18809478371006,49.26172270548286],[21.18773399657215,49.261690766908416],[21.18762337075606,49.26183135035341],[21.187296696822973,49.26184098077443],[21.18717950296099,49.26186568642932],[21.18701733688702,49.26189979339226],[21.186779077340997,49.26188517079808],[21.186736342728423,49.2619621551714],[21.18658689473128,49.26205021830976],[21.18590884935283,49.262113982073615],[21.18564516275468,49.262138802980196],[21.18575325668027,49.26220140267248],[21.18642467884774,49.26258995300212],[21.186527331118235,49.262651752266216],[21.186779782653158,49.26285900526164],[21.186945017657006,49.26299458758826],[21.1869767345215,49.26305777771674],[21.187111746150684,49.26332717497755],[21.187525061958155,49.26387403182848],[21.187633904638382,49.26412505986004],[21.187704718811037,49.264235106135054],[21.187747820022473,49.26438200681469],[21.187749692702337,49.26444327713511],[21.18775220079858,49.264529862200575],[21.18773601683052,49.26470138199007],[21.187702081080108,49.264837062088205],[21.187620952113193,49.265162110025535],[21.187505470209306,49.26544125937502],[21.18747199871562,49.265723772607714],[21.187576248131325,49.2659264079003],[21.187622829256572,49.266108703745196],[21.18757046990232,49.26637667605552],[21.187512589412446,49.26691731969774],[21.187493352241116,49.267096755821754],[21.187374351944186,49.26730504161282],[21.187068893722657,49.267839595558556],[21.186954928475703,49.26803912603372],[21.18685069657529,49.26814642148436],[21.186414708071247,49.26842530952863],[21.185193873912944,49.26920598796909],[21.184996939055512,49.26933190773909],[21.184304670936342,49.26993181738683],[21.183771030167545,49.2703385387354],[21.1836408741002,49.27063361058425],[21.183319241997303,49.27080182002056],[21.18272107986665,49.27137269837483],[21.182364209776818,49.27142017324886],[21.182302933280134,49.27144175725747],[21.182233440273,49.271476047586894],[21.182146896519352,49.27134777431622],[21.18212168244408,49.27131053091457],[21.181992338500823,49.27123538362064],[21.182032016105456,49.27116280634936],[21.181662181790664,49.270536451881135],[21.181436448122287,49.27027376126427],[21.181229531697706,49.27013048055425],[21.18115142702431,49.27014325741594],[21.18111397598285,49.27014938071208],[21.18110391856398,49.2700419457885],[21.18113267477149,49.26997388907949],[21.18119537077273,49.26982515479092],[21.181107926661287,49.26975086310445],[21.181006235632495,49.269664424621766],[21.18108058574768,49.26950489168569],[21.181118734608887,49.26942308516588],[21.179568080773212,49.26916316477092],[21.17919164704788,49.268344856178956],[21.17891870652756,49.26844705978509],[21.17878425733174,49.26853648210526],[21.176625666345664,49.269275649571526],[21.17723178971733,49.26973566612865],[21.17731366827933,49.26983904299105],[21.17727339651273,49.27078747591495],[21.177663970447362,49.27112679593076],[21.177851694856525,49.27128982799757],[21.177665579259934,49.271397170172],[21.17727438288041,49.27162287386154],[21.177176241194775,49.27185565665521],[21.177126329060712,49.2721722217578],[21.17688689901277,49.27236728596145],[21.176882656492634,49.2723707542031],[21.176854560990215,49.272348542618346],[21.176828020913284,49.27232763984862],[21.176712491827633,49.2721385951027],[21.175512957097027,49.27119464776643],[21.1752658100297,49.27130124995625],[21.17512353719784,49.271214888646035],[21.174987221190207,49.271084604361306],[21.17488611851043,49.271037336634016],[21.174623602427125,49.270864400956725],[21.174499007618973,49.27086194801577],[21.174392818047558,49.27085989004451],[21.174303642043125,49.27082451679758],[21.174030494323123,49.270716240594375],[21.173855821348198,49.27077415445462],[21.173762631315594,49.270805088782254],[21.17370776609037,49.270785910472235],[21.17358784046021,49.27074399445808],[21.17299798566068,49.27053813865151],[21.17263611937328,49.27063700828611],[21.172220352452804,49.27075057486574],[21.171892572678278,49.27075562874373],[21.171114293419603,49.27043062784261],[21.170699592141514,49.27016425461915],[21.170445464728225,49.27000102322365],[21.169576420963875,49.26938412236206],[21.169032151807563,49.26886928772739],[21.168855829448223,49.2686279207028],[21.16826481424364,49.26789278338675],[21.167935336026634,49.26748287625086],[21.16748884992819,49.26723034798142],[21.166795398101566,49.266726493190646],[21.16641699075838,49.26681285274209],[21.166218142733808,49.26690231474411],[21.165540800261226,49.26721083664535],[21.165400826082138,49.267304032056586],[21.165296132735566,49.26737375747648],[21.16493252459731,49.26750027441472],[21.16485545338774,49.26752711574114],[21.164730703618456,49.26759081113638],[21.16460801753143,49.2676413382945],[21.164460379641625,49.26768883297667],[21.164182577273163,49.26777248689522],[21.16396229691644,49.26784831090776],[21.16361745955447,49.26794192518369],[21.163436524374422,49.268012049975674],[21.163730845827114,49.26744335331119],[21.16355362004839,49.26738576756784],[21.162124014762146,49.266789582826874],[21.160537883890793,49.26791944753746],[21.160582263421986,49.26807603263935],[21.160574788443537,49.268221269043124],[21.160556965083593,49.26827679185061],[21.160742796802346,49.26844600568294],[21.160793646234684,49.268469205253744],[21.160830946052165,49.26854968203143],[21.16098896269501,49.268679854848926],[21.16131298574013,49.26879921044101],[21.161528516256666,49.26887852505008],[21.161362236622228,49.26909781785193],[21.161161895161776,49.269280664689894],[21.160969768426035,49.26933819230819],[21.160958400351106,49.269343146876174],[21.16080185571058,49.269410702133385],[21.16031189812294,49.269749918227724],[21.159590448398674,49.27007169723398],[21.1593993334727,49.27018668634784],[21.159006032208843,49.2704869812864],[21.158961613959974,49.27055058120618],[21.158723064059622,49.27047747108437],[21.158618336064535,49.27062064548307],[21.158851431704676,49.27071374891379],[21.158820282757986,49.27076147174062],[21.158669096776645,49.27099230715117],[21.15847960456182,49.270931178400154],[21.15845447139388,49.270923098046886],[21.158347397361183,49.27096312669381],[21.15826510340755,49.2710235571861],[21.158116673089534,49.27106849891207],[21.157705656433013,49.27087465870798],[21.157540657365935,49.2711962486414],[21.15697421091645,49.27176566018333],[21.157619960619215,49.27212233465114],[21.157069598085503,49.272582968390466],[21.156523366725924,49.272943988268445],[21.155899141995164,49.27330660727765],[21.155771924577117,49.27347859942079],[21.155575603722117,49.27367362644137],[21.155360543414933,49.27388777877375],[21.154955780456543,49.27429104342016],[21.154634577631107,49.27461105357754],[21.154198310791827,49.2749916315291],[21.153817013269805,49.275356111451465],[21.15369442036684,49.27551366378538],[21.15353875218124,49.275512642980786],[21.153377142364782,49.27548010854987],[21.15322941180031,49.27549653045307],[21.15312147598742,49.27545064923243],[21.15286182365853,49.27522437191671],[21.15282885201664,49.27519560966604],[21.15240090413886,49.274952969091295],[21.152147221993868,49.27478223952226],[21.15182972022051,49.27468998022686],[21.151328136508713,49.27445537251204],[21.150992149117535,49.27432076053326],[21.150825648055527,49.27415447969746],[21.150572503133258,49.273976561683085],[21.150056953139604,49.273767434389455],[21.149991304596387,49.27382955330598],[21.150127380857832,49.27448854539817],[21.15024322060544,49.27470580517891],[21.150362980661644,49.27486971653568],[21.15057008719438,49.27500765859981],[21.15083557634573,49.275111248448674],[21.15118978051943,49.27531259774128],[21.151223908613716,49.27537992514173],[21.151401435329472,49.27548794920981],[21.151508399136066,49.27559762523155],[21.151468785038457,49.27579793304489],[21.15147978113401,49.27584490880503],[21.151460931698136,49.27594981882867],[21.15144913242332,49.27599994869476],[21.151436389532076,49.27605355964497],[21.151436531501094,49.27611531738013],[21.151437930552884,49.27615433974464],[21.151438671855995,49.27617983852646],[21.151497347234745,49.27622579283865],[21.15146365359742,49.27627055331091],[21.15141487459849,49.27630340700899],[21.15137590343026,49.276331978081224],[21.151356772234347,49.27638826877769],[21.15131232547066,49.27648202170636],[21.15125592834736,49.27648934037728],[21.150723747686847,49.27646126335316],[21.150653957447506,49.27645798836439],[21.150573054577222,49.27650297432047],[21.149997045067675,49.27682423122605],[21.149489215790947,49.277114413143174],[21.149826677896343,49.27736772074019],[21.14995002231522,49.27746044956387],[21.15036344015742,49.27763881784164],[21.150407184576128,49.277725081833324],[21.150424499652644,49.27775533276467],[21.15043216731528,49.27777456798789],[21.15018155030255,49.27791593809642],[21.149665506483398,49.278141768823794],[21.14937840654858,49.278277758818604],[21.149095880906188,49.27844134797602],[21.1488072229571,49.27863967109128],[21.148599336728182,49.278843505638754],[21.148549426927623,49.27889729719299],[21.14848562153192,49.27896604482184],[21.148380666255004,49.279042409529],[21.148320545118516,49.27908723782223],[21.14816716015446,49.279247776920826],[21.148172070730382,49.27911173206299],[21.148078591113833,49.27896836012743],[21.147897103248898,49.278790621657485],[21.147704106918443,49.27851304914037],[21.14754304987172,49.278203444297375],[21.14750115028072,49.27822688091735],[21.146168370068068,49.27889202901195],[21.14555817477595,49.279196525832695],[21.145342634942143,49.27930406315442],[21.14524378800661,49.279353431665704],[21.146488352986864,49.28013122956916],[21.146505720593815,49.28014203854555],[21.14652966144739,49.280157015308994],[21.144111450293206,49.28172696068123],[21.144065169185247,49.28179490786785],[21.143401480248826,49.28233941212819],[21.14284482268268,49.28267285898589],[21.14278567436459,49.28270808322974],[21.142675669817994,49.282658436721135],[21.14262999300348,49.28268076250525],[21.142628482875182,49.28268071491691],[21.142574328286845,49.28267801812797],[21.1425355231008,49.28267616510753],[21.14225787307203,49.28230760652647],[21.141958567513665,49.2819173899491],[21.1419334657013,49.28188455175453],[21.14179735930821,49.281774578581874],[21.14162597975691,49.28173064805343],[21.14125594716227,49.281635715050335],[21.141150071653236,49.28160852202209],[21.14061792819773,49.28156428834344],[21.13956486801882,49.28147661782051],[21.138879723194638,49.28132213711641],[21.13826348248438,49.28116442508105],[21.13766547376612,49.281011425918045],[21.137344581934972,49.28086788965636],[21.137188495438465,49.281001054265516],[21.13720349672564,49.28134063302592],[21.1375420636214,49.281613995994235],[21.137853055941193,49.2819329380202],[21.13800577553937,49.28212355795817],[21.138197296076708,49.28237769561896],[21.138227282863284,49.282512231231905],[21.13850177238557,49.28279635197596],[21.138690984924423,49.28299226296267],[21.13885619184626,49.283317855040586],[21.138855029640265,49.28346617102426],[21.13885124928253,49.28397484366369],[21.13893877619258,49.2843537072163],[21.139170259447553,49.28466140461263],[21.13930302890639,49.28480548288554],[21.139454389053093,49.28485229586609],[21.1396637302241,49.284917140729284],[21.139852701078034,49.285090356662096],[21.140155589244767,49.28556458928718],[21.14026682277732,49.28553037842017],[21.14053581609891,49.28527312180644],[21.140801725145348,49.28496616658301],[21.14116975812049,49.28469627759163],[21.14123548797548,49.28462219303726],[21.141330280507695,49.28479432802912],[21.140784622773904,49.2852711540129],[21.140424921071975,49.28563519509185],[21.1404309779048,49.285698669859336],[21.14048573268947,49.285713809164],[21.14011533087041,49.28612774298891],[21.139731778759753,49.286697625176615],[21.13962392192205,49.28685589913452],[21.139143638212577,49.287578553066965],[21.138599720440517,49.28853883029023],[21.138153354494122,49.28937966603908],[21.138098531946014,49.289482989457895],[21.138050356632153,49.28957454994757],[21.137787128978328,49.29007413623067],[21.137477000692062,49.29047061006446],[21.1373486105663,49.290580523915374],[21.137077987964858,49.290833131684714],[21.136761394257075,49.291128667852966],[21.13637041496698,49.291503413426554],[21.135835770441535,49.29201585421461],[21.135632246899526,49.2921478801282],[21.134818141998856,49.292675980184434],[21.13430721921187,49.29323957465478],[21.13363779618963,49.29378735908246],[21.133456886996466,49.294019297480375],[21.133224456092673,49.29437113492315],[21.133041089156443,49.294636302419896],[21.13259469045776,49.295052495586816],[21.131958539277125,49.29582007042229],[21.13154821479814,49.29636252723164],[21.131118564025115,49.296868364128905],[21.1309961799648,49.297630564468896],[21.130971308769126,49.298321129847956],[21.131031673820683,49.29862190285083],[21.131142109557956,49.29882253579234],[21.13132746536648,49.29910835404474],[21.131972810495117,49.299782286414356],[21.132144911974414,49.299930854511395],[21.132678772045356,49.300209765256135],[21.13276650844147,49.30025565582608],[21.132997165793853,49.30037186458845],[21.13287280916383,49.30039872359616],[21.13271152012161,49.30043359793445],[21.132375957842736,49.300354853687566],[21.13204830763698,49.30035908636563],[21.131829839278822,49.30052511200568],[21.131821418071954,49.30058506903655],[21.13180719824225,49.3006862518632],[21.131466462343695,49.300798633167986],[21.13146479505061,49.300804431759936],[21.131483538820728,49.300865607157945],[21.131609439581236,49.30088308797761],[21.131320531337366,49.301031763913734],[21.130615044823397,49.3009033372314],[21.13057402809248,49.300895829603995],[21.13013610328672,49.300883429043985],[21.130095194231,49.30105326334889],[21.130051906721253,49.30123292461807],[21.129964733347933,49.3016003299505],[21.12982787608725,49.30158952260952],[21.128944124032696,49.30162675843104],[21.12816497644816,49.30208858797161],[21.12725596869678,49.30203535300759],[21.12714378916961,49.30202217244676],[21.12694645674398,49.30199891645568],[21.126529926421522,49.30328994591456],[21.126411426242942,49.30348496054681],[21.127260642922792,49.304987067222946],[21.12696262111487,49.30608281187971],[21.126957714630212,49.30610075062757],[21.127539935515184,49.30642991311313],[21.127764977375836,49.306529210095235],[21.128026322840054,49.30669608901989],[21.128124668620902,49.30678849820869],[21.127799766029614,49.30712353908494],[21.128699621462797,49.30777096586305],[21.12896919671584,49.30766282300294],[21.12934190500114,49.30776858506883],[21.12953667075936,49.30790508947982],[21.129645718246014,49.30794778464393],[21.129675825857046,49.30795953857564],[21.129626461470068,49.30796617008826],[21.12946779662815,49.30798753073831],[21.12926826459019,49.30813893769435],[21.128848610708044,49.30827330355083],[21.128933595847155,49.30847943409176],[21.12927604202617,49.30862960923782],[21.129508118776158,49.308648827418516],[21.129624098995784,49.30877095870559],[21.129406510024477,49.30887606537481],[21.12916072064926,49.30895291435067],[21.128275335320943,49.30907003495948],[21.127877716483635,49.30914460125331],[21.127275600008346,49.309377974676586],[21.127075263682407,49.309376319636776],[21.126310101591205,49.30948354514946],[21.12599170039109,49.30962614543721],[21.12555158428769,49.30964417758163],[21.125173610878306,49.30965967356389],[21.125126790502254,49.309620743815906],[21.125066208132857,49.309570576196094],[21.12454520057372,49.309571011435516],[21.123897694675154,49.3095022658734],[21.12320898736756,49.30936523752508],[21.122563504010348,49.30946254490811],[21.122055716913543,49.309520550245445],[21.120975063958607,49.30967122084845],[21.120533679717514,49.3096152877155],[21.119823855813006,49.309677774451224],[21.119470629680244,49.30970483871841],[21.11918272047265,49.30976826978883],[21.1188019040905,49.30984432865137],[21.11794963151389,49.3098856350111],[21.117329103420605,49.30984300395651],[21.11666271653695,49.30987291161284],[21.115938617890908,49.30987343856917],[21.115320975012747,49.30994035287189],[21.11459861223485,49.30998980762802],[21.113919332838947,49.310007858081356],[21.113837163967876,49.310026044681045],[21.113900824887608,49.31042217395589],[21.114156412375106,49.31043262655178],[21.114180073012236,49.31052933904124],[21.114344015195122,49.31094341379917],[21.114392250719966,49.311232108971204],[21.11447326501421,49.31133892331052],[21.11501839783644,49.31252738321152],[21.115185204051897,49.31301806390468],[21.115256400218083,49.313160754024416],[21.115422283344884,49.313489548806324],[21.11569511479739,49.31419549893394],[21.116112345686613,49.31491881093726],[21.11615223179258,49.31505672628408],[21.116311111881267,49.31527223201406],[21.11674467529537,49.31528202126878],[21.117205502713308,49.315254685037694],[21.11746984060474,49.31518835001753],[21.117736930451137,49.31533364824681],[21.1179686902185,49.31542435402619],[21.118213359425482,49.31540042325897],[21.118303671871452,49.3154526169415],[21.11881276218947,49.315487477545034],[21.11902216148531,49.315530662180095],[21.119253008978276,49.31564114072677],[21.119428370584565,49.31576084289876],[21.11961734276644,49.31597927754833],[21.11974010537076,49.31606184469059],[21.119843883274974,49.316114463745556],[21.120028749750887,49.31630288098236],[21.120110660200474,49.31646103009326],[21.120141287878518,49.31667570704361],[21.12022049704919,49.31696132821762],[21.12025232669752,49.31707621141576],[21.120278197637276,49.31709872575566],[21.120202466602574,49.317200839255634],[21.120267198986863,49.31723223644113],[21.12022349975147,49.31732762306115],[21.120178870085635,49.31734268271599],[21.120035332509474,49.31737684355788],[21.11971588326462,49.31745278083089],[21.119267631879424,49.31749411903245],[21.118254314102277,49.31771288821262],[21.11668462103865,49.31800654728336],[21.116151434440486,49.3180603937299],[21.115881907404177,49.318096224986675],[21.11516281697064,49.31788113233674],[21.11506164564916,49.3178509167563],[21.114791624629394,49.31791751662648],[21.11463732086512,49.31795565039382],[21.11453611171189,49.31798529639018],[21.11256393502144,49.31856364610966],[21.1123657331611,49.31862171814476],[21.11216030204205,49.31870665635952],[21.11202720897523,49.31875023130581],[21.111221684522135,49.31884221901134],[21.110464493090525,49.318928624926045],[21.10814445005708,49.319196805680704],[21.10756435869536,49.31918295803739],[21.107459064243393,49.319180421040535],[21.106950314357515,49.3191682980897],[21.10644156471012,49.31915617292824],[21.105839189607998,49.31909758816397],[21.10513422159756,49.319013141772906],[21.10475248614586,49.318902336027875],[21.10436484242471,49.31875623301223],[21.104313811085248,49.318736965374015],[21.104300682147485,49.31873204663306],[21.103513476426706,49.31843540583989],[21.10346179568717,49.31852657235069],[21.10345432230385,49.31854001764133],[21.10338833664064,49.31856069289887],[21.10306203599998,49.31854508690406],[21.102823786008056,49.31853426307175],[21.102799902049263,49.31853323279736],[21.102625843680872,49.318562800503685],[21.10249936932594,49.318674541120565],[21.102407133363673,49.31879619353883],[21.102369561947206,49.31887538592683],[21.102353050737484,49.31891032843981],[21.102271391171172,49.318997209410256],[21.10205588977893,49.31908766127513],[21.101711880056694,49.31906572652342],[21.10154178818643,49.31902169207892],[21.101281582819595,49.31895435330805],[21.101185962430407,49.319012342511584],[21.101035101628632,49.31910386066754],[21.101005245024655,49.31912199428461],[21.10090141496343,49.319182962584385],[21.10049394593598,49.31884105023255],[21.100309763696412,49.31861841414838],[21.100087296734042,49.31841985405849],[21.099537057076148,49.31830492358134],[21.09936626529069,49.318298042105106],[21.099002158486936,49.318283470742244],[21.098723509318496,49.31835462055715],[21.098592535927562,49.31838807578915],[21.098557469887332,49.31836895421304],[21.09853509263565,49.31834402553047],[21.098120585595648,49.31827590331177],[21.097540415773896,49.31812292075185],[21.097039817050042,49.31793889406457],[21.095450517016697,49.31787138361754],[21.094312928480697,49.31795275468514],[21.093525807000734,49.318163046165154],[21.092731173715443,49.31847382652778],[21.092017212906303,49.31873685514919],[21.091097861836417,49.318993321836246],[21.091061643377774,49.31899702654636],[21.09098145681881,49.31910078131237],[21.090803102684834,49.31914162727742],[21.09051545913719,49.319192846236746],[21.089863110527656,49.31925951289875],[21.08955077554035,49.31926889116402],[21.089209154018807,49.31925923873932],[21.088905441821137,49.31923432253103],[21.088533140202582,49.31918560889154],[21.088246136842336,49.31913061752497],[21.08790943480902,49.319040459237286],[21.087673803069006,49.31896514282878],[21.087373399472607,49.31884814628325],[21.087183931929133,49.31875584987884],[21.086847997715296,49.31861314033856],[21.086607667586062,49.31850679406581],[21.086088222817793,49.318276926059305],[21.085642076924362,49.31808891894473],[21.0853634627298,49.31797162337765],[21.085190271128944,49.31791954352387],[21.08495472482755,49.31784872510986],[21.084967803767675,49.3178119644535],[21.085068347517012,49.31753017141027],[21.084984612336843,49.3175119196086],[21.084691687142687,49.31744790751312],[21.084177945475197,49.31732974963343],[21.084087081791687,49.31730739819123],[21.083933883522388,49.31726972927002],[21.083788068231268,49.31718494488815],[21.083712977468764,49.31713032983396],[21.083265135174354,49.316729807139524],[21.082285241461296,49.3162922695875],[21.082245934174054,49.316274717519775],[21.081317493744066,49.31598141287465],[21.079962721018617,49.31529887499405],[21.07957480655439,49.31521092196964],[21.07945633221227,49.31518408144051],[21.079044742042175,49.315035413466816],[21.078942569823347,49.31497479619094],[21.078688793497662,49.3148241607773],[21.078644943468557,49.314744166511815],[21.07854285622492,49.3145575204855],[21.078259072460202,49.31438107642481],[21.078203342152968,49.31436956827533],[21.078153878533808,49.31439201924184],[21.078086043522767,49.31434177368699],[21.077968512072516,49.31431892273931],[21.07793386487153,49.3143108807523],[21.077818827678584,49.31428414859915],[21.07751294955261,49.31417838219341],[21.077315850967597,49.314089154687494],[21.077483749136455,49.31400955478499],[21.077537431942147,49.31398408854068],[21.077429641388484,49.31386990650003],[21.077333565382457,49.31391534925529],[21.077162249313282,49.31399645979389],[21.077054212435705,49.313826815735844],[21.07697289278409,49.313717712742644],[21.076988108155568,49.313696595094534],[21.077091806127324,49.31355318256869],[21.07699651432556,49.313483511611636],[21.07685353570611,49.313443819790365],[21.076696902812422,49.31327774879415],[21.07663861368058,49.313215925331605],[21.076632400657463,49.313184938508705],[21.07660550860413,49.31305147346127],[21.076613421623758,49.31299186225015],[21.076518266266937,49.3129203947548],[21.076299068330822,49.31284134950105],[21.07625120083311,49.312827841865435],[21.076122425337342,49.3127915751587],[21.07587472856081,49.31264274817103],[21.075576237917247,49.31246438485539],[21.075497197736482,49.31239838442691],[21.075634543438152,49.31233140085756],[21.075640116066587,49.3123286988322],[21.07534393276823,49.311963612120756],[21.075276406399922,49.31178086144704],[21.07509303877532,49.311284898090534],[21.075065219680265,49.31120973728404],[21.07496155373571,49.31111413935086],[21.074939589633257,49.311122437151575],[21.074862778667658,49.31110016859724],[21.074980195141453,49.31104001851281],[21.07507210630929,49.31102802258219],[21.07527149434952,49.31100209909851],[21.075260665219673,49.3107371755404],[21.074990814295315,49.31064155914083],[21.07492784839178,49.31059992968549],[21.074759915748746,49.31054061983685],[21.074707875281607,49.31052220642308],[21.074828902246765,49.31046163218737],[21.074870241924145,49.310440992618396],[21.074765815047726,49.310287665522075],[21.074703423674215,49.31019618182308],[21.074532864267375,49.31004712479776],[21.074526435001342,49.30979701574866],[21.074343704055607,49.309630373597216],[21.074175024720056,49.309540701160884],[21.074026399489735,49.30954340494226],[21.073888246721616,49.30954599441251],[21.07385885515666,49.30944962738776],[21.073803191670766,49.30930155461854],[21.07375056831676,49.30918085622331],[21.073781061041426,49.30899836829214],[21.073764679468702,49.30865710671271],[21.073905434570133,49.30866567375595],[21.073986542078615,49.3086361378439],[21.07436178913561,49.30849945879152],[21.074913713657356,49.30819713255861],[21.075026279785007,49.308135476666045],[21.07507034624952,49.30799771501862],[21.075247351663947,49.3076698581985],[21.07540448823183,49.3070672448502],[21.075557591639278,49.30647980577172],[21.075741591387068,49.30577407721027],[21.075264173640633,49.30570943302801],[21.07527819256858,49.30555558367571],[21.075335132626922,49.305328752160804],[21.075890428489714,49.30437701626735],[21.075918872926486,49.30432265448891],[21.076104103607253,49.30396931374233],[21.076169568216677,49.303729701916225],[21.076169831428,49.30370783482323],[21.076170500383697,49.303625485436925],[21.076171081509226,49.30355348585076],[21.076171569527386,49.303488234985274],[21.076175310711672,49.30305651563769],[21.076147514814416,49.302981085395366],[21.076086656550086,49.302816012426206],[21.075948375897738,49.3025397088913],[21.07555303472276,49.301964836690296],[21.075335823480362,49.30177737372394],[21.075137165834047,49.301480227370654],[21.074564335625084,49.30050985773702],[21.074285800109745,49.299947279398445],[21.07418899003583,49.299586331467495],[21.07411362849358,49.299315644557076],[21.074094039820338,49.2988428449418],[21.07421740880379,49.29816172789207],[21.074207094500288,49.297664379294595],[21.07430351004004,49.297535139102436],[21.07459066088178,49.29702852033562],[21.074943214394672,49.2965986284567],[21.075358114117712,49.29691756735287],[21.075445610052775,49.29706504121054],[21.075486712008637,49.297172226819484],[21.075466912867622,49.297225155427434],[21.075447251003773,49.29727808843588],[21.075428642431387,49.29731881209203],[21.075410951201842,49.297376669555],[21.07540237141208,49.29740664207795],[21.075410358162596,49.29745064948971],[21.075419028234048,49.29747820459933],[21.0754320897808,49.29753713857973],[21.07543503353495,49.297668576647325],[21.077448189976053,49.29754156863502],[21.07778190386765,49.297524360228216],[21.078144053455627,49.297506081883235],[21.078187529955372,49.297508195696906],[21.078206647026814,49.2975102488519],[21.0782872335089,49.297513102047944],[21.078324386582693,49.29751510314351],[21.078427581093344,49.296971971904846],[21.078640986795072,49.29696026727162],[21.079244466555064,49.29692127309416],[21.081850269040178,49.29676141804701],[21.08192425161832,49.29667412461658],[21.081989679670876,49.296599970588304],[21.08207802980629,49.296477038056686],[21.082101329351318,49.296432412712925],[21.082211183220718,49.296288833300586],[21.08224367301409,49.29625566502693],[21.082302083465656,49.296181466180954],[21.08233742462183,49.29610652863196],[21.082349018985756,49.29608403411838],[21.082390016568137,49.296034664074114],[21.082104436378497,49.296048925457434],[21.082105299041782,49.29596937300209],[21.082122641613914,49.29588296640233],[21.082138199027327,49.29579650263453],[21.082154952902474,49.29570692638089],[21.082158223170666,49.29560440519436],[21.082179480852066,49.29555395299523],[21.08219065421391,49.29549111483018],[21.082209784602803,49.29539369266318],[21.082244974107706,49.29528400149928],[21.082246230456914,49.295258025159036],[21.08226468045927,49.295186237673015],[21.082274530245023,49.29513740066082],[21.082285212631593,49.29508111842095],[21.082305118657786,49.29497516890883],[21.082324038531006,49.29486216603956],[21.082346002069293,49.294763664265226],[21.082354903699883,49.294653941502396],[21.08235934323094,49.294535793761014],[21.08242809043477,49.29453493431569],[21.08305084240548,49.29455982462324],[21.083114879432156,49.2941989031549],[21.0831204034469,49.294167392005384],[21.0831577962376,49.29395649557235],[21.083477433495737,49.293944942656594],[21.083775430867952,49.29396690482303],[21.083845004593925,49.29378575557544],[21.084253358000577,49.2937694783328],[21.0846081371648,49.293749954808334],[21.08462181818772,49.29374922233585],[21.084633659163337,49.29373996884749],[21.084646665797592,49.29372985243483],[21.085001707130477,49.29358169378074],[21.08503509161097,49.293560436431],[21.08549649047232,49.2925882816398],[21.085276585844888,49.292609872704745],[21.084546375221663,49.29268787124324],[21.08416751418489,49.2927791818698],[21.084065375123643,49.29282902610306],[21.08398136645214,49.29279843012255],[21.084025574903215,49.292636183830545],[21.0840517923925,49.2925304360829],[21.08407933229589,49.292397813857775],[21.084092934642758,49.292289591792326],[21.08411557454564,49.29215807303352],[21.084120282011785,49.2920638798714],[21.08411947912257,49.29193296109592],[21.08412974620429,49.291808608207035],[21.084128671344526,49.29170891861054],[21.08411603839866,49.29158527309612],[21.084126594339416,49.29145705845768],[21.084100956810094,49.29136558491948],[21.084065209797025,49.29122895643455],[21.084044038654103,49.291114579996446],[21.08404720519594,49.29098027732788],[21.084049344513137,49.290940645753174],[21.08405299681674,49.290847679088465],[21.084058748921517,49.29079655021207],[21.084061213966187,49.29072497096627],[21.084040623728423,49.29068929302194],[21.084413933051405,49.29060023617325],[21.084398594132995,49.29054771206356],[21.085034619990452,49.29044599623155],[21.085467784950964,49.290377306208164],[21.086111904579262,49.29020409554794],[21.087806624402564,49.289335478448386],[21.08852167481856,49.289122572836774],[21.08899061063434,49.28898749700747],[21.088936442884386,49.288835697726576],[21.08874557383426,49.288758117837084],[21.08826386282229,49.288771343654886],[21.087878727870997,49.28880899117357],[21.087467492872072,49.28890305715676],[21.086977928222723,49.28902315357767],[21.086108409904007,49.28910966756335],[21.085441480706596,49.28911695615655],[21.08504734836976,49.28912946031832],[21.085231077783124,49.2889380998587],[21.085466604986227,49.288692672482405],[21.085628180277403,49.28851410599075],[21.085760582944346,49.28832443332111],[21.086417093726965,49.28768692068326],[21.086359022857312,49.28766291732852],[21.086201066947652,49.28778578638148],[21.086073333358218,49.28785047719288],[21.085760267957934,49.28801393461057],[21.08571737987852,49.28802246485404],[21.085649898166334,49.28803596961779],[21.086623095196277,49.28720486704153],[21.087396774104786,49.28654418078386],[21.08742374804952,49.28638030183568],[21.087087351883703,49.28655228860726],[21.087035270237262,49.28657888987275],[21.086979697548255,49.28661537197871],[21.08694743026683,49.28663648545425],[21.086899955250484,49.286667735155554],[21.086675633036077,49.28681872951237],[21.08664451237579,49.28679504823754],[21.08621260034916,49.28702780329064],[21.085655372022785,49.28732784518852],[21.085643937983733,49.28732063759035],[21.08531725048792,49.28747672616133],[21.085273298625903,49.2874976453435],[21.08505288803274,49.287607261459996],[21.08481424214951,49.28773618863254],[21.084558167538958,49.28786995889177],[21.08430691115209,49.28800001186959],[21.084125442264167,49.28809124783284],[21.08371914750964,49.288299517889115],[21.08364383270148,49.288338607337955],[21.083483038144408,49.28842204208653],[21.08331304621574,49.28851067355739],[21.08313970387819,49.28860360864788],[21.083097050942225,49.28857955718452],[21.083036170367937,49.28854528961547],[21.083023494046213,49.28853813200772],[21.08230569330816,49.288736062713106],[21.081826629070964,49.288987817799736],[21.081719617836985,49.28904398549078],[21.081701581738947,49.28905511078159],[21.081420354868825,49.289228669351346],[21.08105433915053,49.28945748590001],[21.080630785246097,49.28970660360963],[21.080505976622206,49.28977066222538],[21.080406438698045,49.28973434449676],[21.080155665912116,49.28973270087254],[21.07988992053117,49.28994015065784],[21.079784717640823,49.29001437926402],[21.079673524314117,49.29008589516208],[21.079569525956547,49.29017159512576],[21.079545540212916,49.29020701571721],[21.079530232565432,49.29027908375063],[21.079272230393595,49.290247138918225],[21.079220488249728,49.290236028129115],[21.079102108630217,49.29022341164847],[21.078950141720313,49.290207197827286],[21.0788727124573,49.290250537730564],[21.07887547462145,49.290134676469975],[21.07892875911631,49.2900315074729],[21.07891549294073,49.28994772081812],[21.078947742279457,49.28984792860024],[21.07893559284993,49.28979883664785],[21.078533160356773,49.28972913196797],[21.07846949924987,49.28978893709022],[21.078410511863826,49.289775343075],[21.077859094013807,49.28964783609564],[21.077759127659448,49.28981009353038],[21.077703555336484,49.29000069128603],[21.077494545920807,49.2899669824741]],[[21.087022018041402,49.19749187201435],[21.08711992920679,49.197588096729994],[21.087180928818164,49.19764325694066],[21.087250193599004,49.19768706860445],[21.08736871127196,49.197604711466745],[21.08736634244005,49.19756097290534],[21.087439323350036,49.19755313853594],[21.087981097296755,49.1970803056294],[21.088051511268798,49.1970258451819],[21.08807314553075,49.19699917038383],[21.088156111944258,49.1967101439899],[21.088343946673238,49.196378023730496],[21.088458837405728,49.19624477470638],[21.088695171625236,49.19608930835812],[21.088822425446473,49.196018663058155],[21.088983218842603,49.19594035942098],[21.089036322064146,49.19588957518242],[21.089226149187724,49.1957535042219],[21.089360387416814,49.195657334637424],[21.08965063065833,49.195449397435716],[21.089733869846338,49.195337099971866],[21.08982166064679,49.19520244171177],[21.08993534614213,49.19500604454899],[21.089960266362805,49.194856048979744],[21.089927496327544,49.19472995339221],[21.089854607459223,49.19455053794052],[21.089813089445805,49.194460712717394],[21.089845110810774,49.19447893317774],[21.089907295334736,49.19451450432723],[21.089928508147803,49.19452661695846],[21.08996189346204,49.19459655601275],[21.090016006647975,49.194655635494925],[21.090054698822946,49.19470782927375],[21.090163248050025,49.194841933045424],[21.090137375357045,49.195023137166956],[21.09013185130936,49.19504195576593],[21.09003676821404,49.195150993374305],[21.08984939348882,49.19535556385094],[21.089913743740436,49.19537499962039],[21.090043817602904,49.19525726976351],[21.090190018350647,49.195111157833864],[21.0903319879014,49.19498309551059],[21.090396198370485,49.19493806793145],[21.090694938304672,49.194802151137665],[21.090861163735525,49.19484069269929],[21.091012872480817,49.194758854674454],[21.09154374799098,49.195047007367286],[21.091670020904868,49.19513873452856],[21.092021438450114,49.195283940962256],[21.092167412388534,49.195306708058965],[21.09225415656846,49.19526159044762],[21.092504652858132,49.195330644505674],[21.092802875886083,49.19541733983733],[21.092896990929844,49.19535625297073],[21.093214392716327,49.195408630885105],[21.0935273757716,49.19547238984978],[21.093733753694906,49.19554732179589],[21.093757160829078,49.19548757327803],[21.0937724111974,49.19544880990286],[21.09383395933253,49.19545609036162],[21.09406838326617,49.195482764821],[21.09425407422196,49.195503468762034],[21.094427483027548,49.195488039340525],[21.09461544211307,49.19545615019267],[21.094657056335162,49.19544703815755],[21.094691587446846,49.195344883041464],[21.094709316469825,49.195328165120436],[21.09471562740787,49.19531720376892],[21.094731424804188,49.19528953095289],[21.09474250939544,49.19525873655967],[21.094559796472215,49.19516484766006],[21.094849303217263,49.195193372362816],[21.094864866018828,49.195183607148806],[21.09495461517488,49.1951608200751],[21.095028006186315,49.19514003052435],[21.094102709086574,49.19482820509631],[21.093580799566794,49.194591035809175],[21.093567751236318,49.194581795825925],[21.093244094747078,49.19435159755998],[21.093149208505032,49.19416859985878],[21.092324784511458,49.194101706434125],[21.092094858788837,49.194130898237354],[21.091445346250154,49.19397308874425],[21.091787300184105,49.193885726332596],[21.09170356567712,49.19382596961783],[21.091946266574585,49.19369905922696],[21.091900426792876,49.19349944486126],[21.091695042022472,49.19328599104156],[21.091599888285014,49.193079036269665],[21.091578457795126,49.192931607873994],[21.09144977446359,49.19276724220715],[21.09122086838193,49.19251927458581],[21.09103932947174,49.19228821739343],[21.090689498060268,49.19180140879145],[21.090291475251817,49.19151156322777],[21.090249897854257,49.19148520452021],[21.090104322182786,49.191392767107],[21.089878689695862,49.1912595044413],[21.089666594293014,49.19117681945342],[21.089374300711274,49.19099442696275],[21.089294728031852,49.19103184976311],[21.089257625080673,49.19101733739959],[21.088957124060055,49.190981873766965],[21.088547696986893,49.19093355685393],[21.088448186689156,49.19093441984554],[21.08813839261571,49.190937007524646],[21.087881273019146,49.19092948885513],[21.08777093807227,49.190926313324674],[21.08753154581494,49.19085976452773],[21.087289055680717,49.19090654911995],[21.08717420657491,49.19091601208844],[21.086547787138503,49.190817610596774],[21.08558272822069,49.19079729415411],[21.085467666998564,49.19084455975479],[21.084981707201504,49.1907727099534],[21.084743057463296,49.190780901092424],[21.08425350189449,49.19079769903662],[21.084255405489518,49.190775883649884],[21.084192270833913,49.190710839998616],[21.08438338012774,49.1906936529765],[21.084297335378174,49.190458984784804],[21.084195397159814,49.190109743042136],[21.084333973553566,49.19010257455128],[21.084533333784115,49.18993620796089],[21.084705086717555,49.189813968907444],[21.08483593152593,49.189720846629456],[21.08555571637017,49.189208541106304],[21.085562711532997,49.189129542084956],[21.085548180533834,49.189112601293935],[21.085516347754137,49.18906431664332],[21.085469206725598,49.18899294445116],[21.085186085822905,49.18885179659456],[21.085144056611615,49.1888352342823],[21.08499102285894,49.188960684981296],[21.084706230884944,49.189173106646386],[21.084349110390878,49.18941417687084],[21.08411228661946,49.189594825978084],[21.083809036007988,49.189912704858166],[21.083628477661158,49.19021903463037],[21.083527014019708,49.19044102603468],[21.08349649705639,49.19062343113072],[21.083333793016763,49.19096283289808],[21.082578160552135,49.191235405151666],[21.08231282554456,49.1913580591946],[21.082310323303773,49.19122239880146],[21.082352525350817,49.19117414846066],[21.08208928337941,49.191116185712296],[21.082018630690996,49.19117018483899],[21.081868014718186,49.19116931200769],[21.081858258459413,49.19118223279284],[21.081648879025625,49.19109277793532],[21.081543857083307,49.19104790465132],[21.081415287189916,49.19101118803165],[21.08117766246538,49.1909394611345],[21.081055796315272,49.19089575716349],[21.08088082568513,49.19083297303341],[21.080777142831792,49.19078490104236],[21.0806589667021,49.19072123913594],[21.080532444761403,49.19058546778842],[21.08038845919918,49.190475693436355],[21.080369941177214,49.190462495097606],[21.080229205081753,49.19036254774936],[21.08022321066127,49.1903582140355],[21.08019033811475,49.19033492187116],[21.08007639109381,49.1902624824501],[21.080071396162463,49.19025764066184],[21.079974818728015,49.19016415245991],[21.079969439592336,49.190158938221465],[21.079873246760688,49.19006582237697],[21.07971931987077,49.18994024321414],[21.079589081782817,49.18977707317567],[21.07909987114169,49.18939621162641],[21.078831551789488,49.189224464018025],[21.07836499293776,49.18901654812193],[21.077992017224226,49.18892192015328],[21.07780820830619,49.189201489693126],[21.077716137746975,49.18925533828973],[21.077699708124722,49.1892913613142],[21.077549916131925,49.18940808443121],[21.07739739941906,49.18949879204479],[21.0771858589306,49.18962937517696],[21.07711924050535,49.18957798949099],[21.07699063115569,49.18951434840275],[21.07682703425454,49.18944103010002],[21.07646972510232,49.189331596220455],[21.076261087599143,49.18930220295401],[21.075643763759384,49.18912129900381],[21.075093382045797,49.18894893611246],[21.075081797212885,49.18894406224233],[21.075110059563908,49.18890778981509],[21.075303949184374,49.18865888729842],[21.075496161622173,49.188412181253014],[21.075481949187648,49.18840938358695],[21.075232973050237,49.18835195327646],[21.075043313269813,49.18832964983474],[21.07423898873149,49.188206733814276],[21.07390592443202,49.18807268366002],[21.073111793000365,49.18787059340349],[21.07273630346674,49.18773823569284],[21.07242619507506,49.18754901270711],[21.07239349015147,49.18752905454553],[21.0722707855831,49.187461906721886],[21.07193156456342,49.187336835222496],[21.07156693942076,49.187178715190136],[21.071447216955363,49.187126787017284],[21.071070432636372,49.18699717275262],[21.07072319675844,49.1868270058239],[21.07058557160365,49.18677206959694],[21.070455287445593,49.18671998034882],[21.070099906017383,49.186412977395676],[21.06982904022435,49.1861713539867],[21.06891463355697,49.18580078977374],[21.06854062004856,49.18568205929317],[21.067971769177646,49.18554066527957],[21.067715594386367,49.18547695432509],[21.067642465470048,49.185464965058166],[21.06745088351125,49.18543367410213],[21.067018931836163,49.185419124242834],[21.067002214353252,49.185427768319435],[21.066936048754606,49.185423655367984],[21.06687535017191,49.18541989862617],[21.06685867981856,49.18542791400761],[21.066946544018247,49.18548881358731],[21.066803575173026,49.185481415112484],[21.06670424981408,49.18544697430573],[21.066663258459684,49.18544232213629],[21.066261624518603,49.18540443910151],[21.066186901377773,49.1853990595775],[21.066160725421028,49.18540379754083],[21.066084445837536,49.185413672507195],[21.066009486947568,49.185427911333],[21.065950529242194,49.18545220887664],[21.065905602886225,49.18548902244085],[21.065877800753643,49.185535570855144],[21.065854079730432,49.185575318683966],[21.06581788831706,49.185651305820855],[21.065815157064073,49.185674895088326],[21.06596615864283,49.18575097483101],[21.06609530338511,49.18576873203008],[21.06610740319885,49.1857703824512],[21.06611243224745,49.18577108472677],[21.066199132844925,49.18585481441993],[21.06621910773147,49.18587598461614],[21.066231962375575,49.18588954302121],[21.06622915719145,49.18591412021257],[21.066226345267054,49.185938787214276],[21.066249836647945,49.186097993302376],[21.066267690017064,49.18621884586909],[21.065803589805785,49.186297694647074],[21.06609726171503,49.1864511157091],[21.06646946808671,49.186315647405365],[21.06709337538863,49.18667344882634],[21.06712374233601,49.186887522964845],[21.067127929941503,49.186915926605295],[21.067429324077125,49.18703790313134],[21.06770986198151,49.1872255572175],[21.067790136812988,49.18719357301103],[21.067646968765267,49.186976314863166],[21.06771667593845,49.18690941960123],[21.067841936737608,49.18710539436183],[21.06800741016606,49.18736406332159],[21.068101883832604,49.18729841587924],[21.06818316814072,49.187241976418456],[21.06823107604737,49.18731743246266],[21.06839812062541,49.18728590240324],[21.068560519489257,49.18720641781008],[21.06858931132372,49.18725289922343],[21.068652634694125,49.18735540977452],[21.068709151371277,49.18740215401332],[21.06880847586819,49.18748430749642],[21.068820895661393,49.187494520543986],[21.06886999516708,49.187532113055774],[21.068970669818505,49.18760908826889],[21.069052649192834,49.18764413860393],[21.06907620121597,49.18765426002853],[21.06914511097336,49.18783617440317],[21.069259499148,49.18780717845512],[21.069524813385883,49.18786091668772],[21.069553718455193,49.187872920919204],[21.069636835209394,49.1879074672749],[21.069779189489473,49.187946982054],[21.069898583403546,49.1879886381993],[21.069961227547495,49.18801046139737],[21.069998591580116,49.187990237969125],[21.07007789263332,49.187947417555414],[21.070281206874284,49.18793226725996],[21.0703114563558,49.18793000021585],[21.070339498985987,49.18789120098879],[21.070543948832796,49.18798736073494],[21.070581739340554,49.18794311353082],[21.070801537915674,49.18803607582109],[21.071434791477746,49.18828630012886],[21.07152496797856,49.188321972574606],[21.071614578158304,49.18835420567859],[21.071758425257194,49.188381162160354],[21.07180109622127,49.18839459914955],[21.07200989265411,49.188434628948826],[21.07212090231845,49.188459897998285],[21.072400925168836,49.188568569327586],[21.07268998765058,49.18867392970811],[21.072868529820198,49.188751156007406],[21.07304234984305,49.18883642256911],[21.073275760010866,49.188898128216884],[21.073369156820164,49.18894218525554],[21.07343036448762,49.18899790055123],[21.0734855290106,49.18904810980104],[21.0734877298165,49.18911777164765],[21.07348894623011,49.18915472194188],[21.073386814351906,49.18941440597057],[21.073441022661186,49.18942236169198],[21.073493874203017,49.189430093687974],[21.07367191481806,49.1892499146804],[21.073741270741262,49.18918030393136],[21.07384465404248,49.189076316948515],[21.07398615648852,49.189099774118034],[21.07474182589231,49.18920312130435],[21.074785857347383,49.18914151825703],[21.075353159421258,49.18922178868792],[21.075629241764805,49.18929332403396],[21.076184197007162,49.189417486678],[21.07642408980038,49.1894477046685],[21.07660383151562,49.18949615485785],[21.076711679398773,49.18952518891357],[21.076906660450703,49.189593934362975],[21.077045678633564,49.18964512622404],[21.077269804674142,49.18983472362388],[21.07748439021921,49.190034367049265],[21.07765559158512,49.19019336423496],[21.07787772971977,49.19050326238118],[21.078055059872213,49.19074564062871],[21.078160885551036,49.19083114512906],[21.07828820893487,49.19093408516421],[21.078256544812447,49.19095341397905],[21.078217542962843,49.19097718844463],[21.078175084479977,49.19100310251783],[21.07814903304553,49.191019010551265],[21.07836036068644,49.19111906763495],[21.07856398999898,49.19121554601084],[21.07865241819347,49.191243504122106],[21.07872716503421,49.19126706150451],[21.079100093670544,49.19148565181227],[21.07896356582222,49.19158659795462],[21.07935714427437,49.19172194561016],[21.07940180443664,49.191738234358176],[21.079463210362476,49.191701404933575],[21.079705377168068,49.191938390194586],[21.079686635051818,49.1919851423897],[21.079656944729336,49.192058911125685],[21.079713642063687,49.19210160402927],[21.07973795764922,49.19211994009839],[21.079803809220188,49.19208244301613],[21.079845708970687,49.19205849100582],[21.080050301597012,49.19209071838224],[21.080066323589207,49.19209321344358],[21.08009815487949,49.19202203411918],[21.080442506838207,49.19224636406281],[21.080741311919954,49.19236705034893],[21.080738179058905,49.19254313197139],[21.08069872936213,49.19260965554361],[21.080792957491308,49.192624384128216],[21.080843834993356,49.192566689906585],[21.08092369682599,49.19247589606725],[21.081129624679882,49.19248844849596],[21.08125979828181,49.19267286045339],[21.08117451218894,49.19294101290615],[21.081405927073533,49.19288641282149],[21.081491294828698,49.19314104740484],[21.081568599042303,49.193154331838116],[21.081627230116943,49.19299470597351],[21.08171906642254,49.192916449558545],[21.081758699208287,49.19277944073555],[21.082067379217456,49.19281032372354],[21.08226430168097,49.19278531408708],[21.08238614470643,49.1927760802148],[21.082478950039338,49.19276573437063],[21.082209785361403,49.193011241784006],[21.082351046169027,49.192971932015574],[21.082356672141792,49.193029009338126],[21.082450030756235,49.19302597340765],[21.082488155694126,49.19298083313052],[21.08270174993043,49.192944114113054],[21.082881328699962,49.1929214277679],[21.08311279993525,49.192912019485355],[21.083313973193032,49.19288894499556],[21.083600109625024,49.19280602736463],[21.083565375389192,49.192875673921975],[21.083988294541896,49.19285016883532],[21.08400151394122,49.19284789206879],[21.08420388048347,49.192821703418],[21.084342625036477,49.19279950565182],[21.084499482664395,49.19277203692785],[21.084681378719317,49.19273852898337],[21.08473693175685,49.19273589927959],[21.084844504696623,49.19273196691216],[21.084880017312138,49.1927291445962],[21.085023657666834,49.192722317503325],[21.085373009577705,49.19277880305886],[21.085635563477595,49.19281485948188],[21.08574827302027,49.19281388178621],[21.085996313033924,49.19282723554356],[21.086174114397803,49.19282465311589],[21.086394883380972,49.192844513936805],[21.086576285730594,49.1928525794054],[21.08741752737133,49.19289808692096],[21.087512474936673,49.19290320024581],[21.08731059844108,49.19270191390875],[21.086872390687912,49.19242796355668],[21.086831694741893,49.19241189485894],[21.086942527787993,49.1923421658253],[21.08711294888677,49.192241486894666],[21.087139588462975,49.19221398240058],[21.087255810248024,49.19224507519541],[21.08736925696989,49.192357552720345],[21.087518625401568,49.192441472603186],[21.087542615431015,49.192427387055496],[21.087793216150946,49.19258684168339],[21.08799924047926,49.1927362248909],[21.088185674995582,49.1928757073263],[21.08827845715611,49.19294115823155],[21.08836816859525,49.19298148338918],[21.08864363636253,49.193131739769875],[21.08882139122036,49.19313347304749],[21.089063169015365,49.193177408546575],[21.08914754947938,49.19322476439398],[21.08930034574373,49.193310682131624],[21.08931744271899,49.193328244690015],[21.089380591774727,49.193288225145395],[21.08954688544521,49.19344551543009],[21.08967748182852,49.19361732670754],[21.089771849530717,49.19374998653762],[21.089819341500387,49.193851796558505],[21.089865864595183,49.193951865025916],[21.08976549991261,49.1941796577117],[21.08973789568264,49.19425142470287],[21.089581596224672,49.19444087529056],[21.089598989076425,49.194574220784446],[21.08943379119962,49.19470982070084],[21.08928675945313,49.194791536480786],[21.089179428592924,49.19485111694495],[21.08906120021273,49.194916830134986],[21.089047585325634,49.19492440635393],[21.088906295323707,49.19504699739907],[21.088813476657794,49.19512747833808],[21.088711975578544,49.195219384470654],[21.0886094411563,49.1953122477081],[21.088317611135285,49.195576397933486],[21.087989238924806,49.195873676654806],[21.087864241936316,49.19601533397156],[21.087740765253606,49.19601875975764],[21.08754830606199,49.19609613710436],[21.08731887854029,49.19618844417358],[21.087418945910112,49.19621523767325],[21.087548653107785,49.196176181457396],[21.087714529474212,49.19617708530037],[21.087645347805278,49.19624265823506],[21.08756123905424,49.19632233705509],[21.08703740022828,49.196733444702005],[21.086828068796596,49.19697979949441],[21.086742926065984,49.19706961760297],[21.086798520719945,49.19710146811374],[21.08699836690944,49.19703378134568],[21.087393726714197,49.19702457463464],[21.087618562364842,49.19700675182849],[21.087663072483547,49.19706381414943],[21.087702691034412,49.19712936222049],[21.087498679377408,49.19724183971985],[21.087260180833326,49.197411458649164],[21.087234154396945,49.197397570842874],[21.087141697994284,49.19743259903553],[21.087142610059107,49.197453514321204],[21.087022018041402,49.19749187201435]],[[21.148905138628944,49.247657600658606],[21.14917124521914,49.24798852171249],[21.149509291678655,49.24781741145481],[21.15034684717522,49.24733047545634],[21.150382982829537,49.24730838736146],[21.150445025698698,49.24727055077424],[21.150487349209676,49.24724658690677],[21.15067142600055,49.247142284445204],[21.15065434561377,49.24710897950249],[21.15085650564939,49.24669467510017],[21.15089639394984,49.24669638033707],[21.150929583731653,49.24669193343352],[21.15085248816139,49.24631862303668],[21.150911752491258,49.24620436140904],[21.150832763906685,49.24611905702552],[21.150811147327435,49.24608011809077],[21.150690720620563,49.2458625297564],[21.150553977737527,49.24571923486374],[21.15041621730249,49.24557482750674],[21.150396347499047,49.24551397842084],[21.15033205820158,49.245316520463746],[21.150280773048603,49.245322108062545],[21.15022964520818,49.24519447011227],[21.150235249968876,49.24502450757806],[21.150101827187065,49.24496899655931],[21.149986396714446,49.24496806405922],[21.15050273104612,49.24420923715905],[21.150446616047258,49.24392480638107],[21.15002084498961,49.24315073116704],[21.150013906287068,49.24288945276248],[21.150126443466803,49.24291099908486],[21.1502814248493,49.24276644271897],[21.150373977110203,49.2425920149247],[21.150628198543803,49.24251899722519],[21.150787927848686,49.242497017781396],[21.150884161595876,49.242313613406736],[21.150979125832677,49.24213250954988],[21.15100854573245,49.24207636224104],[21.151220024313915,49.24183636029032],[21.151313226227987,49.24163053507881],[21.1514333534446,49.24136506311905],[21.15165394843611,49.24096331012456],[21.151666424311347,49.240924453644816],[21.151818686441967,49.240449614079],[21.151883957710503,49.240245880371276],[21.151645945779293,49.23963363268884],[21.151746312853398,49.239607353856826],[21.151370391962857,49.23937749521782],[21.151257140069934,49.2392346693673],[21.150960929250083,49.23900902790414],[21.15086303821281,49.23861201615436],[21.151019440725925,49.23841979275763],[21.15131244130479,49.238059747980955],[21.151492740299613,49.2380139296462],[21.151931204468664,49.23791781050714],[21.152215583264393,49.237924327025794],[21.152527205182512,49.23773941557208],[21.152769866387196,49.237591223090085],[21.152730400695265,49.2375426307406],[21.152088553426886,49.237826888969344],[21.15167241923692,49.237897875321956],[21.15147602244206,49.23785208632327],[21.151524669007436,49.237775569043954],[21.15153414324992,49.237760743672034],[21.15159479363626,49.23763680304149],[21.151494547573776,49.237614654252745],[21.15137461935712,49.23751788890735],[21.151510310391764,49.23719943414626],[21.1515638532861,49.236928805987716],[21.151753652794348,49.2367028845951],[21.152145298683312,49.236498977252744],[21.152688797158337,49.236286432612644],[21.153451249196934,49.235920715253606],[21.153606264334204,49.23579776112642],[21.153781130855737,49.235659047338785],[21.154202531695447,49.23532472906603],[21.154373304303775,49.23518930652669],[21.154507560716983,49.23510566777707],[21.154575551198903,49.23506333533648],[21.15466272993474,49.2349786662878],[21.154800829905604,49.23484446641435],[21.15494115765536,49.23470799589612],[21.15511344076923,49.234540662513936],[21.155139745126753,49.23450251050214],[21.155165866611792,49.23443122511544],[21.1551890967459,49.234367500586735],[21.15520581378657,49.23400821332752],[21.155342204395264,49.23364224581515],[21.15544783551214,49.23256882836671],[21.1556853758117,49.231691121382774],[21.155871822325693,49.23139226186192],[21.156001209384083,49.231406771304925],[21.156135909619124,49.23119873622195],[21.15640423074188,49.23053849537691],[21.15634835449009,49.23044563815736],[21.156479852554394,49.23047632722077],[21.156627914214454,49.23004086897538],[21.15668598503783,49.22990118133848],[21.156805107553378,49.22961487804329],[21.156712172782772,49.229564426380485],[21.156553562273565,49.229429181403056],[21.15691600500909,49.229144403662744],[21.157733733483944,49.22863762605314],[21.158249201741828,49.22841967670627],[21.158471397918717,49.22832484338158],[21.15855903867098,49.228295549059276],[21.158998961344487,49.22811807334878],[21.159457612347254,49.22792318010041],[21.160237999259117,49.22759165398679],[21.16063142251745,49.22736950252999],[21.1608550409309,49.227217546478236],[21.16117227592151,49.22694141966299],[21.161097661690754,49.22691297142674],[21.161464873925794,49.22655676405255],[21.1609503482787,49.22634724812862],[21.160750855209045,49.22650203217543],[21.160675597286406,49.22652370494555],[21.160571834921058,49.22649164058844],[21.160495047443565,49.22647599665552],[21.16039506972599,49.226463585453125],[21.160215350226903,49.22673313574828],[21.160126840526587,49.22707477574327],[21.160121729005237,49.227071374496354],[21.15989818093337,49.226921942095615],[21.159727808462264,49.227022456283784],[21.159539621924292,49.227133483340936],[21.159299844849148,49.22718131564179],[21.159563779960813,49.22736109423118],[21.15960736779039,49.2273909096288],[21.15965258060698,49.22742293653592],[21.158970125440533,49.22740627390446],[21.15892313089431,49.22743612502982],[21.158890136474678,49.22745498325255],[21.15876902362861,49.22735764742059],[21.158609193972463,49.22744552825712],[21.15851797716967,49.227373526892585],[21.15849555812092,49.227386865867835],[21.158352142563622,49.22747958299543],[21.158552338726565,49.22763629668053],[21.158568710036857,49.22764923381904],[21.15873982064918,49.22754433336933],[21.158934145114387,49.22769303010499],[21.158636799024325,49.22784185659405],[21.158516592063613,49.22774715958871],[21.15758096773004,49.227987287007146],[21.157379023569888,49.2281509007944],[21.15710705583614,49.227966363741515],[21.156975978027102,49.22804821440857],[21.15685584201016,49.22812329716554],[21.15721626443551,49.22836687745109],[21.157357825710992,49.228400852628276],[21.157432016705318,49.22853452424407],[21.156848864716167,49.22896891359967],[21.156132968230427,49.2292788600096],[21.155959090103494,49.22932758695643],[21.15565777932077,49.22941209687113],[21.155363541089255,49.22957262597656],[21.155018173760944,49.22974243932771],[21.154690494831293,49.23028216367926],[21.154252554072023,49.230900788892534],[21.15416860271139,49.231196478015605],[21.154061302375162,49.2317262072264],[21.154143010551795,49.23189603560348],[21.154407458689686,49.232445737018104],[21.154476898424125,49.23290477619966],[21.154685161015514,49.2333584579856],[21.154660157115167,49.233395750587036],[21.15469394708877,49.233474861040484],[21.154723414422975,49.23380229287153],[21.154683808164215,49.234010615891926],[21.15426647578752,49.23445461881704],[21.153436924012603,49.23477781103329],[21.153036725617703,49.23493365215777],[21.152923372962842,49.23497779756504],[21.152828798994967,49.23500957059767],[21.152797226397837,49.235020190091184],[21.152499268824783,49.23512028203266],[21.15195721605614,49.235566205063265],[21.15183037524835,49.235756659079925],[21.15176848425553,49.235815115636704],[21.15171851497124,49.235939662521574],[21.15171309493371,49.23594795393389],[21.15140797680737,49.23641150227944],[21.15047891378256,49.23671308913346],[21.149889707344805,49.23679338458006],[21.149580770696044,49.23718506182249],[21.14935363045434,49.23779950495725],[21.149466048617423,49.2385002563295],[21.14964020743021,49.23900805585023],[21.15011386268152,49.23918743454537],[21.15017713321039,49.239211391225574],[21.15038968316833,49.23929189857931],[21.150467575625417,49.23933954068889],[21.1507869250636,49.239705083708515],[21.150686617466388,49.23970057650583],[21.15039461921585,49.23936136996425],[21.150355529226392,49.23933763438783],[21.150224619510645,49.23928742319175],[21.150157228595038,49.239261536426554],[21.15005479706914,49.23922230377481],[21.149987536900134,49.23919651104183],[21.150021333904064,49.23924177515712],[21.150132481306144,49.239390747511834],[21.15015520230966,49.239423960225096],[21.15021676824475,49.23951420855316],[21.150274232143328,49.23954797469826],[21.150286209435475,49.239579588916044],[21.15021297260937,49.23954343586307],[21.150181279108146,49.23953505654541],[21.14995942489558,49.23947640107976],[21.149687025783805,49.23930848903364],[21.148928572997065,49.23925175180515],[21.148837338974843,49.23944755512273],[21.148666258711014,49.239742117561306],[21.148484852068822,49.23969994648976],[21.148463738557293,49.239757165035954],[21.148430939934325,49.239840571760666],[21.148278119186596,49.240010039543805],[21.148166087930026,49.24021752030274],[21.148088389286386,49.24037873125963],[21.14799967491038,49.24056075014248],[21.147653375097445,49.240425614040454],[21.147392516578343,49.24076118716992],[21.147361332334075,49.24079639327449],[21.147302874270267,49.2408435232006],[21.147195524654233,49.24100217923927],[21.14710876036722,49.241165084514044],[21.147029477335618,49.24131598256608],[21.146966804822817,49.24146722381508],[21.147079123986433,49.24148606573515],[21.14701440238961,49.24162589981449],[21.146995267098152,49.24168984199869],[21.147087253242653,49.24178519126384],[21.147042858531652,49.24182241170455],[21.146871115772,49.24196670606474],[21.14686759920552,49.241969655990864],[21.146807065641383,49.24202068124067],[21.14673727846395,49.24208536817166],[21.14664299126067,49.242146672574066],[21.14568775424771,49.24288472227466],[21.145788870360565,49.243334682637006],[21.14591564222525,49.24353105211344],[21.14604091676606,49.24353643989011],[21.14622506579627,49.24361254855956],[21.146276266187375,49.2436305455802],[21.14644631713934,49.24360664658662],[21.14650547353522,49.243591226360756],[21.146587899334982,49.24356600677068],[21.146814669073773,49.24347565835725],[21.146968400298164,49.24370375298612],[21.147031586547804,49.24370646361176],[21.147026641482732,49.244009498009696],[21.14709773996992,49.24414964956366],[21.14714802259112,49.24425124659725],[21.147809213808035,49.244264780442215],[21.14717159367946,49.24444877456675],[21.147207098167726,49.24484877507663],[21.14721647152201,49.245119762817275],[21.147248274493343,49.24518656974908],[21.14727087824662,49.24530745945358],[21.147273948054227,49.245351756342274],[21.147855542847505,49.245335325963524],[21.14789273066505,49.245383127851596],[21.14779768919091,49.24545089099659],[21.147684115677574,49.245613672434786],[21.147634867585282,49.24589280601939],[21.14759817691798,49.24610770018761],[21.147596195109728,49.2461197005471],[21.14755539688104,49.24629692668966],[21.147745533693886,49.24631416747338],[21.147764274094925,49.24634356429285],[21.147893700131284,49.246558288658946],[21.148012156182862,49.246776358221084],[21.14818194473154,49.24676739157714],[21.14833577890254,49.247011150390136],[21.148338186041823,49.24710565783402],[21.14846324171497,49.247200246254074],[21.14859834382458,49.24746880059302],[21.14880498978782,49.24744668015754],[21.148905138628944,49.247657600658606]],[[21.095798901840606,49.26346089735781],[21.0959159319668,49.262970406645486],[21.095960246477166,49.26280032732356],[21.09608679559721,49.26248658572061],[21.09622795233526,49.262115245385736],[21.09626545250001,49.26152904130752],[21.096086393745242,49.261273960571785],[21.09593873674742,49.26112169832354],[21.09583211631602,49.260992801779864],[21.095786080617035,49.26094055881978],[21.09566903965517,49.260718965517036],[21.09586472604184,49.26069001451841],[21.09600856304191,49.26066651964788],[21.095967732434765,49.26032852909937],[21.095954362527667,49.260092691410236],[21.096093488824863,49.26003456717814],[21.096092518250952,49.26001068002787],[21.096090175474384,49.25982065615051],[21.09602482970352,49.25976545611275],[21.0959685877049,49.25953275072231],[21.095743251858085,49.2593266044481],[21.095718402607275,49.25928169958265],[21.095745160305036,49.25920873485448],[21.09570150265448,49.25913937324322],[21.09569743831852,49.258889428757286],[21.095616934802894,49.25870546116362],[21.095583855140088,49.25845729079444],[21.095444635766587,49.25823993988568],[21.09533004729913,49.25813500431978],[21.09529738625599,49.25798272202176],[21.09533274819397,49.2576836233102],[21.0952078050411,49.25748698311783],[21.09508796356718,49.25743409302769],[21.09503619657788,49.257187576016385],[21.094911051052293,49.25715972287067],[21.09484294888265,49.25711388637669],[21.094826435989233,49.257012532704536],[21.094719463100137,49.256980758587744],[21.094614800950534,49.256899545272375],[21.094616243272956,49.25678796224523],[21.094572438927603,49.256711393455774],[21.094475993679126,49.256621440096964],[21.09429019835302,49.25645706374396],[21.094160440846593,49.2563250852289],[21.094115967941395,49.25625749721089],[21.09411813881403,49.25619887122802],[21.09411711074257,49.256131500791156],[21.094138531842948,49.2560471128864],[21.09420270228513,49.25602575675708],[21.094326973661662,49.255982284234214],[21.09403887084052,49.25575684399462],[21.093867134966064,49.255603178602584],[21.09365917311659,49.25540784486257],[21.093610585359475,49.25534381607048],[21.093744011223816,49.255306668270535],[21.093648847180088,49.25510737631304],[21.093503168440673,49.25479430076362],[21.093837993885497,49.2550053913029],[21.094064377616235,49.255104898088405],[21.094318635889664,49.25527326264015],[21.094530379690386,49.25541236123356],[21.093848173083963,49.25487257164277],[21.092826611049937,49.25423803055335],[21.09281287467638,49.25422858918861],[21.092738852425605,49.25422532326371],[21.092723811038102,49.25421493994341],[21.092723871327877,49.25421413165713],[21.092731078795353,49.25412487846715],[21.09273784411578,49.25404155270656],[21.092741829660163,49.25399180696152],[21.092909559711323,49.2541123977278],[21.093043158571287,49.25421119205842],[21.093434003943358,49.25448430000643],[21.09374449322192,49.25466391525174],[21.094482521165826,49.255012028203254],[21.094579725614704,49.255124961972605],[21.09467084681463,49.255230949564734],[21.0948406819646,49.25542857454521],[21.09493915231432,49.25542676841641],[21.095047961558375,49.255507663912816],[21.095339328359767,49.25564138189047],[21.09515332341887,49.25510160215783],[21.095240385067328,49.25490227996327],[21.095301968364126,49.25478091457245],[21.095401725657947,49.25478950190015],[21.095795720107294,49.25460538264753],[21.09618494310474,49.254476024110474],[21.096087445165413,49.25437253481623],[21.096200503733616,49.2543594904557],[21.09624102866974,49.254313972197174],[21.096460084366573,49.25427190352444],[21.096719613335495,49.254138852557055],[21.09698847774628,49.254028154810214],[21.097246280557407,49.253890546473954],[21.097283926753576,49.253865191266115],[21.097508380682612,49.25370446213295],[21.097594147924386,49.25369774724312],[21.097502086202617,49.25358588043105],[21.097417123155655,49.25349872648809],[21.097147861080526,49.25361481383042],[21.097027057314317,49.253611857693464],[21.096329023875235,49.2538713456835],[21.096249330063333,49.253953423187404],[21.096102105812236,49.25403739542037],[21.09601034766304,49.254087579333564],[21.095914671160553,49.25401502606138],[21.095808473938213,49.25393601513988],[21.09559920950275,49.25376368916025],[21.095490084417165,49.25375165193545],[21.095268252059242,49.253830989840246],[21.095185814568506,49.253802250089734],[21.09494566142223,49.25382293706489],[21.094682817797327,49.25390816584309],[21.094542216791908,49.25399549858841],[21.09451909393727,49.25397360440464],[21.094397590160842,49.25386934667667],[21.09389587073888,49.253792101858345],[21.09370062782573,49.253763807923],[21.09359049952832,49.25374678555598],[21.093320902592904,49.25368280639782],[21.09323794057012,49.25366296080897],[21.092998509057676,49.253646307023565],[21.09273500184179,49.25361132866636],[21.092761991646555,49.25359058556733],[21.092794938354636,49.253563731183164],[21.092853719853924,49.25352239841782],[21.092621538129954,49.253205746432606],[21.09299983222865,49.253084601459136],[21.092803158465316,49.25298334096891],[21.092747745492613,49.25295186214148],[21.09261556444716,49.252972394052655],[21.09240948897856,49.25286813165016],[21.09231027476711,49.25281544733761],[21.09217176992181,49.25274377231957],[21.092123916586164,49.252758446940376],[21.091935541672953,49.25269345966811],[21.09176696042761,49.25263045521441],[21.09158769440087,49.2524986908094],[21.091508678625033,49.252424145554066],[21.091325252256503,49.25224678563922],[21.091204630485343,49.252130849257036],[21.091087724914548,49.25200197809254],[21.091026412095346,49.2519297989761],[21.090986680278476,49.251881716104144],[21.090930564236885,49.251811773645954],[21.090874695935387,49.251742199171126],[21.09082296967201,49.25167977897825],[21.09076824929566,49.25161141145739],[21.090696850469026,49.25152144495555],[21.090659324258834,49.25147514292973],[21.09056025687262,49.25134684155502],[21.090760662962843,49.25117680353035],[21.090808651182517,49.251141878428605],[21.090308533282553,49.250665862152495],[21.09045125309476,49.25061461178404],[21.090000145878022,49.25029275190513],[21.08993705123268,49.250318191084745],[21.089795191430994,49.250212376447216],[21.089518088676545,49.25025662648515],[21.089440681161665,49.25021588999968],[21.08942052275739,49.25020039115666],[21.08937380271004,49.25013542960008],[21.089046958459168,49.25021229636627],[21.08895660904619,49.25000415085098],[21.08892083631272,49.250022811599806],[21.088611093577892,49.25019294911299],[21.088509197891042,49.25023154985003],[21.088510608932737,49.25019423500705],[21.088548234328655,49.24987450308675],[21.088554030504017,49.24949298637297],[21.088574082027993,49.24932573302864],[21.088516045139738,49.24932027495623],[21.088524903725453,49.24926609383166],[21.0882281344328,49.24919808145554],[21.088240121227216,49.24914805153389],[21.088159448563047,49.24914186889532],[21.088149321253983,49.249176204094155],[21.088072398300117,49.249156637773616],[21.08854323405838,49.24875354286686],[21.08850164771323,49.24872115380392],[21.088334503884496,49.248565464826],[21.08820531977263,49.24852757166323],[21.087987395065806,49.24861917386031],[21.08789027634364,49.248824021476864],[21.087744099064313,49.24875587597649],[21.087627340238882,49.24874862799129],[21.087574493430147,49.248745496123966],[21.087864259419053,49.24844688773629],[21.08821866086638,49.248185006521076],[21.08772794933293,49.24800725800143],[21.087471322668623,49.247945029421274],[21.087436916296678,49.24800064337184],[21.087522117041054,49.24802902744786],[21.087116366139554,49.24849046704589],[21.087116228953438,49.24849046265436],[21.08677075312404,49.248413685214665],[21.08640325789159,49.24825247912495],[21.085736163010633,49.24777604527829],[21.085601437406652,49.24801479649247],[21.085570879905283,49.2480556792067],[21.08551413392,49.24812498112669],[21.08571969523296,49.248125262455865],[21.085778397680716,49.24814019584272],[21.0858552210676,49.24822547832611],[21.08590079008405,49.24840698617395],[21.085961453728416,49.24848769999583],[21.086025636678492,49.24853971869419],[21.08605564988113,49.24854293034686],[21.08614441071026,49.24850526156038],[21.08618563363138,49.24850568126348],[21.086234181899496,49.248518488781585],[21.0863365946144,49.248564979552505],[21.086393830142967,49.24872840567821],[21.086533343913487,49.24881209383464],[21.086624190246226,49.24889377358224],[21.086749777951265,49.24901662625913],[21.086793050018294,49.24910191415923],[21.086765168301934,49.249114345138686],[21.086648593309786,49.249192985205035],[21.08641685837935,49.249294495294066],[21.086507456412143,49.24945313786199],[21.08654384939588,49.24951822022036],[21.086371909241436,49.24961084171271],[21.08651517932493,49.249749204722924],[21.086580630614968,49.24981188648014],[21.087100835217097,49.25015649787135],[21.087198193523527,49.25021731981263],[21.08735458795649,49.25010637473483],[21.08742801396706,49.25013411177287],[21.08751532684302,49.250062456462],[21.087625211505472,49.25021334301068],[21.087598373873025,49.250222836817244],[21.08730108730708,49.25050229892777],[21.086937051879335,49.25026693602637],[21.087040636255853,49.250518718603665],[21.08705120573691,49.250542913342905],[21.087071698974277,49.250553922122435],[21.087027344818804,49.25065062864407],[21.087006165591582,49.25063959789896],[21.0868645224113,49.25063956487466],[21.08686496889443,49.25063174706523],[21.08626925271451,49.250368259597884],[21.08609897125017,49.250180958544306],[21.086075149267106,49.25016849263268],[21.08588653102518,49.250070178197234],[21.085617530860425,49.249934179889955],[21.08520320248646,49.249681896429834],[21.084976564571708,49.249485136451824],[21.084897689864825,49.24959288992653],[21.085073351738036,49.24978171568186],[21.08537211682133,49.249979434957325],[21.085468633598904,49.250068048973965],[21.085648288506658,49.25022189211659],[21.08576215262522,49.25032681560367],[21.08566970492103,49.25037696951979],[21.085702570879548,49.250424834577984],[21.085706712506155,49.25046142702057],[21.085662292535137,49.25054057627914],[21.08566307530952,49.25055770595132],[21.085793242761294,49.250711314401606],[21.085875587413582,49.250897600568045],[21.085936880310317,49.25102514695582],[21.085929267489668,49.25110862570411],[21.085975643237045,49.251187351407275],[21.086121793186432,49.25126513060497],[21.08616968833202,49.25137874421686],[21.08634749885781,49.251759837918335],[21.086458212340162,49.2520910703335],[21.08659891281102,49.25240750831602],[21.086637345096822,49.25258338542608],[21.086734923170326,49.252851179978336],[21.08726598439525,49.253317849148736],[21.0873213705024,49.25329441514805],[21.087335023346807,49.25329575236791],[21.087691897701287,49.25307491212146],[21.08793050440932,49.252992073998406],[21.088375130500786,49.25320750545835],[21.088669771807133,49.25334485693212],[21.088782044044887,49.253397602096854],[21.088814591752218,49.25341295722893],[21.08891897428663,49.25346085860941],[21.0889566191171,49.25347241571647],[21.089345081156175,49.253592871588545],[21.089524790710122,49.25364498248118],[21.08984079850614,49.25369515094631],[21.08992352109452,49.2536923953395],[21.09021837052204,49.25368517100663],[21.090301658564307,49.25371169096669],[21.09035255475834,49.25372997306211],[21.090293203320158,49.253760483555745],[21.090124167191835,49.253850952931735],[21.090073353641717,49.253840775528964],[21.090026636024692,49.253858636498514],[21.090420556070125,49.25399816815882],[21.09059069160051,49.25407355738512],[21.090978186651085,49.25424393979285],[21.09122746805328,49.254165487367764],[21.091372812318127,49.254235851635784],[21.09151181535648,49.25430826357273],[21.091767713834013,49.254518997735495],[21.091779191027364,49.254531067717195],[21.091876725196983,49.25469847887649],[21.091997519205112,49.25484907881198],[21.09220168940339,49.25480384139456],[21.0922555923859,49.25491089202777],[21.09226001755477,49.25502671389587],[21.092167467216772,49.25507821999672],[21.09218900786948,49.25521349391006],[21.09230190672819,49.25535933988663],[21.092430128101416,49.25534588347174],[21.092515649848494,49.25554531849376],[21.09255990725268,49.25578169465666],[21.0928913505793,49.256224400376944],[21.093044189354416,49.25618517295879],[21.09312018068422,49.256328038056964],[21.093188325628986,49.2564562485884],[21.093391537687403,49.256903407121804],[21.093597971037035,49.25725209227456],[21.09395114019391,49.25768036427609],[21.094028292759788,49.25778005436698],[21.09405586762535,49.257816044420885],[21.094285680196773,49.258321665459675],[21.094416344766984,49.25851533855451],[21.09461569788644,49.2588300362872],[21.094744120962392,49.25909070470758],[21.094795474066384,49.25918596916408],[21.095056895053638,49.25963678298024],[21.09529157768942,49.26022492788525],[21.095447567684364,49.260586401279596],[21.09539754860282,49.26063926814505],[21.095159834960313,49.2609035474724],[21.094634753584245,49.26127702926785],[21.093986420864802,49.26150478513151],[21.093698812503998,49.26206904609792],[21.09368818492861,49.26209166253717],[21.093910793473313,49.2623805467117],[21.09414222378797,49.26267106247333],[21.09420291804464,49.262751771494266],[21.09432530559532,49.262787278789155],[21.09465378196475,49.26299573096752],[21.09496477900921,49.26323387172153],[21.095269656192823,49.26333273030092],[21.095496248456374,49.26337462444914],[21.095631819319244,49.26337355170619],[21.095798901840606,49.26346089735781]],[[21.066661635740946,49.185253391565496],[21.06667831280462,49.18524528640101],[21.066797755512507,49.1852568783607],[21.06680710792521,49.18524205511329],[21.067341086768778,49.18526232435329],[21.067218671974445,49.185079764513084],[21.06703951522997,49.18488466258294],[21.06689897467814,49.18471124116888],[21.066766489647964,49.184547622114756],[21.066564429537063,49.184379599713495],[21.066366018310855,49.18440462415999],[21.066401054699618,49.18423965214971],[21.066309767235982,49.184090774518225],[21.06618851767543,49.18386530756504],[21.066042428229597,49.183632287590335],[21.065795829148808,49.183316622494864],[21.065623819772643,49.18311976766932],[21.065478547801064,49.18294547132744],[21.06540800292854,49.182749006546416],[21.06547644008136,49.18274842224908],[21.065561782038714,49.18241086820033],[21.065550061080632,49.18226689572083],[21.065570283952873,49.18220236750158],[21.065663587711942,49.182137584676184],[21.06580244800615,49.18213738010468],[21.06584383847877,49.18199755069836],[21.065873487092432,49.181944669836554],[21.065939820500706,49.18178538824771],[21.066065304632914,49.18166141388901],[21.06593942905589,49.18154896223375],[21.065873724513665,49.18149849896511],[21.066172620180748,49.18144277451552],[21.06606225968035,49.181330372990786],[21.066328621122487,49.18117925005529],[21.06657978340271,49.18105680568343],[21.06699661955363,49.180741369122295],[21.067157537209233,49.180653916713595],[21.067267094795167,49.18069462911417],[21.067320189160956,49.180675183670424],[21.067432995360793,49.18060481615337],[21.067373322246997,49.18053069069703],[21.0675428812016,49.18045801077094],[21.06764788432563,49.18032320171848],[21.067730863295825,49.18028797394302],[21.06781667218785,49.18025895919852],[21.067922361691995,49.18023769720502],[21.067975365220626,49.18021212666183],[21.068043328506892,49.180139053267595],[21.068004648200443,49.180090812362096],[21.068033393441087,49.18005176621119],[21.068108894044343,49.180039344356686],[21.068136150075308,49.179998179558034],[21.068073856172823,49.1798839075998],[21.068121275841925,49.179804590490164],[21.068190666859373,49.17973444391971],[21.068282350566076,49.179678339710854],[21.068292739916174,49.17963501093364],[21.068216446118036,49.17953163146844],[21.068245683125387,49.17945487943272],[21.068224410042088,49.17930267705863],[21.068343054679605,49.17912689417049],[21.068449021691993,49.17913670034106],[21.068397364191583,49.17906373389022],[21.06846679748338,49.17880065876419],[21.06825836022871,49.17879853436353],[21.06806376378746,49.178794964989564],[21.06803279923222,49.17880684122488],[21.067831527395278,49.17894908167473],[21.067699634812083,49.17904512257166],[21.06759524186984,49.17908209093778],[21.067489151144482,49.17912521642878],[21.067419342265495,49.17919543916513],[21.067356150653197,49.17923418528876],[21.067312571596382,49.179269602237405],[21.06727134801702,49.17929375156373],[21.06718701877426,49.17934333993652],[21.06708853285165,49.179350969087935],[21.0669901906296,49.17935851276093],[21.0668836557126,49.17937092387834],[21.066793223519674,49.179393847045404],[21.066623109805658,49.17944832229371],[21.066487196877677,49.17929215394146],[21.066325033771278,49.179383436420935],[21.066208450810425,49.17939615320665],[21.06610437041643,49.179427098494735],[21.0659377367507,49.179433339914375],[21.065641523042334,49.17949923302914],[21.06548017566289,49.179521039047096],[21.06542419364592,49.179542371152145],[21.065318560461503,49.17958667987639],[21.06519261866213,49.17957586664914],[21.065050512719207,49.17962674142794],[21.064855113106802,49.179657621664575],[21.064700169991976,49.179680083305875],[21.064482381700138,49.179690884836404],[21.06429811406826,49.17972347361648],[21.064141316495792,49.17971391473212],[21.064040848773885,49.179714995402314],[21.063524062506144,49.179525020384766],[21.0630940831949,49.1793403645613],[21.063044929313627,49.179413411995085],[21.062984555750194,49.17951517651171],[21.062875035883994,49.17943196777211],[21.062657495886135,49.17957664585685],[21.062512218392413,49.179594735045335],[21.062376537987735,49.17960206028874],[21.062189340421234,49.17960781283648],[21.062105558780836,49.17955676380487],[21.062073984547464,49.17958770483356],[21.060979513929034,49.178898051524214],[21.06096080959766,49.17891122202407],[21.060922531719832,49.17893816515258],[21.06090150728021,49.17895297128078],[21.060760696788027,49.17904871688094],[21.06038000742151,49.17885888974247],[21.060200860035263,49.178936651574794],[21.06016496189527,49.1790269612698],[21.06014868635795,49.17906811887482],[21.060023904983932,49.17896694894655],[21.05951515576527,49.17914363060832],[21.059747953504125,49.17948866521146],[21.059987671098522,49.17983851409283],[21.060023313425475,49.1798905310452],[21.060034947914772,49.17988190389407],[21.060179697081622,49.18002441126167],[21.060446244502508,49.18027312315214],[21.060552502383697,49.18034488533138],[21.060670610406273,49.180410637971846],[21.060834185949286,49.18048172955149],[21.061001386200648,49.180535652465956],[21.06106078111189,49.18055485526155],[21.06118459694602,49.18059765432722],[21.061227226316202,49.180618836627055],[21.061256614593734,49.18063346957084],[21.06134364932452,49.180683273740684],[21.061470620111507,49.18076452635517],[21.061602504214132,49.180858991494766],[21.061717597261197,49.180968579439],[21.06179162429113,49.18105262426891],[21.06195064289487,49.181200901298965],[21.06208033663717,49.18130078684359],[21.06237902780914,49.181423411213764],[21.06257455157419,49.18151353671241],[21.062732968280393,49.18161317790427],[21.06276491667738,49.18164859950641],[21.062858017182453,49.18176215799753],[21.06293443089756,49.18183457532361],[21.06316497971509,49.181981377128444],[21.063206521536625,49.18200792522584],[21.0635634515712,49.182154302000974],[21.063802034264203,49.18226913153652],[21.06397278449758,49.182413102376195],[21.064042296508227,49.1824915081907],[21.064299758113503,49.182795824296434],[21.06439494610662,49.18291458024408],[21.064550974831466,49.183267570393824],[21.064638656852217,49.18363825232727],[21.064707807645,49.18372150747631],[21.06482113897364,49.18375226052994],[21.06493336646467,49.18372085859888],[21.06511355193462,49.18349943822078],[21.06518541029658,49.18353929688706],[21.06501313124237,49.183745037367736],[21.06494619277264,49.18389583635616],[21.064802096606144,49.18400966654299],[21.06510245950305,49.18426953949266],[21.06518774841536,49.1844671999286],[21.06530805439389,49.1846356498979],[21.06554683046075,49.18472248279544],[21.065729442200503,49.184776264875694],[21.065967157366885,49.184890071010265],[21.066170793756246,49.18498765343999],[21.066261937461213,49.185004815768835],[21.066341093553454,49.18498954172928],[21.066333824891146,49.184956447288364],[21.06626508725615,49.18485114979327],[21.066441887222624,49.18506481280935],[21.066661635740946,49.185253391565496]],[[21.035882581036535,49.2450826776326],[21.036197369699487,49.2451422281283],[21.036825467550432,49.24526091838564],[21.036845877877045,49.245209274681386],[21.036885000384984,49.24511025348244],[21.036993392835612,49.24494992032537],[21.03702554810617,49.24493385835333],[21.037051005871415,49.244851859087944],[21.03708523181515,49.24480480483063],[21.03725580321359,49.24457689754579],[21.037328004238947,49.24448047980444],[21.03738173567931,49.24452453577503],[21.037477739439883,49.24458418735745],[21.037518419922232,49.24455903896968],[21.03759345701274,49.24459775414113],[21.037606026127715,49.24460428372888],[21.037629400285592,49.24461521504663],[21.037713683649212,49.244655310397214],[21.03782980992061,49.24467438186469],[21.037928626002397,49.24468415909106],[21.037971020062585,49.24468724469195],[21.03822625949992,49.24459424249115],[21.038329496505327,49.244571032711406],[21.038530858369665,49.244521296140334],[21.038672605526646,49.24454704945028],[21.038683611264233,49.244592420013845],[21.03919375006698,49.24470169052009],[21.039304995019645,49.24470349704267],[21.039517181598534,49.2447796977834],[21.039781902736923,49.244806735906856],[21.039831263568107,49.24449954276516],[21.039804713266022,49.24444151471164],[21.03975243358683,49.24436914840617],[21.039609714567078,49.24409263897233],[21.039483900698265,49.24400168346068],[21.039436904935474,49.243932189108904],[21.038709294823196,49.243916697643826],[21.03872848951393,49.24380838705347],[21.038728395909775,49.2437732733588],[21.03895471490286,49.243613521879325],[21.038990592953716,49.24358821728842],[21.038937396461066,49.24357343828258],[21.038686431176394,49.243591857773836],[21.038656328427102,49.243598983994204],[21.038519803210466,49.243631467560554],[21.037968361170353,49.243677501576705],[21.03763885986165,49.243734333875764],[21.03698527463727,49.243749141344495],[21.036694682860315,49.24379147862755],[21.03635679331752,49.24376836089618],[21.036182872698927,49.2437771214399],[21.036048300932716,49.24381101599334],[21.03586907513957,49.24383535872319],[21.03579662911039,49.24386415704487],[21.035689022678348,49.24390693879801],[21.035481665000287,49.24391236240474],[21.035097741702643,49.24365277498554],[21.03477959008899,49.24360508562558],[21.034427328839346,49.2434086426854],[21.034339186695444,49.24339776850175],[21.03419097539249,49.243379362177485],[21.03374232972037,49.243357141957276],[21.03356223093515,49.24341116191788],[21.033298764283153,49.24328601990498],[21.033232358224254,49.243244161036806],[21.033165561187644,49.243202019345304],[21.033089366461347,49.24297357515842],[21.033032233233016,49.243137820655036],[21.032546879100554,49.24309378714499],[21.032227859683818,49.243064878239345],[21.031918030904993,49.2430126797646],[21.031632510486208,49.24296451125344],[21.03131039784046,49.24293288848801],[21.03110295896211,49.24288500509779],[21.03099660237912,49.242860482408034],[21.030650247911602,49.242780445268615],[21.030375025725736,49.24264726185346],[21.030097066566757,49.24252299155981],[21.029797714452133,49.24232726317786],[21.0293293785145,49.24202088749156],[21.029092540738997,49.24163551988473],[21.029097930942207,49.2416351549724],[21.02918378312885,49.241629033543255],[21.029245601142495,49.24148474792876],[21.029227325708057,49.241027711766506],[21.029290304390766,49.24094063164709],[21.029269910331703,49.24087775922464],[21.02922401854334,49.240735913462125],[21.02897997453345,49.240790097886155],[21.028966150470396,49.2407928894009],[21.028941574354526,49.2407978520898],[21.02884478690281,49.24048770929315],[21.028885920137423,49.240487426297186],[21.028934212900392,49.24048701597341],[21.029181483662533,49.240508110010644],[21.029098311107106,49.24033570286608],[21.02908463186128,49.24020786840031],[21.02895700503568,49.24017562981259],[21.028799961481518,49.240136042537465],[21.028827496939424,49.24007211770202],[21.0287959677719,49.23997116129567],[21.028796076234798,49.239915347413664],[21.02902877500264,49.2398112791579],[21.029036821512964,49.23972331328512],[21.029033720488854,49.23962823283501],[21.028914669430552,49.23949382102629],[21.028692786954842,49.239491557459196],[21.02853253449991,49.23958312637009],[21.02855835325018,49.239608903778056],[21.02860540058597,49.239655717871244],[21.02857830336252,49.23963773134547],[21.02851573966065,49.239596084417336],[21.028505263888405,49.239574677165805],[21.02848504675324,49.23953305690714],[21.028481827184244,49.23952656020928],[21.028450740316565,49.23952491904916],[21.028424309963384,49.23952351934321],[21.02830516765726,49.23951721390144],[21.028274645509896,49.239847074599496],[21.028271398162747,49.239935196539825],[21.0282083666807,49.24114672530272],[21.028235714609043,49.241320918725606],[21.02829492788958,49.24158257533926],[21.028360702331963,49.24173055977537],[21.02842695404057,49.24187225771057],[21.02837516816401,49.241857069453125],[21.028359838151637,49.24185251966223],[21.02832540569953,49.241842397113594],[21.02825779848832,49.241800136015236],[21.028241963699877,49.2416101120145],[21.027570105174437,49.24172105194483],[21.02752296324968,49.24173527347697],[21.027293347077464,49.24164452849155],[21.02677668392998,49.24146792075893],[21.02657200194601,49.241456309959695],[21.026007877578593,49.241470274642815],[21.02607763193546,49.241638196311854],[21.026128487468213,49.24171997619791],[21.026366313264287,49.241992397376194],[21.02655643547038,49.2418969414361],[21.02672668367539,49.241891226876795],[21.026755988837873,49.241892810480536],[21.026791733845894,49.24189469361473],[21.02682636535662,49.241891318881116],[21.0270075183962,49.24188685896238],[21.02708770736588,49.241853906495834],[21.027122249591855,49.24187888762621],[21.027050268215522,49.241908776078716],[21.026994475369307,49.24193189885127],[21.026992315696628,49.24193317901549],[21.02698599428632,49.24193675455076],[21.026965027984524,49.241948496361125],[21.02682410785128,49.241975421734736],[21.026526476460997,49.24199274695963],[21.026448391052583,49.24205232580384],[21.026481312567167,49.24210228221898],[21.026517432339404,49.24215720419787],[21.02688669220523,49.24212915515067],[21.02699399868402,49.24201065794325],[21.02703915647073,49.24207694722283],[21.026862961370632,49.24219725463615],[21.026633620695723,49.242329336978784],[21.026575802820485,49.242393626567704],[21.026737081654282,49.242415528835046],[21.0269249582373,49.242340615659764],[21.027091735564415,49.24224475951031],[21.02717042579097,49.24223156439996],[21.02736952616681,49.242280534185745],[21.02771711592301,49.24236593318886],[21.027774719872735,49.24224644893026],[21.027803610767865,49.24218643959952],[21.02791675924087,49.24223558379919],[21.027999808933497,49.24230085431915],[21.028046631604933,49.24244309092594],[21.028071310433177,49.242518346712345],[21.028072675267723,49.24251848112739],[21.028064208201247,49.24253765181593],[21.028396675547143,49.24288768933488],[21.028408134821614,49.24289976561602],[21.02856710251115,49.24302467215374],[21.02867584085546,49.24297428122583],[21.02880202215539,49.24300935374067],[21.029159594952052,49.2431807793726],[21.029244770892937,49.243109275547695],[21.029302452649695,49.24318272305395],[21.02937479625189,49.24316256800586],[21.029538024898347,49.24340176701065],[21.029538766173562,49.243402871443436],[21.029745733331566,49.24367095045297],[21.02982612009387,49.24377502495389],[21.029935134580374,49.24388057009828],[21.030160636285466,49.24409649432727],[21.03016115091407,49.24409696119347],[21.03038635390039,49.244302341937576],[21.030679565456815,49.24445591566472],[21.03069980354757,49.24446647642208],[21.03101343046623,49.244477748588565],[21.031340012814308,49.24448863061446],[21.031628619493002,49.24449800781522],[21.031922575928824,49.244507558100324],[21.03192531933984,49.2445076472269],[21.03228586853578,49.24451305806765],[21.032519364833732,49.2445165915734],[21.033208820593277,49.24442780056386],[21.033317922811953,49.24440343520774],[21.03361550357268,49.24439599369914],[21.033632310712385,49.24434657414858],[21.034521480555615,49.24437139348953],[21.034609303761084,49.24453719454303],[21.034880647233116,49.24457661260672],[21.034975250621642,49.24467106153419],[21.03485613981799,49.24491837179748],[21.034789095858063,49.24496841135827],[21.03496081663671,49.24505230967489],[21.035137451341352,49.245044089032085],[21.035249523843998,49.244998661818315],[21.035290204465767,49.24496082028841],[21.03544660786814,49.244901977259005],[21.03551661020157,49.24486733803614],[21.035737786403367,49.2449064761721],[21.035766646260313,49.24492667867982],[21.035902217717346,49.24502128598616],[21.035945452722867,49.24505140784302],[21.035882581036535,49.2450826776326]],[[21.2234741124198,49.140633216499076],[21.22351699810856,49.140637872977734],[21.22378091744605,49.14066745600656],[21.224001667348087,49.14078041302538],[21.22413438779566,49.14080467967262],[21.224374675751868,49.1405155800334],[21.2246029635548,49.1402980351423],[21.224763882439508,49.14000594183224],[21.224979664840415,49.13973318761457],[21.225032910977944,49.13970818702392],[21.22524960375495,49.13979545070739],[21.225695567520855,49.13989033758815],[21.22607643975814,49.13948702167763],[21.226555939958534,49.139571508774985],[21.226949618438127,49.139238171261475],[21.227122134898224,49.13909208562635],[21.227305788102058,49.138895932501],[21.2275108370322,49.13896572862795],[21.227585837909256,49.13899126976244],[21.227792531776114,49.13913187182613],[21.228060009332864,49.13887646215844],[21.228123934247535,49.1388326156931],[21.228265234407555,49.13861858988145],[21.228356477994073,49.13848268616788],[21.228547801590313,49.13842053766543],[21.228576186615197,49.13834039602431],[21.22886506305064,49.138339411399734],[21.229019933465025,49.13794945469752],[21.229213593224316,49.13745474166315],[21.22944367497251,49.13693801737053],[21.228975739178043,49.13685326823916],[21.2288743030859,49.13684437572817],[21.22844391231219,49.13684639238797],[21.228284419027293,49.137046353682315],[21.228171424913157,49.13725027102608],[21.22814414325589,49.13738580895239],[21.228175522979747,49.137468605958915],[21.228112297109224,49.1374816871731],[21.227577193776305,49.13733868619822],[21.227377071190404,49.137297848474994],[21.22736727852979,49.13735785946814],[21.227342199524646,49.13748752397425],[21.22713695004242,49.13745886026776],[21.227056970086025,49.13744729811636],[21.226975228148206,49.1374411727116],[21.226730002453422,49.137422796153366],[21.226466175786193,49.13739214188673],[21.226273427341585,49.13738429734372],[21.22618937646385,49.13736828786644],[21.226146588258423,49.13754394551808],[21.226025932285395,49.137508441006375],[21.22582487747438,49.13747486343374],[21.225532972323926,49.13752957882431],[21.224521554831966,49.13736131320983],[21.224323679444378,49.137390485315144],[21.22412942578448,49.13735774512109],[21.22392005731711,49.137369277417804],[21.223730610115695,49.137389977097],[21.223706636704694,49.13749455965798],[21.22353516809838,49.137541920682075],[21.223368554975657,49.13758853137501],[21.22303815090544,49.13769975336375],[21.22293296731464,49.13810024196741],[21.222846113230332,49.13807550147263],[21.222826593587747,49.138263220273856],[21.222814155717455,49.138306495506725],[21.222355075084614,49.13817482310711],[21.222353268533947,49.138834075650806],[21.22149866651079,49.14037273713276],[21.221608745919358,49.140345444992114],[21.221803472001493,49.14029727544874],[21.221881138124335,49.1402780726224],[21.22156235521651,49.14039721210127],[21.222083473270462,49.140303504432495],[21.22245888086385,49.14039883229058],[21.222561992347458,49.14046089388555],[21.222901348316167,49.14060353632602],[21.223221838046207,49.14060579317862],[21.223226330028712,49.140606292131345],[21.2234741124198,49.140633216499076]],[[21.215473973116246,49.13942285916309],[21.21528482487575,49.139765198458875],[21.215049366234254,49.14006847389373],[21.214905432009164,49.14020768677732],[21.215169341021983,49.14036313802042],[21.21479803436473,49.14077517958181],[21.21528622581698,49.14088374791106],[21.215311991316938,49.140876534382556],[21.21537381429689,49.14088115046531],[21.215815291783912,49.1408819548931],[21.216058446659336,49.14085113858255],[21.216252885573322,49.140843298379245],[21.216798991943392,49.140665678577044],[21.21679234410172,49.14043006904812],[21.2171716047092,49.13992626705064],[21.217416240966873,49.139510476246045],[21.21754616268815,49.139399993263446],[21.217628306959476,49.13919837032829],[21.217686706882663,49.13884234709527],[21.217858470034823,49.13866132302386],[21.217859419092548,49.1385470263504],[21.217861111076566,49.13846245944825],[21.218033250557436,49.13824183777807],[21.218177255704564,49.138103343750764],[21.218247985452088,49.1377894715159],[21.218381267248212,49.13740704973121],[21.218664636961716,49.137093368792954],[21.218687116735666,49.1369524624092],[21.218633357705347,49.13644272225121],[21.21853055041561,49.1360827880419],[21.218753441035375,49.13572096403718],[21.219144077569695,49.13527188107491],[21.21937495319312,49.13464429242787],[21.219788247448697,49.13426342430755],[21.219955926322772,49.13382778304597],[21.219798137847746,49.13380327520963],[21.2196403559826,49.1337786773387],[21.21951886776846,49.13366905290207],[21.21943254738162,49.13359121388789],[21.220038878416865,49.13315465581224],[21.220075012320944,49.13278551939402],[21.220068788918685,49.13251517497651],[21.219762477761385,49.13271526287618],[21.219468213553856,49.13298818952403],[21.218972084517837,49.13341078232289],[21.218934318554872,49.133459034534525],[21.218621624847056,49.13370195198144],[21.2184505229289,49.1339560941284],[21.218301934903575,49.134183296793815],[21.218162879306146,49.13442672810134],[21.218139214005785,49.13446011317457],[21.217994909871436,49.134663952751296],[21.217852182902533,49.134899258215256],[21.21776385207739,49.135127876050845],[21.217682559186585,49.13537498595641],[21.217588785058368,49.13576700260555],[21.217445076064294,49.13662242929278],[21.217219386374392,49.13704204767133],[21.217052393779316,49.13723690169277],[21.21689900811067,49.13742758588465],[21.216842608076345,49.137498305648975],[21.215589794862744,49.1379069890864],[21.215578988939438,49.13791034513495],[21.215568046120016,49.13791369694099],[21.21547108668357,49.137901690732065],[21.215294138628572,49.138099384748585],[21.215290340707764,49.13815787053387],[21.215411651272003,49.138424399651846],[21.215506942040758,49.13859686100755],[21.21559857826655,49.13858943779556],[21.215933433641204,49.138599721902054],[21.216377035555332,49.13877856139311],[21.2163384822417,49.13881859661135],[21.215627579563964,49.13864209819271],[21.215687722668225,49.13887972558802],[21.215473973116246,49.13942285916309]],[[21.186804746236167,49.17638202036272],[21.186292674906415,49.176552923775276],[21.185791949057265,49.17656754257959],[21.183676077924392,49.176874887635385],[21.18358436392774,49.17721113290711],[21.183462972672594,49.17731518689909],[21.183398111296004,49.17737068458776],[21.183472316746165,49.177458702374295],[21.183494438174616,49.17748495928601],[21.183548042454873,49.17754847798432],[21.183574710908918,49.177580188136176],[21.18371634888732,49.17761134791862],[21.183804067841436,49.1776305612538],[21.183980308295645,49.17767306373105],[21.18399436005229,49.17801072155577],[21.18424098398732,49.17791228797706],[21.184272377044625,49.17789976508421],[21.184303633085108,49.17788723790497],[21.184403181281255,49.17784758627262],[21.184419164823385,49.177841153726135],[21.184430333727864,49.1778367313502],[21.184446878316923,49.17783013627627],[21.184687987809358,49.17773387016798],[21.185696126531315,49.17739355521649],[21.186888207032133,49.17719184267783],[21.187216067655392,49.177080724410125],[21.18808424953481,49.17685971156763],[21.18787425215104,49.17677151186779],[21.187788841638923,49.1767356297098],[21.18787514554729,49.17641676732415],[21.18831365797761,49.176076844053476],[21.188120706037708,49.17603571717269],[21.18784800544559,49.17627044685941],[21.187751152011533,49.17633170033266],[21.187623938149763,49.176412081227035],[21.187561267231303,49.176452615901496],[21.187521513183132,49.17647820187754],[21.187315941807956,49.17625339733243],[21.18720469699572,49.176172418337295],[21.1871820005433,49.17615595650271],[21.18701890090543,49.17610270618009],[21.186804746236167,49.17638202036272]],[[21.142029377239986,49.23129966247896],[21.14184129735156,49.23130570083328],[21.141834168063948,49.23144743995457],[21.141799041106214,49.2314521829594],[21.141772522801475,49.231455757250075],[21.14177645047111,49.23146029224444],[21.141874421017558,49.23157293989905],[21.14187810084847,49.2315771069826],[21.142008931048267,49.231725179579946],[21.142099413974094,49.23182750833165],[21.14210061862326,49.23183168733261],[21.142102826314847,49.2318390487361],[21.142143700071998,49.23197294012812],[21.142222874241003,49.23225702555914],[21.142235151681415,49.23227325670603],[21.142167466899306,49.23239355054826],[21.142167159568586,49.23239399095958],[21.142285825403626,49.2325037802393],[21.14245752775658,49.23266250387661],[21.14266039774617,49.232851647465],[21.142789835346875,49.2330860056041],[21.142744850955644,49.23319297245234],[21.142941528988743,49.23328505697719],[21.14323042379724,49.233427941173325],[21.14337777177998,49.23349920439828],[21.143442700803895,49.23366122028478],[21.143531801016998,49.23367402273184],[21.1435945054822,49.23368311197475],[21.143600356708674,49.233683926656816],[21.14376818876858,49.23392903653049],[21.144040280733105,49.23434163276294],[21.14407644326592,49.23446304161699],[21.144116670630847,49.23460582366124],[21.14418213403193,49.23463723481247],[21.144138813997014,49.234482292419166],[21.14436713356814,49.23436850291545],[21.14417322045788,49.23404803400868],[21.143977184554114,49.23372281660322],[21.143912094836658,49.23364334563727],[21.143714717998684,49.23339622393984],[21.143543148753746,49.23318700458083],[21.143646242802745,49.23314596538283],[21.143904178712805,49.233100446926315],[21.14390175275318,49.2330960493951],[21.143828946093,49.23293459551544],[21.143813945551475,49.232901174614206],[21.1437226058234,49.23269826643669],[21.143699930981615,49.23264956990617],[21.144232090749636,49.23244723934638],[21.14383291477265,49.231972121288834],[21.143681555372417,49.231994714379155],[21.143645630212827,49.231969185553865],[21.143271862760816,49.23170569691172],[21.143038214941182,49.23154817117366],[21.142946221563324,49.23147757314086],[21.142722055314017,49.231471491972265],[21.142029377239986,49.23129966247896]],[[21.0641098885717,49.183634793336005],[21.063982340779813,49.18322807422006],[21.06393970014733,49.18293437788317],[21.063048599292806,49.18235348970542],[21.06295911417615,49.18226309528641],[21.061697250536234,49.181888641271556],[21.061466330681863,49.18180169319189],[21.061288562010454,49.181734826043474],[21.061287990141444,49.18185031379655],[21.061319944050283,49.18191490514076],[21.06149984697445,49.18206124597603],[21.061678918422484,49.18228084259724],[21.06186616371915,49.1824245388397],[21.061980559072378,49.1825489584461],[21.061967893228662,49.18264812083121],[21.06191807091929,49.18279217849968],[21.061853281190814,49.18287768494911],[21.061742947455414,49.18307038547582],[21.061530375073005,49.18320901027203],[21.061564104955135,49.183268257106235],[21.061609933469093,49.18328161993799],[21.06164136056897,49.18340444232159],[21.061998237183264,49.18334861873169],[21.06212675877257,49.18333800162363],[21.062390428291955,49.18337117772606],[21.062798944541598,49.18349275282907],[21.06295631770365,49.18341797538757],[21.06299975263978,49.18342846956171],[21.063102005279177,49.183453105119625],[21.06344323508306,49.18358556114877],[21.063546146864205,49.1837990063204],[21.063709158653594,49.18396379423585],[21.063686663399082,49.18410063140428],[21.06371541292611,49.18409453657368],[21.063907996388544,49.18405384383905],[21.063979154879362,49.18406460163246],[21.064032164266795,49.184044524610535],[21.064066596064173,49.183911493461586],[21.064044906731773,49.183830849057095],[21.064024614312157,49.18375538129474],[21.0641098885717,49.183634793336005]],[[21.048349492525983,49.288269416956574],[21.04826643912388,49.288275735435086],[21.04819451286262,49.288289615466596],[21.04812914591322,49.28830775857003],[21.048065066340623,49.2883452986358],[21.047853179795123,49.28851760041346],[21.04779646508531,49.28853962399216],[21.047547500536222,49.28851042102312],[21.047337407264042,49.28854054023363],[21.046876825834666,49.28861990733725],[21.04681913456896,49.28866395504732],[21.046755257128464,49.288698800219514],[21.046692052106685,49.28894513614701],[21.046880650957814,49.28898094173574],[21.047591465686438,49.289054333273214],[21.04829279433485,49.289065656694],[21.04887754702234,49.28907338927028],[21.0492316801696,49.28903675795355],[21.049909321569142,49.28896988493842],[21.049910952488474,49.288769632128584],[21.049911771421545,49.28861841667087],[21.04985902550377,49.28861887341108],[21.04963671400013,49.28842804084919],[21.049404435385814,49.28844214276132],[21.049342010079926,49.28841221819891],[21.04918934435946,49.2884108867848],[21.04908988290626,49.288452235596694],[21.048690345600324,49.288421320827716],[21.04859232650822,49.28838889530783],[21.048349492525983,49.288269416956574]]]}}]}