{
"type": "FeatureCollection",
"name": "jprl_ochranne",
"features": [
{ "type": "Feature", "properties": { }, "geometry": { "type": "MultiPolygon", "coordinates": [ [ [ [ 2334665.59192917868495, 6309228.604267387650907 ], [ 2334614.433372157625854, 6309331.076404260471463 ], [ 2334668.306116119027138, 6309599.295386266894639 ], [ 2334716.152768079191446, 6309601.218757486902177 ], [ 2334708.918866421096027, 6309371.519487186335027 ], [ 2334871.592734810430557, 6309207.319729100912809 ], [ 2334665.59192917868495, 6309228.604267387650907 ] ] ], [ [ [ 2331432.493214457295835, 6310683.098846988752484 ], [ 2331913.745469810441136, 6310549.283031075261533 ], [ 2332031.058018660638481, 6310387.551541206426919 ], [ 2331432.493214457295835, 6310683.098846988752484 ] ] ], [ [ [ 2332329.745121682062745, 6311145.800073521211743 ], [ 2332308.203612009994686, 6311173.388059412129223 ], [ 2332497.242041740566492, 6311244.538923745974898 ], [ 2332329.745121682062745, 6311145.800073521211743 ] ] ], [ [ [ 2332560.408653017133474, 6311381.505396885797381 ], [ 2332572.765448998194188, 6311311.444480502977967 ], [ 2332530.638524404261261, 6311264.225364673882723 ], [ 2332304.825827079359442, 6311177.713964467868209 ], [ 2332196.775370057672262, 6311397.65860247425735 ], [ 2332125.870779686141759, 6311508.395615260116756 ], [ 2332189.36971671320498, 6311571.26357005070895 ], [ 2332331.957551159895957, 6311499.846179685555398 ], [ 2332076.723045824095607, 6311654.083115419372916 ], [ 2332379.713702752254903, 6311529.38482332136482 ], [ 2332224.024812771007419, 6311605.573837210424244 ], [ 2332364.089235669933259, 6311744.242103504016995 ], [ 2332364.986084582749754, 6311752.1327123939991 ], [ 2332604.167711143381894, 6311706.391128537245095 ], [ 2332540.176835780963302, 6311732.892391878180206 ], [ 2332669.301918643061072, 6311819.652867691591382 ], [ 2332611.639279436320066, 6311796.286600232124329 ], [ 2332679.396073869429529, 6311856.39251996204257 ], [ 2332777.919692737981677, 6311915.05328225158155 ], [ 2332838.736413202248514, 6311853.23556 ], [ 2332731.11012677801773, 6311817.298432121053338 ], [ 2332984.554238786920905, 6311421.595159398391843 ], [ 2332861.545340171083808, 6311336.715033157728612 ], [ 2333009.544972558505833, 6311400.374522227793932 ], [ 2333279.725943471305072, 6311706.925219701603055 ], [ 2333701.561592030804604, 6311376.125574346631765 ], [ 2333462.480741900391877, 6311402.062032122164965 ], [ 2333190.595197150018066, 6311185.35516060795635 ], [ 2333203.147915901150554, 6311178.512099913321435 ], [ 2332761.778349464759231, 6311116.447481891140342 ], [ 2332661.928011558018625, 6311250.853082394227386 ], [ 2332702.550068996846676, 6311268.325959723442793 ], [ 2332571.107154626399279, 6311262.195100627839565 ], [ 2332719.12069059535861, 6311275.453526782803237 ], [ 2332846.978498373646289, 6311330.449357417412102 ], [ 2332560.408653017133474, 6311381.505396885797381 ] ], [ [ 2333094.586369990836829, 6311348.760017970576882 ], [ 2333057.984994681086391, 6311325.223266661167145 ], [ 2333059.288039395119995, 6311256.936693497933447 ], [ 2333190.49069193424657, 6311185.412131177261472 ], [ 2333211.547091979533434, 6311206.787356107495725 ], [ 2333140.301455403678119, 6311323.553730322979391 ], [ 2333009.544972558505833, 6311400.374522227793932 ], [ 2333094.586369990836829, 6311348.760017970576882 ] ] ], [ [ [ 2329690.9910221202299, 6313536.35884412471205 ], [ 2329431.117154524195939, 6313580.142939824610949 ], [ 2329365.45849915780127, 6313647.058995600789785 ], [ 2329544.330517546273768, 6313662.91753126308322 ], [ 2329690.9910221202299, 6313536.35884412471205 ] ] ], [ [ [ 2337392.81643174868077, 6313724.349755783565342 ], [ 2337673.788172334432602, 6313831.540341230109334 ], [ 2337739.526069735176861, 6313793.816362914629281 ], [ 2337370.661400884855539, 6313688.674425492994487 ], [ 2337523.2478670720011, 6313679.557053505443037 ], [ 2337638.446245562750846, 6313703.449919767677784 ], [ 2337670.749912578612566, 6313723.159490728750825 ], [ 2337732.162949395366013, 6313722.887351964600384 ], [ 2337865.958440566901118, 6313750.637376043945551 ], [ 2337941.192580174654722, 6313676.984562385827303 ], [ 2338185.254451050888747, 6313195.683582384139299 ], [ 2338203.025854890234768, 6312974.280918180942535 ], [ 2338206.054620017297566, 6312977.013456193730235 ], [ 2338310.252803147770464, 6312686.633498907089233 ], [ 2338535.135543177835643, 6312601.924491116777062 ], [ 2338558.153444526717067, 6312527.587272553704679 ], [ 2338353.518441552761942, 6312393.456320346333086 ], [ 2338049.66519000986591, 6312756.84806122072041 ], [ 2337974.745757786091417, 6312768.327661054208875 ], [ 2337862.897051269188523, 6312927.543240658938885 ], [ 2337858.672735644970089, 6313110.063667421229184 ], [ 2337790.61935532046482, 6313201.941026990301907 ], [ 2337808.256173128262162, 6313295.005686100572348 ], [ 2337724.236251767259091, 6313391.565770920366049 ], [ 2337542.682650126516819, 6313497.755408428609371 ], [ 2337404.662636633496732, 6313507.50409816019237 ], [ 2337338.421138064470142, 6313588.713028146885335 ], [ 2337335.385651789605618, 6313581.822859911248088 ], [ 2337036.139431508257985, 6313765.452873168513179 ], [ 2337139.506536028347909, 6313716.259745348244905 ], [ 2337358.620266867801547, 6313768.541044366545975 ], [ 2337392.81643174868077, 6313724.349755783565342 ] ] ], [ [ [ 2329476.605420964770019, 6313855.611577467061579 ], [ 2329543.095659043639898, 6313709.464854709804058 ], [ 2329224.794113464653492, 6313744.069784675724804 ], [ 2328878.099552419502288, 6313991.726979658938944 ], [ 2329089.476560147479177, 6314129.498690394684672 ], [ 2329476.605420964770019, 6313855.611577467061579 ] ] ], [ [ [ 2330539.692194166593254, 6314290.736023901030421 ], [ 2330723.320783763658255, 6314306.33685801923275 ], [ 2330810.477207191288471, 6314056.982389016076922 ], [ 2330767.605730728711933, 6314038.689704805612564 ], [ 2330689.017711096443236, 6314148.88650796096772 ], [ 2330691.462094214279205, 6314100.693184004165232 ], [ 2330632.349876721389592, 6314085.963856165297329 ], [ 2330713.726051893085241, 6314035.94134340249002 ], [ 2330622.084881374146789, 6314000.518594935536385 ], [ 2330605.003840329125524, 6314049.428467464633286 ], [ 2330505.314976191148162, 6314057.518584586679935 ], [ 2330423.326796775683761, 6314197.358192371204495 ], [ 2330539.692194166593254, 6314290.736023901030421 ] ] ], [ [ [ 2333280.672364938538522, 6314294.723320173099637 ], [ 2333237.127949930727482, 6314258.62841088604182 ], [ 2333193.672538825310767, 6314253.437697470188141 ], [ 2333262.633643463253975, 6314286.89025847427547 ], [ 2333280.672364938538522, 6314294.723320173099637 ] ] ], [ [ [ 2333519.82785044843331, 6314363.9402632182464 ], [ 2333370.28241604892537, 6314279.69263644516468 ], [ 2333249.465610971208662, 6314260.093609850853682 ], [ 2333519.82785044843331, 6314363.9402632182464 ] ] ], [ [ [ 2333919.724211746826768, 6314391.676893685944378 ], [ 2333884.154651269316673, 6314409.395159801468253 ], [ 2334042.871889961417764, 6314390.624326897785068 ], [ 2334094.556619648821652, 6314410.694399124011397 ], [ 2334052.583273619879037, 6314385.165336300618947 ], [ 2334007.763301036320627, 6314382.328595907427371 ], [ 2333919.724211746826768, 6314391.676893685944378 ] ] ], [ [ [ 2333873.716006734874099, 6314455.269245645031333 ], [ 2333743.027169771492481, 6314478.040380770340562 ], [ 2333695.780244262423366, 6314474.245476711541414 ], [ 2333125.336488027125597, 6314243.551197142340243 ], [ 2333271.763402177486569, 6314380.517499098554254 ], [ 2333388.476047158706933, 6314428.523221888579428 ], [ 2333689.737927601672709, 6314686.475646200589836 ], [ 2333915.192555359564722, 6314645.169898739084601 ], [ 2334128.373843857552856, 6314605.178070200607181 ], [ 2334235.184928260743618, 6314755.250913586467505 ], [ 2334310.139164436142892, 6314808.921206786297262 ], [ 2334248.135332670528442, 6314746.863589075393975 ], [ 2334207.386623619124293, 6314605.234709596261382 ], [ 2334095.99879098823294, 6314448.157280890271068 ], [ 2334048.965630441438407, 6314456.559684983454645 ], [ 2333929.036897304933518, 6314423.567587047815323 ], [ 2333976.018739924300462, 6314414.713418504223228 ], [ 2334057.539501886814833, 6314422.800462475046515 ], [ 2334151.117932728026062, 6314467.924518288113177 ], [ 2334041.332261130213737, 6314400.538158424198627 ], [ 2333704.58752453699708, 6314449.553886046633124 ], [ 2333538.452158079482615, 6314377.906384562142193 ], [ 2333442.615717923734337, 6314357.715475965291262 ], [ 2333697.248271814547479, 6314467.250325785018504 ], [ 2333905.813814930617809, 6314427.944194561801851 ], [ 2333873.716006734874099, 6314455.269245645031333 ] ], [ [ 2333967.305725418496877, 6314506.213532218709588 ], [ 2334018.764504998922348, 6314527.964376615360379 ], [ 2334003.432686351705343, 6314536.264722125604749 ], [ 2333967.305725418496877, 6314506.213532218709588 ] ], [ [ 2334027.730298237875104, 6314523.110472236759961 ], [ 2334011.530889389570802, 6314463.247345727868378 ], [ 2334035.60739990323782, 6314518.845964095555246 ], [ 2334027.730298237875104, 6314523.110472236759961 ] ] ], [ [ [ 2336040.680124682374299, 6314737.74097708798945 ], [ 2336096.280324015766382, 6314702.894636112265289 ], [ 2336271.408779769670218, 6314759.496886393986642 ], [ 2336374.537504855543375, 6314700.638821491040289 ], [ 2336470.073696966283023, 6314741.052195421420038 ], [ 2336570.929092889651656, 6314692.939751952886581 ], [ 2336573.238183393143117, 6314645.776177885942161 ], [ 2336770.436789428349584, 6314573.063289426267147 ], [ 2336763.561421907506883, 6314515.540178130380809 ], [ 2336816.521138754207641, 6314487.771116605959833 ], [ 2336723.639150822069496, 6314448.203977977856994 ], [ 2336771.863562420010567, 6314432.736658876761794 ], [ 2336716.619150099344552, 6314335.077706633135676 ], [ 2336772.307174456305802, 6314267.485520111396909 ], [ 2336713.599088887684047, 6314240.264496484771371 ], [ 2336840.6027353242971, 6314225.396866075694561 ], [ 2336824.116007392294705, 6314171.527627850882709 ], [ 2336741.808908853679895, 6314146.729128376580775 ], [ 2336559.712215660139918, 6314206.403526498004794 ], [ 2336535.085423877462745, 6314336.757081217132509 ], [ 2336448.983850795775652, 6314390.899992493912578 ], [ 2335915.743015994783491, 6314515.035415184684098 ], [ 2335870.677028948906809, 6314487.541627138853073 ], [ 2335910.794690572656691, 6314861.280377886258066 ], [ 2335971.797831956297159, 6314606.627867246977985 ], [ 2336054.309918689075857, 6314653.369890644215047 ], [ 2336019.476533228997141, 6314669.832216796465218 ], [ 2336040.680124682374299, 6314737.74097708798945 ] ] ], [ [ [ 2334207.73247893480584, 6314549.383166020736098 ], [ 2334147.602904559578747, 6314482.97615513484925 ], [ 2334208.935743182431906, 6314584.590544672682881 ], [ 2334207.73247893480584, 6314549.383166020736098 ] ] ], [ [ [ 2337162.834451270289719, 6314497.490394663996994 ], [ 2337160.921384196262807, 6314553.361719656735659 ], [ 2337359.603396616410464, 6314805.11723321955651 ], [ 2337389.008004456292838, 6314768.692683652974665 ], [ 2337391.317559975665063, 6314591.061444448307157 ], [ 2337328.692448070738465, 6314533.575545142404735 ], [ 2337318.32819084636867, 6314409.44536601845175 ], [ 2337267.850168854463845, 6314318.746229665353894 ], [ 2337234.267658156342804, 6314313.536313003860414 ], [ 2337249.46928381267935, 6314494.852096736431122 ], [ 2337162.834451270289719, 6314497.490394663996994 ] ] ], [ [ [ 2329420.347103499807417, 6314634.628333709202707 ], [ 2329492.270976066123694, 6314668.269945854321122 ], [ 2329524.96142207365483, 6314593.546629612334073 ], [ 2329433.815325517673045, 6314621.017624796368182 ], [ 2329420.347103499807417, 6314634.628333709202707 ] ] ], [ [ [ 2329250.226328377146274, 6314792.192537327297032 ], [ 2329228.763631251174957, 6314773.027514795772731 ], [ 2329426.83003614936024, 6314491.159963039681315 ], [ 2329118.161253813654184, 6314625.490816572681069 ], [ 2329020.441706371959299, 6314759.4601029176265 ], [ 2329029.267252910416573, 6314806.467233337461948 ], [ 2329250.226328377146274, 6314792.192537327297032 ] ] ], [ [ [ 2329491.750924292486161, 6314709.068914726376534 ], [ 2329383.33344011195004, 6314698.435050552710891 ], [ 2329438.490483128931373, 6314783.054402756504714 ], [ 2329610.34240665147081, 6314702.358161090873182 ], [ 2329579.507432280108333, 6314708.271677776239812 ], [ 2329576.112030745949596, 6314614.017382007092237 ], [ 2329491.750924292486161, 6314709.068914726376534 ] ] ], [ [ [ 2336051.17615226842463, 6315071.731540225446224 ], [ 2336200.936474603135139, 6315125.861815750598907 ], [ 2336383.627025989349931, 6315278.247398380190134 ], [ 2336605.817314386367798, 6315248.510466487146914 ], [ 2336248.390295622870326, 6315081.893314988352358 ], [ 2336288.097401401493698, 6315100.170712386257946 ], [ 2336293.300811324734241, 6315091.413292008452117 ], [ 2336323.633335042744875, 6315115.167300742119551 ], [ 2336365.322116381954402, 6315129.259985275566578 ], [ 2336467.972072061151266, 6315122.735042877495289 ], [ 2336458.466248522512615, 6315156.306398365646601 ], [ 2336523.220185092650354, 6315174.948078638873994 ], [ 2336535.173776971176267, 6315030.179084397852421 ], [ 2336497.589837646111846, 6315018.135106516070664 ], [ 2336457.107216679025441, 6315005.225048814900219 ], [ 2336406.055239310953766, 6314988.91770729701966 ], [ 2336360.380046492442489, 6314966.136200826615095 ], [ 2336324.123499840497971, 6314848.704917442053556 ], [ 2336294.223399482667446, 6314849.992982984520495 ], [ 2336291.912042209412903, 6314911.200394231826067 ], [ 2336178.496726987417787, 6314957.343027759343386 ], [ 2336097.883498353883624, 6314930.584347032010555 ], [ 2336153.650748417712748, 6314984.165245461277664 ], [ 2336022.609191334340721, 6315065.84283993486315 ], [ 2336075.195612316019833, 6315064.451946112327278 ], [ 2336051.17615226842463, 6315071.731540225446224 ] ], [ [ 2336195.655588035471737, 6315027.944059239700437 ], [ 2336203.786258700303733, 6315009.807717743329704 ], [ 2336332.362572014331818, 6314965.42712938785553 ], [ 2336347.084644096903503, 6315000.894259290769696 ], [ 2336260.403509244788438, 6314991.286620167084038 ], [ 2336258.050447521265596, 6315009.034006685949862 ], [ 2336195.655588035471737, 6315027.944059239700437 ] ] ], [ [ [ 2336567.86414436576888, 6315206.013007804751396 ], [ 2336607.75065684877336, 6315250.540256265550852 ], [ 2336893.701318325474858, 6315239.142851187847555 ], [ 2336980.359742675442249, 6315199.073294679634273 ], [ 2336961.77023806469515, 6315160.265546599403024 ], [ 2336899.88304294180125, 6315195.552329483442008 ], [ 2336902.073642244562507, 6315149.038527902215719 ], [ 2336662.669213698711246, 6315199.590341387316585 ], [ 2336793.204782934859395, 6315168.090871029533446 ], [ 2336707.351262392476201, 6315118.396790789440274 ], [ 2336614.629595762584358, 6315138.183787290938199 ], [ 2336603.4853953900747, 6315064.762802263721824 ], [ 2336535.173776971176267, 6315030.179084397852421 ], [ 2336529.624316998757422, 6315199.878687189891934 ], [ 2336568.894743119832128, 6315201.922844332642853 ], [ 2336567.86414436576888, 6315206.013007804751396 ] ] ], [ [ [ 2334728.836076346691698, 6316995.444156222045422 ], [ 2334729.8909099441953, 6316909.736700884997845 ], [ 2334599.925333376973867, 6316876.683852149173617 ], [ 2334545.519524306524545, 6316947.559528406709433 ], [ 2334718.901812804397196, 6317035.819338170811534 ], [ 2334513.853789892047644, 6316940.408050710335374 ], [ 2334451.847270351368934, 6316976.141147574409842 ], [ 2334469.935659060254693, 6316984.464897043071687 ], [ 2334308.743090822827071, 6316998.891465147957206 ], [ 2334641.543701921124011, 6317108.677935001440346 ], [ 2334829.355063551105559, 6317229.846718008629978 ], [ 2334728.836076346691698, 6316995.444156222045422 ] ] ], [ [ [ 2336609.503557556774467, 6318165.627048071473837 ], [ 2336519.778675583656877, 6318024.014177455566823 ], [ 2336401.72134578647092, 6317931.009410926140845 ], [ 2336396.301144050899893, 6318169.623662663623691 ], [ 2336525.077461672015488, 6318288.173530377447605 ], [ 2336609.503557556774467, 6318165.627048071473837 ] ] ], [ [ [ 2336204.32147391885519, 6322103.182241696864367 ], [ 2336240.930728591047227, 6322192.400987419299781 ], [ 2336495.332339885178953, 6322200.238360009156168 ], [ 2336437.542800081893802, 6322179.366245581768453 ], [ 2336487.196954005863518, 6322196.076920342631638 ], [ 2336379.845634315628558, 6322050.082181125879288 ], [ 2336402.780513487290591, 6322046.403942175209522 ], [ 2336497.816115359775722, 6322202.045652401633561 ], [ 2336521.522398562170565, 6322213.409134394489229 ], [ 2336510.011322238016874, 6322213.042265767231584 ], [ 2336585.426500215195119, 6322289.057635338045657 ], [ 2336569.60718709230423, 6322214.941640987060964 ], [ 2336541.673233900684863, 6322084.064988994039595 ], [ 2336453.900489506777376, 6322020.246334951370955 ], [ 2336535.454686027485877, 6322054.929951696656644 ], [ 2336524.695071166846901, 6322004.517730595543981 ], [ 2336507.405701188370585, 6321883.878510193899274 ], [ 2336346.242633935529739, 6322053.911563661880791 ], [ 2336222.083634099457413, 6322075.383658831939101 ], [ 2336359.367654163390398, 6322053.366388713940978 ], [ 2336220.956523316912353, 6322106.476012987084687 ], [ 2336220.956986502744257, 6322106.476168868131936 ], [ 2336204.32147391885519, 6322103.182241696864367 ] ] ], [ [ [ 2336168.028476879466325, 6322090.019711579196155 ], [ 2336157.045566767454147, 6322093.820891378447413 ], [ 2336183.705114382319152, 6322099.099880988709629 ], [ 2336168.028476879466325, 6322090.019711579196155 ] ] ], [ [ [ 2335871.327503070700914, 6322383.819075324572623 ], [ 2335704.280013677664101, 6322398.326321924105287 ], [ 2335706.21533571742475, 6322377.427442347630858 ], [ 2335435.296030959114432, 6322441.155303072184324 ], [ 2335458.512772536836565, 6322525.584564629942179 ], [ 2335751.878646982833743, 6322530.857434688135982 ], [ 2335832.506896726321429, 6322653.488947290927172 ], [ 2335882.412813732400537, 6322562.306460323743522 ], [ 2336084.413743467070162, 6322513.124703529290855 ], [ 2336067.538637957535684, 6322456.974553565494716 ], [ 2336078.571855068672448, 6322469.904556383378804 ], [ 2336072.655608328059316, 6322426.133508341386914 ], [ 2336091.539345070254058, 6322373.160908403806388 ], [ 2336056.650120916776359, 6322420.744151071645319 ], [ 2336052.13197412667796, 6322405.710489818826318 ], [ 2336137.376191352959722, 6322331.663499713875353 ], [ 2336136.232916803564876, 6322237.307048914022744 ], [ 2336105.245670816395432, 6322239.858625991269946 ], [ 2336181.563945998437703, 6322214.776154972612858 ], [ 2336142.257899848278612, 6322098.938811825588346 ], [ 2336049.152165979146957, 6322131.161447241902351 ], [ 2335950.385749956127256, 6322346.69434457551688 ], [ 2336007.727670735213906, 6322198.375020186416805 ], [ 2335871.327503070700914, 6322383.819075324572623 ] ], [ [ 2335902.649314729962498, 6322450.867125231772661 ], [ 2335700.242358021903783, 6322441.927581855095923 ], [ 2335906.64967774739489, 6322442.137337655760348 ], [ 2335902.649314729962498, 6322450.867125231772661 ] ] ], [ [ [ 2334990.146472264546901, 6323392.3465924737975 ], [ 2334997.329388997051865, 6323348.100708212703466 ], [ 2334903.256611053366214, 6323367.573909047991037 ], [ 2334990.146472264546901, 6323392.3465924737975 ] ] ], [ [ [ 2332035.355059258174151, 6323465.065365050919354 ], [ 2332127.930159956682473, 6323438.566674944013357 ], [ 2332375.758600019849837, 6323628.718707136809826 ], [ 2332531.367310103960335, 6323595.938380687497556 ], [ 2332554.716342097613961, 6323578.036376492120326 ], [ 2332539.957135924138129, 6323594.416107329539955 ], [ 2332720.516025419812649, 6323566.349899761378765 ], [ 2332783.929658153094351, 6323559.011221169494092 ], [ 2332818.465953921433538, 6323555.014167053624988 ], [ 2332886.443035386968404, 6323547.146584656089544 ], [ 2332914.740614613052458, 6323543.871190009638667 ], [ 2332885.638495962601155, 6323425.663764405995607 ], [ 2332794.621863147243857, 6323436.887029701843858 ], [ 2332767.325677031651139, 6323448.399224728345871 ], [ 2332706.648048258852214, 6323475.880576623603702 ], [ 2332645.060662550386041, 6323515.491969142109156 ], [ 2332628.254707237705588, 6323521.653562779538333 ], [ 2332642.269443429540843, 6323510.908283652737737 ], [ 2332714.343747580889612, 6323464.13351374398917 ], [ 2333061.389551585074514, 6323331.84001998975873 ], [ 2333126.954173012636602, 6323372.529197858646512 ], [ 2333188.932464942336082, 6323428.101538984104991 ], [ 2333291.057691950351, 6323470.030557266436517 ], [ 2333309.93177588051185, 6323460.011949222534895 ], [ 2333039.700561537873, 6323266.020387635566294 ], [ 2332608.086893792264163, 6323360.820469170808792 ], [ 2332130.265742213930935, 6323377.211592915467918 ], [ 2332035.355059258174151, 6323465.065365050919354 ] ] ], [ [ [ 2333157.537364567164332, 6323407.155817445367575 ], [ 2333113.111285764258355, 6323369.868694641627371 ], [ 2333110.346292844507843, 6323460.10662342980504 ], [ 2333157.537364567164332, 6323407.155817445367575 ] ] ], [ [ [ 2333081.920676162000746, 6323424.417060530744493 ], [ 2333088.635380886495113, 6323484.406919273547828 ], [ 2333113.282659441232681, 6323369.040639291517437 ], [ 2333080.71102847578004, 6323346.819292281754315 ], [ 2333081.920676162000746, 6323424.417060530744493 ] ] ], [ [ [ 2333069.330428629182279, 6323506.013858411461115 ], [ 2333088.635380886495113, 6323484.406919273547828 ], [ 2333060.770874215755612, 6323337.478096212260425 ], [ 2333025.189049218315631, 6323356.636943587101996 ], [ 2332903.416493031661958, 6323424.104582509957254 ], [ 2332914.740614613052458, 6323543.871190009638667 ], [ 2333069.330428629182279, 6323506.013858411461115 ] ] ], [ [ [ 2334976.179446464404464, 6323712.766296948306262 ], [ 2334955.621314286254346, 6323675.08275918290019 ], [ 2334990.146472264546901, 6323392.3465924737975 ], [ 2334886.341245132964104, 6323371.118712258525193 ], [ 2334833.164876822847873, 6323382.690599395893514 ], [ 2334867.081625479739159, 6323614.981032092124224 ], [ 2334954.670770737808198, 6323673.340390596538782 ], [ 2334878.028592273127288, 6323639.631633277051151 ], [ 2334910.217304002027959, 6323727.815748174674809 ], [ 2334976.179446464404464, 6323712.766296948306262 ] ] ], [ [ [ 2334910.217304002027959, 6323727.815748174674809 ], [ 2334962.301918167155236, 6324111.172279797494411 ], [ 2335041.646883971989155, 6324085.977422622963786 ], [ 2335057.733733160886914, 6324003.679255452007055 ], [ 2334999.658397465012968, 6323937.460593905299902 ], [ 2334976.313405265565962, 6323732.484239009208977 ], [ 2334910.217304002027959, 6323727.815748174674809 ] ] ], [ [ [ 2332816.337930492125452, 6325573.037983021698892 ], [ 2332792.493241702206433, 6325575.757724687457085 ], [ 2332159.991769555956125, 6325868.70534594822675 ], [ 2332111.883620250038803, 6325891.383376131765544 ], [ 2332141.897543149534613, 6325927.694038091227412 ], [ 2332064.250108662061393, 6325916.847630145028234 ], [ 2332208.46106242807582, 6326008.222180160693824 ], [ 2332328.819719751831144, 6326024.687536207027733 ], [ 2332420.528734929859638, 6325978.164103088900447 ], [ 2332384.738084247335792, 6326019.776450904086232 ], [ 2332504.337809138465673, 6326026.329995963722467 ], [ 2332791.448972720652819, 6325929.973934529349208 ], [ 2333170.672966791316867, 6325968.825940169394016 ], [ 2333413.416901617310941, 6325727.252715216949582 ], [ 2333594.426761320792139, 6325576.795146773569286 ], [ 2333358.379214158281684, 6325511.212379977107048 ], [ 2332840.10463431943208, 6325570.327136374078691 ], [ 2333196.076051337644458, 6325478.596096056513488 ], [ 2333323.336891655344516, 6325370.956536431796849 ], [ 2333752.855009801220149, 6325175.607878820970654 ], [ 2333823.659339730162174, 6325290.598855537362397 ], [ 2334266.98637550836429, 6325320.279512274079025 ], [ 2334404.129919547121972, 6325126.385008647106588 ], [ 2334332.550262385979295, 6324928.590320334769785 ], [ 2334182.905478548724204, 6324777.169795380905271 ], [ 2334113.400832133367658, 6324774.11379521433264 ], [ 2334018.106377618387341, 6324908.700230143032968 ], [ 2333882.809585105627775, 6324971.249261911958456 ], [ 2333628.735818332061172, 6324941.676941643469036 ], [ 2333509.646537805907428, 6324980.223328529857099 ], [ 2333132.922174697741866, 6325241.781605740077794 ], [ 2332816.337930492125452, 6325573.037983021698892 ] ], [ [ 2332451.650134830269963, 6325962.376403657719493 ], [ 2332606.074449498206377, 6325972.853697801008821 ], [ 2332438.005978935863823, 6325969.298002073541284 ], [ 2332451.650134830269963, 6325962.376403657719493 ] ] ], [ [ [ 2332017.126808971166611, 6326077.412546943873167 ], [ 2332184.40501845581457, 6326016.921785556711257 ], [ 2332064.250108662061393, 6325916.847630145028234 ], [ 2331975.21765158791095, 6326026.683065620251 ], [ 2331948.881521565839648, 6326072.424126571044326 ], [ 2331929.148990865796804, 6326109.260039996355772 ], [ 2332017.126808971166611, 6326077.412546943873167 ] ] ], [ [ [ 2333518.802976717241108, 6326941.979709709994495 ], [ 2333294.15850164135918, 6326788.549937153235078 ], [ 2333329.272847387939692, 6326866.92444983497262 ], [ 2333453.486430732998997, 6326908.81967038102448 ], [ 2333555.918221093248576, 6327011.099184311926365 ], [ 2333518.802976717241108, 6326941.979709709994495 ] ] ], [ [ [ 2333286.302934414707124, 6326664.036443769000471 ], [ 2333274.756001895759255, 6326713.712095002643764 ], [ 2333559.715835882816464, 6326938.589919988997281 ], [ 2333734.354117570444942, 6327274.885563529096544 ], [ 2333739.248944259248674, 6326744.920309569686651 ], [ 2333817.763607590924948, 6326667.064690716564655 ], [ 2333527.355978569481522, 6326630.912428811192513 ], [ 2333286.302934414707124, 6326664.036443769000471 ] ] ], [ [ [ 2341500.636497972533107, 6306171.601030725985765 ], [ 2341340.529021617490798, 6306226.660767777822912 ], [ 2340813.47469174163416, 6306549.716666096821427 ], [ 2340988.30187834892422, 6306676.580793457105756 ], [ 2341113.844287937972695, 6306601.285243700258434 ], [ 2341310.947273791767657, 6306379.065911365672946 ], [ 2341526.674763205926865, 6306349.193882836028934 ], [ 2341551.996279616374522, 6306270.306007861159742 ], [ 2341500.636497972533107, 6306171.601030725985765 ] ] ], [ [ [ 2341819.314526963979006, 6307177.091557153500617 ], [ 2341680.801230808719993, 6307127.791085005737841 ], [ 2341657.109773074276745, 6307170.840848266147077 ], [ 2341685.1837537442334, 6307236.701588677242398 ], [ 2341648.141721247229725, 6307308.535354320891201 ], [ 2341673.333115908782929, 6307380.790884177200496 ], [ 2341841.195321195758879, 6307396.794579228386283 ], [ 2341868.162059401161969, 6307373.414275076240301 ], [ 2341851.444339307025075, 6307291.813775666989386 ], [ 2342085.221920067444444, 6307336.213497028686106 ], [ 2342072.112612362485379, 6307393.590554710477591 ], [ 2342211.115398549474776, 6307409.87797456048429 ], [ 2342218.321975032333285, 6307496.818649967201054 ], [ 2342613.159307246096432, 6307635.497447126545012 ], [ 2343223.026557935867459, 6307670.228669131174684 ], [ 2343094.814497977960855, 6307573.244880965910852 ], [ 2343167.903550972230732, 6307558.417185008525848 ], [ 2343134.773316295351833, 6307492.490424833260477 ], [ 2342993.141274745110422, 6307507.172346134670079 ], [ 2343070.25419187778607, 6307428.674034805037081 ], [ 2343059.708963856566697, 6307395.043019238859415 ], [ 2342898.461068151984364, 6307432.029800916090608 ], [ 2342908.603813424706459, 6307534.619234492070973 ], [ 2342615.174443726427853, 6307454.404271973297 ], [ 2342331.214801544789225, 6307448.549968056380749 ], [ 2342285.158050301484764, 6307468.242084413766861 ], [ 2342255.525936018675566, 6307372.916843992657959 ], [ 2342317.59514766652137, 6307268.468877258710563 ], [ 2342288.329758186358958, 6307129.049039370380342 ], [ 2342159.23460257332772, 6307118.774739853106439 ], [ 2342171.840896893292665, 6307168.835609556175768 ], [ 2342063.619458780158311, 6307192.300371030345559 ], [ 2342028.605274124536663, 6307156.757281726226211 ], [ 2342041.603548153303564, 6307076.223818372935057 ], [ 2341943.618069133721292, 6307063.718655434437096 ], [ 2341855.4653872824274, 6307088.213903218507767 ], [ 2341819.314526963979006, 6307177.091557153500617 ] ] ], [ [ [ 2340273.430935223586857, 6307502.338301581330597 ], [ 2340179.669346744660288, 6307385.065831911750138 ], [ 2340373.790165892336518, 6307435.271826918236911 ], [ 2340348.364584341645241, 6307383.432521677576005 ], [ 2340467.174881796818227, 6307143.121342800557613 ], [ 2340019.796702632214874, 6307384.053625002503395 ], [ 2339654.777421847451478, 6307438.300521588884294 ], [ 2339958.068079121876508, 6307587.154201941564679 ], [ 2340152.565888425800949, 6307617.128956062719226 ], [ 2340271.721225363668054, 6307585.754735630936921 ], [ 2340273.430935223586857, 6307502.338301581330597 ] ], [ [ 2339920.554409976117313, 6307544.263182513415813 ], [ 2339899.464793193154037, 6307508.582664754241705 ], [ 2340007.007455700542778, 6307455.338356809690595 ], [ 2339988.397478234488517, 6307565.638426853343844 ], [ 2339955.35889813490212, 6307545.479157444089651 ], [ 2339996.538739370647818, 6307481.714414067566395 ], [ 2339920.554409976117313, 6307544.263182513415813 ] ] ], [ [ [ 2338657.7365029794164, 6307487.628296704031527 ], [ 2338734.154626917093992, 6307605.527623555622995 ], [ 2338529.163033498451114, 6307554.400987260974944 ], [ 2338232.13522885274142, 6307793.612877691164613 ], [ 2338243.117154312320054, 6307911.192903605289757 ], [ 2338367.488333265297115, 6308068.996523424983025 ], [ 2338936.66632744949311, 6307583.117186107672751 ], [ 2338990.385849717538804, 6307426.682282963767648 ], [ 2338905.062256676144898, 6307374.382457002997398 ], [ 2338657.7365029794164, 6307487.628296704031527 ] ], [ [ 2338552.806163826957345, 6307851.366788110695779 ], [ 2338515.808347018435597, 6307898.766357009299099 ], [ 2338531.861557274125516, 6307811.978636077605188 ], [ 2338561.458405781537294, 6307793.919437653385103 ], [ 2338552.806163826957345, 6307851.366788110695779 ] ] ], [ [ [ 2339413.060807017609477, 6307839.204504643566906 ], [ 2339371.409580158535391, 6307753.89344890229404 ], [ 2339284.587782147806138, 6307723.926753501407802 ], [ 2338885.330483603291214, 6307908.239215223118663 ], [ 2338901.18922477029264, 6308038.391499551944435 ], [ 2338991.69071566965431, 6308051.890039487741888 ], [ 2338962.88770807441324, 6308140.17957993876189 ], [ 2339398.596529309637845, 6308002.227741910144687 ], [ 2339413.060807017609477, 6307839.204504643566906 ] ] ], [ [ [ 2338519.549741790629923, 6308473.831902376376092 ], [ 2338827.65160393435508, 6308426.107387347146869 ], [ 2338782.528212515637279, 6308290.66760781686753 ], [ 2338796.422266385052353, 6308285.299286321736872 ], [ 2338777.980027524288744, 6308198.604036593809724 ], [ 2338854.139524094760418, 6308139.586687915958464 ], [ 2338395.370419674087316, 6308198.46060717664659 ], [ 2338013.885673698037863, 6308327.187833558768034 ], [ 2338160.397921183612198, 6308409.094459759071469 ], [ 2338199.337757329922169, 6308374.629200455732644 ], [ 2338516.318148632068187, 6308415.25368912704289 ], [ 2338519.549741790629923, 6308473.831902376376092 ] ] ], [ [ [ 2337739.776556789409369, 6308518.303466840647161 ], [ 2338162.581891514826566, 6308474.831543469801545 ], [ 2337770.81740729091689, 6308518.110631726682186 ], [ 2338133.636656181421131, 6308501.746006614528596 ], [ 2338189.000685287639499, 6308575.65693789627403 ], [ 2338212.591765490826219, 6308502.774333716370165 ], [ 2338186.915470355190337, 6308429.077474195510149 ], [ 2338188.661411130800843, 6308425.794607515446842 ], [ 2338028.876594270579517, 6308356.470231409184635 ], [ 2337732.847034581936896, 6308460.573004345409572 ], [ 2337739.776556789409369, 6308518.303466840647161 ] ] ], [ [ [ 2339674.201026670169085, 6309006.808185173198581 ], [ 2339404.144192862324417, 6309137.081715106032789 ], [ 2339275.718587817624211, 6309291.763848947361112 ], [ 2339117.100477387197316, 6309358.675800474360585 ], [ 2339151.510204534977674, 6309550.898572604171932 ], [ 2339351.274480967782438, 6309595.896926434710622 ], [ 2339620.177544250153005, 6309091.107180747203529 ], [ 2339674.201026670169085, 6309006.808185173198581 ] ] ], [ [ [ 2339688.912651284132153, 6309309.527989757247269 ], [ 2339640.734280686359853, 6309185.132837014272809 ], [ 2339674.201026670169085, 6309006.808185173198581 ], [ 2339364.708389315288514, 6309573.178609284572303 ], [ 2339736.25718100881204, 6309781.05594736058265 ], [ 2339752.190308926161379, 6309670.122812885791063 ], [ 2339643.017385972198099, 6309446.451578770764172 ], [ 2339688.912651284132153, 6309309.527989757247269 ] ] ], [ [ [ 2340686.393694845028222, 6310074.597990275360644 ], [ 2340715.874052672181278, 6310185.508155943825841 ], [ 2341135.860563525464386, 6310323.017194101586938 ], [ 2341024.587704297155142, 6310087.987552746199071 ], [ 2341084.526159488130361, 6309982.911901297047734 ], [ 2341086.117137727793306, 6309991.509163742884994 ], [ 2341281.148764066398144, 6309996.832618622109294 ], [ 2341262.506130701862276, 6309721.049408321268857 ], [ 2341187.540575266350061, 6309464.038989725522697 ], [ 2341133.06946312263608, 6309747.371096706017852 ], [ 2341138.358720123767853, 6309660.594527283683419 ], [ 2341010.235603026580065, 6309713.780333390459418 ], [ 2340698.72465230897069, 6309678.09168743621558 ], [ 2340795.054141661617905, 6309949.090727909468114 ], [ 2340686.393694845028222, 6310074.597990275360644 ] ] ], [ [ [ 2341256.62271811068058, 6310489.693061508238316 ], [ 2341253.895812431816012, 6310143.875611800700426 ], [ 2341072.459213032852858, 6310009.025573911145329 ], [ 2341024.587704297155142, 6310087.987552746199071 ], [ 2341256.62271811068058, 6310489.693061508238316 ] ] ], [ [ [ 2341075.792111148126423, 6311019.768565287813544 ], [ 2340968.360856777057052, 6311066.320995600894094 ], [ 2340879.990608266554773, 6311255.857962829992175 ], [ 2341051.031157161109149, 6311438.034324373118579 ], [ 2341101.240897922776639, 6311407.747205210849643 ], [ 2341026.118025792762637, 6311306.305358853191137 ], [ 2341059.942815552465618, 6311241.645859132520854 ], [ 2341097.852573015261441, 6311250.420167936012149 ], [ 2341097.561112640425563, 6311314.113760841079056 ], [ 2341141.360100111924112, 6311307.971669883467257 ], [ 2341121.894248600117862, 6311345.366847591474652 ], [ 2341320.809227265883237, 6311437.313867358490825 ], [ 2341258.023710331879556, 6311410.282086378894746 ], [ 2341224.059975927229971, 6311479.818036946468055 ], [ 2341317.350956451147795, 6311571.513029022142291 ], [ 2341346.90266973618418, 6311635.598519675433636 ], [ 2341304.843238722532988, 6311724.456603066064417 ], [ 2341630.330747356172651, 6311614.616194494068623 ], [ 2341614.258127957116812, 6311483.561346333473921 ], [ 2341605.032593339215964, 6311491.681498255580664 ], [ 2341534.015253189019859, 6311267.35679077450186 ], [ 2341410.307184102013707, 6311151.217378310859203 ], [ 2341345.519284126348794, 6311187.66263869125396 ], [ 2341319.976681269705296, 6311129.709500492550433 ], [ 2341388.05056806653738, 6311116.235398597083986 ], [ 2341239.40626646252349, 6311032.997924417257309 ], [ 2341169.442420118488371, 6310862.922292547300458 ], [ 2341050.548329497687519, 6310909.509722202084959 ], [ 2341075.792111148126423, 6311019.768565287813544 ] ], [ [ 2341493.688642560038716, 6311565.16172428522259 ], [ 2341530.22900797938928, 6311557.522287173196673 ], [ 2341522.738368053920567, 6311564.115415561944246 ], [ 2341493.688642560038716, 6311565.16172428522259 ] ], [ [ 2341591.121216806117445, 6311503.926045110449195 ], [ 2341594.391353633720428, 6311491.261198597960174 ], [ 2341600.0055947820656, 6311496.10617321357131 ], [ 2341591.121216806117445, 6311503.926045110449195 ] ], [ [ 2341351.054564476944506, 6311548.1521514961496 ], [ 2341347.124159010127187, 6311449.477755495347083 ], [ 2341362.797188410069793, 6311456.722500731237233 ], [ 2341351.054564476944506, 6311548.1521514961496 ] ], [ [ 2341564.216224829200655, 6311526.419554572552443 ], [ 2341550.512066022027284, 6311531.7598991766572 ], [ 2341553.892420550342649, 6311494.435402206145227 ], [ 2341564.216224829200655, 6311526.419554572552443 ] ], [ [ 2341522.315781541634351, 6311456.629211395978928 ], [ 2341541.685729657299817, 6311456.61788350250572 ], [ 2341548.367246980313212, 6311477.317875707522035 ], [ 2341522.315781541634351, 6311456.629211395978928 ] ], [ [ 2341570.233898181468248, 6311470.413811509497464 ], [ 2341542.877120015677065, 6311456.617186756804585 ], [ 2341554.238998494576663, 6311456.610542125999928 ], [ 2341570.233898181468248, 6311470.413811509497464 ] ], [ [ 2341435.281233898829669, 6311415.066439258866012 ], [ 2341401.257004247512668, 6311377.624937037006021 ], [ 2341461.824623466469347, 6311385.577648337930441 ], [ 2341435.281233898829669, 6311415.066439258866012 ] ], [ [ 2341279.231548621784896, 6311197.027721198275685 ], [ 2341269.841314895544201, 6311279.208307670429349 ], [ 2341217.929247808642685, 6311255.821228118613362 ], [ 2341203.620704668108374, 6311208.622631418518722 ], [ 2341242.895120316185057, 6311239.14395906124264 ], [ 2341279.231548621784896, 6311197.027721198275685 ] ] ], [ [ [ 2338020.546058570966125, 6311723.311962801031768 ], [ 2338183.206919580698013, 6311657.882373884320259 ], [ 2338119.890798223204911, 6311577.989432946778834 ], [ 2338074.454807491973042, 6311609.473060407675803 ], [ 2338111.232365783769637, 6311559.842718565836549 ], [ 2338096.144220660906285, 6311539.92728426028043 ], [ 2338090.803255445789546, 6311541.278852669522166 ], [ 2338099.73036581184715, 6311535.736373192630708 ], [ 2338040.91468018013984, 6311461.259513550437987 ], [ 2337967.589113725349307, 6311337.955479972995818 ], [ 2337901.288365191780031, 6311407.083838428370655 ], [ 2337951.404129567556083, 6311486.14584719389677 ], [ 2337984.246233452577144, 6311624.31740603223443 ], [ 2337995.772259933874011, 6311663.993980390019715 ], [ 2338020.546058570966125, 6311723.311962801031768 ] ], [ [ 2338024.204987649340183, 6311582.627006476745009 ], [ 2338061.092847768217325, 6311559.724835530854762 ], [ 2338111.232365783769637, 6311559.842718565836549 ], [ 2338024.204987649340183, 6311582.627006476745009 ] ], [ [ 2338015.813969064503908, 6311641.714440200477839 ], [ 2338022.559966823086143, 6311645.432171334512532 ], [ 2337995.772259933874011, 6311663.993980390019715 ], [ 2338015.813969064503908, 6311641.714440200477839 ] ] ], [ [ [ 2341258.023710331879556, 6311410.282086378894746 ], [ 2341121.894248600117862, 6311345.366847591474652 ], [ 2341090.969509202521294, 6311383.148263184353709 ], [ 2341177.518641675356776, 6311565.705587985925376 ], [ 2341258.023710331879556, 6311410.282086378894746 ] ] ], [ [ [ 2342146.398158544674516, 6311637.486262837424874 ], [ 2342236.012913086917251, 6311792.757201557047665 ], [ 2342211.22768957586959, 6311832.675132402218878 ], [ 2342233.709001893177629, 6311853.258118625730276 ], [ 2342170.949202517513186, 6311889.758972100913525 ], [ 2342150.287727966438979, 6312010.595085904933512 ], [ 2342380.892745541408658, 6311882.025540888309479 ], [ 2342296.570596903096884, 6311911.631245961412787 ], [ 2342293.704256793484092, 6311847.85942751634866 ], [ 2342376.997771340887994, 6311838.955073656514287 ], [ 2342394.673870985861868, 6311893.836940192617476 ], [ 2342490.67547215661034, 6311844.239843459799886 ], [ 2342553.325148765463382, 6311799.58528511133045 ], [ 2342550.531257247086614, 6311788.540438081137836 ], [ 2342787.855097273364663, 6311719.582671195268631 ], [ 2342721.854414085391909, 6311670.420218968763947 ], [ 2342610.117362392134964, 6311694.4291579304263 ], [ 2342619.382990397512913, 6311733.001526168547571 ], [ 2342559.774387229699641, 6311666.990155381150544 ], [ 2342501.80774467298761, 6311677.523900749161839 ], [ 2342488.118307477328926, 6311572.039096913300455 ], [ 2342654.371549763251096, 6311476.432822901755571 ], [ 2342662.740080315154046, 6311338.265929981134832 ], [ 2342528.361518718767911, 6311372.671531906351447 ], [ 2342454.534778821282089, 6311406.846151844598353 ], [ 2342460.433423488866538, 6311489.620972810313106 ], [ 2342421.577885684091598, 6311431.703415086492896 ], [ 2342242.983753611333668, 6311499.773595641367137 ], [ 2342212.708378152456135, 6311537.231851357966661 ], [ 2342146.398158544674516, 6311637.486262837424874 ] ], [ [ 2342549.018918566871434, 6311782.561841823160648 ], [ 2342539.109507066197693, 6311743.387831858359277 ], [ 2342439.653633527923375, 6311753.786993813700974 ], [ 2342470.501187340822071, 6311706.712934780865908 ], [ 2342619.382990397512913, 6311733.001526168547571 ], [ 2342549.018918566871434, 6311782.561841823160648 ] ], [ [ 2342290.103717506397516, 6311555.277262600138783 ], [ 2342319.247936663217843, 6311550.595747192390263 ], [ 2342296.160274240653962, 6311578.430420076474547 ], [ 2342242.983753611333668, 6311499.773595641367137 ], [ 2342290.103717506397516, 6311555.277262600138783 ] ], [ [ 2342282.378703803289682, 6311595.045593060553074 ], [ 2342245.435678413603455, 6311593.993581056594849 ], [ 2342293.479808683041483, 6311581.662011071108282 ], [ 2342282.378703803289682, 6311595.045593060553074 ] ], [ [ 2342482.742057603318244, 6311522.873931773006916 ], [ 2342472.81119264755398, 6311508.071114032529294 ], [ 2342503.205295235384256, 6311491.91706614010036 ], [ 2342482.742057603318244, 6311522.873931773006916 ] ], [ [ 2342454.063736297190189, 6311528.939917615614831 ], [ 2342471.159456303343177, 6311567.239205717109144 ], [ 2342427.192677005659789, 6311533.256289154291153 ], [ 2342454.063736297190189, 6311528.939917615614831 ] ], [ [ 2342214.107003452256322, 6311675.795724841766059 ], [ 2342213.832774388603866, 6311658.554685673676431 ], [ 2342265.21929998183623, 6311664.474260131828487 ], [ 2342214.107003452256322, 6311675.795724841766059 ] ], [ [ 2342487.864504466298968, 6311707.103511499240994 ], [ 2342433.7942915558815, 6311683.89359628688544 ], [ 2342492.350513221230358, 6311690.639098344370723 ], [ 2342487.864504466298968, 6311707.103511499240994 ] ], [ [ 2342497.111976906191558, 6311673.163718867115676 ], [ 2342493.867615804541856, 6311685.071074496023357 ], [ 2342345.179878718219697, 6311606.202323021367192 ], [ 2342497.111976906191558, 6311673.163718867115676 ] ], [ [ 2342366.101960766594857, 6311750.632600942626595 ], [ 2342357.298236654605716, 6311739.426499711349607 ], [ 2342377.751959470566362, 6311712.598866140469909 ], [ 2342413.487785073928535, 6311741.883635096251965 ], [ 2342366.101960766594857, 6311750.632600942626595 ] ] ], [ [ [ 2338081.203889331780374, 6311982.771165853366256 ], [ 2338106.092223814688623, 6312041.177518813870847 ], [ 2338208.71225669933483, 6312013.840898980386555 ], [ 2338187.091318992897868, 6312053.598742505535483 ], [ 2338220.081896642688662, 6312111.933993162587285 ], [ 2338182.109130198135972, 6312118.460625459440053 ], [ 2338195.246479892171919, 6312177.696449886076152 ], [ 2338255.52779834298417, 6312121.609485812485218 ], [ 2338237.431402095593512, 6312095.02868580352515 ], [ 2338439.283873324748129, 6312240.697053709998727 ], [ 2338374.164113241247833, 6312094.924651664681733 ], [ 2338313.779849465936422, 6311967.687405038625002 ], [ 2338276.514234811998904, 6311889.162660084664822 ], [ 2338193.648841833230108, 6311671.029311843216419 ], [ 2338020.546058570966125, 6311723.311962801031768 ], [ 2338059.988544154912233, 6311783.593077464960515 ], [ 2338030.261938398238271, 6311766.237155642360449 ], [ 2338047.850152054335922, 6311839.794314234517515 ], [ 2338054.558671082369983, 6311876.433547818101943 ], [ 2338070.116418274585158, 6311926.432988166809082 ], [ 2338081.203889331780374, 6311982.771165853366256 ] ], [ [ 2338080.609975832048804, 6311815.109420034103096 ], [ 2338112.81501209596172, 6311864.329327325336635 ], [ 2338047.850152054335922, 6311839.794314234517515 ], [ 2338080.609975832048804, 6311815.109420034103096 ] ] ], [ [ [ 2341277.913458272349089, 6311843.882087191566825 ], [ 2341332.099830977618694, 6311812.675617295317352 ], [ 2341288.922759073786438, 6311762.375161678530276 ], [ 2341260.209885124117136, 6311816.411536976695061 ], [ 2341277.913458272349089, 6311843.882087191566825 ] ] ], [ [ [ 2341446.293774726334959, 6311868.062085299752653 ], [ 2341522.019046774599701, 6311948.278029152192175 ], [ 2341581.267206578049809, 6312017.41327259875834 ], [ 2341619.632872627582401, 6311975.635473736561835 ], [ 2341688.05936801340431, 6311990.131861512549222 ], [ 2341676.741651464719325, 6311972.049359317868948 ], [ 2341691.778618643525988, 6311977.835137979127467 ], [ 2341718.549777960870415, 6311965.156983755528927 ], [ 2341714.126157140359282, 6311952.047754712402821 ], [ 2341815.02564291190356, 6311890.093196290545166 ], [ 2341790.69795992039144, 6311925.393426375463605 ], [ 2341942.501197582110763, 6311769.068204916082323 ], [ 2341824.081427748315036, 6311726.976050215773284 ], [ 2341713.293166831601411, 6311711.508843058720231 ], [ 2341653.768346259370446, 6311651.012314651161432 ], [ 2341319.991437905933708, 6311741.949771987274289 ], [ 2341332.099830977618694, 6311812.675617295317352 ], [ 2341288.16806408111006, 6311844.749419704079628 ], [ 2341446.293774726334959, 6311868.062085299752653 ] ], [ [ 2341572.518836540635675, 6311909.066383826546371 ], [ 2341567.278427239041775, 6311904.182558174245059 ], [ 2341573.321694543585181, 6311898.294702103361487 ], [ 2341572.518836540635675, 6311909.066383826546371 ] ], [ [ 2341696.399519908707589, 6311887.393600065261126 ], [ 2341696.461331499740481, 6311899.698727815411985 ], [ 2341693.7609902638942, 6311891.696371105499566 ], [ 2341696.399519908707589, 6311887.393600065261126 ] ] ], [ [ [ 2341725.559404984116554, 6312043.852364183403552 ], [ 2341572.009225887712091, 6312066.875928125344217 ], [ 2341760.165933368727565, 6312050.52637951914221 ], [ 2341871.785301053896546, 6312086.83930279314518 ], [ 2341760.341822450049222, 6311990.787294798530638 ], [ 2341725.559404984116554, 6312043.852364183403552 ] ] ], [ [ [ 2338949.812012947164476, 6312188.584366457536817 ], [ 2339098.383849337697029, 6312023.290332430042326 ], [ 2339180.101224563550204, 6312008.586951775476336 ], [ 2338992.954319002106786, 6311850.277551063336432 ], [ 2338866.179811615031213, 6311620.397012190893292 ], [ 2338848.259333201218396, 6312018.277370589785278 ], [ 2338663.919791587162763, 6312513.786930543370545 ], [ 2338800.66870669927448, 6312518.723303515464067 ], [ 2338984.749932468403131, 6312220.900745644234121 ], [ 2338949.812012947164476, 6312188.584366457536817 ] ] ], [ [ [ 2338147.067603919189423, 6312050.64562372956425 ], [ 2338106.092223814688623, 6312041.177518813870847 ], [ 2338220.081896642688662, 6312111.933993162587285 ], [ 2338147.067603919189423, 6312050.64562372956425 ] ] ], [ [ [ 2339273.944698350038379, 6312361.854858458973467 ], [ 2339080.867032938636839, 6312117.358946674503386 ], [ 2339062.138564911670983, 6312139.223282842896879 ], [ 2339273.944698350038379, 6312361.854858458973467 ] ] ], [ [ [ 2337308.669516683556139, 6312491.309343392029405 ], [ 2337748.747167156543583, 6312474.737703233025968 ], [ 2337488.208517094608396, 6312095.48920573759824 ], [ 2337435.551747323479503, 6312124.073070759885013 ], [ 2337461.479939416982234, 6312230.704273554496467 ], [ 2337475.963932210579515, 6312290.270094160921872 ], [ 2337493.740701185539365, 6312373.22532957047224 ], [ 2337308.669516683556139, 6312491.309343392029405 ] ], [ [ 2337514.722595039755106, 6312276.914886808954179 ], [ 2337570.489497508853674, 6312258.059347649104893 ], [ 2337475.963932210579515, 6312290.270094160921872 ], [ 2337514.722595039755106, 6312276.914886808954179 ] ] ], [ [ [ 2338392.700682129710913, 6312368.996049422770739 ], [ 2338438.095926205161959, 6312249.14183946326375 ], [ 2338262.203013996127993, 6312154.399464208632708 ], [ 2338195.246479892171919, 6312177.696449886076152 ], [ 2338302.975718661677092, 6312359.841178162023425 ], [ 2338392.700682129710913, 6312368.996049422770739 ] ] ], [ [ [ 2339209.371794881764799, 6312537.531765384599566 ], [ 2339357.008717191405594, 6312338.510557815432549 ], [ 2339578.436073987279087, 6312461.657549335621297 ], [ 2339844.218412558548152, 6312352.199188915081322 ], [ 2339761.870829405263066, 6312301.951726345345378 ], [ 2339634.320931938942522, 6312114.688121850602329 ], [ 2339500.638449833728373, 6312138.543644396588206 ], [ 2339354.283589843194932, 6312246.493246815167367 ], [ 2339333.589342165272683, 6312202.035321259871125 ], [ 2339264.412896109744906, 6312403.084069586358964 ], [ 2339139.5674565625377, 6312507.611529999412596 ], [ 2339209.371794881764799, 6312537.531765384599566 ] ] ], [ [ [ 2341622.434300599619746, 6312475.194107104092836 ], [ 2341557.350081489887089, 6312386.505567420274019 ], [ 2341355.374835210386664, 6312605.341541367582977 ], [ 2341206.270308456849307, 6312646.143869291059673 ], [ 2341082.587401913478971, 6312678.685134909115732 ], [ 2341023.297487697098404, 6312758.115443976595998 ], [ 2341146.532120110467076, 6312784.976213323883712 ], [ 2341387.682401828467846, 6312848.12002716679126 ], [ 2341431.378767638932914, 6313039.606097892858088 ], [ 2341507.302647275384516, 6313059.443676951341331 ], [ 2341501.482182300649583, 6312844.019040196202695 ], [ 2341408.122811364009976, 6312773.830274399369955 ], [ 2341607.542667443864048, 6312569.743422565050423 ], [ 2341622.434300599619746, 6312475.194107104092836 ] ] ], [ [ [ 2338272.751069669611752, 6313693.42180005274713 ], [ 2338270.418675858061761, 6313838.486304731108248 ], [ 2338208.89420541189611, 6313900.013913441449404 ], [ 2338427.546765059698373, 6313790.035468152724206 ], [ 2338632.180300547275692, 6313881.131413949653506 ], [ 2338794.024700209498405, 6313887.769988288171589 ], [ 2338986.00474894233048, 6313846.651364900171757 ], [ 2339030.613870733883232, 6313780.250210274942219 ], [ 2339101.874144944362342, 6313800.619800017215312 ], [ 2339100.127631553448737, 6313432.762770903296769 ], [ 2339051.071150282397866, 6313234.021124173887074 ], [ 2338651.577724275179207, 6313449.910003031603992 ], [ 2338266.341137484647334, 6313532.482965193688869 ], [ 2338229.467117260210216, 6313637.69266851246357 ], [ 2338272.751069669611752, 6313693.42180005274713 ] ], [ [ 2338636.191901350393891, 6313745.68234854657203 ], [ 2338736.818023888394237, 6313729.828318173997104 ], [ 2338731.322000876069069, 6313782.196495273150504 ], [ 2338636.191901350393891, 6313745.68234854657203 ] ] ], [ [ [ 2341229.670651571825147, 6316615.338707025162876 ], [ 2341240.836249266285449, 6316515.690819771029055 ], [ 2341093.084006792865694, 6316428.190303060226142 ], [ 2341017.344661272130907, 6316316.608955025672913 ], [ 2340977.178519927896559, 6316420.663084850646555 ], [ 2340982.278753573540598, 6316565.538208170793951 ], [ 2341229.670651571825147, 6316615.338707025162876 ] ] ], [ [ [ 2341264.253337086178362, 6316452.290877394378185 ], [ 2341127.828431565314531, 6316445.271103822626173 ], [ 2341244.541154626756907, 6316509.431742424145341 ], [ 2341295.303741897922009, 6316453.004578562453389 ], [ 2341264.253337086178362, 6316452.290877394378185 ] ] ], [ [ [ 2337818.657346742227674, 6318525.322625337168574 ], [ 2337755.419871880207211, 6318631.174218797124922 ], [ 2337655.490371716674417, 6318685.620467857457697 ], [ 2337650.277611700817943, 6318743.646480134688318 ], [ 2337784.424660894088447, 6318887.162510656751692 ], [ 2337851.900259331800044, 6318894.026029446162283 ], [ 2337872.82736346591264, 6318828.411831661127508 ], [ 2338237.685701949987561, 6318741.274075440131128 ], [ 2338326.08421986643225, 6318657.820752828381956 ], [ 2338327.037977488711476, 6318610.203584269620478 ], [ 2338475.176034866366535, 6318534.047173293307424 ], [ 2338378.28740535536781, 6318522.919840121641755 ], [ 2338531.944506372325122, 6318507.040142856538296 ], [ 2338601.177987460047007, 6318564.382440213114023 ], [ 2338641.1191395833157, 6318515.276988530531526 ], [ 2338395.629888270515949, 6318383.262716326862574 ], [ 2338186.917261887341738, 6318297.016508447006345 ], [ 2337989.567575007211417, 6318452.984024692326784 ], [ 2338006.041355420835316, 6318486.726867865771055 ], [ 2337973.094097182620317, 6318461.973689720965922 ], [ 2337981.977399757131934, 6318488.960932231508195 ], [ 2337924.073814951814711, 6318494.336620970629156 ], [ 2337916.2821134775877, 6318487.234679380431771 ], [ 2337921.711164012551308, 6318494.555966216139495 ], [ 2337893.737160266842693, 6318497.153034038841724 ], [ 2337847.57602365873754, 6318515.449470914900303 ], [ 2337908.327738126274198, 6318579.178344825282693 ], [ 2337818.657346742227674, 6318525.322625337168574 ] ], [ [ 2338161.13199217338115, 6318361.470629280433059 ], [ 2338171.276276583783329, 6318349.529820693656802 ], [ 2338165.992224268615246, 6318367.341105992905796 ], [ 2338161.13199217338115, 6318361.470629280433059 ] ], [ [ 2338163.003737508319318, 6318377.414585042744875 ], [ 2338161.091944000683725, 6318383.858786872588098 ], [ 2338148.772994160186499, 6318376.018371006473899 ], [ 2338163.003737508319318, 6318377.414585042744875 ] ], [ [ 2338146.636347313877195, 6318406.3836505478248 ], [ 2338150.116505122743547, 6318410.561566173098981 ], [ 2338149.678069546353072, 6318430.840144825167954 ], [ 2338146.636347313877195, 6318406.3836505478248 ] ], [ [ 2338140.173154943622649, 6318402.181981524452567 ], [ 2338138.21273305779323, 6318396.271135094575584 ], [ 2338142.196025580633432, 6318401.053061945363879 ], [ 2338140.173154943622649, 6318402.181981524452567 ] ] ], [ [ [ 2341463.471849429421127, 6318640.864550120197237 ], [ 2341640.050003547687083, 6318486.319326153025031 ], [ 2341535.393112830352038, 6318518.605763957835734 ], [ 2341463.471849429421127, 6318640.864550120197237 ] ] ], [ [ [ 2337719.520255117211491, 6318642.956633136607707 ], [ 2337805.792091062292457, 6318533.091443502344191 ], [ 2337632.598562617786229, 6318656.661100376397371 ], [ 2337719.520255117211491, 6318642.956633136607707 ] ] ], [ [ [ 2338393.487493163440377, 6318597.533768467605114 ], [ 2338367.554256486706436, 6318643.565959638915956 ], [ 2338372.318336034659296, 6318647.729684660211205 ], [ 2338438.692925629671663, 6318601.157634655945003 ], [ 2338393.487493163440377, 6318597.533768467605114 ] ] ], [ [ [ 2340984.815436533652246, 6319124.472755827009678 ], [ 2340969.723275776486844, 6319205.495410326868296 ], [ 2341221.289211272727698, 6319002.477232961915433 ], [ 2340984.815436533652246, 6319124.472755827009678 ] ] ], [ [ [ 2339741.401496750768274, 6319267.3221599413082 ], [ 2339725.864506606943905, 6319255.804480061866343 ], [ 2339756.287306633312255, 6319369.126341526396573 ], [ 2339849.301733181346208, 6319272.843437473289669 ], [ 2339741.401496750768274, 6319267.3221599413082 ] ] ], [ [ [ 2340218.112546850461513, 6319322.9484191108495 ], [ 2340180.103910371661186, 6319279.593785342760384 ], [ 2340208.864525156095624, 6319339.077401941642165 ], [ 2340141.398221870884299, 6319265.174759846180677 ], [ 2340154.938950796145946, 6319235.492713381536305 ], [ 2340078.573686378542334, 6319198.797928809188306 ], [ 2339952.369455932173878, 6319261.975083792582154 ], [ 2340070.837543409783393, 6319507.613032657653093 ], [ 2340256.762173078022897, 6319391.544523441232741 ], [ 2340237.294875252526253, 6319370.220029972493649 ], [ 2340282.347656944766641, 6319358.391002159565687 ], [ 2340218.112546850461513, 6319322.9484191108495 ] ] ], [ [ [ 2339902.449458598159254, 6319273.919052741490304 ], [ 2339809.913226291071624, 6319324.457958124577999 ], [ 2339756.287306633312255, 6319369.126341526396573 ], [ 2339782.465861391741782, 6319368.685259245336056 ], [ 2339737.146515597123653, 6319435.364417836070061 ], [ 2339743.080055885948241, 6319520.300604816526175 ], [ 2339938.712584379129112, 6319681.485208488069475 ], [ 2339951.879365346394479, 6319623.506215764209628 ], [ 2339949.449568863026798, 6319541.240017892792821 ], [ 2339971.593995023984462, 6319570.92379308398813 ], [ 2340060.147539915051311, 6319511.131932806223631 ], [ 2339952.369455932173878, 6319261.975083792582154 ], [ 2339902.449458598159254, 6319273.919052741490304 ] ], [ [ 2339820.246911095455289, 6319368.048686610534787 ], [ 2339834.649121520109475, 6319387.354311122559011 ], [ 2339815.599468785338104, 6319368.126991332508624 ], [ 2339820.246911095455289, 6319368.048686610534787 ] ] ], [ [ [ 2337334.829485226422548, 6320064.874054403975606 ], [ 2337297.06366074597463, 6320223.560939039103687 ], [ 2337335.02740412671119, 6320242.269176416099072 ], [ 2337386.712312613613904, 6320035.719351455569267 ], [ 2337515.851332500576973, 6320068.048547029495239 ], [ 2337579.182788505684584, 6319988.064745713025331 ], [ 2337548.726825917605311, 6319956.47635826934129 ], [ 2337498.352015965152532, 6319998.616334430873394 ], [ 2337545.560411831364036, 6319935.449989737011492 ], [ 2337449.793359138537198, 6319891.360130632296205 ], [ 2337474.171448154840618, 6319844.080268668942153 ], [ 2337432.641130145639181, 6319768.062330059707165 ], [ 2337453.061133031267673, 6319720.420962926000357 ], [ 2337394.540788187179714, 6319702.722053327597678 ], [ 2337324.488194082863629, 6319548.756321554072201 ], [ 2337278.997049862984568, 6319553.775333330966532 ], [ 2337334.129317074548453, 6319690.677156357094646 ], [ 2337334.829485226422548, 6320064.874054403975606 ] ], [ [ 2337495.926875888835639, 6320000.645033797249198 ], [ 2337463.324856087099761, 6320027.917560255154967 ], [ 2337434.444779226090759, 6320003.316992252133787 ], [ 2337480.823754218872637, 6319989.344318326562643 ], [ 2337468.706608965992928, 6319967.238615306094289 ], [ 2337495.926875888835639, 6320000.645033797249198 ] ], [ [ 2337403.787623486947268, 6319812.143142971210182 ], [ 2337393.643492161761969, 6319892.05753815267235 ], [ 2337433.161881854757667, 6319923.615897263400257 ], [ 2337433.872687367722392, 6319924.488242362625897 ], [ 2337352.137913814280182, 6319876.337362084537745 ], [ 2337351.528132888954133, 6319822.188852371647954 ], [ 2337403.787623486947268, 6319812.143142971210182 ] ], [ [ 2337352.263696320354939, 6319887.506841129623353 ], [ 2337396.414074741769582, 6319970.921755342744291 ], [ 2337352.784535515122116, 6319933.757330475375056 ], [ 2337352.263696320354939, 6319887.506841129623353 ] ] ], [ [ [ 2339355.422303073573858, 6323404.830761140212417 ], [ 2339177.917366718873382, 6323520.454441424459219 ], [ 2339324.805683776736259, 6323615.233621889725327 ], [ 2339650.219539079815149, 6323379.073045311495662 ], [ 2339543.533226326107979, 6323307.932051373645663 ], [ 2339457.908864393364638, 6323111.980842837132514 ], [ 2339355.422303073573858, 6323404.830761140212417 ] ] ], [ [ [ 2344600.243877766653895, 6305919.590513315983117 ], [ 2344524.890078853815794, 6305818.150254410691559 ], [ 2344428.289175478275865, 6305894.50683425180614 ], [ 2344513.632866424974054, 6305804.049261916428804 ], [ 2344261.875308643560857, 6305477.560482125729322 ], [ 2344159.327189370524138, 6305347.87469385098666 ], [ 2344087.106886066496372, 6305294.875120522454381 ], [ 2344091.99259766517207, 6305479.886095954105258 ], [ 2344042.632594021968544, 6305616.548174700699747 ], [ 2344004.778590452857316, 6306020.593968029133976 ], [ 2344352.781228629406542, 6306010.745916583575308 ], [ 2344600.243877766653895, 6305919.590513315983117 ] ], [ [ 2344383.418707314413041, 6305942.065986834466457 ], [ 2344391.441062337718904, 6305933.562924080528319 ], [ 2344352.781228629406542, 6306010.745916583575308 ], [ 2344383.418707314413041, 6305942.065986834466457 ] ] ], [ [ [ 2344426.00832891697064, 6305664.420693216845393 ], [ 2344535.275384209118783, 6305784.68591386359185 ], [ 2344545.976266641169786, 6305729.538324276916683 ], [ 2344279.099862963426858, 6305452.83645067922771 ], [ 2344426.00832891697064, 6305664.420693216845393 ] ] ], [ [ [ 2342687.150824016425759, 6307098.85380941350013 ], [ 2342329.996116784866899, 6307174.843556579202414 ], [ 2342392.842301776167005, 6307199.362904453650117 ], [ 2342473.517339535523206, 6307326.091481447219849 ], [ 2342677.566693309228867, 6307392.309098969213665 ], [ 2342739.394112035632133, 6307269.091454457491636 ], [ 2342703.893008604645729, 6307242.028425191529095 ], [ 2342706.683262606617063, 6307175.215250328183174 ], [ 2342758.522206652909517, 6307143.205972014926374 ], [ 2342687.150824016425759, 6307098.85380941350013 ] ] ], [ [ [ 2346297.318594845477492, 6307962.402479218319058 ], [ 2346269.786261245142668, 6308233.597660061903298 ], [ 2346309.45082792872563, 6308226.956610239110887 ], [ 2346340.810865497682244, 6308233.29862161912024 ], [ 2346372.117672424763441, 6308249.805956315249205 ], [ 2346517.807882969267666, 6308245.682039872743189 ], [ 2346697.382888896856457, 6307565.788818493485451 ], [ 2346585.695501151494682, 6307523.223765708506107 ], [ 2346408.817223359830678, 6307335.69672791287303 ], [ 2346304.903361251577735, 6307152.906439462676644 ], [ 2346273.019750759471208, 6307369.398361876606941 ], [ 2346318.918691710568964, 6307685.397358428686857 ], [ 2346273.619773008394986, 6307874.141196075826883 ], [ 2346297.318594845477492, 6307962.402479218319058 ] ] ], [ [ [ 2346686.815177947748452, 6307664.721448356285691 ], [ 2346517.807882969267666, 6308245.682039872743189 ], [ 2346725.201537451241165, 6308185.584055726416409 ], [ 2346848.720067706424743, 6308113.268815470859408 ], [ 2347004.246971393469721, 6308035.731500186026096 ], [ 2347244.485484269913286, 6308130.926597435027361 ], [ 2347519.610459931194782, 6308141.33241462521255 ], [ 2347683.4204983250238, 6307941.289142073132098 ], [ 2347713.128945177886635, 6307835.274286634288728 ], [ 2347653.164055462460965, 6307729.739040638320148 ], [ 2347537.518003105651587, 6307663.864356312900782 ], [ 2347618.095630200114101, 6307759.979026213288307 ], [ 2347531.628975861240178, 6307876.875431034713984 ], [ 2347477.97153835836798, 6307811.969926974736154 ], [ 2347438.428651507012546, 6307737.293019235134125 ], [ 2347277.008810255676508, 6307728.318604649044573 ], [ 2347123.204080447088927, 6307651.028310065157712 ], [ 2346837.163877072744071, 6307700.920215460471809 ], [ 2346686.815177947748452, 6307664.721448356285691 ] ], [ [ 2347406.339250827208161, 6307935.585155567154288 ], [ 2347024.471769717521966, 6308025.648507937788963 ], [ 2347117.293960408773273, 6307979.372376320883632 ], [ 2347406.339250827208161, 6307935.585155567154288 ] ] ], [ [ [ 2346260.981848652474582, 6308320.318245818838477 ], [ 2346344.317111235111952, 6308277.317576346918941 ], [ 2346381.447310578078032, 6308268.495105578564107 ], [ 2346269.37635941663757, 6308237.633772573433816 ], [ 2346260.981848652474582, 6308320.318245818838477 ] ] ], [ [ [ 2343224.689353482332081, 6308289.398605239577591 ], [ 2343310.100113931111991, 6308423.837589344009757 ], [ 2343418.118020153138787, 6308641.413129043765366 ], [ 2343487.943202622234821, 6308703.09689396712929 ], [ 2343468.784007738810033, 6308822.547708722762764 ], [ 2343501.126288573257625, 6309022.912015369161963 ], [ 2343662.48434387659654, 6308867.779666762799025 ], [ 2343734.218986743595451, 6308798.810869463719428 ], [ 2343875.290465703234076, 6308663.175219749100506 ], [ 2343815.618858286645263, 6308385.612029141746461 ], [ 2343706.353493801318109, 6308347.753529766574502 ], [ 2343708.10257335845381, 6308341.311513614840806 ], [ 2343796.979473129380494, 6308367.787618735805154 ], [ 2343748.300002600532025, 6308321.235901711508632 ], [ 2343710.333641362842172, 6308333.094290984794497 ], [ 2343720.145120417233557, 6308296.957737747579813 ], [ 2343655.654799257870764, 6308241.346470751799643 ], [ 2343587.331214656122029, 6308512.230518316850066 ], [ 2343640.12137181404978, 6308238.05158281698823 ], [ 2343279.394601334352046, 6308245.262203115038574 ], [ 2343224.689353482332081, 6308289.398605239577591 ] ], [ [ 2343544.850555735174567, 6308902.078684056177735 ], [ 2343540.800416789483279, 6308895.96020797919482 ], [ 2343662.48434387659654, 6308867.779666762799025 ], [ 2343544.850555735174567, 6308902.078684056177735 ] ] ], [ [ [ 2346453.782676234841347, 6310748.886001808568835 ], [ 2346458.710732099600136, 6310816.132813272997737 ], [ 2346565.727401877753437, 6310874.665138272568583 ], [ 2347016.720902351196855, 6310790.240525458939373 ], [ 2347186.668212350923568, 6310682.772644958458841 ], [ 2346745.459543672855943, 6310621.611191483214498 ], [ 2346453.782676234841347, 6310748.886001808568835 ] ] ], [ [ [ 2345302.061102284118533, 6311598.81987436208874 ], [ 2345284.725302406586707, 6311666.543988942168653 ], [ 2345772.997346747200936, 6311336.098362712189555 ], [ 2345948.180820745881647, 6311125.53433607891202 ], [ 2345829.181505118496716, 6311054.599649338982999 ], [ 2345455.921253675594926, 6311267.032705209217966 ], [ 2345346.979900000151247, 6311305.864795507863164 ], [ 2345323.085178305394948, 6311253.802218831144273 ], [ 2345357.172601608559489, 6311368.995620492845774 ], [ 2345229.579568381421268, 6311415.037392342463136 ], [ 2345159.810659607872367, 6311509.267469957470894 ], [ 2345302.061102284118533, 6311598.81987436208874 ] ], [ [ 2345600.953123848419636, 6311323.365141336806118 ], [ 2345573.863964618183672, 6311406.116566095501184 ], [ 2345504.100702449679375, 6311312.782341944053769 ], [ 2345606.275912101380527, 6311262.014388704672456 ], [ 2345663.196583372540772, 6311295.042507717385888 ], [ 2345579.273584709037095, 6311292.653399688191712 ], [ 2345600.953123848419636, 6311323.365141336806118 ] ], [ [ 2345770.195028933696449, 6311240.44167896732688 ], [ 2345775.444891203194857, 6311227.912625788711011 ], [ 2345838.169526136014611, 6311189.731772058643401 ], [ 2345833.596968663856387, 6311247.631388990208507 ], [ 2345770.195028933696449, 6311240.44167896732688 ] ] ], [ [ [ 2345177.241090145427734, 6311432.450596970506012 ], [ 2345041.834540646523237, 6311481.948252028785646 ], [ 2344892.946607857011259, 6311412.184916511178017 ], [ 2344800.618492035195231, 6311498.820942329242826 ], [ 2344810.864989195950329, 6311550.646381398662925 ], [ 2344719.786085569765419, 6311626.868286636658013 ], [ 2344821.695514837279916, 6311624.870239024050534 ], [ 2344840.281231016851962, 6311710.033033856190741 ], [ 2344747.851090657990426, 6311737.384854853153229 ], [ 2344625.950310724321753, 6311920.03916631359607 ], [ 2344670.911275594495237, 6311917.23957191221416 ], [ 2344623.280490125063807, 6311930.128206017427146 ], [ 2344610.326959647703916, 6311996.464867862872779 ], [ 2344674.781824985984713, 6311970.242011798545718 ], [ 2344597.171313028316945, 6312017.893962730653584 ], [ 2344568.68943712906912, 6312008.473028292879462 ], [ 2344525.015481283888221, 6312049.354574278928339 ], [ 2344534.397877455689013, 6312056.43612146936357 ], [ 2344485.140593495219946, 6312086.679520451463759 ], [ 2344506.584165329579264, 6312143.51145707629621 ], [ 2344436.830774486996233, 6312203.082627412863076 ], [ 2344356.929408563300967, 6312144.360108993947506 ], [ 2344382.245729913469404, 6312220.762881677597761 ], [ 2344333.611530276015401, 6312292.025323052890599 ], [ 2344409.668407227378339, 6312302.573183454573154 ], [ 2344323.898655429948121, 6312369.062201565131545 ], [ 2344315.806229819077998, 6312421.209279109723866 ], [ 2344277.111489469651133, 6312448.117136832326651 ], [ 2344244.332951114978641, 6312409.054709357209504 ], [ 2344150.048047579359263, 6312432.232685321010649 ], [ 2344181.852961925789714, 6312323.333350133150816 ], [ 2344261.016467968001962, 6312266.598390734754503 ], [ 2344179.539175654761493, 6312229.069469196721911 ], [ 2344145.656842887867242, 6312311.77557946741581 ], [ 2344036.137127697002143, 6312331.951599901542068 ], [ 2344138.205154020339251, 6312362.478655851446092 ], [ 2344109.306982297915965, 6312423.196400170214474 ], [ 2344001.417779081966728, 6312402.485836893320084 ], [ 2344122.416431849822402, 6312492.452443829737604 ], [ 2344130.023882301989943, 6312422.811368663795292 ], [ 2344189.146954388357699, 6312518.600811921991408 ], [ 2344190.556615707930177, 6312517.521210511215031 ], [ 2344169.869242185726762, 6312536.182521658018231 ], [ 2344016.186535462737083, 6312539.805187905207276 ], [ 2343977.758973374962807, 6312476.496904043480754 ], [ 2343941.558507720008492, 6312513.950583315454423 ], [ 2344048.232279278803617, 6312584.575501127168536 ], [ 2344165.763910577166826, 6312539.885788794606924 ], [ 2344082.932858737651259, 6312614.604603596031666 ], [ 2344178.602746958844364, 6312602.138850830495358 ], [ 2344195.783120985142887, 6312528.037140479311347 ], [ 2344452.732548499945551, 6312368.563329541124403 ], [ 2344598.662499777507037, 6312319.285585115663707 ], [ 2344596.995018238667399, 6312364.28113279491663 ], [ 2344028.59188382839784, 6312692.801619348116219 ], [ 2344068.044567325618118, 6312775.470446011982858 ], [ 2344194.008847650606185, 6312718.727947746403515 ], [ 2344160.945200223010033, 6312737.983583933673799 ], [ 2344122.598290207795799, 6312892.613393587991595 ], [ 2344163.419392811134458, 6313010.227998238056898 ], [ 2344234.817833756096661, 6313012.945422817021608 ], [ 2344319.770808935165405, 6313113.371174688450992 ], [ 2344428.139054266735911, 6312994.359980615787208 ], [ 2344386.268106834962964, 6312862.697045684792101 ], [ 2344421.641129764262587, 6312736.741126873530447 ], [ 2344476.124306743498892, 6312597.963978089392185 ], [ 2344468.826653148978949, 6312594.932147765532136 ], [ 2344634.245555416680872, 6312520.416723624803126 ], [ 2344599.521159436553717, 6312395.504702727310359 ], [ 2344677.189785631839186, 6312408.250162879005075 ], [ 2344643.124691399279982, 6312473.371371292509139 ], [ 2344669.437342078890651, 6312477.92871966958046 ], [ 2344810.419268258381635, 6312382.203416819684207 ], [ 2344868.594324184581637, 6312129.526759487576783 ], [ 2344817.783188003581017, 6312062.501080583781004 ], [ 2344876.246866453438997, 6311951.300391619093716 ], [ 2344792.230551788117737, 6311930.862958373501897 ], [ 2344812.964366978034377, 6311878.717856707051396 ], [ 2345001.202578437980264, 6311767.491399663500488 ], [ 2345073.660331045743078, 6311668.277951500378549 ], [ 2345081.980358472559601, 6311611.012885638512671 ], [ 2345000.349269344937056, 6311581.620068104937673 ], [ 2345019.705148432869464, 6311529.678731533698738 ], [ 2345177.241090145427734, 6311432.450596970506012 ] ], [ [ 2344383.778567229863256, 6312184.16101336106658 ], [ 2344482.291695602238178, 6312305.437285665422678 ], [ 2344476.262037029955536, 6312309.630237821489573 ], [ 2344409.668407227378339, 6312302.573183454573154 ], [ 2344383.778567229863256, 6312184.16101336106658 ] ], [ [ 2344263.270977666601539, 6312934.2889259820804 ], [ 2344257.040259327273816, 6312915.348281303420663 ], [ 2344386.268106834962964, 6312862.697045684792101 ], [ 2344263.270977666601539, 6312934.2889259820804 ] ], [ [ 2344613.244276838377118, 6312140.228779070079327 ], [ 2344628.137979917693883, 6312082.545674130320549 ], [ 2344648.861096955370158, 6312135.241570570506155 ], [ 2344613.244276838377118, 6312140.228779070079327 ] ], [ [ 2344556.530569224618375, 6312074.826987182721496 ], [ 2344546.176408801227808, 6312070.226394175551832 ], [ 2344560.383742063306272, 6312070.445562408305705 ], [ 2344556.530569224618375, 6312074.826987182721496 ] ], [ [ 2344598.15877872472629, 6312078.019503722898662 ], [ 2344583.411643874365836, 6312070.800800399854779 ], [ 2344603.756332379300147, 6312071.11464602779597 ], [ 2344598.15877872472629, 6312078.019503722898662 ] ], [ [ 2344584.101821236778051, 6312087.077532278373837 ], [ 2344594.514679492451251, 6312082.51467932574451 ], [ 2344589.037786695640534, 6312089.270695919170976 ], [ 2344584.101821236778051, 6312087.077532278373837 ] ], [ [ 2344781.714808616321534, 6312100.137992940843105 ], [ 2344823.920828350819647, 6312237.572241013869643 ], [ 2344738.084304010029882, 6312276.241557047702372 ], [ 2344794.143386428710073, 6312325.714662511833012 ], [ 2344656.124676321167499, 6312307.822131687775254 ], [ 2344676.647000890225172, 6312249.238363761454821 ], [ 2344781.714808616321534, 6312100.137992940843105 ] ] ], [ [ [ 2342771.468305618967861, 6311758.959722246043384 ], [ 2342796.478086806833744, 6311805.283109747804701 ], [ 2343150.485610798932612, 6311781.670527295209467 ], [ 2342974.205475175753236, 6311701.699724078178406 ], [ 2342801.079416144639254, 6311713.585480896756053 ], [ 2342101.228818218223751, 6312043.769323037937284 ], [ 2342242.719965630676597, 6312052.957209424115717 ], [ 2342573.39765947451815, 6311836.083579329773784 ], [ 2342595.291070935316384, 6311896.744772579520941 ], [ 2342641.412403168622404, 6311889.371419610455632 ], [ 2342661.547719055321068, 6311806.642940955236554 ], [ 2342771.468305618967861, 6311758.959722246043384 ] ] ], [ [ [ 2343615.874507465865463, 6312143.606144659221172 ], [ 2343506.036199238616973, 6312131.900335423648357 ], [ 2343530.502197745721787, 6312140.147077344357967 ], [ 2343551.209825076628476, 6312189.210264200344682 ], [ 2343496.456600946374238, 6312218.133817934431136 ], [ 2343438.241604164242744, 6312750.765257252380252 ], [ 2343421.98810536460951, 6312890.190745034255087 ], [ 2343450.340085008647293, 6312872.518553964793682 ], [ 2343422.304750532377511, 6312906.277466915547848 ], [ 2343451.305287444032729, 6312914.520957843400538 ], [ 2343873.994761510752141, 6312907.313718870282173 ], [ 2344096.36041824426502, 6313010.690199100412428 ], [ 2344108.556395311839879, 6313030.156557123176754 ], [ 2344163.496877292171121, 6313026.527951302938163 ], [ 2344164.080346149858087, 6313149.268851916305721 ], [ 2344319.770808935165405, 6313113.371174688450992 ], [ 2344163.419392811134458, 6313010.227998238056898 ], [ 2344163.445136680267751, 6313015.643584062345326 ], [ 2344122.598290207795799, 6312892.613393587991595 ], [ 2344010.904057477600873, 6312657.35315630491823 ], [ 2344010.070063089486212, 6312657.277801134623587 ], [ 2343861.045199885964394, 6312620.56453085038811 ], [ 2343840.696618180256337, 6312597.129949187859893 ], [ 2343833.388173168059438, 6312583.107675014995039 ], [ 2343870.806209815200418, 6312497.601951069198549 ], [ 2343800.468608392868191, 6312526.174822920002043 ], [ 2343770.703089186921716, 6312487.937762022949755 ], [ 2343720.07180517166853, 6312373.184536044485867 ], [ 2343760.471042201388627, 6312328.99216028675437 ], [ 2343654.168575581163168, 6312250.449944274500012 ], [ 2343672.199326530098915, 6312221.491068107075989 ], [ 2343615.874507465865463, 6312143.606144659221172 ] ], [ [ 2343583.609939597547054, 6312794.250953075475991 ], [ 2343550.843709391541779, 6312809.873219300061464 ], [ 2343645.142652445007116, 6312751.095350516960025 ], [ 2343702.694469119422138, 6312576.095307047478855 ], [ 2343673.340364485513419, 6312732.249586627818644 ], [ 2343677.531745281070471, 6312730.520773890428245 ], [ 2343585.065520906355232, 6312794.53628097102046 ], [ 2343451.305287444032729, 6312914.520957843400538 ], [ 2343583.609939597547054, 6312794.250953075475991 ] ], [ [ 2343665.521950323134661, 6312574.256187569350004 ], [ 2343663.415554258972406, 6312580.531162572093308 ], [ 2343662.653743874747306, 6312568.634898793883622 ], [ 2343665.521950323134661, 6312574.256187569350004 ] ], [ [ 2344008.631825315300375, 6312657.147849839180708 ], [ 2343882.950551945250481, 6312645.79197761323303 ], [ 2343877.226249101106077, 6312639.199545551091433 ], [ 2344008.631825315300375, 6312657.147849839180708 ] ] ], [ [ [ 2345447.495277623645961, 6316023.984430109150708 ], [ 2345444.060591269750148, 6316031.610634934157133 ], [ 2345522.689326504711062, 6316120.649754360318184 ], [ 2345591.300702527631074, 6316231.720629162155092 ], [ 2345637.287786231376231, 6316182.44213593006134 ], [ 2345674.158719049300998, 6316112.516532197594643 ], [ 2345701.514617927838117, 6316061.688977260142565 ], [ 2345787.158601163886487, 6315970.37063424475491 ], [ 2345731.219991803634912, 6315904.204611079767346 ], [ 2345804.746239584870636, 6315957.817617314867675 ], [ 2345996.779891329351813, 6315845.07001590449363 ], [ 2345888.191920646000654, 6315921.882817392237484 ], [ 2345919.791589013300836, 6315974.707170763984323 ], [ 2345979.301869343034923, 6316093.506279996596277 ], [ 2346020.762442746665329, 6316153.960218668915331 ], [ 2346098.877384462859482, 6316017.344329969026148 ], [ 2346108.043076256755739, 6315861.810782494954765 ], [ 2346109.232505422085524, 6315779.046366424299777 ], [ 2346096.814541863743216, 6315727.239114975556731 ], [ 2346084.18826425075531, 6315684.203041651286185 ], [ 2345934.533387458417565, 6315627.897949995473027 ], [ 2345832.26021176436916, 6315600.898099887184799 ], [ 2345707.558062924537808, 6315556.57276288792491 ], [ 2345746.616086771711707, 6315684.096802430227399 ], [ 2345692.238914640620351, 6315575.645779292099178 ], [ 2345631.383301347028464, 6315650.844080002978444 ], [ 2345555.530921454541385, 6315776.097717171534896 ], [ 2345493.557113459333777, 6315921.711172984912992 ], [ 2345447.495277623645961, 6316023.984430109150708 ] ], [ [ 2345767.70246679475531, 6315919.49448549002409 ], [ 2345720.621090556960553, 6315870.787087398581207 ], [ 2345631.383301347028464, 6315650.844080002978444 ], [ 2345767.70246679475531, 6315919.49448549002409 ] ], [ [ 2345541.400255033746362, 6315994.32825480774045 ], [ 2345580.008922907989472, 6315970.871814524754882 ], [ 2345615.191910322755575, 6315997.168681458570063 ], [ 2345541.400255033746362, 6315994.32825480774045 ] ] ], [ [ [ 2346020.762442746665329, 6316153.960218668915331 ], [ 2346088.434046561364084, 6316241.071415434591472 ], [ 2346097.817108616698533, 6316138.612524325959384 ], [ 2346096.738578957971185, 6316049.433855543844402 ], [ 2346020.762442746665329, 6316153.960218668915331 ] ] ], [ [ [ 2342313.826611540745944, 6316668.326133899390697 ], [ 2342431.080808276776224, 6316795.070679143071175 ], [ 2342409.456227394286543, 6316882.605331787839532 ], [ 2342442.765964570455253, 6316865.128338153474033 ], [ 2342403.246788477059454, 6316929.400252933613956 ], [ 2342642.725021922029555, 6316932.182369193993509 ], [ 2342644.941978051327169, 6316879.744364974088967 ], [ 2342645.589816096238792, 6316879.801419355906546 ], [ 2342776.19423442799598, 6316690.184785791672766 ], [ 2342895.327989754267037, 6316627.677541364915669 ], [ 2342932.314389222301543, 6316547.935673646628857 ], [ 2342747.207414772361517, 6316620.516402656212449 ], [ 2342520.991613372694701, 6316511.277708591893315 ], [ 2342520.149922014214098, 6316573.332379312254488 ], [ 2342438.997831597924232, 6316572.222815226763487 ], [ 2342343.741176254115999, 6316466.099723826162517 ], [ 2342235.850254515651613, 6316526.981076355092227 ], [ 2342298.14192578708753, 6316664.85286557674408 ], [ 2342313.826611540745944, 6316668.326133899390697 ] ] ], [ [ [ 2342403.021836523897946, 6316884.397819234058261 ], [ 2342425.048315989319235, 6316796.884948199614882 ], [ 2342301.272718282882124, 6316670.58583034016192 ], [ 2342338.575333549641073, 6316746.343875414691865 ], [ 2342403.021836523897946, 6316884.397819234058261 ] ] ], [ [ [ 2344021.292930155526847, 6316871.56084128189832 ], [ 2343980.408516191411763, 6317037.843545071780682 ], [ 2344067.880733227357268, 6317032.967630285769701 ], [ 2344358.689649532083422, 6317097.573274079710245 ], [ 2344473.844989155419171, 6316897.28147637937218 ], [ 2344524.580742630641907, 6316699.483465868979692 ], [ 2344410.271579970605671, 6316630.363382281735539 ], [ 2344328.994702945929021, 6316654.213106451556087 ], [ 2344021.292930155526847, 6316871.56084128189832 ] ] ], [ [ [ 2342403.246788477059454, 6316929.400252933613956 ], [ 2342400.799212613608688, 6316986.868269149214029 ], [ 2342413.06089058239013, 6317056.144423033110797 ], [ 2342624.74892283976078, 6316946.704651922918856 ], [ 2342403.246788477059454, 6316929.400252933613956 ] ] ], [ [ [ 2342642.881663346663117, 6316939.358014633879066 ], [ 2342413.06089058239013, 6317056.144423033110797 ], [ 2342416.191239855252206, 6317080.679100090637803 ], [ 2342474.810402486007661, 6317146.821317898109555 ], [ 2342674.165543371811509, 6317104.496680397540331 ], [ 2342654.705265608150512, 6317009.291711711324751 ], [ 2342642.881663346663117, 6316939.358014633879066 ] ] ], [ [ [ 2343739.111155237536877, 6317077.555053695105016 ], [ 2343756.732907875441015, 6317070.688996217213571 ], [ 2343457.703825620003045, 6316912.943941498175263 ], [ 2343412.828312589786947, 6316860.055175288580358 ], [ 2343107.198798208031803, 6317239.310818606056273 ], [ 2343573.240004712250084, 6317220.470018226653337 ], [ 2343893.850554859265685, 6317084.380596368573606 ], [ 2343739.111155237536877, 6317077.555053695105016 ] ] ], [ [ [ 2342674.165543371811509, 6317104.496680397540331 ], [ 2342499.61023034574464, 6317165.956067516468465 ], [ 2342532.181299188639969, 6317241.690683185122907 ], [ 2342638.704102373216301, 6317218.040007634088397 ], [ 2342674.165543371811509, 6317104.496680397540331 ] ] ], [ [ [ 2342532.181299188639969, 6317241.690683185122907 ], [ 2342580.720100085251033, 6317385.891596019268036 ], [ 2342652.202716088853776, 6317219.450308056548238 ], [ 2342532.181299188639969, 6317241.690683185122907 ] ] ], [ [ [ 2346861.71710695233196, 6317907.773525905795395 ], [ 2346939.718469058163464, 6317792.634664281271398 ], [ 2346883.462035475298762, 6317858.639852494001389 ], [ 2346822.149408059194684, 6317925.168433739803731 ], [ 2346843.601344188209623, 6317917.60892400983721 ], [ 2346814.610095805488527, 6317933.348833672702312 ], [ 2346876.996894289273769, 6318032.621900530532002 ], [ 2346936.507221552543342, 6318117.323496613651514 ], [ 2347008.592717735096812, 6318186.77522805519402 ], [ 2347063.590962613932788, 6318224.09245293494314 ], [ 2347046.898630205541849, 6318226.003360949456692 ], [ 2347151.479901046957821, 6318316.34362917393446 ], [ 2347274.310303315054625, 6318394.705968201160431 ], [ 2347290.002213215921074, 6318282.266146944835782 ], [ 2347301.160526447929442, 6318138.014196339063346 ], [ 2347300.17795414943248, 6318063.713934192433953 ], [ 2347249.493094793055207, 6317997.904378714971244 ], [ 2347151.124844182282686, 6317924.377819473855197 ], [ 2347297.048798871226609, 6318026.355888531543314 ], [ 2347424.780255914665759, 6317954.700549103319645 ], [ 2347340.219318356364965, 6317766.879385223612189 ], [ 2347291.248006299138069, 6317784.509116710163653 ], [ 2347256.270519103854895, 6317693.562844720669091 ], [ 2347240.085614421404898, 6317566.8031463669613 ], [ 2347143.517660327721387, 6317447.196696542203426 ], [ 2347129.684746228158474, 6317477.403771031647921 ], [ 2347082.192537170834839, 6317625.361447557806969 ], [ 2346862.515412978362292, 6317907.340110118500888 ], [ 2346861.71710695233196, 6317907.773525905795395 ] ], [ [ 2347221.818191481288522, 6318205.978886038996279 ], [ 2347147.668484784197062, 6318214.467410310171545 ], [ 2347301.160526447929442, 6318138.014196339063346 ], [ 2347221.818191481288522, 6318205.978886038996279 ] ], [ [ 2347042.837830606848001, 6317809.43958075158298 ], [ 2347217.006732414010912, 6317622.328144545666873 ], [ 2347042.837830607779324, 6317809.43958075158298 ], [ 2347042.837830606848001, 6317809.43958075158298 ] ] ], [ [ [ 2342301.622134885750711, 6317826.968674370087683 ], [ 2342247.798229975625873, 6317883.767788390628994 ], [ 2342401.885327750816941, 6317913.80347802862525 ], [ 2342432.753827782347798, 6317854.39120801910758 ], [ 2342301.622134885750711, 6317826.968674370087683 ] ] ], [ [ [ 2342405.099974747747183, 6317983.320373484864831 ], [ 2342302.526665032841265, 6318024.017385458573699 ], [ 2342397.981942997779697, 6318050.841516733169556 ], [ 2342438.982370542362332, 6318020.637634837068617 ], [ 2342435.803644297644496, 6318041.627806494012475 ], [ 2342488.640561635605991, 6318028.295451397076249 ], [ 2342488.229126314632595, 6318029.452536452561617 ], [ 2342610.782151549588889, 6318076.472360850311816 ], [ 2342615.476075514219701, 6318020.733244026079774 ], [ 2342547.30904436763376, 6317939.062397393397987 ], [ 2342559.803066105116159, 6317887.451643018983305 ], [ 2342643.7765226024203, 6317852.342197525314987 ], [ 2342723.024571090470999, 6317727.875963017344475 ], [ 2342511.050774018280208, 6317801.039130221121013 ], [ 2342534.693115962669253, 6317832.831376031041145 ], [ 2342455.81543639022857, 6317909.483381693251431 ], [ 2342440.392815640196204, 6318011.324003387242556 ], [ 2342405.099974747747183, 6317983.320373484864831 ] ] ], [ [ [ 2343190.211582127027214, 6318081.583017852157354 ], [ 2342919.745956799015403, 6317762.194311520084739 ], [ 2342779.779663088731468, 6317739.01759419683367 ], [ 2342767.801575818099082, 6317756.349324277602136 ], [ 2342813.636054907925427, 6317774.712904846295714 ], [ 2342724.847800027113408, 6317919.602484807372093 ], [ 2342765.044891627971083, 6317947.121086347848177 ], [ 2342861.866094780154526, 6317859.580431147478521 ], [ 2342948.905444177333266, 6317857.24020276311785 ], [ 2342986.116408791858703, 6317932.21387298963964 ], [ 2343190.211582127027214, 6318081.583017852157354 ] ], [ [ 2342827.189487947616726, 6317782.958171878010035 ], [ 2342799.192241844255477, 6317758.048744931817055 ], [ 2342883.290015498641878, 6317767.100353023968637 ], [ 2342833.6991400225088, 6317800.834493929520249 ], [ 2342827.189487947616726, 6317782.958171878010035 ] ] ], [ [ [ 2349210.545394571963698, 6303142.726547840982676 ], [ 2349508.461619025561959, 6302847.198367726057768 ], [ 2348982.606156418099999, 6303008.416265577077866 ], [ 2348879.164888895582408, 6303048.197825669310987 ], [ 2348761.93497427040711, 6303053.516208842396736 ], [ 2348688.492999747395515, 6303060.274292386136949 ], [ 2348630.68102705385536, 6303063.017165654338896 ], [ 2348593.729837649967521, 6303065.576212395913899 ], [ 2348521.495933464728296, 6303078.547801469452679 ], [ 2348464.867467718198895, 6303278.787554454058409 ], [ 2348574.161092516500503, 6303356.551901599392295 ], [ 2348615.473099780268967, 6303362.49564042314887 ], [ 2348701.194626118056476, 6303315.631495388224721 ], [ 2348782.86741755483672, 6303251.547373058274388 ], [ 2348786.196935291867703, 6303283.046241333708167 ], [ 2348882.644633289426565, 6303265.483476950787008 ], [ 2349002.390559943858534, 6303233.478456264361739 ], [ 2349210.545394571963698, 6303142.726547840982676 ] ] ], [ [ [ 2348343.986322793643922, 6303158.516485720872879 ], [ 2348464.867467718198895, 6303278.787554454058409 ], [ 2348513.142226058989763, 6303074.647918597795069 ], [ 2348423.867282028775662, 6303099.031914437189698 ], [ 2348343.986322793643922, 6303158.516485720872879 ] ] ], [ [ [ 2349315.302475171629339, 6304713.190227439627051 ], [ 2349213.631996252574027, 6304794.59654067736119 ], [ 2349277.044263687450439, 6304855.518962022848427 ], [ 2349315.302475171629339, 6304713.190227439627051 ] ] ], [ [ [ 2349260.382887891493738, 6304931.094686256721616 ], [ 2349330.392152566928416, 6304820.042126446962357 ], [ 2349447.403173146769404, 6304739.086243709549308 ], [ 2349325.15338828926906, 6304744.914494220167398 ], [ 2349260.382887891493738, 6304931.094686256721616 ] ] ], [ [ [ 2349190.663321473170072, 6304864.798321442678571 ], [ 2349264.792138674296439, 6304906.844501535408199 ], [ 2349277.044263687450439, 6304855.518962022848427 ], [ 2349219.664319660048932, 6304811.401440343819559 ], [ 2349190.663321473170072, 6304864.798321442678571 ] ] ], [ [ [ 2349170.88503933371976, 6304895.528676226735115 ], [ 2349254.256964331958443, 6304937.340138088911772 ], [ 2349264.792138674296439, 6304906.844501535408199 ], [ 2349170.88503933371976, 6304895.528676226735115 ] ] ], [ [ [ 2349101.399965052027255, 6304921.215076698921621 ], [ 2349177.106604586821049, 6305011.498819655738771 ], [ 2349208.878857328556478, 6304989.862066961824894 ], [ 2349249.597528125159442, 6304944.839751672931015 ], [ 2349147.008219790644944, 6304912.96619045548141 ], [ 2349101.399965052027255, 6304921.215076698921621 ] ] ], [ [ [ 2348967.201894924975932, 6304993.270955947227776 ], [ 2349023.595825019292533, 6305062.804058987647295 ], [ 2348960.32011499395594, 6304998.342592065222561 ], [ 2348867.079002880025655, 6305033.423895140178502 ], [ 2348843.347738225478679, 6305118.003533083945513 ], [ 2348681.261857909616083, 6305074.85842618253082 ], [ 2348577.398771129082888, 6305108.725154302082956 ], [ 2348579.097578402608633, 6305228.414119156077504 ], [ 2348645.280818316619843, 6305212.385125550441444 ], [ 2348843.222499589901417, 6305310.2540762135759 ], [ 2349056.718166931066662, 6305341.219204257242382 ], [ 2349066.246911587193608, 6305177.336330266669393 ], [ 2349012.979515586048365, 6305163.157257478684187 ], [ 2348947.757123392540962, 6305109.793519487604499 ], [ 2348873.252919549588114, 6305125.963894854299724 ], [ 2348862.850251357071102, 6305123.194842853583395 ], [ 2348943.726388591341674, 6305106.38639578409493 ], [ 2348943.726122613530606, 6305106.377523270435631 ], [ 2348986.843122778460383, 6305099.360713605768979 ], [ 2348959.460500849876553, 6305078.037021515890956 ], [ 2348942.009090811014175, 6305049.100633418187499 ], [ 2349014.076009671203792, 6305092.663726980797946 ], [ 2349094.911594327539206, 6305051.808047845028341 ], [ 2349143.138373101595789, 6305029.35377153288573 ], [ 2349177.106604586821049, 6305011.498819655738771 ], [ 2349083.022707274183631, 6304962.321985158137977 ], [ 2349053.747057527303696, 6304987.788831151090562 ], [ 2349013.735380532685667, 6304987.381826987490058 ], [ 2349015.91097973799333, 6305004.022917378693819 ], [ 2348967.201894924975932, 6304993.270955947227776 ] ] ], [ [ [ 2348991.841763118747622, 6305103.253242235630751 ], [ 2349016.880180335137993, 6305128.183281418867409 ], [ 2348947.757123392540962, 6305109.793519487604499 ], [ 2349066.246911587193608, 6305177.336330266669393 ], [ 2349228.170802365522832, 6304977.072873118333519 ], [ 2349192.367176264058799, 6305007.167598223313689 ], [ 2349019.618724075611681, 6305094.960098640061915 ], [ 2348991.841763118747622, 6305103.253242235630751 ] ] ], [ [ [ 2348366.118750832043588, 6305157.617598617449403 ], [ 2348256.546659893356264, 6305279.81425351370126 ], [ 2348102.831192994955927, 6305316.474108275026083 ], [ 2348369.909988130442798, 6305315.209332497790456 ], [ 2348579.097578402608633, 6305228.414119156077504 ], [ 2348575.695607109926641, 6305124.974584017880261 ], [ 2348366.118750832043588, 6305157.617598617449403 ] ] ], [ [ [ 2347257.322146438527852, 6309462.089499933645129 ], [ 2347123.192406308837235, 6309723.803188873454928 ], [ 2347553.052720147185028, 6309382.459622446447611 ], [ 2347195.213950924575329, 6309225.592571868561208 ], [ 2347257.322146438527852, 6309462.089499933645129 ] ] ], [ [ [ 2348470.075120717287064, 6310193.692281233146787 ], [ 2348516.289802114013582, 6310148.321803136728704 ], [ 2348441.565443885978311, 6310158.259881952777505 ], [ 2348470.075120717287064, 6310193.692281233146787 ] ] ], [ [ [ 2348107.907376973889768, 6310298.95509588252753 ], [ 2348029.576894863508642, 6310448.824284113943577 ], [ 2348119.546121488790959, 6310473.772528132423759 ], [ 2348269.093486922327429, 6310512.398511373437941 ], [ 2348499.277393995784223, 6310420.704250574111938 ], [ 2348550.674445175100118, 6310359.60463643912226 ], [ 2348555.402365475893021, 6310377.242099904455245 ], [ 2348590.2976707466878, 6310333.172273442149162 ], [ 2348601.111194261349738, 6310341.580783719196916 ], [ 2348609.134118196088821, 6310121.876008709892631 ], [ 2348470.075120717287064, 6310193.692281233146787 ], [ 2348416.510869258549064, 6310171.920823245309293 ], [ 2348345.363442135043442, 6310196.563572416082025 ], [ 2348308.978389892727137, 6310205.107274025678635 ], [ 2348211.873520769178867, 6310191.051842368207872 ], [ 2348173.443147812504321, 6310269.559020229615271 ], [ 2348230.887528939638287, 6310345.075921158306301 ], [ 2348165.44646940426901, 6310265.620436801575124 ], [ 2348107.907376973889768, 6310298.95509588252753 ] ], [ [ 2348410.853397745639086, 6310436.140284050256014 ], [ 2348503.959954623598605, 6310377.128965662792325 ], [ 2348534.259207621216774, 6310354.715488302521408 ], [ 2348517.820714286994189, 6310343.715746266767383 ], [ 2348548.528480801265687, 6310351.599135958589613 ], [ 2348549.932687560096383, 6310356.837516437284648 ], [ 2348410.853397745639086, 6310436.140284050256014 ] ] ], [ [ [ 2347844.847243194933981, 6310166.262760138139129 ], [ 2347844.316365411505103, 6310187.012896480038762 ], [ 2347825.482549206819385, 6310162.506951120682061 ], [ 2347661.392260829452425, 6310264.514072572812438 ], [ 2347593.489821271505207, 6310310.121373229660094 ], [ 2347618.298484785016626, 6310270.593606190755963 ], [ 2347413.057461642194539, 6310263.239740744233131 ], [ 2347523.15723676327616, 6310422.18263014126569 ], [ 2347579.56444499315694, 6310424.472074892371893 ], [ 2347783.230863550677896, 6310426.981795064173639 ], [ 2347838.43387760873884, 6310416.938554890453815 ], [ 2347924.494462196715176, 6310444.444109277799726 ], [ 2348001.573021264281124, 6310449.219823132269084 ], [ 2348107.907376973889768, 6310298.95509588252753 ], [ 2348211.873520769178867, 6310191.051842368207872 ], [ 2348047.196408606134355, 6310109.608099082484841 ], [ 2348015.037773256655782, 6310094.122881069779396 ], [ 2347975.194264083169401, 6310059.878736373968422 ], [ 2347844.847243194933981, 6310166.262760138139129 ] ] ], [ [ [ 2347530.374801063910127, 6311603.081701257266104 ], [ 2347592.253894151654094, 6311607.112080155871809 ], [ 2347772.793929765000939, 6311571.371072950772941 ], [ 2347971.382876068353653, 6311543.305955396033823 ], [ 2348063.242199919652194, 6311554.343666429631412 ], [ 2348151.810876358300447, 6311709.389994685538113 ], [ 2348231.533207352273166, 6311774.784366476349533 ], [ 2348385.735292792320251, 6311853.13461032602936 ], [ 2348561.7620591185987, 6311861.897376010194421 ], [ 2348672.797739906702191, 6311829.814075390808284 ], [ 2348733.232211059425026, 6311779.953637371771038 ], [ 2348747.740950789302588, 6311743.28391239233315 ], [ 2348419.029346966184676, 6311557.721500243991613 ], [ 2348340.156910782679915, 6311560.154336835257709 ], [ 2348258.770132863428444, 6311518.690322678536177 ], [ 2348264.682394417468458, 6311565.696089602075517 ], [ 2348171.054268253035843, 6311461.370506715960801 ], [ 2348058.500778208021075, 6311350.658489169552922 ], [ 2347944.431790209840983, 6311295.749734600074589 ], [ 2347875.631235954351723, 6311294.041868161410093 ], [ 2347874.796930618584156, 6311293.170840275473893 ], [ 2347903.055193343665451, 6311267.559620815329254 ], [ 2347789.064711809623986, 6311136.483047498390079 ], [ 2347739.853542766068131, 6311152.287821965292096 ], [ 2347707.486836863681674, 6311470.477286555804312 ], [ 2347598.624551876448095, 6311519.805683757178485 ], [ 2347532.506280871108174, 6311504.12230750080198 ], [ 2347414.47774550318718, 6311445.866197497583926 ], [ 2347530.374801063910127, 6311603.081701257266104 ] ], [ [ 2348009.781309009995311, 6311436.951508778147399 ], [ 2348041.110016531310976, 6311476.376441313885152 ], [ 2348062.527673895005137, 6311469.694434002973139 ], [ 2348063.242199919652194, 6311554.343666429631412 ], [ 2348009.781309009995311, 6311436.951508778147399 ] ], [ [ 2347977.610119356773794, 6311436.963940920308232 ], [ 2347805.185894816182554, 6311454.322276881895959 ], [ 2347889.264351480640471, 6311417.539415186271071 ], [ 2347977.610119356773794, 6311436.963940920308232 ] ], [ [ 2348562.188134975731373, 6311768.824463346973062 ], [ 2348528.11719992896542, 6311824.312315175309777 ], [ 2348553.173056154511869, 6311758.05401848256588 ], [ 2348562.188134975731373, 6311768.824463346973062 ] ], [ [ 2348650.297471253667027, 6311720.92151153460145 ], [ 2348687.665494942106307, 6311730.12962298002094 ], [ 2348697.244500547181815, 6311788.9985427018255 ], [ 2348652.220205038785934, 6311791.823564283549786 ], [ 2348650.297471253667027, 6311720.92151153460145 ] ] ], [ [ [ 2349159.950053919572383, 6311933.367073697969317 ], [ 2349217.604535713791847, 6312043.483428194187582 ], [ 2349260.93749687820673, 6312053.942036219872534 ], [ 2349265.883793930057436, 6312049.730140610598028 ], [ 2349247.236215827520937, 6311929.564781213179231 ], [ 2349223.131644464563578, 6311774.217278863303363 ], [ 2349128.768936431035399, 6311778.638299494050443 ], [ 2349042.425870710518211, 6311686.447077803313732 ], [ 2348971.889486615546048, 6311680.533024705015123 ], [ 2348869.024195413570851, 6311720.379044669680297 ], [ 2348809.940664120018482, 6311735.211931291036308 ], [ 2348905.149704888928682, 6311876.519437580369413 ], [ 2349197.72334799496457, 6312038.684818386100233 ], [ 2349157.091176532674581, 6311952.606784078292549 ], [ 2349070.765892752911896, 6311946.149199505336583 ], [ 2349159.950053919572383, 6311933.367073697969317 ] ], [ [ 2348917.696406570263207, 6311818.404907646588981 ], [ 2348888.464795973617584, 6311799.871813537552953 ], [ 2348869.024195413570851, 6311720.379044669680297 ], [ 2348917.696406570263207, 6311818.404907646588981 ] ], [ [ 2349016.478378784377128, 6311803.477763772942126 ], [ 2348976.105937895830721, 6311855.437056024558842 ], [ 2348957.05726045044139, 6311843.3600296638906 ], [ 2349016.478378784377128, 6311803.477763772942126 ] ] ], [ [ [ 2349310.007941342424601, 6311746.580781133845448 ], [ 2349301.19761315966025, 6311805.172564782202244 ], [ 2349364.755966567900032, 6311900.498473111540079 ], [ 2349321.625997299794108, 6311962.630601997487247 ], [ 2349223.131644464563578, 6311774.217278863303363 ], [ 2349265.883793930057436, 6312049.730140610598028 ], [ 2349415.925505852792412, 6311998.625271532684565 ], [ 2349617.096384615637362, 6311858.713229138404131 ], [ 2349897.64013088028878, 6311865.26535215601325 ], [ 2349897.641397190280259, 6311865.274005512706935 ], [ 2350163.400716909207404, 6312015.784861722961068 ], [ 2350131.649574232287705, 6311820.047183799557388 ], [ 2349934.630786889698356, 6311609.853863420896232 ], [ 2349852.055928523652256, 6311553.748275185003877 ], [ 2349729.952984663657844, 6311577.594723980873823 ], [ 2349665.593643590342253, 6311509.48330950550735 ], [ 2349663.630370589904487, 6311599.490426530130208 ], [ 2349628.523152173031121, 6311623.429849412292242 ], [ 2349509.248932815622538, 6311540.858590285293758 ], [ 2349393.464271124452353, 6311708.435400809161365 ], [ 2349368.539818435441703, 6311686.797817688435316 ], [ 2349310.007941342424601, 6311746.580781133845448 ] ], [ [ 2349892.412562032230198, 6311711.433720641769469 ], [ 2349867.989497110713273, 6311662.636401799507439 ], [ 2349852.055928523652256, 6311553.748275185003877 ], [ 2349892.412562032230198, 6311711.433720641769469 ] ] ], [ [ [ 2347131.399691105820239, 6317350.778395962901413 ], [ 2347178.963565165642649, 6317414.177373523823917 ], [ 2347161.236895541194826, 6317358.314977839589119 ], [ 2347131.399691105820239, 6317350.778395962901413 ] ] ], [ [ [ 2347256.30581831978634, 6317443.852168200537562 ], [ 2347202.579198931809515, 6317395.776850934140384 ], [ 2347227.19733775453642, 6317447.202687054872513 ], [ 2347186.027842960786074, 6317453.427595198154449 ], [ 2347273.209044875111431, 6317554.82399370893836 ], [ 2347256.30581831978634, 6317443.852168200537562 ] ] ], [ [ [ 2347385.878563141915947, 6321911.527375399135053 ], [ 2347336.117826968897134, 6321988.732026892714202 ], [ 2347410.458243368193507, 6321968.768191997893155 ], [ 2347377.843095812015235, 6321837.909932812675834 ], [ 2347385.878563141915947, 6321911.527375399135053 ] ] ], [ [ [ 2347661.088187057990581, 6322316.337887851521373 ], [ 2347557.854359982069582, 6322749.284794298931956 ], [ 2347632.727486844640225, 6322782.004267676733434 ], [ 2347585.846460227388889, 6322677.503120123408735 ], [ 2347732.454877994488925, 6322413.723430286161602 ], [ 2347727.77517933677882, 6322308.253701788373291 ], [ 2347808.394428926985711, 6322015.10670720320195 ], [ 2347719.352585711982101, 6321812.148014344274998 ], [ 2347724.605722008273005, 6321445.521296107210219 ], [ 2347619.584749987814575, 6321499.309300215914845 ], [ 2347367.240103467833251, 6321464.861577587202191 ], [ 2347448.361237362958491, 6321750.234823888167739 ], [ 2347377.647680488415062, 6321796.688404646702111 ], [ 2347416.029733923729509, 6321967.274929814040661 ], [ 2347477.509427176788449, 6321803.305331077426672 ], [ 2347586.491450438741595, 6321860.68864456564188 ], [ 2347678.994441236834973, 6322028.39780484046787 ], [ 2347661.088187057990581, 6322316.337887851521373 ] ] ], [ [ [ 2347747.237035723868757, 6323137.187827789224684 ], [ 2347820.368465763982385, 6323078.028609924018383 ], [ 2347863.626255376730114, 6322956.986473212949932 ], [ 2347754.842120570596308, 6323073.494539306499064 ], [ 2347747.237035723868757, 6323137.187827789224684 ] ] ], [ [ [ 2347873.849974128883332, 6322974.155403758399189 ], [ 2347825.368196199648082, 6323080.424294396303594 ], [ 2347767.896092008333653, 6323126.26232978887856 ], [ 2347829.645114274229854, 6323120.930040774866939 ], [ 2347859.665137781761587, 6323180.77892074547708 ], [ 2347965.630146379582584, 6323163.692727949470282 ], [ 2347907.348196075297892, 6323155.077384878881276 ], [ 2347935.096896335948259, 6323076.934602032415569 ], [ 2347873.849974128883332, 6322974.155403758399189 ] ] ], [ [ [ 2347763.437965093180537, 6323310.536167485639453 ], [ 2347719.088906603865325, 6323264.317794471047819 ], [ 2347692.393481849227101, 6323383.236064326949418 ], [ 2347763.437965093180537, 6323310.536167485639453 ] ] ], [ [ [ 2347627.393524842802435, 6323420.460742123425007 ], [ 2347562.603702477179468, 6323491.274789407849312 ], [ 2347625.089703181758523, 6323443.530901144258678 ], [ 2347672.262509276624769, 6323349.574589484371245 ], [ 2347627.393524842802435, 6323420.460742123425007 ] ] ], [ [ [ 2347614.214195750653744, 6323339.46542935166508 ], [ 2347245.951506170444191, 6323876.489834236912429 ], [ 2347330.266326386481524, 6323818.344315066933632 ], [ 2347540.466832379810512, 6323509.194082177244127 ], [ 2347675.188867353834212, 6323337.304815049283206 ], [ 2347722.588482617866248, 6323102.1378955533728 ], [ 2347614.214195750653744, 6323339.46542935166508 ] ] ], [ [ [ 2349441.134552882052958, 6328815.836222770623863 ], [ 2349394.323192921932787, 6328819.430693916976452 ], [ 2349407.035238642711192, 6328802.22694874741137 ], [ 2349243.0227883271873, 6328784.452653299085796 ], [ 2349090.259324674960226, 6328619.003960739821196 ], [ 2348788.491214234381914, 6328882.794841195456684 ], [ 2348924.293278498575091, 6329031.662777857854962 ], [ 2349278.979712240863591, 6329093.907139977440238 ], [ 2349412.794671932701021, 6329165.62768882047385 ], [ 2349684.225509019568563, 6329194.66150073800236 ], [ 2349654.56921334983781, 6329002.069046253338456 ], [ 2349482.407334936317056, 6328920.571685574948788 ], [ 2349441.134552882052958, 6328815.836222770623863 ] ], [ [ 2349321.398034429643303, 6328918.12337255757302 ], [ 2349372.276488607749343, 6328849.267424463294446 ], [ 2349278.979712240863591, 6329093.907139977440238 ], [ 2349321.398034429643303, 6328918.12337255757302 ] ] ], [ [ [ 2350815.231027513276786, 6300200.161820742301643 ], [ 2350886.861253436189145, 6300218.609877893701196 ], [ 2350928.014237043913454, 6300085.658233548514545 ], [ 2350738.062974433880299, 6300198.902854073792696 ], [ 2350801.869758966844529, 6300251.366278355941176 ], [ 2350815.231027513276786, 6300200.161820742301643 ] ] ], [ [ [ 2351039.704308730084449, 6301670.241676279343665 ], [ 2350863.989527032244951, 6301601.358560147695243 ], [ 2350967.914479819126427, 6301566.87007103767246 ], [ 2350944.927353198640049, 6301463.760158954188228 ], [ 2350819.598130283411592, 6301620.791225848719478 ], [ 2350778.996641704812646, 6301618.597425260581076 ], [ 2350858.781326634343714, 6301693.582838730886579 ], [ 2350886.933293960057199, 6301792.206834408454597 ], [ 2350999.43832386052236, 6301818.907009118236601 ], [ 2351039.704308730084449, 6301670.241676279343665 ] ] ], [ [ [ 2351110.711122184060514, 6301682.082036885432899 ], [ 2351052.98613253980875, 6301858.707551868632436 ], [ 2351134.64989683078602, 6301871.223332028836012 ], [ 2351265.595751930959523, 6301702.632103287614882 ], [ 2351211.408848206978291, 6301447.942216741852462 ], [ 2351131.214324476663023, 6301496.790710046887398 ], [ 2351032.421175880357623, 6301426.798620203509927 ], [ 2350950.431336753070354, 6301462.42432173807174 ], [ 2350969.416896817740053, 6301510.76001481898129 ], [ 2350972.767672913148999, 6301564.505585854873061 ], [ 2351058.965967176482081, 6301551.719177382066846 ], [ 2350994.657055190298706, 6301603.821089526638389 ], [ 2351044.516955418512225, 6301667.916983219794929 ], [ 2351047.233244611881673, 6301740.16950246039778 ], [ 2351110.711122184060514, 6301682.082036885432899 ] ] ], [ [ [ 2351373.28606233606115, 6302036.203278938308358 ], [ 2351370.402630902361125, 6302032.618076686747372 ], [ 2351339.486763705033809, 6301976.23242053668946 ], [ 2351432.111857912968844, 6302043.374592150561512 ], [ 2351500.013324455358088, 6301943.611406311392784 ], [ 2351533.405858099460602, 6301907.719440871849656 ], [ 2351342.579011141322553, 6301845.757276079617441 ], [ 2351321.580048756208271, 6301876.770102435722947 ], [ 2351322.309115974232554, 6301794.414461869746447 ], [ 2351265.595751930959523, 6301702.632103287614882 ], [ 2351228.05780870700255, 6301828.886151383630931 ], [ 2351155.095042934175581, 6301985.552876671776175 ], [ 2351320.998058008030057, 6301942.511943105608225 ], [ 2351263.188582949340343, 6301964.671088656410575 ], [ 2351373.28606233606115, 6302036.203278938308358 ] ], [ [ 2351320.998059960082173, 6301942.511722583323717 ], [ 2351335.178337811026722, 6301968.374532564543188 ], [ 2351320.998058008030057, 6301942.511943105608225 ], [ 2351320.998059960082173, 6301942.511722583323717 ] ] ], [ [ [ 2351545.886445630341768, 6302007.060425615869462 ], [ 2351510.410615237429738, 6301936.205180086195469 ], [ 2351480.790102439001203, 6301994.350570644252002 ], [ 2351545.886445630341768, 6302007.060425615869462 ] ] ], [ [ [ 2351439.846879226155579, 6302159.270926304161549 ], [ 2351412.130507830064744, 6302230.862497254274786 ], [ 2351490.866186439525336, 6302271.594745098613203 ], [ 2351552.712218144442886, 6302246.771670153364539 ], [ 2351478.480206863023341, 6302101.069081789813936 ], [ 2351557.309569539502263, 6302097.985406527295709 ], [ 2351552.04390524700284, 6302056.072019191458821 ], [ 2351480.790102439001203, 6301994.350570644252002 ], [ 2351432.28978028241545, 6302047.309789729304612 ], [ 2351376.208268821705133, 6302043.206389766186476 ], [ 2351268.301833418663591, 6301969.382348100654781 ], [ 2351193.770770458970219, 6301995.160201271064579 ], [ 2351166.674545190297067, 6301992.455278960056603 ], [ 2351254.90233237342909, 6302063.311638130806386 ], [ 2351343.392932491842657, 6302261.011586806736887 ], [ 2351439.846879226155579, 6302159.270926304161549 ] ] ], [ [ [ 2351664.610611588228494, 6302205.315847916528583 ], [ 2351678.825890972744673, 6302242.072433871217072 ], [ 2351669.413932347204536, 6302200.91432698071003 ], [ 2351662.658193051815033, 6302171.371881546452641 ], [ 2351664.610611588228494, 6302205.315847916528583 ] ] ], [ [ [ 2351593.162077562417835, 6302211.771521982736886 ], [ 2351629.554512794595212, 6302191.636005060747266 ], [ 2351545.403377688955516, 6302230.341499917209148 ], [ 2351593.162077562417835, 6302211.771521982736886 ] ] ], [ [ [ 2352088.965465374290943, 6302698.503676478751004 ], [ 2352157.056293651927263, 6302701.047300434671342 ], [ 2352222.228147007990628, 6302697.620626624673605 ], [ 2352128.41818914655596, 6302666.393598497845232 ], [ 2352068.706287373322994, 6302625.742811562493443 ], [ 2352031.065301803871989, 6302656.91481826454401 ], [ 2352088.965465374290943, 6302698.503676478751004 ] ] ], [ [ [ 2350728.722628715913743, 6303046.895749046467245 ], [ 2350843.22600802173838, 6302899.168913754634559 ], [ 2351089.279315676540136, 6302782.926326318643987 ], [ 2351259.529217292554677, 6302561.380120124667883 ], [ 2351301.492697124369442, 6302382.567524140700698 ], [ 2351123.246126809623092, 6302461.645731235854328 ], [ 2350993.156870731152594, 6302688.81286792922765 ], [ 2350689.570625622291118, 6302984.685631549917161 ], [ 2350659.400848741643131, 6303276.087938847020268 ], [ 2350709.450772369280457, 6303408.027342945337296 ], [ 2350728.722628715913743, 6303046.895749046467245 ] ] ], [ [ [ 2349887.929011148400605, 6306399.115181185305119 ], [ 2349863.840742227155715, 6306426.695644267834723 ], [ 2350144.272140896413475, 6306548.394422783516347 ], [ 2350328.851157958153635, 6306705.394421045668423 ], [ 2350377.652263839263469, 6306796.381759853102267 ], [ 2350375.04789518751204, 6306854.598777174018323 ], [ 2350380.351947300601751, 6306759.253186968155205 ], [ 2350368.154264498502016, 6306726.658659788779914 ], [ 2350241.251989651005715, 6306590.009329029358923 ], [ 2349887.929011148400605, 6306399.115181185305119 ] ] ], [ [ [ 2350068.130897762253881, 6306776.292524166405201 ], [ 2350365.518741839565337, 6306828.55571897700429 ], [ 2350340.333934222813696, 6306730.011399353854358 ], [ 2349859.918804095126688, 6306431.185956521891057 ], [ 2349785.086038641631603, 6306516.865805488079786 ], [ 2349725.600959156639874, 6306612.47810360044241 ], [ 2350075.070745572447777, 6306631.821850430220366 ], [ 2349731.181399886030704, 6306613.052616499364376 ], [ 2349678.288086367771029, 6306685.743830540217459 ], [ 2349509.747756774537265, 6306792.733160426840186 ], [ 2349556.66235014051199, 6307105.466521950438619 ], [ 2350004.427568721584976, 6306812.74863194860518 ], [ 2350068.130897762253881, 6306776.292524166405201 ] ] ], [ [ [ 2349725.600959156639874, 6306612.47810360044241 ], [ 2349510.793054796289653, 6306579.182134931907058 ], [ 2349468.141206574626267, 6306548.96652156393975 ], [ 2349508.883591425605118, 6306788.73101161327213 ], [ 2349725.600959156639874, 6306612.47810360044241 ] ] ], [ [ [ 2350070.986937576439232, 6306780.142337680794299 ], [ 2349557.125852514989674, 6307108.960725552402437 ], [ 2349670.642634538467973, 6307405.333976758643985 ], [ 2350028.483617523219436, 6306880.468273124657571 ], [ 2350110.818752380553633, 6306834.676658380776644 ], [ 2350070.986937576439232, 6306780.142337680794299 ] ] ], [ [ [ 2351912.56911983853206, 6310282.786610336974263 ], [ 2351860.412611393257976, 6310282.901336326263845 ], [ 2351805.383192245848477, 6310283.021760568022728 ], [ 2351807.589093079324812, 6310303.224879815243185 ], [ 2351679.437480165623128, 6310319.061387802474201 ], [ 2351412.291511741932482, 6310453.403975387103856 ], [ 2351422.61964929709211, 6310474.576936935074627 ], [ 2351375.689063512254506, 6310388.525103703141212 ], [ 2351357.424730572383851, 6310357.15995906945318 ], [ 2351144.722064459696412, 6310299.579432811588049 ], [ 2351197.375619096215814, 6310430.922128482721746 ], [ 2351184.146403670310974, 6310442.461115787737072 ], [ 2351217.002562726847827, 6310467.080446714535356 ], [ 2351189.045472991187125, 6310519.923781578429043 ], [ 2351075.675898968242109, 6310612.427292319014668 ], [ 2351087.573584001511335, 6310643.833986800163984 ], [ 2351279.085301924496889, 6310470.889655854552984 ], [ 2351241.829456906765699, 6310504.534159869886935 ], [ 2351295.779031652957201, 6310610.879274059087038 ], [ 2351316.028221725020558, 6310661.042930203489959 ], [ 2351359.037139406893402, 6310827.475602951832116 ], [ 2351117.020043361466378, 6311033.059978417120874 ], [ 2351155.34068553103134, 6311055.017400038428605 ], [ 2351196.537911900319159, 6311092.995455831289291 ], [ 2351274.714505196083337, 6311056.985809893347323 ], [ 2351240.902056636288762, 6310983.859702490270138 ], [ 2351276.473028517328203, 6310954.276861239224672 ], [ 2351323.334747668821365, 6311027.610619924962521 ], [ 2351375.026335163507611, 6310989.310459500178695 ], [ 2351342.279915847815573, 6310927.687198917381465 ], [ 2351501.699017371516675, 6311057.117030149325728 ], [ 2351524.975162177346647, 6311033.692095827311277 ], [ 2351396.819962767418474, 6310897.182026617228985 ], [ 2351429.927503317128867, 6310882.80073440913111 ], [ 2351423.853669220115989, 6310886.600014748983085 ], [ 2351618.991904513910413, 6310903.243443243205547 ], [ 2351564.662575559224933, 6310824.274356056936085 ], [ 2351589.044716412201524, 6310813.683213179931045 ], [ 2351664.402797454036772, 6310772.031379651278257 ], [ 2351804.686104660388082, 6310830.006974444724619 ], [ 2351899.303821609355509, 6310787.107208621688187 ], [ 2351859.462703277356923, 6310876.963464284315705 ], [ 2351884.122315682005137, 6310973.839754705317318 ], [ 2351867.421817888505757, 6310912.310124354436994 ], [ 2351827.683125023264438, 6310985.683550861664116 ], [ 2351996.385822026990354, 6310968.005892061628401 ], [ 2351988.10454777488485, 6310952.574961237609386 ], [ 2352008.784616605844349, 6310991.108908832073212 ], [ 2352215.792276841588318, 6310921.635136707685888 ], [ 2352264.106973388232291, 6310884.015674915164709 ], [ 2352240.812723943497986, 6310841.926400958560407 ], [ 2352554.184053534641862, 6310592.663151207379997 ], [ 2352459.340244822669774, 6310462.56115663703531 ], [ 2352507.523052751552314, 6310421.551449115388095 ], [ 2352424.124457883182913, 6310341.663353376090527 ], [ 2352372.070456332527101, 6310364.911445165984333 ], [ 2352396.080474931746721, 6310402.13821140024811 ], [ 2352359.462144300341606, 6310434.218387958593667 ], [ 2352336.062436748296022, 6310397.020951123908162 ], [ 2352292.765407545026392, 6310439.775652470067143 ], [ 2352317.516921017784625, 6310520.020992734469473 ], [ 2352267.096881694626063, 6310535.678299461491406 ], [ 2352237.111365312244743, 6310472.957726679742336 ], [ 2352208.177450921852142, 6310549.956940609030426 ], [ 2352101.055810881778598, 6310556.08422514796257 ], [ 2352240.808426108211279, 6310841.918635404668748 ], [ 2352081.075801216531545, 6310553.305335165932775 ], [ 2352034.279830762650818, 6310573.18374630343169 ], [ 2352016.755145698320121, 6310499.451221968978643 ], [ 2351920.593944851309061, 6310357.741151371970773 ], [ 2351883.194789186120033, 6310355.96761419903487 ], [ 2351914.1301897931844, 6310345.339194341562688 ], [ 2351810.560437377542257, 6310352.523158818483353 ], [ 2351911.652045386843383, 6310290.365160472691059 ], [ 2351890.429860915988684, 6310292.987720471806824 ], [ 2351912.56911983853206, 6310282.786610336974263 ] ], [ [ 2351470.318186598364264, 6310572.360229496844113 ], [ 2351567.820621981285512, 6310772.242861207574606 ], [ 2351480.325885658618063, 6310601.408120495267212 ], [ 2351316.028221725020558, 6310661.042930203489959 ], [ 2351470.318186598364264, 6310572.360229496844113 ] ], [ [ 2351654.241071258671582, 6310767.298771567642689 ], [ 2351839.325899674091488, 6310675.34413992241025 ], [ 2351664.402797454036772, 6310772.031379651278257 ], [ 2351654.241071258671582, 6310767.298771567642689 ] ], [ [ 2351863.25591585226357, 6310705.694516802206635 ], [ 2351944.366624788381159, 6310871.075805015861988 ], [ 2351899.303821609355509, 6310787.107208621688187 ], [ 2351863.25591585226357, 6310705.694516802206635 ] ], [ [ 2352048.471811626106501, 6310626.287877658382058 ], [ 2352060.723613699432462, 6310684.442057747393847 ], [ 2352045.766170816496015, 6310621.510825756937265 ], [ 2352215.792276841588318, 6310921.635136707685888 ], [ 2352048.471811626106501, 6310626.287877658382058 ] ], [ [ 2352035.347943330649287, 6310761.688871200196445 ], [ 2351988.350231773685664, 6310809.501834625378251 ], [ 2352060.723613699432462, 6310684.442057747393847 ], [ 2352035.347943330649287, 6310761.688871200196445 ] ], [ [ 2352015.02530244551599, 6310927.374832917004824 ], [ 2351975.111821203026921, 6310928.364935238845646 ], [ 2351975.111810215748847, 6310928.364914765581489 ], [ 2352016.111074899788946, 6310917.939873832277954 ], [ 2352025.560927149839699, 6310849.66782948654145 ], [ 2352015.02530244551599, 6310927.374832917004824 ] ], [ [ 2351469.446145199239254, 6310570.572521024383605 ], [ 2351434.625261561013758, 6310531.605363439768553 ], [ 2351457.259606940671802, 6310545.589787731878459 ], [ 2351469.446145199239254, 6310570.572521024383605 ] ], [ [ 2352028.656568239443004, 6310682.499982715584338 ], [ 2351985.836270584724844, 6310703.09772300068289 ], [ 2352009.577274623326957, 6310657.606854512356222 ], [ 2351974.384796849451959, 6310603.166517430916429 ], [ 2352043.627579442691058, 6310691.458535037003458 ], [ 2352028.656568239443004, 6310682.499982715584338 ] ], [ [ 2351942.803649721201509, 6310812.193216606974602 ], [ 2351935.238071072846651, 6310805.010356265120208 ], [ 2352043.627579442691058, 6310691.458535037003458 ], [ 2351942.803649721201509, 6310812.193216606974602 ] ], [ [ 2351970.650044422131032, 6310827.509060560725629 ], [ 2351964.995113453827798, 6310833.262085518799722 ], [ 2351958.854740303009748, 6310827.432334109209478 ], [ 2351970.650044422131032, 6310827.509060560725629 ] ], [ [ 2351580.484157986473292, 6310629.160290154628456 ], [ 2351695.807617540471256, 6310440.529041970148683 ], [ 2351700.526847661007196, 6310481.311872687190771 ], [ 2351580.484157986473292, 6310629.160290154628456 ] ] ], [ [ [ 2351690.95427432237193, 6310784.396981813013554 ], [ 2351567.763113595545292, 6310825.445688319392502 ], [ 2351623.585527483839542, 6310905.352237035520375 ], [ 2351647.832854828797281, 6310853.478699253872037 ], [ 2351771.061702616047114, 6310903.430208705365658 ], [ 2351751.59559653326869, 6310932.399661486968398 ], [ 2351784.987973649986088, 6310973.519190041348338 ], [ 2351860.890770986676216, 6310905.73789579141885 ], [ 2351690.95427432237193, 6310784.396981813013554 ] ] ], [ [ [ 2351468.220187901053578, 6310951.040317191742361 ], [ 2351524.975162177346647, 6311033.692095827311277 ], [ 2351541.693051755428314, 6311016.867236277088523 ], [ 2351468.220187901053578, 6310951.040317191742361 ] ] ], [ [ [ 2352045.000529808457941, 6310991.153058751486242 ], [ 2351933.361048828810453, 6310999.203745135106146 ], [ 2351944.41375245153904, 6311031.990637925453484 ], [ 2352045.000529808457941, 6310991.153058751486242 ] ] ], [ [ [ 2351402.233638563659042, 6311251.114268191158772 ], [ 2351468.667788895312697, 6311318.564899269491434 ], [ 2351612.633593702223152, 6311161.560944717377424 ], [ 2351571.252549640834332, 6311101.409807565622032 ], [ 2351527.051349312532693, 6311120.911215196363628 ], [ 2351533.819286003243178, 6311134.565426109358668 ], [ 2351402.233638563659042, 6311251.114268191158772 ] ] ], [ [ [ 2351633.857343316543847, 6311172.916581995785236 ], [ 2351646.8958850200288, 6311054.372813554480672 ], [ 2351561.480340843088925, 6311087.15594607591629 ], [ 2351672.37373152654618, 6311226.649130519479513 ], [ 2351633.857343316543847, 6311172.916581995785236 ] ] ], [ [ [ 2351444.214693129062653, 6311643.685316597111523 ], [ 2351529.244311368092895, 6311710.180614216253161 ], [ 2351446.372798169497401, 6311830.694717173464596 ], [ 2351461.179014778696001, 6311849.440876927226782 ], [ 2351315.703794387169182, 6312036.612813407555223 ], [ 2351279.673333538230509, 6312190.228549148887396 ], [ 2351161.808641762472689, 6312336.291493812575936 ], [ 2351105.417661274317652, 6312431.205457917414606 ], [ 2351080.452546081505716, 6312419.111930072307587 ], [ 2350984.265288861002773, 6312499.515204600058496 ], [ 2350879.569502954836935, 6312559.987372787669301 ], [ 2350913.469687705859542, 6312597.935280133038759 ], [ 2350991.292489290237427, 6312666.841135727241635 ], [ 2350952.594521991442889, 6312874.235721765086055 ], [ 2351016.187149114906788, 6313054.233660215511918 ], [ 2351050.475981734227389, 6312863.5142005616799 ], [ 2351180.919353478122503, 6312601.111576844938099 ], [ 2351193.794406909029931, 6312562.823662014678121 ], [ 2351169.907878322992474, 6312571.223939570598304 ], [ 2351195.081291628070176, 6312556.305847213603556 ], [ 2351201.743604640942067, 6312463.181261111982167 ], [ 2351358.744010777212679, 6312557.545186370611191 ], [ 2351402.417458020616323, 6312437.076789896935225 ], [ 2351309.101941542234272, 6312420.994752852246165 ], [ 2351473.907893940340728, 6312396.171462801285088 ], [ 2351462.79191968915984, 6312212.817775221541524 ], [ 2351386.351017744746059, 6312163.764512714929879 ], [ 2351464.508893894962966, 6312180.907762791030109 ], [ 2351463.479196772444993, 6312124.250380456447601 ], [ 2351360.182090335991234, 6312131.241555587388575 ], [ 2351385.964655469637364, 6312019.836855913512409 ], [ 2351549.070352418813854, 6311857.167554977349937 ], [ 2351775.770320432726294, 6311751.913458843715489 ], [ 2351725.113194217905402, 6311694.74605343863368 ], [ 2351656.715910719707608, 6311746.135352701880038 ], [ 2351628.972498910035938, 6311671.410206330008805 ], [ 2351658.1031683688052, 6311585.589549141004682 ], [ 2351779.792033152654767, 6311628.760567427612841 ], [ 2351775.347597144078463, 6311538.931482248939574 ], [ 2351802.335858221165836, 6311639.098025823943317 ], [ 2351868.254263930022717, 6311715.824102752842009 ], [ 2351974.265592694282532, 6311649.972026351839304 ], [ 2351941.56297030299902, 6311550.628207917325199 ], [ 2351805.916691977996379, 6311424.775165040977299 ], [ 2351737.504666082561016, 6311497.834967289119959 ], [ 2351824.105184626765549, 6311404.698468654416502 ], [ 2351809.281351508107036, 6311315.554791540838778 ], [ 2351848.784478205721825, 6311126.49379263445735 ], [ 2351920.177685648202896, 6311034.553699187003076 ], [ 2351893.134300732053816, 6311005.134546342305839 ], [ 2351724.379545981995761, 6311005.568542031571269 ], [ 2351658.02788967685774, 6311174.07372407708317 ], [ 2351676.944456033408642, 6311170.103814853355289 ], [ 2351662.935635996516794, 6311189.125934801064432 ], [ 2351666.89123872667551, 6311201.504501041956246 ], [ 2351725.567473461385816, 6311415.248286738991737 ], [ 2351659.167149464599788, 6311516.409062765538692 ], [ 2351605.117801429703832, 6311441.818256690166891 ], [ 2351456.079522610176355, 6311589.625545768998563 ], [ 2351444.214693129062653, 6311643.685316597111523 ] ], [ [ 2350950.971437393687665, 6312551.413688189350069 ], [ 2350959.437548391055316, 6312577.692904382944107 ], [ 2350913.469687705859542, 6312597.935280133038759 ], [ 2350950.971437393687665, 6312551.413688189350069 ] ], [ [ 2351273.281468112021685, 6312327.356586246751249 ], [ 2351292.150383438915014, 6312334.525453069247305 ], [ 2351309.101941542234272, 6312420.994752852246165 ], [ 2351273.281468112021685, 6312327.356586246751249 ] ], [ [ 2351786.412864542100579, 6311514.300516393966973 ], [ 2351807.40432495623827, 6311521.367550820112228 ], [ 2351802.335858221165836, 6311639.098025823943317 ], [ 2351786.412864542100579, 6311514.300516393966973 ] ], [ [ 2351767.181042913813144, 6311395.072727273218334 ], [ 2351771.945850238669664, 6311385.090679306536913 ], [ 2351824.105184626765549, 6311404.698468654416502 ], [ 2351767.181042913813144, 6311395.072727273218334 ] ], [ [ 2351181.241697509773076, 6312397.71658887155354 ], [ 2351252.288538767956197, 6312319.38074279949069 ], [ 2351267.054478070698678, 6312324.990765979513526 ], [ 2351181.241697509773076, 6312397.71658887155354 ] ], [ [ 2351583.006756688002497, 6311676.88155272975564 ], [ 2351571.487369345501065, 6311707.515480432659388 ], [ 2351561.940381401684135, 6311719.798865988850594 ], [ 2351583.006756688002497, 6311676.88155272975564 ] ], [ [ 2351445.978464975487441, 6312374.059895697049797 ], [ 2351416.70459220930934, 6312402.239851757884026 ], [ 2351363.020335551351309, 6312377.063400850631297 ], [ 2351326.326535203959793, 6312267.265647556632757 ], [ 2351445.978464975487441, 6312374.059895697049797 ] ], [ [ 2350956.48512561339885, 6312544.573859232477844 ], [ 2350964.801313797477633, 6312534.257478890940547 ], [ 2351037.221170634962618, 6312545.989758678711951 ], [ 2350956.48512561339885, 6312544.573859232477844 ] ] ], [ [ [ 2351322.804149301256984, 6311173.789980659261346 ], [ 2351402.233638563659042, 6311251.114268191158772 ], [ 2351501.227452991530299, 6311147.101845372468233 ], [ 2351405.379125574603677, 6311146.736768500879407 ], [ 2351322.804149301256984, 6311173.789980659261346 ] ] ], [ [ [ 2351628.975966622121632, 6311179.520925743505359 ], [ 2351468.667788895312697, 6311318.564899269491434 ], [ 2351497.617329795379192, 6311436.010596465319395 ], [ 2351709.746304340660572, 6311360.782920253463089 ], [ 2351628.975966622121632, 6311179.520925743505359 ] ] ], [ [ [ 2350799.025927648879588, 6311640.245242273434997 ], [ 2350658.542013033293188, 6311743.07686348259449 ], [ 2350673.577420910820365, 6311780.445471068844199 ], [ 2350691.006639718543738, 6311887.408171920105815 ], [ 2350739.642575547099113, 6312062.638712263666093 ], [ 2350891.266055544372648, 6312063.459198074415326 ], [ 2350718.891739221755415, 6312076.442830041050911 ], [ 2350685.67334055993706, 6312028.476561680436134 ], [ 2350600.799722031224519, 6312017.028493050485849 ], [ 2350635.92198591446504, 6311980.73389030341059 ], [ 2350613.287130745593458, 6311913.245517361909151 ], [ 2350468.99541707104072, 6312016.857975688762963 ], [ 2350383.879247246775776, 6311977.955527320504189 ], [ 2350384.750776574015617, 6312038.657026277855039 ], [ 2350446.052356116473675, 6312051.908793649636209 ], [ 2350500.95003446098417, 6312141.170713174156845 ], [ 2350522.515137274749577, 6312249.728479477576911 ], [ 2350650.151736137922853, 6312247.57771834731102 ], [ 2350636.596110980957747, 6312106.657845634035766 ], [ 2350670.711053848266602, 6312377.920722880400717 ], [ 2350725.902570155914873, 6312350.476237742230296 ], [ 2350721.387186648324132, 6312343.791954835876822 ], [ 2350860.539350525010377, 6312335.729911403730512 ], [ 2350881.806845224928111, 6312375.131503304466605 ], [ 2351086.70658435113728, 6312180.815467929467559 ], [ 2351129.566158968955278, 6312069.853039572015405 ], [ 2351111.93705385690555, 6312036.953705359250307 ], [ 2351230.743922797497362, 6312038.024061069823802 ], [ 2351244.356076713651419, 6311976.348545145243406 ], [ 2350968.312673131935298, 6311914.374378849752247 ], [ 2351262.763391106855124, 6311964.214126134291291 ], [ 2351405.627807089593261, 6311819.760226251557469 ], [ 2351343.866533909924328, 6311700.910786082036793 ], [ 2351410.028848623856902, 6311784.679813344031572 ], [ 2351397.413685523439199, 6311764.999409620650113 ], [ 2351456.079522610176355, 6311589.625545768998563 ], [ 2351465.837609213776886, 6311463.762649120762944 ], [ 2351321.027605206239969, 6311494.492638203315437 ], [ 2351217.818149354774505, 6311536.121716005727649 ], [ 2351270.908658135682344, 6311490.078562901355326 ], [ 2351241.622290443629026, 6311427.966250510886312 ], [ 2351175.83857582276687, 6311478.94476077798754 ], [ 2351128.903293444309384, 6311534.068444512784481 ], [ 2351007.017030315008014, 6311505.812473960220814 ], [ 2350836.487498610280454, 6311646.266802320256829 ], [ 2350799.025927648879588, 6311640.245242273434997 ] ], [ [ 2350707.482759573031217, 6311930.884952939115465 ], [ 2350900.529943721368909, 6311898.412801285274327 ], [ 2350903.09782936424017, 6311902.917188547551632 ], [ 2350707.482759573031217, 6311930.884952939115465 ] ], [ [ 2350934.94971997058019, 6311958.789322385564446 ], [ 2350972.174159867689013, 6312024.085568492300808 ], [ 2350959.534167137928307, 6312023.489100471138954 ], [ 2350934.94971997058019, 6311958.789322385564446 ] ], [ [ 2350867.89956893119961, 6312252.246970055624843 ], [ 2350851.735997705254704, 6312266.636048980988562 ], [ 2350769.477667105849832, 6312231.125315824523568 ], [ 2350867.89956893119961, 6312252.246970055624843 ] ], [ [ 2350747.874815459363163, 6312299.593150706030428 ], [ 2350716.688193002715707, 6312336.835867308080196 ], [ 2350707.561286519281566, 6312323.324982819147408 ], [ 2350723.70528849773109, 6312300.778972920961678 ], [ 2350747.874815459363163, 6312299.593150706030428 ] ] ], [ [ [ 2350133.696929884608835, 6311820.641101943328977 ], [ 2350163.400716909207404, 6312015.784861722961068 ], [ 2350382.373953592032194, 6312026.225495981052518 ], [ 2350238.867088160477579, 6311946.769572181627154 ], [ 2350133.696929884608835, 6311820.641101943328977 ] ] ], [ [ [ 2351585.674005726352334, 6312105.016203789040446 ], [ 2351698.931856059934944, 6311954.101155869662762 ], [ 2351542.152522943448275, 6312058.179337053559721 ], [ 2351585.674005726352334, 6312105.016203789040446 ] ] ], [ [ [ 2353029.580999947618693, 6301384.361519406549633 ], [ 2353080.948373305611312, 6301501.580937132239342 ], [ 2353110.204347041901201, 6301610.594869686290622 ], [ 2353107.625876734033227, 6301700.079346019774675 ], [ 2353031.336695202160627, 6301765.176194760017097 ], [ 2353407.488317904993892, 6301771.476449535228312 ], [ 2353265.150175848975778, 6301358.32491722330451 ], [ 2353211.650239295791835, 6301311.752820485271513 ], [ 2353239.337931806221604, 6301020.247232360765338 ], [ 2353141.598734038881958, 6300848.186642749235034 ], [ 2353133.872735609300435, 6300749.719238514080644 ], [ 2353050.22572967922315, 6300738.939969069324434 ], [ 2353008.452447454910725, 6300802.413698375225067 ], [ 2353081.409910307731479, 6300953.890917313285172 ], [ 2353033.429990589153022, 6301163.591389995999634 ], [ 2353057.112800314556807, 6301263.827790909446776 ], [ 2353029.580999947618693, 6301384.361519406549633 ] ] ], [ [ [ 2353075.321902096737176, 6300954.72568946890533 ], [ 2352955.996005785185844, 6300932.434771161526442 ], [ 2352234.126422046218067, 6301258.851288301870227 ], [ 2352486.756107096094638, 6301335.630271086469293 ], [ 2353023.51900486741215, 6301385.144551591947675 ], [ 2353050.987637209240347, 6301263.362459508702159 ], [ 2353026.468384992331266, 6301176.558611264452338 ], [ 2352586.314014717936516, 6301171.436085936613381 ], [ 2353027.377150360029191, 6301162.79611452948302 ], [ 2353075.321902096737176, 6300954.72568946890533 ] ] ], [ [ [ 2353023.51900486741215, 6301385.144551591947675 ], [ 2352860.524347946513444, 6301385.18276066146791 ], [ 2353103.239778640680015, 6301661.738149576820433 ], [ 2353023.51900486741215, 6301385.144551591947675 ] ] ], [ [ [ 2353003.991876365616918, 6301774.296405971981585 ], [ 2353023.03882102901116, 6301764.678967875428498 ], [ 2352823.273852613288909, 6301752.708825753070414 ], [ 2353003.991876365616918, 6301774.296405971981585 ] ] ], [ [ [ 2352789.848773379344493, 6301753.380566228181124 ], [ 2353016.599508794955909, 6301876.144268985837698 ], [ 2352977.841949136927724, 6301884.799894752912223 ], [ 2353231.198002777993679, 6302067.225762915797532 ], [ 2353298.051735037472099, 6301885.955229897983372 ], [ 2353309.864376276731491, 6301904.031313725747168 ], [ 2353394.369464942254126, 6301786.917245419695973 ], [ 2353004.626623452175409, 6301779.886533544398844 ], [ 2352789.848773379344493, 6301753.380566228181124 ] ], [ [ 2353261.625110201071948, 6301830.214036140590906 ], [ 2353271.24297699984163, 6301844.931605477817357 ], [ 2353243.398718466050923, 6301835.254807511344552 ], [ 2353261.625110201071948, 6301830.214036140590906 ] ] ], [ [ [ 2353604.751159380655736, 6302348.430100507102907 ], [ 2353565.720700303092599, 6302358.843928510323167 ], [ 2353563.694039721507579, 6302347.60947488155216 ], [ 2353565.560579391662031, 6302361.669617311097682 ], [ 2353554.161312530282885, 6302562.91482225432992 ], [ 2353646.559081889688969, 6302627.209492036141455 ], [ 2353718.188919549807906, 6302621.237895142287016 ], [ 2353694.247625509742647, 6302421.045170600526035 ], [ 2353647.917729204520583, 6302379.041803505271673 ], [ 2353641.380068976432085, 6302427.72224076744169 ], [ 2353633.329770361538976, 6302353.969615018926561 ], [ 2353710.856528694275767, 6302427.297621913254261 ], [ 2353771.446101141627878, 6302288.221482470631599 ], [ 2353704.855975919868797, 6302159.874671190045774 ], [ 2353690.621641306672245, 6301981.320146304555237 ], [ 2353760.52429470140487, 6301774.24460238404572 ], [ 2353900.625795964617282, 6301559.703548430465162 ], [ 2353701.712081725243479, 6301681.343232140876353 ], [ 2353493.930510553531349, 6301961.795209737494588 ], [ 2353550.71039096545428, 6302275.824796995148063 ], [ 2353589.061973890755326, 6302312.099306565709412 ], [ 2353604.751159380655736, 6302348.430100507102907 ] ] ], [ [ [ 2353461.748671436682343, 6302234.7099385606125 ], [ 2353541.900096798315644, 6302227.114293773658574 ], [ 2353486.076205471530557, 6301918.35556314792484 ], [ 2353466.777415823191404, 6301890.696043205447495 ], [ 2353454.013754189480096, 6301948.751244650222361 ], [ 2353498.966718159615993, 6302031.593780658207834 ], [ 2353432.541438611689955, 6301946.153297917917371 ], [ 2353309.864376276731491, 6301904.031313725747168 ], [ 2353231.198002777993679, 6302067.225762915797532 ], [ 2353461.748671436682343, 6302234.7099385606125 ] ] ], [ [ [ 2353853.778787263669074, 6302578.542302258312702 ], [ 2353946.289740228559822, 6302561.25921075977385 ], [ 2354130.264874189160764, 6302521.818223666399717 ], [ 2354337.230269919149578, 6302551.47954623773694 ], [ 2354352.739095052238554, 6302603.36943157762289 ], [ 2354635.803335217293352, 6302303.558289244771004 ], [ 2353952.730716603342444, 6302420.119693025015295 ], [ 2353935.492458134889603, 6302304.119732966646552 ], [ 2353777.633522915653884, 6302289.436253620311618 ], [ 2353710.856528694275767, 6302427.297621913254261 ], [ 2353718.188919549807906, 6302621.237895142287016 ], [ 2353823.353055508807302, 6302593.013461315073073 ], [ 2353845.228135068900883, 6302534.427189369685948 ], [ 2353853.778787263669074, 6302578.542302258312702 ] ], [ [ 2353952.000647477805614, 6302436.117516694590449 ], [ 2353827.732535236049443, 6302444.159486152231693 ], [ 2353873.388353470247239, 6302434.175226383842528 ], [ 2353952.730716603342444, 6302420.119693025015295 ], [ 2353952.000647477805614, 6302436.117516694590449 ] ] ], [ [ [ 2353353.813162575941533, 6303202.274670626968145 ], [ 2353251.083672738168389, 6303282.471904948353767 ], [ 2353248.271882180124521, 6303296.416350854560733 ], [ 2353319.962074029259384, 6303285.821317811496556 ], [ 2353277.453350495547056, 6303310.085518594831228 ], [ 2353305.826736333779991, 6303333.089559774845839 ], [ 2353280.026207150891423, 6303362.804657678119838 ], [ 2353410.258437095209956, 6303302.243614992126822 ], [ 2353536.762381448876113, 6303282.028318681754172 ], [ 2353616.9949777177535, 6303185.178220083005726 ], [ 2353614.087337998207659, 6302739.736466906964779 ], [ 2353414.61065388796851, 6302893.164464370347559 ], [ 2353441.592284106183797, 6302916.286174144595861 ], [ 2353415.148496060632169, 6302962.51898080483079 ], [ 2353492.551056656055152, 6302958.183209765702486 ], [ 2353506.454146643634886, 6303074.583126794546843 ], [ 2353502.348119088914245, 6303079.581680560484529 ], [ 2353391.945318469777703, 6303171.976201774552464 ], [ 2353349.783559774048626, 6303201.055993482470512 ], [ 2353330.673441176768392, 6303218.743237541057169 ], [ 2353353.813162575941533, 6303202.274670626968145 ] ], [ [ 2353480.978885650169104, 6302882.556183341890574 ], [ 2353485.281200008932501, 6302888.112869246862829 ], [ 2353474.278177195694298, 6302896.700261021032929 ], [ 2353480.978885650169104, 6302882.556183341890574 ] ] ], [ [ [ 2353099.175863104872406, 6303457.02698374260217 ], [ 2353138.078995398245752, 6303431.442195631563663 ], [ 2353177.53537489194423, 6303251.244530562311411 ], [ 2353077.123055852949619, 6303441.123665193095803 ], [ 2353099.175863104872406, 6303457.02698374260217 ] ] ], [ [ [ 2352048.936389819253236, 6306435.803213213570416 ], [ 2352556.184329580049962, 6306359.450621876865625 ], [ 2352574.361010728403926, 6306347.341487368568778 ], [ 2352048.936389819253236, 6306435.803213213570416 ] ] ], [ [ [ 2352354.535663837566972, 6306877.210692918859422 ], [ 2352442.427208289504051, 6306580.587362030521035 ], [ 2352589.169774169102311, 6306435.497889217920601 ], [ 2352560.821144667919725, 6306363.834082155488431 ], [ 2352165.980787914711982, 6306446.320987218990922 ], [ 2352044.407349156215787, 6306444.116861891932786 ], [ 2352354.535663837566972, 6306877.210692918859422 ] ] ], [ [ [ 2353805.749988958239555, 6308263.988043782301247 ], [ 2353894.091646239161491, 6308310.29444589279592 ], [ 2353959.939461100846529, 6308332.851343953981996 ], [ 2353884.718575256410986, 6308242.402082205750048 ], [ 2353805.944868471939117, 6308226.399503921158612 ], [ 2353593.744380608666688, 6308195.634786362759769 ], [ 2353741.766904373653233, 6308238.110440695658326 ], [ 2353805.749988958239555, 6308263.988043782301247 ] ] ], [ [ [ 2353840.382336653303355, 6308531.762197745963931 ], [ 2353962.94871086301282, 6308605.555267040617764 ], [ 2353989.565349717158824, 6308586.902826043777168 ], [ 2353975.472311400342733, 6308539.943125586025417 ], [ 2354003.427788812667131, 6308540.535987809300423 ], [ 2354312.627611143048853, 6308398.137728552334011 ], [ 2354403.57335661072284, 6308291.507859848439693 ], [ 2354392.492195164784789, 6308141.598942055366933 ], [ 2354404.224678970407695, 6308297.060064592398703 ], [ 2354462.966662926599383, 6308251.591256137937307 ], [ 2354518.318624589592218, 6308428.145039689727128 ], [ 2354575.389486246742308, 6308446.740596239455044 ], [ 2354557.752985346131027, 6308414.363953647203743 ], [ 2354572.626565932296216, 6308423.081562049686909 ], [ 2354524.874084289185703, 6307929.490752961486578 ], [ 2354403.718222836963832, 6307784.376626624725759 ], [ 2354390.627987080719322, 6307651.169726439751685 ], [ 2354362.938531956169754, 6307741.789076443761587 ], [ 2354137.048249411862344, 6308199.183659476228058 ], [ 2353958.040822810959071, 6308252.821991706266999 ], [ 2353974.087547472678125, 6308354.544307240284979 ], [ 2353895.321056555490941, 6308316.380088897421956 ], [ 2353857.985361328814179, 6308303.436100444756448 ], [ 2353806.435112637002021, 6308270.764633181504905 ], [ 2353554.457416739780456, 6308187.400534125044942 ], [ 2353464.366837951820344, 6308128.697815853171051 ], [ 2353563.233594301622361, 6308229.123315361328423 ], [ 2353592.962477209512144, 6308389.517552448436618 ], [ 2353635.018725844565779, 6308622.814847782254219 ], [ 2353575.713366146199405, 6308824.998487388715148 ], [ 2353615.121592280920595, 6308897.115021732635796 ], [ 2353710.864081206731498, 6308897.720706602558494 ], [ 2353814.79040954913944, 6308615.578733107075095 ], [ 2353791.11153597291559, 6308533.858812754973769 ], [ 2353840.382336653303355, 6308531.762197745963931 ] ], [ [ 2353779.372679142747074, 6308442.993214498274028 ], [ 2353722.303676832467318, 6308373.574983489699662 ], [ 2353835.644411757122725, 6308506.575003039091825 ], [ 2353834.865315496455878, 6308489.345501613803208 ], [ 2353840.382336653303355, 6308531.762197745963931 ], [ 2353779.372679142747074, 6308442.993214498274028 ] ], [ [ 2353812.714132688939571, 6308319.039830604568124 ], [ 2353812.123133856803179, 6308316.773896816186607 ], [ 2353812.396891505457461, 6308316.600774728693068 ], [ 2353812.714132688939571, 6308319.039830604568124 ] ], [ [ 2354454.594603226520121, 6308224.988403073512018 ], [ 2354433.928779339417815, 6308091.800775389187038 ], [ 2354403.720111107453704, 6307784.395841758698225 ], [ 2354454.594603226520121, 6308224.988403073512018 ] ] ], [ [ [ 2353415.778739423491061, 6309164.168167193420231 ], [ 2353421.539214433636516, 6309332.140381609089673 ], [ 2353439.303767202887684, 6309407.968964478932321 ], [ 2353584.772943332791328, 6309154.571594065055251 ], [ 2353656.613327802158892, 6308993.91679160296917 ], [ 2353634.754033158533275, 6309007.861425478942692 ], [ 2353601.040286279749125, 6308970.676693050190806 ], [ 2353691.546969429124147, 6308965.767108484171331 ], [ 2353666.426737234927714, 6308986.985099482350051 ], [ 2353805.139903654810041, 6309168.428923603147268 ], [ 2353811.461563785560429, 6309169.723673751577735 ], [ 2353827.590221795253456, 6309221.680794221349061 ], [ 2353899.326029813848436, 6309192.810202068649232 ], [ 2353876.861916394904256, 6309177.798359077423811 ], [ 2353942.016532624606043, 6309152.775217162445188 ], [ 2353854.286464189644903, 6309055.639375478960574 ], [ 2353878.138358595781028, 6309036.522076456807554 ], [ 2354103.614248799625784, 6308914.901418003253639 ], [ 2353977.039295438211411, 6308995.013325507752597 ], [ 2354189.441481309942901, 6308914.510260105133057 ], [ 2354238.31458087451756, 6308896.312385976314545 ], [ 2354155.747052532620728, 6308746.132746650837362 ], [ 2354236.825739369727671, 6308886.388161942362785 ], [ 2354381.339809174183756, 6308874.099916957318783 ], [ 2354413.762727907393128, 6308822.066458912566304 ], [ 2354421.450486353598535, 6308666.967384829185903 ], [ 2354434.489963348023593, 6308771.273519663140178 ], [ 2354519.822931655682623, 6308741.863246307708323 ], [ 2354698.428558400366455, 6308768.935367297381163 ], [ 2354757.813345086295158, 6308798.057515045627952 ], [ 2354679.854357015807182, 6308796.366757516749203 ], [ 2354829.199122147168964, 6308914.07560033723712 ], [ 2354868.328215159010142, 6309016.756753967143595 ], [ 2354922.931647972669452, 6309033.63668956886977 ], [ 2354920.924189156387001, 6309020.468293435871601 ], [ 2354929.644841546192765, 6309064.822161247953773 ], [ 2354965.335675061214715, 6309117.124137417413294 ], [ 2354935.879531329497695, 6309112.196777339093387 ], [ 2354939.983476085588336, 6309157.754823862574995 ], [ 2354998.296031345613301, 6309165.424824152141809 ], [ 2355049.583040066994727, 6309150.658588515594602 ], [ 2355152.857523499522358, 6309186.23342889547348 ], [ 2355124.381547383964062, 6309143.866582093760371 ], [ 2355152.462489755824208, 6309016.090297769755125 ], [ 2355118.752377850003541, 6308965.627405686303973 ], [ 2355057.941819957923144, 6309003.815109887160361 ], [ 2355051.715146109461784, 6308943.23414658010006 ], [ 2355031.483660133555532, 6308971.967346485704184 ], [ 2355098.00172870978713, 6308826.672973595559597 ], [ 2355050.79829846136272, 6308934.314691541716456 ], [ 2355104.528411446139216, 6308858.264363304711878 ], [ 2355237.988867356441915, 6308886.202603050507605 ], [ 2355270.422655926086009, 6308824.342526827938855 ], [ 2355329.410281523596495, 6308801.418188482522964 ], [ 2355354.951378875412047, 6308776.224454492330551 ], [ 2355349.474047902040184, 6308739.361877565272152 ], [ 2355412.455191672313958, 6308732.275298532098532 ], [ 2355397.971630793996155, 6308712.442217841744423 ], [ 2355494.579478897619992, 6308642.139300264418125 ], [ 2355568.224690402392298, 6308578.496493620797992 ], [ 2355553.182572866789997, 6308495.295962539501488 ], [ 2355536.739040001761168, 6308522.75478036981076 ], [ 2355556.804030261933804, 6308406.227159853093326 ], [ 2355443.438100091181695, 6308436.074227606877685 ], [ 2355417.864500915631652, 6308380.144089707173407 ], [ 2355340.506850643549114, 6308371.520781106315553 ], [ 2355429.41038027824834, 6308502.254857080988586 ], [ 2355346.601323601324111, 6308421.949280925095081 ], [ 2355355.318396118469536, 6308654.034962048754096 ], [ 2355349.611853801645339, 6308556.83185738325119 ], [ 2355317.790908545255661, 6308526.133542904630303 ], [ 2355155.934012357145548, 6308511.811210072599351 ], [ 2354923.337917669210583, 6308644.313584076240659 ], [ 2354860.867647584527731, 6308668.907910437323153 ], [ 2354801.755516540259123, 6308666.951627528294921 ], [ 2354771.54356193356216, 6308648.260280472226441 ], [ 2354386.187235565390438, 6308567.068190119229257 ], [ 2354231.379600386600941, 6308602.67074584402144 ], [ 2353975.793219148181379, 6308662.310489004477859 ], [ 2353968.976043578237295, 6308732.038959131576121 ], [ 2353935.179775411263108, 6308715.026803446002305 ], [ 2353811.051298927515745, 6308864.826887551695108 ], [ 2353745.664540131576359, 6308920.056299796327949 ], [ 2353666.340385346673429, 6308897.439134816639125 ], [ 2353600.301827043760568, 6308969.862206033430994 ], [ 2353524.186724083032459, 6308885.910702584311366 ], [ 2353279.626767429988831, 6308871.971228070557117 ], [ 2353256.002096399664879, 6309012.43057750724256 ], [ 2353377.545070107560605, 6309085.148474367335439 ], [ 2353345.65145005332306, 6309124.153615256771445 ], [ 2353415.778739423491061, 6309164.168167193420231 ] ], [ [ 2353512.386065811850131, 6309136.821341940201819 ], [ 2353512.59174264781177, 6309124.38054564408958 ], [ 2353584.772943332791328, 6309154.571594065055251 ], [ 2353512.386065811850131, 6309136.821341940201819 ] ], [ [ 2354352.14665353205055, 6308651.342184158042073 ], [ 2354376.654951327480376, 6308642.803276345133781 ], [ 2354421.450486353598535, 6308666.967384829185903 ], [ 2354352.14665353205055, 6308651.342184158042073 ] ], [ [ 2355042.894179846160114, 6309016.799223398789763 ], [ 2355038.064618835691363, 6309146.690851441584527 ], [ 2355024.476063179317862, 6308932.447542545385659 ], [ 2355031.483660133555532, 6308971.967346485704184 ], [ 2355042.894179846160114, 6309016.799223398789763 ] ], [ [ 2355059.027343638706952, 6309014.376458030194044 ], [ 2355057.941825484856963, 6309003.815163662657142 ], [ 2355100.693973259534687, 6309027.86922868900001 ], [ 2355042.894179846160114, 6309016.799223398789763 ], [ 2355059.027343638706952, 6309014.376458030194044 ] ], [ [ 2355123.255886795464903, 6309142.191812824457884 ], [ 2355117.328112793155015, 6309133.372410391457379 ], [ 2355100.693973259534687, 6309027.86922868900001 ], [ 2355123.255886795464903, 6309142.191812824457884 ] ], [ [ 2354891.882200432941318, 6308696.670198423787951 ], [ 2354871.570327466353774, 6308769.450988819822669 ], [ 2354874.825211005751044, 6308786.005561551079154 ], [ 2354806.47836490906775, 6308771.284389596432447 ], [ 2354841.648971686139703, 6308699.862278682179749 ], [ 2354882.162818972487003, 6308731.495771808549762 ], [ 2354860.867647584527731, 6308668.907910437323153 ], [ 2354891.882200432941318, 6308696.670198423787951 ] ], [ [ 2354046.992607936263084, 6308679.082679797895253 ], [ 2354002.446835335344076, 6308690.867273412644863 ], [ 2354044.210820641368628, 6308737.772763513959944 ], [ 2354044.537486176937819, 6308738.169988674111664 ], [ 2353975.793219148181379, 6308662.310489004477859 ], [ 2354046.992607936263084, 6308679.082679797895253 ] ], [ [ 2353850.771029883995652, 6309093.694050245918334 ], [ 2353867.290023792535067, 6309171.401856968179345 ], [ 2353853.279676680453122, 6309162.039318274706602 ], [ 2353850.771029883995652, 6309093.694050245918334 ] ], [ [ 2354275.50659197429195, 6308678.044259754009545 ], [ 2354232.90510881645605, 6308711.576741747558117 ], [ 2354207.383922444656491, 6308701.778800601139665 ], [ 2354275.50659197429195, 6308678.044259754009545 ] ], [ [ 2355060.043552533723414, 6308701.823291465640068 ], [ 2355071.404139972757548, 6308683.717894989997149 ], [ 2355072.052102527581155, 6308687.761221355758607 ], [ 2355197.217669275589287, 6308570.425583090633154 ], [ 2355113.503007240593433, 6308695.247264943085611 ], [ 2355188.529399507679045, 6308581.131744879297912 ], [ 2355084.75696883071214, 6308703.894720771349967 ], [ 2355060.043552533723414, 6308701.823291465640068 ] ], [ [ 2355113.835093523841351, 6308790.566898667253554 ], [ 2355069.523287431336939, 6308747.58522124774754 ], [ 2355145.340803376398981, 6308718.721934948116541 ], [ 2355113.835093523841351, 6308790.566898667253554 ] ], [ [ 2355471.991961220744997, 6308564.871759479865432 ], [ 2355469.146997498348355, 6308563.407943591475487 ], [ 2355467.473495989572257, 6308558.227283391170204 ], [ 2355471.991961220744997, 6308564.871759479865432 ] ], [ [ 2355514.777084714267403, 6308559.428732031024992 ], [ 2355502.207488188985735, 6308580.41851956769824 ], [ 2355479.65333255706355, 6308568.813755998387933 ], [ 2355514.777084714267403, 6308559.428732031024992 ] ] ], [ [ [ 2353765.725985170807689, 6309179.574859450571239 ], [ 2353739.494463854003698, 6309193.503104474395514 ], [ 2353796.085638863500208, 6309283.933077503927052 ], [ 2353816.308695516549051, 6309204.685800024308264 ], [ 2353765.725985170807689, 6309179.574859450571239 ] ] ], [ [ [ 2353732.85103871813044, 6309276.575894700363278 ], [ 2353621.160610618535429, 6309271.281240394338965 ], [ 2353529.775133635383099, 6309427.1279336810112 ], [ 2353698.889296977315098, 6309352.455055714584887 ], [ 2353732.85103871813044, 6309276.575894700363278 ] ] ], [ [ [ 2353196.633077423088253, 6309223.320176970213652 ], [ 2353207.892669839784503, 6309175.654835104010999 ], [ 2353145.176489791832864, 6309154.190651096403599 ], [ 2353138.727686530910432, 6309310.340882315300405 ], [ 2352962.002716289367527, 6309430.332598520442843 ], [ 2352525.350359752774239, 6309601.677504700608552 ], [ 2352965.523456635884941, 6310092.138647659681737 ], [ 2353005.50749231968075, 6310115.840024874545634 ], [ 2352965.666783215478063, 6310142.488901648670435 ], [ 2352868.295691982377321, 6310076.113922008313239 ], [ 2352756.207596385851502, 6310122.01252718642354 ], [ 2352770.760907454416156, 6310204.152610533870757 ], [ 2352818.77777094906196, 6310234.869927675463259 ], [ 2352777.729874407872558, 6310261.153287960216403 ], [ 2352808.489498414564878, 6310369.531739071011543 ], [ 2352807.128803791478276, 6310369.81423039548099 ], [ 2352889.778989916201681, 6310470.81950147356838 ], [ 2353136.53698118403554, 6310481.699382413178682 ], [ 2353185.964862946420908, 6310415.797532372176647 ], [ 2353001.840738627128303, 6310418.015491992235184 ], [ 2353099.306225309614092, 6310416.352388869039714 ], [ 2353049.825680558104068, 6310380.872827299870551 ], [ 2353174.55759388813749, 6310415.325031698681414 ], [ 2353291.767367167863995, 6310412.617808122187853 ], [ 2353232.623117103707045, 6310202.286363346502185 ], [ 2353188.876022954937071, 6310252.301818591542542 ], [ 2353176.422292247414589, 6310306.794320514425635 ], [ 2353173.695295446086675, 6310262.276725362986326 ], [ 2353123.131340925581753, 6310290.298927323892713 ], [ 2353097.135847158264369, 6310301.026889329776168 ], [ 2353228.164242883678526, 6310207.384060558862984 ], [ 2353161.755900615360588, 6310117.032598512247205 ], [ 2353180.854000663384795, 6310063.323430850170553 ], [ 2353142.688774155452847, 6310083.295655044727027 ], [ 2353160.658384026493877, 6310011.165545009076595 ], [ 2353005.817578268703073, 6309980.627136310562491 ], [ 2353066.975312927272171, 6309924.148374132812023 ], [ 2353048.604858952574432, 6309877.120914679951966 ], [ 2353098.669689828529954, 6309787.641692692413926 ], [ 2353155.634681562427431, 6309895.03157585952431 ], [ 2353228.414203087799251, 6309903.803914790973067 ], [ 2353217.541424467694014, 6309757.409016357734799 ], [ 2353168.381424148567021, 6309774.764430653303862 ], [ 2353221.546447655651718, 6309712.47422107309103 ], [ 2353117.911377996206284, 6309691.561525760218501 ], [ 2353128.687964987009764, 6309733.991018963977695 ], [ 2353100.142200272064656, 6309673.389123189263046 ], [ 2353137.815616629086435, 6309332.425588618963957 ], [ 2353126.474119612015784, 6309607.046678761951625 ], [ 2353150.906336114276201, 6309611.311126925982535 ], [ 2353144.394892257638276, 6309500.971621782518923 ], [ 2353214.341493395157158, 6309504.184147539548576 ], [ 2353209.258245522156358, 6309457.065774879418314 ], [ 2353291.590459391009063, 6309418.611859328113496 ], [ 2353271.471043422818184, 6309372.144361588172615 ], [ 2353374.208593381103128, 6309383.678729584440589 ], [ 2353323.92930123815313, 6309259.906475122086704 ], [ 2353196.633077423088253, 6309223.320176970213652 ] ], [ [ 2353045.738546804990619, 6310322.997048318386078 ], [ 2353051.899930128827691, 6310321.787731574848294 ], [ 2353049.825680558104068, 6310380.872827299870551 ], [ 2353045.738546804990619, 6310322.997048318386078 ] ] ], [ [ [ 2353439.303767202887684, 6309407.968964478932321 ], [ 2353418.782282141037285, 6309378.356255830265582 ], [ 2353406.603392682038248, 6309436.104762355796993 ], [ 2353439.303767202887684, 6309407.968964478932321 ] ] ], [ [ [ 2353630.444548300467432, 6309445.344070641323924 ], [ 2353671.794278860557824, 6309454.893109583295882 ], [ 2353681.466810769401491, 6309433.313627389259636 ], [ 2353642.215410529635847, 6309391.73203098308295 ], [ 2353630.444548300467432, 6309445.344070641323924 ] ] ], [ [ [ 2353405.641186650842428, 6309482.897983395494521 ], [ 2353448.280840228311718, 6309504.55634275265038 ], [ 2353519.208894042763859, 6309419.653625980950892 ], [ 2353446.021520627196878, 6309411.058848931454122 ], [ 2353405.641186650842428, 6309482.897983395494521 ] ] ], [ [ [ 2353217.917602325323969, 6309591.205326355993748 ], [ 2353188.12427194416523, 6309617.80753377918154 ], [ 2353255.76257041329518, 6309629.613187649287283 ], [ 2353217.917602325323969, 6309591.205326355993748 ] ] ], [ [ [ 2353335.386369971558452, 6309665.3473343513906 ], [ 2353331.102061676327139, 6309671.969988371245563 ], [ 2353126.396924686152488, 6309607.033128801733255 ], [ 2353126.361008029431105, 6309607.331559018231928 ], [ 2353100.142200272064656, 6309673.389123189263046 ], [ 2353117.077226290479302, 6309684.469614569097757 ], [ 2353126.27037766482681, 6309608.084603476338089 ], [ 2353116.258751624729484, 6309691.270846183411777 ], [ 2353297.956427454948425, 6309723.206279645673931 ], [ 2353297.185620083007962, 6309724.397788329981267 ], [ 2353357.061116030439734, 6309750.741868670098484 ], [ 2353435.23718327563256, 6309739.175939565524459 ], [ 2353335.386369971558452, 6309665.3473343513906 ] ] ], [ [ [ 2353442.012297291774303, 6309723.123244917020202 ], [ 2353456.530695760156959, 6309680.482949897646904 ], [ 2353381.405606653541327, 6309612.977596485987306 ], [ 2353335.386369971558452, 6309665.3473343513906 ], [ 2353442.012297291774303, 6309723.123244917020202 ] ] ], [ [ [ 2353343.014969053678215, 6310393.961262476630509 ], [ 2353329.61413217196241, 6310488.026627794839442 ], [ 2353388.34211082290858, 6310499.97394332382828 ], [ 2353431.144058175384998, 6310443.105741048231721 ], [ 2353454.761083593126386, 6310713.217423715628684 ], [ 2353516.869184385053813, 6310730.293746573850513 ], [ 2353496.290683763101697, 6310423.530928426422179 ], [ 2353548.662471696268767, 6310316.989893831312656 ], [ 2353591.379321243613958, 6310253.325148830190301 ], [ 2353681.518010743893683, 6310149.604729733429849 ], [ 2353470.753184237051755, 6310126.616330862976611 ], [ 2353433.691875327844173, 6310201.349566258490086 ], [ 2353293.837654544040561, 6310123.633895575068891 ], [ 2353256.222529867198318, 6310105.034800020046532 ], [ 2353244.066439286805689, 6310181.329735060222447 ], [ 2353300.548876354470849, 6310156.592694540508091 ], [ 2353300.90087663801387, 6310158.321367338299751 ], [ 2353232.623117103707045, 6310202.286363346502185 ], [ 2353271.778071191161871, 6310271.312776516191661 ], [ 2353309.250649146270007, 6310199.327086010947824 ], [ 2353312.135772580746561, 6310213.495922321453691 ], [ 2353360.624741841107607, 6310295.069568919949234 ], [ 2353343.014969053678215, 6310393.961262476630509 ] ] ], [ [ [ 2352638.975097304675728, 6310237.528092687018216 ], [ 2352691.244807367678732, 6310280.51390928030014 ], [ 2352601.258363803382963, 6310242.798458062112331 ], [ 2352535.837557598017156, 6310386.350055631250143 ], [ 2352612.12190014263615, 6310464.266114997677505 ], [ 2352778.925826204940677, 6310324.13930482417345 ], [ 2352657.82243064744398, 6310178.671961114741862 ], [ 2352638.975097304675728, 6310237.528092687018216 ] ] ], [ [ [ 2352484.300347635056823, 6310655.024891064502299 ], [ 2352403.769536313600838, 6310764.824476211331785 ], [ 2352616.804263384081423, 6310608.121103340759873 ], [ 2352704.513153634499758, 6310460.013127906247973 ], [ 2352484.300347635056823, 6310655.024891064502299 ] ] ], [ [ [ 2353565.148310212418437, 6311005.67021189071238 ], [ 2353305.044997069519013, 6310516.875482956878841 ], [ 2353249.489586530253291, 6310517.823740480467677 ], [ 2353240.715722414199263, 6310569.454232073388994 ], [ 2353416.703724238555878, 6310867.686057779937983 ], [ 2353565.148310212418437, 6311005.67021189071238 ] ] ], [ [ [ 2352537.361913035623729, 6310690.615635311231017 ], [ 2352615.256610221229494, 6310896.25725207105279 ], [ 2352646.028737116139382, 6310870.424701111391187 ], [ 2352598.10573040926829, 6310660.830664130859077 ], [ 2352537.361913035623729, 6310690.615635311231017 ] ] ], [ [ [ 2352421.576160669792444, 6310826.513862932100892 ], [ 2352431.510836476460099, 6310907.099447540938854 ], [ 2352350.467871848959476, 6310954.877970037050545 ], [ 2352278.442892970517278, 6310898.176125704310834 ], [ 2352057.119314870797098, 6310991.16760784201324 ], [ 2352224.380029760301113, 6310954.274055330082774 ], [ 2352135.245752183254808, 6311022.162627039477229 ], [ 2352140.277742670848966, 6311103.992124475538731 ], [ 2352308.228601331822574, 6311072.914334465749562 ], [ 2352732.52762344153598, 6311066.596756398677826 ], [ 2352540.814002290833741, 6310877.553366950713098 ], [ 2352589.89075797656551, 6310874.459589896723628 ], [ 2352541.76678772084415, 6310722.227111027576029 ], [ 2352507.956085860263556, 6310744.202122961170971 ], [ 2352499.964477812871337, 6310711.768816460855305 ], [ 2352421.576160669792444, 6310826.513862932100892 ] ] ], [ [ [ 2353628.376177216414362, 6310956.397826481610537 ], [ 2353536.695126248523593, 6310767.519649480469525 ], [ 2353518.766969351563603, 6310773.332444912753999 ], [ 2353509.643170128110796, 6310849.571205740794539 ], [ 2353582.433011334855109, 6310991.665392263792455 ], [ 2353628.376177216414362, 6310956.397826481610537 ] ] ], [ [ [ 2352114.891497742384672, 6311118.515682001598179 ], [ 2352147.573608021717519, 6311157.992083233781159 ], [ 2352205.941163761541247, 6311118.639084943570197 ], [ 2352114.891497742384672, 6311118.515682001598179 ] ] ], [ [ [ 2353593.801369657739997, 6313761.424662094563246 ], [ 2353480.448841132223606, 6313938.612662868574262 ], [ 2353473.029993067495525, 6314079.657000239007175 ], [ 2353593.801369657739997, 6313761.424662094563246 ] ] ], [ [ [ 2353645.367511446587741, 6314255.128877565264702 ], [ 2353980.872828741092235, 6313911.59811132401228 ], [ 2353965.711571005638689, 6313830.388779329136014 ], [ 2354053.927970834542066, 6313728.653190015815198 ], [ 2354035.275892133358866, 6313692.409143844619393 ], [ 2353918.897983465343714, 6313813.039640609174967 ], [ 2353616.819933727849275, 6313765.240208216011524 ], [ 2353470.583845502696931, 6314100.067419738508761 ], [ 2353498.166098117828369, 6314205.415941289626062 ], [ 2353645.367511446587741, 6314255.128877565264702 ] ] ], [ [ [ 2352510.806398215238005, 6315300.077837707474828 ], [ 2352356.697833630256355, 6315406.051967750303447 ], [ 2352267.612598214298487, 6315538.752006581053138 ], [ 2352491.84150054352358, 6315427.870890077203512 ], [ 2352593.615697998553514, 6315320.465070145204663 ], [ 2352510.806398215238005, 6315300.077837707474828 ] ] ], [ [ [ 2352827.525862679351121, 6316097.719223411753774 ], [ 2353033.708951813168824, 6316013.709917390719056 ], [ 2353027.539997545536608, 6315965.045333777554333 ], [ 2352871.48593025142327, 6316045.831296494230628 ], [ 2352609.018300845753402, 6316010.377715065144002 ], [ 2352807.556195193435997, 6316158.688788705505431 ], [ 2352734.081959088332951, 6316332.521688641048968 ], [ 2352894.887667413335294, 6316281.085347330197692 ], [ 2352837.458689027931541, 6316227.491137034259737 ], [ 2352827.525862679351121, 6316097.719223411753774 ] ] ], [ [ [ 2352606.395830262452364, 6323750.403864750638604 ], [ 2352859.232436028309166, 6324063.233360018581152 ], [ 2352981.390248653013259, 6324108.52193362172693 ], [ 2353068.715569993015379, 6323896.038860789500177 ], [ 2352986.056161860469729, 6324036.367927765473723 ], [ 2352920.359561532735825, 6324061.628088633529842 ], [ 2352676.320938902907073, 6323715.565298323519528 ], [ 2352501.809444734826684, 6323381.786517966538668 ], [ 2352340.417064565233886, 6323231.279905152507126 ], [ 2352188.953210217878222, 6323261.363040591590106 ], [ 2352447.706136808730662, 6323408.447394183836877 ], [ 2352606.395830262452364, 6323750.403864750638604 ] ] ], [ [ [ 2354854.798975074198097, 6302480.843083539046347 ], [ 2354665.126686981879175, 6302273.027043111622334 ], [ 2354635.803335217293352, 6302303.558289244771004 ], [ 2354668.80739150987938, 6302297.123073870316148 ], [ 2354495.289611118845642, 6302455.385662737302482 ], [ 2354352.739095052238554, 6302603.36943157762289 ], [ 2354474.810136056970805, 6302808.304212119430304 ], [ 2354495.635184562299401, 6302851.253330923616886 ], [ 2354588.381170115433633, 6302987.768713738769293 ], [ 2354533.096249856054783, 6302898.803379666060209 ], [ 2354685.442506954539567, 6303054.548038678243756 ], [ 2354656.497986630536616, 6303074.412765236571431 ], [ 2354677.723471127450466, 6303133.50742404256016 ], [ 2355007.826247037388384, 6303101.091043025255203 ], [ 2355095.460590046364814, 6303070.320561003871262 ], [ 2355203.750752030406147, 6303037.738989680074155 ], [ 2355198.063537183217704, 6303029.742307331413031 ], [ 2355343.007296392694116, 6302990.068087147548795 ], [ 2355860.531463580206037, 6303026.913024306297302 ], [ 2355959.919187182560563, 6303025.414481583051383 ], [ 2355948.823010954074562, 6303065.477453123778105 ], [ 2355987.781442803330719, 6303025.385991613380611 ], [ 2356075.921735491137952, 6302966.307558118365705 ], [ 2356431.020788498688489, 6302718.173054244369268 ], [ 2356441.201672878582031, 6302667.481461009010673 ], [ 2356382.504960703197867, 6302568.177808702923357 ], [ 2356340.206312934868038, 6302621.999117569997907 ], [ 2356228.969191657844931, 6302634.036950320005417 ], [ 2356178.215053755324334, 6302751.605510448105633 ], [ 2356177.571689756121486, 6302751.690592532046139 ], [ 2356134.141323040705174, 6302704.296943579800427 ], [ 2355964.447059044614434, 6302635.503284123726189 ], [ 2356081.094226867426187, 6302678.429126847535372 ], [ 2356086.01049835421145, 6302577.796816636808217 ], [ 2355879.829655511770397, 6302404.644020837731659 ], [ 2355765.186213095206767, 6302529.507180664688349 ], [ 2355695.627658389043063, 6302614.668584213592112 ], [ 2355588.526309576816857, 6302464.09346951264888 ], [ 2355523.625378088094294, 6302189.904200573451817 ], [ 2355441.339613895397633, 6302074.217237638309598 ], [ 2355339.632614747621119, 6302114.163168478757143 ], [ 2355544.651626963634044, 6302402.409509037621319 ], [ 2355487.349877188447863, 6302321.848268300294876 ], [ 2355472.847229251638055, 6302301.458621556870639 ], [ 2355358.519684236496687, 6302140.718029178678989 ], [ 2355238.825915156397969, 6302152.833527103997767 ], [ 2354920.940060093998909, 6302393.880425294861197 ], [ 2354854.798975074198097, 6302480.843083539046347 ] ], [ [ 2354898.164453183300793, 6302488.538186099380255 ], [ 2354831.880281802732497, 6302514.859143357723951 ], [ 2354799.205196302849799, 6302537.28604279179126 ], [ 2354854.798975074198097, 6302480.843083539046347 ], [ 2354898.164453183300793, 6302488.538186099380255 ] ], [ [ 2355006.107640903908759, 6303050.155209702439606 ], [ 2354956.365850999485701, 6303028.724354022182524 ], [ 2354771.945806164294481, 6303017.433774864301085 ], [ 2354821.964575388468802, 6302975.627501646988094 ], [ 2354711.671963742468506, 6302959.385368406772614 ], [ 2354622.623596366494894, 6302788.689392555505037 ], [ 2354729.517323629930615, 6302596.747486074455082 ], [ 2354731.414755404926836, 6302606.111965005286038 ], [ 2354731.417857982218266, 6302606.108815036714077 ], [ 2354701.952460933942348, 6302670.988028482533991 ], [ 2354882.985113346483558, 6302925.538603074848652 ], [ 2355095.460590046364814, 6303070.320561003871262 ], [ 2355006.107640903908759, 6303050.155209702439606 ] ], [ [ 2355355.406449089292437, 6302452.468574492260814 ], [ 2355355.434999919962138, 6302452.463414885103703 ], [ 2355352.71331768296659, 6302583.434813240543008 ], [ 2355343.007296392694116, 6302990.068087147548795 ], [ 2355355.406449089292437, 6302452.468574492260814 ] ], [ [ 2355489.404825778212398, 6302546.341637438163161 ], [ 2355578.502520175650716, 6302630.413919632323086 ], [ 2355860.531463580206037, 6303026.913024306297302 ], [ 2355489.404825778212398, 6302546.341637438163161 ] ], [ [ 2355564.997963332105428, 6302576.320842275395989 ], [ 2355589.210224534384906, 6302628.974464369006455 ], [ 2355578.502520175650716, 6302630.413919632323086 ], [ 2355564.997963332105428, 6302576.320842275395989 ] ], [ [ 2355862.824851413723081, 6302475.753636117093265 ], [ 2355868.588256736285985, 6302674.859251595102251 ], [ 2355868.588222301099449, 6302674.859203189611435 ], [ 2355862.376888025086373, 6302477.626596570946276 ], [ 2355879.829655511770397, 6302404.644020837731659 ], [ 2355862.824851413723081, 6302475.753636117093265 ] ], [ [ 2355668.080491221975535, 6302618.371797661297023 ], [ 2355604.912307729478925, 6302544.620775993913412 ], [ 2355611.078243548981845, 6302539.723775250837207 ], [ 2355695.627658389043063, 6302614.668584213592112 ], [ 2355668.080491221975535, 6302618.371797661297023 ] ], [ [ 2355416.399492919445038, 6302402.501501366496086 ], [ 2355405.260201154276729, 6302386.839962117373943 ], [ 2355487.349877188447863, 6302321.848268300294876 ], [ 2355416.399492919445038, 6302402.501501366496086 ] ], [ [ 2355328.833679420873523, 6302150.085436334833503 ], [ 2355255.239696726202965, 6302175.911661500111222 ], [ 2355238.825915156397969, 6302152.833527103997767 ], [ 2355328.833679420873523, 6302150.085436334833503 ] ], [ [ 2355389.697041959501803, 6302452.257710858248174 ], [ 2355378.630032037384808, 6302448.271688777022064 ], [ 2355384.372890166006982, 6302447.233859286643565 ], [ 2355389.697041959501803, 6302452.257710858248174 ] ], [ [ 2355454.2152364035137, 6302564.348752659745514 ], [ 2355446.308311780914664, 6302538.096949201077223 ], [ 2355468.190849830862135, 6302527.496942817233503 ], [ 2355440.472477546427399, 6302500.169239636510611 ], [ 2355488.13881405023858, 6302545.147033066488802 ], [ 2355454.2152364035137, 6302564.348752659745514 ] ], [ [ 2355258.383845052681863, 6302332.952093414962292 ], [ 2355326.895478485617787, 6302394.570391344837844 ], [ 2355274.178710977081209, 6302377.833391081541777 ], [ 2355258.383845052681863, 6302332.952093414962292 ] ], [ [ 2354976.557138011325151, 6302454.777940643019974 ], [ 2354984.290392668917775, 6302454.33820856641978 ], [ 2354972.655394629575312, 6302458.958380769938231 ], [ 2354976.557138011325151, 6302454.777940643019974 ] ], [ [ 2354969.431310196872801, 6302488.730192076414824 ], [ 2354971.483317452017218, 6302480.269715764559805 ], [ 2355025.081642686855048, 6302529.032458540983498 ], [ 2354969.431310196872801, 6302488.730192076414824 ] ], [ [ 2354973.4263183362782, 6302542.596976704895496 ], [ 2354957.535299608949572, 6302537.777735903859138 ], [ 2354965.423696242272854, 6302505.253682839684188 ], [ 2354973.4263183362782, 6302542.596976704895496 ] ], [ [ 2355026.630915806163102, 6302555.658830412663519 ], [ 2355025.623114326037467, 6302558.426605580374599 ], [ 2355020.335379845462739, 6302556.823003810830414 ], [ 2355026.630915806163102, 6302555.658830412663519 ] ], [ [ 2355134.032783647533506, 6302457.400659667328 ], [ 2355078.915588119067252, 6302461.724765940569341 ], [ 2355080.943053095135838, 6302456.923736421391368 ], [ 2355014.227395824622363, 6302452.635916176252067 ], [ 2355043.602629024069756, 6302450.965567422099411 ], [ 2355134.032783647533506, 6302457.400659667328 ] ], [ [ 2355110.012435520067811, 6302256.522026159800589 ], [ 2355168.553916384000331, 6302454.69237516168505 ], [ 2355156.11789015494287, 6302455.668018035590649 ], [ 2355110.012435520067811, 6302256.522026159800589 ] ], [ [ 2355060.103776183910668, 6302698.956898656673729 ], [ 2355068.351785854436457, 6302694.035872549749911 ], [ 2355066.770093742292374, 6302711.625629837624729 ], [ 2355060.103776183910668, 6302698.956898656673729 ] ], [ [ 2354812.648212004452944, 6302694.907249552197754 ], [ 2354852.749483954627067, 6302686.661845703609288 ], [ 2354842.709480518940836, 6302699.638063403777778 ], [ 2354812.648212004452944, 6302694.907249552197754 ] ], [ [ 2354748.686736842617393, 6302692.51634772028774 ], [ 2354746.345778455492109, 6302690.916439560241997 ], [ 2354748.990690567530692, 6302691.86649867054075 ], [ 2354748.686736842617393, 6302692.51634772028774 ] ] ], [ [ [ 2354723.952110306359828, 6302701.922355244867504 ], [ 2354686.681980008725077, 6302704.592785362154245 ], [ 2354728.694104303605855, 6302708.590009914711118 ], [ 2354723.952110306359828, 6302701.922355244867504 ] ] ], [ [ [ 2354757.442808918654919, 6302749.014569176360965 ], [ 2354737.016495319548994, 6302774.434307568706572 ], [ 2354728.694104303605855, 6302708.590009914711118 ], [ 2354622.623596366494894, 6302788.689392555505037 ], [ 2354704.493629985488951, 6302899.956994906067848 ], [ 2354775.804900148417801, 6302882.61115849763155 ], [ 2354871.108738131821156, 6302966.117174729704857 ], [ 2354882.985113346483558, 6302925.538603074848652 ], [ 2354757.442808918654919, 6302749.014569176360965 ] ] ], [ [ [ 2354658.23474441934377, 6303128.837283833883703 ], [ 2354657.444049086421728, 6303128.009457790292799 ], [ 2354657.112737601622939, 6303129.542146859690547 ], [ 2354658.23474441934377, 6303128.837283833883703 ] ] ], [ [ [ 2355282.087579405400902, 6303782.828860647045076 ], [ 2355040.483653942588717, 6303624.524214323610067 ], [ 2354865.012916867155582, 6303650.044089746661484 ], [ 2354930.904308610595763, 6303787.076946354471147 ], [ 2355282.087579405400902, 6303782.828860647045076 ] ] ], [ [ [ 2354941.955415063071996, 6304325.179373366758227 ], [ 2354968.683406754862517, 6304051.965852143242955 ], [ 2355117.939166835509241, 6303998.484263168647885 ], [ 2355273.35330196050927, 6303877.241045050323009 ], [ 2355259.686732825357467, 6303827.457880931906402 ], [ 2354930.904308610595763, 6303787.076946354471147 ], [ 2354799.16567643918097, 6303855.267521051689982 ], [ 2354728.761558747384697, 6303669.857580437324941 ], [ 2354557.795484384521842, 6303710.88254873175174 ], [ 2354443.588830661028624, 6303938.664665121585131 ], [ 2354365.366008763201535, 6303976.151011009700596 ], [ 2354370.580821580719203, 6304041.548739369958639 ], [ 2354312.230441220104694, 6304092.459703703410923 ], [ 2354311.741162317339331, 6304269.360517877154052 ], [ 2354432.609261708334088, 6304143.902693653479218 ], [ 2354301.332606621552259, 6304284.995964215137064 ], [ 2354223.580008547287434, 6304553.347617845050991 ], [ 2354275.008252522908151, 6304504.384474202059209 ], [ 2354240.356176561675966, 6304636.99601939599961 ], [ 2354202.704472906887531, 6304788.151396743021905 ], [ 2354231.406845021992922, 6304818.509203291498125 ], [ 2354460.489843751303852, 6304537.602900573983788 ], [ 2354529.359297662973404, 6304469.422467458061874 ], [ 2354636.297094429377466, 6304228.278621017001569 ], [ 2354750.723430280108005, 6303880.342205301858485 ], [ 2354679.359227997250855, 6304111.743899348191917 ], [ 2354743.809224766679108, 6304085.979538119398057 ], [ 2354787.141114511527121, 6304169.588271824643016 ], [ 2354753.484656099230051, 6304231.507918279618025 ], [ 2354867.303378513082862, 6304328.992365256883204 ], [ 2354941.955415063071996, 6304325.179373366758227 ] ] ], [ [ [ 2354672.482760985847563, 6304145.666118590161204 ], [ 2354669.468531707301736, 6304160.536790256388485 ], [ 2354746.115474749356508, 6304154.389364904724061 ], [ 2354672.482760985847563, 6304145.666118590161204 ] ] ], [ [ [ 2354894.359654001425952, 6304387.420578357763588 ], [ 2354925.903272226918489, 6304391.895283948630095 ], [ 2354669.468531707301736, 6304160.536790256388485 ], [ 2354529.359297662973404, 6304469.422467458061874 ], [ 2354231.406845021992922, 6304818.509203291498125 ], [ 2354231.332793529611081, 6304878.061222986318171 ], [ 2354251.327967799734324, 6304871.652387363836169 ], [ 2354306.077351305168122, 6304779.602676774375141 ], [ 2354443.765188928693533, 6304614.171309578232467 ], [ 2354464.120981355663389, 6304597.033835319802165 ], [ 2354894.359654001425952, 6304387.420578357763588 ] ] ], [ [ [ 2354465.846260107588023, 6304598.98714367672801 ], [ 2354254.57710865046829, 6304873.388043862767518 ], [ 2354326.250575995538384, 6304970.004558159969747 ], [ 2354619.742692644242197, 6304614.178356365300715 ], [ 2354579.871591579169035, 6304576.370993116870522 ], [ 2354602.041964267380536, 6304535.391931366175413 ], [ 2354465.846260107588023, 6304598.98714367672801 ] ] ], [ [ [ 2354982.035005466546863, 6308423.555386646650732 ], [ 2355029.362203827593476, 6308449.719482621178031 ], [ 2355018.606560545507818, 6308423.597712355665863 ], [ 2355121.557021922897547, 6308410.336484 ], [ 2355106.715111974161118, 6308367.585834007710218 ], [ 2355280.769819539040327, 6308173.180497870780528 ], [ 2355169.362168971914798, 6308304.813872302882373 ], [ 2355313.393263421021402, 6308169.842750084586442 ], [ 2355367.011465564370155, 6308194.965088423341513 ], [ 2355492.888183589559048, 6308125.308963223360479 ], [ 2355530.942091085016727, 6307995.271407430060208 ], [ 2355654.891946152318269, 6308004.122715020552278 ], [ 2355521.272349402308464, 6307991.233414530754089 ], [ 2355519.874780405778438, 6307992.959980147890747 ], [ 2355362.956710513681173, 6307982.100985082797706 ], [ 2355408.055438485462219, 6308093.25754963606596 ], [ 2355319.125810577068478, 6307982.848452420905232 ], [ 2355026.662812103051692, 6307969.244660311378539 ], [ 2355013.152983668725938, 6308251.776028252206743 ], [ 2354962.597558228299022, 6308302.488704362884164 ], [ 2354823.972149895504117, 6308246.837059150449932 ], [ 2354530.461592718958855, 6307936.183255785144866 ], [ 2354572.626565932296216, 6308423.081562049686909 ], [ 2354604.465431078337133, 6308470.437576336786151 ], [ 2354811.537039706017822, 6308444.211636929772794 ], [ 2354920.294715655036271, 6308501.209839957766235 ], [ 2354962.943747505079955, 6308423.533291578292847 ], [ 2354982.035005466546863, 6308423.555386646650732 ] ], [ [ 2354867.494470714591444, 6308423.422824351117015 ], [ 2354815.566978542599827, 6308436.057870646938682 ], [ 2354572.626565932296216, 6308423.081562049686909 ], [ 2354867.494470714591444, 6308423.422824351117015 ] ] ], [ [ [ 2354589.413352496922016, 6308591.770479956641793 ], [ 2354726.527101268060505, 6308614.389683168381453 ], [ 2354763.972371766343713, 6308528.564835544675589 ], [ 2354731.633568331599236, 6308484.012388084083796 ], [ 2354637.646332342177629, 6308496.167726039886475 ], [ 2354589.413352496922016, 6308591.770479956641793 ] ] ], [ [ [ 2355069.523287431336939, 6308747.58522124774754 ], [ 2355115.961956383660436, 6308771.929834074340761 ], [ 2355125.50950535479933, 6308743.765662997961044 ], [ 2355069.523287431336939, 6308747.58522124774754 ] ] ], [ [ [ 2355099.237159964628518, 6309463.428414671681821 ], [ 2355079.427442952990532, 6309347.960739350877702 ], [ 2355141.282531474716961, 6309363.824675304815173 ], [ 2355152.730187217704952, 6309282.027842289768159 ], [ 2355098.940535434056073, 6309210.002340919338167 ], [ 2355152.857523499522358, 6309186.23342889547348 ], [ 2355073.137052974198014, 6309175.450922576710582 ], [ 2354939.983476085588336, 6309157.754823862574995 ], [ 2354971.012019325047731, 6309175.809676912613213 ], [ 2354947.721196811646223, 6309247.936425228603184 ], [ 2354965.842422768939286, 6309249.037907536141574 ], [ 2354955.663789884187281, 6309308.814557580277324 ], [ 2354958.767289059702307, 6309453.090277267619967 ], [ 2355099.237159964628518, 6309463.428414671681821 ] ], [ [ 2355073.856479640118778, 6309315.488484313711524 ], [ 2355071.610772088170052, 6309302.398613805882633 ], [ 2355018.500596675556153, 6309305.337473385035992 ], [ 2355074.005654152948409, 6309295.698746123351157 ], [ 2355073.856479640118778, 6309315.488484313711524 ] ] ], [ [ [ 2355070.034261367749423, 6309511.319855743087828 ], [ 2354958.767289059702307, 6309453.090277267619967 ], [ 2355004.968456436414272, 6309606.496243685483932 ], [ 2355055.232982308603823, 6309647.979494680650532 ], [ 2355094.718650333583355, 6309524.23798890132457 ], [ 2355099.237159964628518, 6309463.428414671681821 ], [ 2355067.385311726480722, 6309470.625671774148941 ], [ 2355070.034261367749423, 6309511.319855743087828 ] ] ], [ [ [ 2354375.164878909941763, 6311353.57836898881942 ], [ 2354316.910461459308863, 6311471.834950090385973 ], [ 2354551.960509201046079, 6311516.395010074600577 ], [ 2354670.397074998822063, 6311429.03617394529283 ], [ 2354667.508517137728631, 6311389.774909452535212 ], [ 2354553.051648610737175, 6311353.258454008959234 ], [ 2354629.371001173276454, 6311225.698937028646469 ], [ 2354531.960695454385132, 6311245.219595932401717 ], [ 2354415.152468161657453, 6310939.940875325351954 ], [ 2354314.869692328386009, 6311063.382219633087516 ], [ 2354181.241009947378188, 6311022.491326183080673 ], [ 2354363.868222708348185, 6311257.275400697253644 ], [ 2354375.164878909941763, 6311353.57836898881942 ] ] ], [ [ [ 2354184.555107338819653, 6315778.53331892658025 ], [ 2354277.60585460299626, 6315589.252215812914073 ], [ 2353911.967818811070174, 6315539.577189699746668 ], [ 2353724.249787574633956, 6315387.067259214818478 ], [ 2353685.096432200632989, 6315259.382437454536557 ], [ 2353665.392498480156064, 6315318.488178331404924 ], [ 2353702.923539915122092, 6315469.118222481571138 ], [ 2353847.634811279829592, 6315651.936781618744135 ], [ 2354184.555107338819653, 6315778.53331892658025 ] ] ], [ [ [ 2354512.799252098891884, 6315499.21807199344039 ], [ 2354613.143187423702329, 6315594.539624063298106 ], [ 2354946.061063899192959, 6315511.22992390114814 ], [ 2355056.970325495582074, 6315503.599951193667948 ], [ 2354703.287897145841271, 6315500.806841569952667 ], [ 2354543.313779295422137, 6315499.538795662112534 ], [ 2354592.716077870689332, 6315550.293874602764845 ], [ 2354512.799252098891884, 6315499.21807199344039 ] ] ], [ [ [ 2354736.928071685135365, 6315565.441785773262382 ], [ 2354613.143187423702329, 6315594.539624063298106 ], [ 2354547.02628942206502, 6315551.711365072987974 ], [ 2354602.717110033612698, 6315616.696770058944821 ], [ 2354736.928071685135365, 6315565.441785773262382 ] ] ], [ [ [ 2354618.039207832887769, 6315725.567049873061478 ], [ 2354507.396722468081862, 6316076.213794103823602 ], [ 2354935.438198812771589, 6315514.121164103969932 ], [ 2354591.54414545185864, 6315621.177327734418213 ], [ 2354618.039207832887769, 6315725.567049873061478 ] ] ], [ [ [ 2356463.436727262102067, 6299304.48684922978282 ], [ 2356465.59238241519779, 6299149.075954239815474 ], [ 2356403.537147701717913, 6299016.204003151506186 ], [ 2356442.195443220436573, 6299592.730837536975741 ], [ 2356493.367740538902581, 6299718.470221164636314 ], [ 2356669.549516078084707, 6299602.424703060649335 ], [ 2356524.129607629496604, 6299483.124116977676749 ], [ 2356463.436727262102067, 6299304.48684922978282 ] ] ], [ [ [ 2356132.972581931389868, 6299788.842784537002444 ], [ 2356268.52834018599242, 6300049.693459086120129 ], [ 2356299.309436322189867, 6300143.362213904038072 ], [ 2356285.595007680822164, 6300543.781315892003477 ], [ 2356405.649575488176197, 6300554.223962678574026 ], [ 2356561.65312948776409, 6300451.675746043212712 ], [ 2356724.163121582940221, 6300151.009063798934221 ], [ 2356442.865757124498487, 6299835.979809514246881 ], [ 2356132.972581931389868, 6299788.842784537002444 ] ] ], [ [ [ 2356279.457044410984963, 6300354.581337865442038 ], [ 2356215.06597499968484, 6300451.260223402641714 ], [ 2356243.60859651863575, 6300485.103832700289786 ], [ 2356290.573840900324285, 6300370.641913027502596 ], [ 2356296.972896756138653, 6300198.947231091558933 ], [ 2356232.529028702992946, 6300006.294374329969287 ], [ 2356288.61165302246809, 6300207.194767415523529 ], [ 2356279.457044410984963, 6300354.581337865442038 ] ] ], [ [ [ 2356834.137676449492574, 6301029.275010774843395 ], [ 2356794.840328035410494, 6300869.585394462570548 ], [ 2356860.294003615155816, 6300810.188535583205521 ], [ 2357065.234247620217502, 6300731.529934911057353 ], [ 2357092.352444853167981, 6300700.468694993294775 ], [ 2356699.839308524504304, 6300819.513798299245536 ], [ 2356680.371413793414831, 6300818.165108659304678 ], [ 2357093.332781160715967, 6300695.827650932595134 ], [ 2356886.734682124108076, 6300557.978093336336315 ], [ 2356898.717040752992034, 6300504.678751466795802 ], [ 2356965.234361457638443, 6300487.281911227852106 ], [ 2356970.814788602292538, 6300425.289602457545698 ], [ 2356826.653391356114298, 6300409.0884855017066 ], [ 2356467.54323677206412, 6300683.962115644477308 ], [ 2356583.413352789822966, 6300811.448083825409412 ], [ 2356629.248504492919892, 6300903.324207036755979 ], [ 2356834.137676449492574, 6301029.275010774843395 ] ] ], [ [ [ 2356254.284722808282822, 6300527.008412283845246 ], [ 2356234.034922915045172, 6300863.309866508468986 ], [ 2356249.610914652235806, 6300904.937109305523336 ], [ 2356284.218281489331275, 6300831.761446318589151 ], [ 2356279.641682112123817, 6300541.293408779427409 ], [ 2356254.284722808282822, 6300527.008412283845246 ] ] ], [ [ [ 2356560.052949226461351, 6301205.378885554149747 ], [ 2356285.595007680822164, 6300543.781315892003477 ], [ 2356290.36667883163318, 6300832.288519674912095 ], [ 2356240.819090502802283, 6300982.426930355839431 ], [ 2356244.365562807768583, 6301162.497754535637796 ], [ 2356560.052949226461351, 6301205.378885554149747 ] ] ], [ [ [ 2356244.365562807768583, 6301162.497754535637796 ], [ 2356141.19101175526157, 6301315.711547618731856 ], [ 2356378.668238932266831, 6301396.130427059717476 ], [ 2356633.987082252278924, 6301288.630973095074296 ], [ 2356244.365562807768583, 6301162.497754535637796 ] ] ], [ [ [ 2355543.271611123811454, 6302051.914363681338727 ], [ 2355599.429172719363123, 6301965.12680200021714 ], [ 2355543.869739778339863, 6302016.073858694173396 ], [ 2355441.339613895397633, 6302074.217237638309598 ], [ 2355534.47868037270382, 6302205.162967368029058 ], [ 2355543.271611123811454, 6302051.914363681338727 ] ] ], [ [ [ 2355934.94190050335601, 6303441.448341539129615 ], [ 2355996.968720021191984, 6303474.260817225091159 ], [ 2356101.828223166055977, 6303604.115492649376392 ], [ 2356133.965868689585477, 6303585.042817488312721 ], [ 2355972.972493675071746, 6303415.924701320938766 ], [ 2356067.516929204110056, 6303384.185706949792802 ], [ 2356000.61599718593061, 6303224.693240503780544 ], [ 2355924.849026794545352, 6303283.494074888527393 ], [ 2355816.060259046498686, 6303261.677715854719281 ], [ 2355244.364057928789407, 6303146.106092216446996 ], [ 2355021.670006266329437, 6303264.757827613502741 ], [ 2354871.846805239561945, 6303284.380615368485451 ], [ 2354980.676340219099075, 6303306.233104904182255 ], [ 2355115.580741436686367, 6303485.00423255097121 ], [ 2355422.728452166542411, 6303272.993768965825438 ], [ 2355828.571991404052824, 6303406.020809402689338 ], [ 2355923.470946715213358, 6303493.499543318524957 ], [ 2355934.94190050335601, 6303441.448341539129615 ] ] ], [ [ [ 2356037.282479863613844, 6304148.015279776416719 ], [ 2355979.68253081664443, 6304222.077723138034344 ], [ 2356337.621090900618583, 6304151.131468648090959 ], [ 2356334.677718366496265, 6304104.670039582997561 ], [ 2356365.49469560245052, 6304136.856923995539546 ], [ 2356361.1510687507689, 6304146.467095075175166 ], [ 2356412.92895384831354, 6304136.253218732774258 ], [ 2356361.094731031917036, 6304240.081137586385012 ], [ 2356246.841549287550151, 6304244.888705993071198 ], [ 2356280.934955860022455, 6304280.556014169938862 ], [ 2356281.384727618657053, 6304399.746380288153887 ], [ 2356347.442034659441561, 6304582.31764607783407 ], [ 2356335.936552815139294, 6304730.958750725723803 ], [ 2356388.034817804582417, 6304807.895136085338891 ], [ 2356623.517951154150069, 6304815.255104377865791 ], [ 2356747.757494322955608, 6304925.57607248891145 ], [ 2357002.946791612543166, 6304779.148307652212679 ], [ 2357199.608257291372865, 6304805.229922726750374 ], [ 2357202.883231850806624, 6304761.393004987388849 ], [ 2357092.962250107433647, 6304653.211273089982569 ], [ 2356972.955415127333254, 6304535.099979243241251 ], [ 2356820.699925527907908, 6304545.640010001137853 ], [ 2356567.04997369972989, 6304349.536536888219416 ], [ 2356457.694358404260129, 6304046.584684332832694 ], [ 2356316.148292918223888, 6303896.957655326463282 ], [ 2356126.658202935941517, 6304033.095309576950967 ], [ 2356082.746171807404608, 6304089.557726161554456 ], [ 2356120.702676215674728, 6303997.668448526412249 ], [ 2356196.88729519629851, 6303933.986979924142361 ], [ 2356161.528877739328891, 6303878.064076658338308 ], [ 2356223.818129181396216, 6303818.668481268920004 ], [ 2356140.719195608049631, 6303583.942878100089729 ], [ 2356101.828223166055977, 6303604.115492649376392 ], [ 2355934.94190050335601, 6303441.448341539129615 ], [ 2355978.892888722475618, 6303861.917727935127914 ], [ 2355927.025846499018371, 6304232.509127774275839 ], [ 2356037.282479863613844, 6304148.015279776416719 ] ], [ [ 2356410.887404043227434, 6304106.484210592694581 ], [ 2356437.621398196555674, 6304086.79236123804003 ], [ 2356429.219195710960776, 6304103.622616433538496 ], [ 2356429.769664877094328, 6304102.519917171448469 ], [ 2356410.887404043227434, 6304106.484210592694581 ] ], [ [ 2356365.14144481997937, 6303998.1138113765046 ], [ 2356403.796121240127832, 6304009.239056004211307 ], [ 2356437.622068835888058, 6304086.791017895564437 ], [ 2356437.62197592202574, 6304086.791204010136425 ], [ 2356365.14144481997937, 6303998.1138113765046 ] ] ], [ [ [ 2355655.887042562942952, 6306595.259983057156205 ], [ 2355849.200086881406605, 6306654.165006944909692 ], [ 2355867.671653767116368, 6306712.350834580138326 ], [ 2355987.473209548741579, 6306691.09153613820672 ], [ 2356101.264434475451708, 6306783.538144887425005 ], [ 2356094.346456350758672, 6306830.446637284941971 ], [ 2356030.115644553676248, 6306829.201854416169226 ], [ 2356060.775434370152652, 6306882.88316984847188 ], [ 2356118.496879188343883, 6306869.003459606319666 ], [ 2356143.54332360252738, 6306935.555673586204648 ], [ 2356104.015588137321174, 6306952.640057414770126 ], [ 2356091.451277167070657, 6307034.544860566966236 ], [ 2356129.464745271485299, 6307142.707416312769055 ], [ 2356192.727458959445357, 6307094.875138347968459 ], [ 2356126.315379094332457, 6307092.518423107452691 ], [ 2356142.627793631050736, 6307030.895020116120577 ], [ 2356209.515940139070153, 6307025.570331829600036 ], [ 2356206.260069127660245, 6307092.374393958598375 ], [ 2356489.820798562373966, 6307159.435484148561954 ], [ 2356523.856201024260372, 6307382.710635680705309 ], [ 2356618.244331074878573, 6307444.625081034377217 ], [ 2356535.39319813856855, 6307751.921419748105109 ], [ 2356613.581616078969091, 6307781.99916454218328 ], [ 2356640.767497694119811, 6307796.704421142116189 ], [ 2356567.081367815844715, 6307831.524230675771832 ], [ 2356557.897685985546559, 6307888.089793011546135 ], [ 2356509.810953435022384, 6307850.886352523230016 ], [ 2356494.47168990271166, 6308030.354881406761706 ], [ 2356377.469116534572095, 6308197.229432840831578 ], [ 2356556.215217059943825, 6308316.466619839891791 ], [ 2356450.166788083966821, 6308264.377592881210148 ], [ 2356362.640068633947521, 6308394.237735410220921 ], [ 2356314.696225224994123, 6308319.652702867053449 ], [ 2356296.836535619106144, 6308323.744432998821139 ], [ 2356356.049266162328422, 6308216.704808624461293 ], [ 2356292.199407429434359, 6308246.350976560264826 ], [ 2356212.098107001278549, 6308271.750747717916965 ], [ 2356272.719311327673495, 6308329.269790690392256 ], [ 2356248.273117178119719, 6308334.870516762137413 ], [ 2356256.720973056275398, 6308429.333817140199244 ], [ 2356104.805819700472057, 6308629.91057139262557 ], [ 2356120.095598806161433, 6308576.516601827926934 ], [ 2356089.26762153301388, 6308525.578078646212816 ], [ 2356173.842740347143263, 6308323.55769201554358 ], [ 2355834.938025712501258, 6308209.04394044354558 ], [ 2355825.159739983268082, 6308364.035046364180744 ], [ 2355813.761213159188628, 6308406.017862185835838 ], [ 2355732.440660411957651, 6308385.891715680249035 ], [ 2355640.160012893844396, 6308366.985768375918269 ], [ 2355556.804030261933804, 6308406.227159853093326 ], [ 2355568.224690402392298, 6308578.496493620797992 ], [ 2355666.708478149492294, 6308537.620937930420041 ], [ 2355732.002686385530978, 6308511.851405994035304 ], [ 2355879.936484354082495, 6308441.260941947810352 ], [ 2355820.649910243693739, 6308507.62718041241169 ], [ 2355879.906307331286371, 6308520.104216226376593 ], [ 2355878.667590719647706, 6308532.569568092003465 ], [ 2355943.727085752412677, 6308599.433536292053759 ], [ 2355977.337980744428933, 6308681.362603253684938 ], [ 2355975.243194214999676, 6308728.34028390981257 ], [ 2356063.150086210574955, 6308852.505683357827365 ], [ 2356227.177320536691695, 6308815.981621988117695 ], [ 2356195.05577667336911, 6308795.824781078845263 ], [ 2356253.502550729550421, 6308788.635961455293 ], [ 2356326.478494824841619, 6308677.823888280428946 ], [ 2356302.139795784838498, 6308590.562363869510591 ], [ 2356340.192071328870952, 6308647.703771891072392 ], [ 2356489.250023369211704, 6308433.25468660145998 ], [ 2356605.620215588249266, 6308343.38292739354074 ], [ 2356772.406115815509111, 6308413.131458847783506 ], [ 2356764.576265048701316, 6308184.893626781180501 ], [ 2356823.016366894822568, 6307940.815875918604434 ], [ 2356841.367360551841557, 6307905.211936146020889 ], [ 2356953.239022853784263, 6307722.9509730450809 ], [ 2356947.407479932997376, 6307659.740542205050588 ], [ 2356950.649715643376112, 6307560.823601255193353 ], [ 2357001.882862809114158, 6307385.82613290566951 ], [ 2356971.882355520036072, 6307231.85089083854109 ], [ 2356915.276475532446057, 6307251.252166510559618 ], [ 2356970.684629656840116, 6307220.06803647428751 ], [ 2356967.482657433953136, 6307175.445848558098078 ], [ 2356778.451769471634179, 6307131.216784082353115 ], [ 2356978.76601078780368, 6307160.265220046043396 ], [ 2357053.844607848674059, 6307028.368897113017738 ], [ 2357109.855259330943227, 6306968.378479239530861 ], [ 2357308.547995776869357, 6306687.740975985303521 ], [ 2357247.500808764249086, 6306419.882614801637828 ], [ 2357224.93020607624203, 6306337.233638216741383 ], [ 2357063.373703543096781, 6306391.329750940203667 ], [ 2356881.537550864275545, 6306573.649887890554965 ], [ 2356876.516956939361989, 6306584.924919356592 ], [ 2356778.681063950061798, 6306577.986930707469583 ], [ 2356786.341152138542384, 6306432.698976553976536 ], [ 2356856.9962571808137, 6306234.883178078569472 ], [ 2356669.36955281207338, 6306162.164236016571522 ], [ 2356578.053353571332991, 6306183.376198768615723 ], [ 2356574.400141123682261, 6306240.972635174170136 ], [ 2356678.967993616126478, 6306339.090901049785316 ], [ 2356649.022186418995261, 6306569.914750925265253 ], [ 2356607.910003376659006, 6306579.893856742419302 ], [ 2356562.262283120770007, 6306741.472346071153879 ], [ 2356568.392692458350211, 6306757.392484656535089 ], [ 2356480.609571231063455, 6306723.334312698803842 ], [ 2356377.369610654655844, 6306768.089448417536914 ], [ 2356381.414537083823234, 6306674.017953796312213 ], [ 2356324.238503272179514, 6306596.405132411047816 ], [ 2356170.195746741723269, 6306509.833620856516063 ], [ 2356128.133920804597437, 6306381.169656082987785 ], [ 2356154.85815550154075, 6306374.112128613516688 ], [ 2356143.957197007257491, 6306328.328435243107378 ], [ 2356070.852638370823115, 6306294.644396451301873 ], [ 2355964.80886205425486, 6306345.666094088926911 ], [ 2356024.262976632453501, 6306584.052276713773608 ], [ 2355912.482402786612511, 6306360.831695753149688 ], [ 2355750.468580898363143, 6306382.727847090922296 ], [ 2355713.734284134116024, 6306443.154390146024525 ], [ 2355652.815647077281028, 6306374.576943673193455 ], [ 2355533.103417647071183, 6306371.313699310645461 ], [ 2355538.770176448859274, 6306525.459610770456493 ], [ 2355662.755187729839236, 6306594.348951476626098 ], [ 2355655.887042562942952, 6306595.259983057156205 ] ], [ [ 2355925.8315520118922, 6308443.412485485896468 ], [ 2355887.450308736413717, 6308444.188037239946425 ], [ 2355884.85866838786751, 6308470.268020792864263 ], [ 2355879.936484354082495, 6308441.260941947810352 ], [ 2355925.8315520118922, 6308443.412485485896468 ] ], [ [ 2356063.044715686235577, 6308646.537182483822107 ], [ 2356055.815421451814473, 6308637.909283329732716 ], [ 2356104.350407364312559, 6308657.567167251370847 ], [ 2355977.337980744428933, 6308681.362603253684938 ], [ 2356063.044715686235577, 6308646.537182483822107 ] ], [ [ 2356625.788636689074337, 6308136.728732889518142 ], [ 2356546.969536846037954, 6308086.40439482126385 ], [ 2356546.786806944292039, 6308094.439527194947004 ], [ 2356536.306009807623923, 6308081.041246789507568 ], [ 2356764.576265048701316, 6308184.893626781180501 ], [ 2356625.788636689074337, 6308136.728732889518142 ] ], [ [ 2356764.535832658410072, 6307550.60543651226908 ], [ 2356785.780197427142411, 6307523.600868421606719 ], [ 2356950.649715643376112, 6307560.823601255193353 ], [ 2356764.535832658410072, 6307550.60543651226908 ] ], [ [ 2356678.258374955505133, 6307466.791405066847801 ], [ 2356678.33545499574393, 6307444.285727330483496 ], [ 2356764.535832658410072, 6307550.60543651226908 ], [ 2356678.258374955505133, 6307466.791405066847801 ] ], [ [ 2356678.616811228450388, 6307362.135890814475715 ], [ 2356609.978865700773895, 6307341.612582772038877 ], [ 2356618.934556654188782, 6307442.06502197496593 ], [ 2356618.314822183921933, 6307444.363628244958818 ], [ 2356513.2145816097036, 6307065.812669822014868 ], [ 2356521.697214042302221, 6307039.138168087229133 ], [ 2356584.450785764027387, 6307311.668115695007145 ], [ 2356754.375022173859179, 6307315.703034769743681 ], [ 2356633.761176077648997, 6307347.756275427527726 ], [ 2357001.882862809114158, 6307385.82613290566951 ], [ 2356678.616811228450388, 6307362.135890814475715 ] ], [ [ 2356685.568263434339315, 6307427.070121994242072 ], [ 2356753.350077256560326, 6307412.470799806527793 ], [ 2356678.365712059196085, 6307435.451329727657139 ], [ 2356678.616811228450388, 6307362.135890814475715 ], [ 2356685.568263434339315, 6307427.070121994242072 ] ], [ [ 2356751.523392745759338, 6307309.840278186835349 ], [ 2356807.58028613217175, 6307356.217252806760371 ], [ 2356754.375022173859179, 6307315.703034769743681 ], [ 2356751.523392745759338, 6307309.840278186835349 ] ], [ [ 2356739.953088167589158, 6307076.614570264704525 ], [ 2356732.142403135541826, 6307044.668580460362136 ], [ 2356776.784553757403046, 6307064.741676302626729 ], [ 2356777.471438511740416, 6307054.308293780311942 ], [ 2356780.698398557025939, 6307068.707073667086661 ], [ 2356978.76601078780368, 6307160.265220046043396 ], [ 2356739.953088167589158, 6307076.614570264704525 ] ], [ [ 2356100.876857492141426, 6306614.634304041042924 ], [ 2355999.573260536883026, 6306584.784339475445449 ], [ 2356024.262976632453501, 6306584.052276713773608 ], [ 2356100.876857492141426, 6306614.634304041042924 ] ], [ [ 2356117.741634436417371, 6308747.308779736980796 ], [ 2356117.575111903250217, 6308746.1928251972422 ], [ 2356136.10992766590789, 6308751.265048941597342 ], [ 2356137.960991169326007, 6308759.99678622558713 ], [ 2356117.741634436417371, 6308747.308779736980796 ] ], [ [ 2356236.708754018414766, 6308689.78104822896421 ], [ 2356236.708723234478384, 6308689.781034256331623 ], [ 2356236.708773983642459, 6308689.781017953529954 ], [ 2356236.708754018414766, 6308689.78104822896421 ] ], [ [ 2356782.016125209163874, 6306985.277128852903843 ], [ 2356783.251790580805391, 6306966.508085852488875 ], [ 2356874.913541700690985, 6306905.394025287590921 ], [ 2356782.016125209163874, 6306985.277128852903843 ] ], [ [ 2356535.674513941630721, 6306995.18512480892241 ], [ 2356544.403847882524133, 6306967.734845051541924 ], [ 2356628.739237430971116, 6306914.107200799509883 ], [ 2356777.399846839252859, 6306793.793274909257889 ], [ 2356866.513590812217444, 6306607.390043910592794 ], [ 2356804.43729524500668, 6306746.798288494348526 ], [ 2356850.370273058302701, 6306753.760034766048193 ], [ 2356891.033658641390502, 6306664.183890004642308 ], [ 2356931.887938698753715, 6306660.23386749625206 ], [ 2356848.188015784602612, 6306793.985002963803709 ], [ 2356760.551115385256708, 6306872.095314695499837 ], [ 2356717.964668161701411, 6306851.968653180636466 ], [ 2356535.674513941630721, 6306995.18512480892241 ] ], [ [ 2355813.951025940012187, 6306625.928693051449955 ], [ 2355788.275763241108507, 6306591.04941878374666 ], [ 2355860.88880174793303, 6306588.896404901519418 ], [ 2355813.951025940012187, 6306625.928693051449955 ] ], [ [ 2356814.776189323049039, 6307288.283992169424891 ], [ 2356813.611211750656366, 6307299.282017428427935 ], [ 2356804.493414908181876, 6307285.294267407618463 ], [ 2356814.776189323049039, 6307288.283992169424891 ] ], [ [ 2356736.161040649283677, 6307278.256324817426503 ], [ 2356728.892807802651078, 6307263.313331332057714 ], [ 2356750.687022877391428, 6307269.650016535073519 ], [ 2356736.161040649283677, 6307278.256324817426503 ] ], [ [ 2356717.128153166733682, 6307037.917506095953286 ], [ 2356666.016080521978438, 6307114.911997717805207 ], [ 2356613.730508174281567, 6307163.884014925919473 ], [ 2356600.649775352329016, 6307110.767312096431851 ], [ 2356646.028435659594834, 6307005.947911800816655 ], [ 2356717.128153166733682, 6307037.917506095953286 ] ], [ [ 2356713.961846308317035, 6306966.464226702228189 ], [ 2356722.004029234405607, 6306932.81815773807466 ], [ 2356786.742944582831115, 6306927.168275776319206 ], [ 2356761.78190807485953, 6306983.975073567591608 ], [ 2356713.961846308317035, 6306966.464226702228189 ] ], [ [ 2356799.596419594716281, 6307489.296778024174273 ], [ 2356795.894340538419783, 6307496.500069499947131 ], [ 2356737.122352745383978, 6307441.604792608879507 ], [ 2356799.596419594716281, 6307489.296778024174273 ] ], [ [ 2356582.103521438781172, 6308329.182476149871945 ], [ 2356582.083148254081607, 6308329.17246921826154 ], [ 2356588.638050016015768, 6308292.888220408931375 ], [ 2356610.610016778111458, 6308176.028861531056464 ], [ 2356582.103521438781172, 6308329.182476149871945 ] ], [ [ 2356669.177494051400572, 6307663.939559792168438 ], [ 2356669.177464595064521, 6307663.939622344449162 ], [ 2356663.012688071466982, 6307610.814636749215424 ], [ 2356669.177494051400572, 6307663.939559792168438 ] ], [ [ 2356768.840688770636916, 6307575.452223730273545 ], [ 2356777.962223914451897, 6307582.589123778045177 ], [ 2356663.012688071466982, 6307610.814636749215424 ], [ 2356768.840688770636916, 6307575.452223730273545 ] ], [ [ 2356839.009473313111812, 6307649.024453747086227 ], [ 2356800.003345574717969, 6307599.834607104770839 ], [ 2356866.322993589565158, 6307651.724633469246328 ], [ 2356839.009473313111812, 6307649.024453747086227 ] ], [ [ 2356593.421545534394681, 6308060.798972706310451 ], [ 2356575.094467610586435, 6308064.497721794061363 ], [ 2356564.8737573181279, 6308041.554048814810812 ], [ 2356565.576262749265879, 6308040.609925366006792 ], [ 2356593.421545534394681, 6308060.798972706310451 ] ], [ [ 2355996.162434359546751, 6308566.71561764087528 ], [ 2355991.702343205921352, 6308492.616732209920883 ], [ 2356025.590471140109003, 6308601.836906859651208 ], [ 2355996.162434359546751, 6308566.71561764087528 ] ], [ [ 2357195.256524398457259, 6306672.37373239453882 ], [ 2357205.344061450567096, 6306693.784991076216102 ], [ 2357160.836712739896029, 6306661.362292805686593 ], [ 2357195.256524398457259, 6306672.37373239453882 ] ], [ [ 2357018.006141297053546, 6306551.210844864137471 ], [ 2357077.55493997503072, 6306576.497940572910011 ], [ 2357085.803613107185811, 6306540.063148664310575 ], [ 2357088.629430048633367, 6306539.598509674891829 ], [ 2357094.654836281202734, 6306613.150141923688352 ], [ 2357011.171960362698883, 6306552.334564832039177 ], [ 2357018.006141297053546, 6306551.210844864137471 ] ], [ [ 2356943.138772569596767, 6306659.146073342300951 ], [ 2356998.052349573932588, 6306653.836718609556556 ], [ 2357117.410616633482277, 6306747.675186305306852 ], [ 2356943.138772569596767, 6306659.146073342300951 ] ], [ [ 2357213.998689192347229, 6306712.154834222048521 ], [ 2357217.771818117238581, 6306720.16347290482372 ], [ 2357117.410616633482277, 6306747.675186305306852 ], [ 2357213.998689192347229, 6306712.154834222048521 ] ] ], [ [ [ 2356391.055579041130841, 6307444.228534762747586 ], [ 2356363.186225209385157, 6307277.178124364465475 ], [ 2356216.127913207747042, 6307718.964643568731844 ], [ 2356203.241361876484007, 6307794.175600735470653 ], [ 2356241.629850587807596, 6307831.472060908563435 ], [ 2356183.165588416624814, 6307839.001118463464081 ], [ 2356108.516202241647989, 6307958.947636188007891 ], [ 2356233.143843153957278, 6307917.645052811130881 ], [ 2356291.923039223533124, 6307825.666780509985983 ], [ 2356328.15687321824953, 6307554.682407762855291 ], [ 2356391.055579041130841, 6307444.228534762747586 ] ] ], [ [ [ 2355846.298417322337627, 6307987.886547962203622 ], [ 2355919.138345608953387, 6308026.514805373735726 ], [ 2355981.359918665606529, 6307990.549953090958297 ], [ 2356103.077162356581539, 6308022.614148571155965 ], [ 2356108.516202241647989, 6307958.947636188007891 ], [ 2356047.365064872428775, 6307919.122220729477704 ], [ 2355846.298417322337627, 6307987.886547962203622 ] ] ], [ [ [ 2356457.977108804974705, 6315994.182599849998951 ], [ 2356387.783283076249063, 6315948.403359514661133 ], [ 2356318.356896831654012, 6315918.62565716356039 ], [ 2356394.302637830842286, 6316043.767279664054513 ], [ 2356426.133278808556497, 6316086.681663408875465 ], [ 2356542.734319482930005, 6316044.293882463127375 ], [ 2356457.977108804974705, 6315994.182599849998951 ] ] ], [ [ [ 2356659.400243259035051, 6316182.153423774056137 ], [ 2356543.325614352710545, 6316044.751712330617011 ], [ 2356426.133278808556497, 6316086.681663408875465 ], [ 2356440.168024681974202, 6316258.973765256814659 ], [ 2356751.846908818464726, 6316213.437095444649458 ], [ 2356659.400243259035051, 6316182.153423774056137 ] ] ], [ [ [ 2356891.793602835386992, 6297206.651990653015673 ], [ 2356868.07020811131224, 6297346.730012769810855 ], [ 2356855.555162749718875, 6297440.227583849802613 ], [ 2356824.569101048167795, 6297655.135225276462734 ], [ 2357050.573032468557358, 6297543.869545246474445 ], [ 2357075.202772228512913, 6297404.785674809478223 ], [ 2357131.236343608703464, 6297304.260410237126052 ], [ 2357239.549689412582666, 6297166.620651515200734 ], [ 2356891.793602835386992, 6297206.651990653015673 ] ] ], [ [ [ 2356892.152768041938543, 6298054.808600353077054 ], [ 2357039.965949146542698, 6297791.817551501095295 ], [ 2356921.089846193324775, 6297723.314917363226414 ], [ 2356831.910937641747296, 6297741.408145657740533 ], [ 2356892.152768041938543, 6298054.808600353077054 ] ] ], [ [ [ 2356874.629636875819415, 6298239.761167557910085 ], [ 2356794.126138424966484, 6298278.070351242087781 ], [ 2356889.112706756684929, 6298408.090681317262352 ], [ 2357333.765808229334652, 6298207.818473180755973 ], [ 2357196.566198953893036, 6298099.344939613714814 ], [ 2356895.548554833047092, 6298155.862792212516069 ], [ 2356874.629636875819415, 6298239.761167557910085 ] ], [ [ 2356892.934295923449099, 6298283.767324032261968 ], [ 2356887.944347492884845, 6298304.418025322258472 ], [ 2356841.707448166795075, 6298297.819185587577522 ], [ 2356892.934295923449099, 6298283.767324032261968 ] ] ], [ [ [ 2360237.579114809632301, 6301459.905578981153667 ], [ 2360238.191908647306263, 6301571.424798432737589 ], [ 2360137.214422402903438, 6301647.056762758642435 ], [ 2360479.867330539505929, 6301609.792882345616817 ], [ 2360830.840029379352927, 6301327.082245552912354 ], [ 2361040.086512085050344, 6301647.38754063937813 ], [ 2361027.717210427857935, 6301616.598375625908375 ], [ 2361150.31815875787288, 6301571.710770537145436 ], [ 2361117.483044646680355, 6301469.590456518344581 ], [ 2361158.660274249967188, 6301128.108279985375702 ], [ 2361138.409732850268483, 6301036.3384764874354 ], [ 2361057.780941960867494, 6300860.303843749687076 ], [ 2360787.900122300256044, 6300517.280350984074175 ], [ 2360790.867681792937219, 6300491.709034827537835 ], [ 2360723.362347858492285, 6300472.614864908158779 ], [ 2360432.577057478483766, 6300683.937971443869174 ], [ 2360383.849549171514809, 6300785.672155926935375 ], [ 2360326.746672491077334, 6300791.401388452388346 ], [ 2360341.862090735696256, 6301260.54763463512063 ], [ 2360294.840872554574162, 6301345.805632810108364 ], [ 2360294.416043956764042, 6301437.262413394637406 ], [ 2360237.579114809632301, 6301459.905578981153667 ] ] ], [ [ [ 2360308.932405298110098, 6303992.993666969239712 ], [ 2359839.804388747550547, 6304693.901065961457789 ], [ 2359730.546714815311134, 6304789.99328551441431 ], [ 2359458.776271956972778, 6304864.315565356053412 ], [ 2359393.431589146144688, 6305020.398568071424961 ], [ 2359870.133469203021377, 6304785.262582205235958 ], [ 2360286.517168565653265, 6304292.566377276554704 ], [ 2360308.932405298110098, 6303992.993666969239712 ] ] ], [ [ [ 2357428.91756355529651, 6305372.52634637709707 ], [ 2357456.979762767907232, 6305408.496078905649483 ], [ 2357494.705237611662596, 6305631.980803490616381 ], [ 2357587.964410709217191, 6305775.087559670209885 ], [ 2357574.03172459686175, 6305866.655579114332795 ], [ 2357528.993633337318897, 6305905.125986632890999 ], [ 2357405.167160276323557, 6305757.729843218810856 ], [ 2357075.987979878205806, 6305658.282577564008534 ], [ 2357077.080303044524044, 6305674.407621586695313 ], [ 2357043.403677875641733, 6305650.42600957583636 ], [ 2356978.867764330469072, 6305650.109755747020245 ], [ 2356887.406601814553142, 6305649.659390876069665 ], [ 2356876.444197932258248, 6305882.65485358145088 ], [ 2356878.188084488268942, 6305736.347768560983241 ], [ 2356861.756872159428895, 6305890.8582867924124 ], [ 2356767.90619351901114, 6305951.523005156777799 ], [ 2356945.663859552238137, 6305980.282520440407097 ], [ 2356944.217541187535971, 6306038.97071039956063 ], [ 2357063.899927185382694, 6306212.706316128373146 ], [ 2357094.26114536030218, 6306122.596799190156162 ], [ 2357119.528921814169735, 6306130.472262115217745 ], [ 2357109.427107882220298, 6306223.659668094478548 ], [ 2357191.764942394569516, 6306237.060658806934953 ], [ 2357151.364124332554638, 6306342.0197799410671 ], [ 2357272.122116653248668, 6306323.371391751803458 ], [ 2357224.93020607624203, 6306337.233638216741383 ], [ 2357292.904653644189239, 6306570.086588057689369 ], [ 2357288.451074781827629, 6306482.551743544638157 ], [ 2357326.826866052579135, 6306456.848916546441615 ], [ 2357383.898145920597017, 6306425.072814065031707 ], [ 2357495.568999083712697, 6306548.624478742480278 ], [ 2357567.766142204869539, 6306378.789484404027462 ], [ 2357631.998714688234031, 6306381.13683601655066 ], [ 2357546.331138432957232, 6306517.300760659389198 ], [ 2357648.836642497219145, 6306604.11338952742517 ], [ 2357772.54296797234565, 6306572.75075457803905 ], [ 2357833.159697261638939, 6306461.087396270595491 ], [ 2357807.0733981593512, 6306424.311854006722569 ], [ 2357863.467161887325346, 6306191.491045258007944 ], [ 2358028.179547769483179, 6306212.357704877853394 ], [ 2358058.353684397879988, 6306313.620213125832379 ], [ 2358200.25071560125798, 6306400.247333492152393 ], [ 2358222.206935017369688, 6306175.183299540542066 ], [ 2358149.12638781266287, 6306131.737810852006078 ], [ 2358023.272432636469603, 6306195.889734552241862 ], [ 2358167.096299549564719, 6306116.850390481762588 ], [ 2358106.331555268727243, 6306052.531388348899782 ], [ 2358062.121341541875154, 6305804.140071115456522 ], [ 2358079.038360272534192, 6305715.344892023131251 ], [ 2358042.744163888506591, 6305708.706755524501204 ], [ 2358092.078439878765494, 6305646.898102444596589 ], [ 2358063.140906187240034, 6305449.684344249777496 ], [ 2358244.516866967547685, 6305093.022002692334354 ], [ 2358050.220711590722203, 6305292.283157426863909 ], [ 2358193.644529768265784, 6305125.155648915097117 ], [ 2358120.556528224144131, 6305021.185805448330939 ], [ 2358156.03412419417873, 6304926.826054035685956 ], [ 2358447.312367843929678, 6304872.000741976313293 ], [ 2358453.808686223812401, 6304828.985410641878843 ], [ 2357571.571396136190742, 6305041.26329140085727 ], [ 2357646.329332283698022, 6305110.928797720000148 ], [ 2357515.656892578117549, 6305064.309797620400786 ], [ 2357416.914798342622817, 6305014.372437570244074 ], [ 2357386.198730708099902, 6304946.333213541656733 ], [ 2357269.567287088837475, 6304912.859870694577694 ], [ 2357210.307440657634288, 6304839.829468237236142 ], [ 2357247.773063014261425, 6305049.067768469452858 ], [ 2357352.595978137571365, 6305264.146789119578898 ], [ 2357360.579587496817112, 6305264.487298340536654 ], [ 2357368.309583519585431, 6305312.769745737314224 ], [ 2357413.542247604578733, 6305334.222249108366668 ], [ 2357437.086335513275117, 6305367.988760571926832 ], [ 2357428.91756355529651, 6305372.52634637709707 ] ], [ [ 2358023.924687203019857, 6306198.078659931197762 ], [ 2357855.685898961964995, 6306015.19527873955667 ], [ 2358052.74889465700835, 6306090.174831551499665 ], [ 2358002.684858688153327, 6306171.473065754398704 ], [ 2358023.272432636469603, 6306195.889734552241862 ], [ 2358023.924687203019857, 6306198.078659931197762 ] ], [ [ 2357927.953122794162482, 6305509.036376473493874 ], [ 2357924.56874825200066, 6305453.899338743649423 ], [ 2357881.166203826665878, 6305492.988137254491448 ], [ 2357870.793683763127774, 6305555.042968694120646 ], [ 2357914.242093543056399, 6305588.201472815126181 ], [ 2357858.6787348408252, 6305639.970972881652415 ], [ 2357836.171406608540565, 6305731.421617068350315 ], [ 2357854.906914695166051, 6305644.968986887484789 ], [ 2357821.214221069589257, 6305554.207875528372824 ], [ 2357890.496060259640217, 6305473.581356918439269 ], [ 2357877.471011775545776, 6305326.325355770997703 ], [ 2357894.503970162477344, 6305473.735243692062795 ], [ 2357981.365334228612483, 6305372.518280242569745 ], [ 2357949.841756667010486, 6305427.489813563413918 ], [ 2357980.499463124666363, 6305458.465847952291369 ], [ 2357956.864619064610451, 6305505.137969112023711 ], [ 2357927.953122794162482, 6305509.036376473493874 ] ], [ [ 2357858.678168184589595, 6305242.019641247577965 ], [ 2357820.062337843701243, 6305192.173053678125143 ], [ 2357914.368173511233181, 6305189.434288412332535 ], [ 2358018.072610078379512, 6305103.311735976487398 ], [ 2357858.678168184589595, 6305242.019641247577965 ] ], [ [ 2357460.094307872466743, 6305291.449178310111165 ], [ 2357385.595814255997539, 6305265.554266362451017 ], [ 2357435.964629524853081, 6305267.702548583038151 ], [ 2357460.094307872466743, 6305291.449178310111165 ] ], [ [ 2357717.091804371215403, 6305176.871006673201919 ], [ 2357724.32242211792618, 6305183.609082551673055 ], [ 2357706.346041486598551, 6305218.420499140396714 ], [ 2357481.387550362851471, 6305343.380341497249901 ], [ 2357717.091804371215403, 6305176.871006673201919 ] ], [ [ 2357826.831756168976426, 6305774.51825163513422 ], [ 2357830.473235898185521, 6306005.374330546706915 ], [ 2357691.183535045478493, 6306123.671129803173244 ], [ 2357810.385441459249705, 6305865.359146079979837 ], [ 2357657.964565647300333, 6305832.90552566293627 ], [ 2357681.712746881414205, 6305823.356111166067421 ], [ 2357807.441120975185186, 6305863.993882914073765 ], [ 2357826.831756168976426, 6305774.51825163513422 ] ], [ [ 2357553.292900140862912, 6306240.779721872881055 ], [ 2357538.792552702594548, 6306245.039083012379706 ], [ 2357573.720938561018556, 6306223.43047389946878 ], [ 2357553.292900140862912, 6306240.779721872881055 ] ], [ [ 2357419.339230269659311, 6305876.882704177871346 ], [ 2357427.464769385755062, 6305880.05411749985069 ], [ 2357418.49946250487119, 6305899.585347446613014 ], [ 2357419.339230269659311, 6305876.882704177871346 ] ], [ [ 2357599.475895431358367, 6305908.088177572004497 ], [ 2357681.10479998961091, 6306021.95038547553122 ], [ 2357660.415227580349892, 6306012.59536343254149 ], [ 2357663.598570691887289, 6306000.682543427683413 ], [ 2357599.475895431358367, 6305908.088177572004497 ] ], [ [ 2357529.643048801459372, 6305930.025690136477351 ], [ 2357578.429392512422055, 6305975.524549253284931 ], [ 2357525.724057180341333, 6305951.693241189233959 ], [ 2357529.643048801459372, 6305930.025690136477351 ] ] ], [ [ [ 2359241.827195649035275, 6304889.204244360327721 ], [ 2358967.330677380785346, 6304943.84999736584723 ], [ 2359389.921133812516928, 6305021.726127648726106 ], [ 2359294.102874575648457, 6304982.754471944645047 ], [ 2359307.067435517907143, 6304949.884112108498812 ], [ 2359241.827195649035275, 6304889.204244360327721 ] ] ], [ [ [ 2359353.106656637508422, 6305059.11524676065892 ], [ 2359396.290980924386531, 6305087.137482893653214 ], [ 2359490.79923058161512, 6305014.434976858086884 ], [ 2359468.387217595241964, 6305023.16867439262569 ], [ 2359353.106656637508422, 6305059.11524676065892 ] ] ], [ [ [ 2360236.707574351225048, 6306046.761023231782019 ], [ 2359957.326144941151142, 6306059.651743303053081 ], [ 2359054.573678873479366, 6305815.891288070008159 ], [ 2358915.753330373205245, 6305863.567383851855993 ], [ 2358947.738149903248996, 6305891.473967802710831 ], [ 2358948.107674193102866, 6306125.248910495080054 ], [ 2358997.355923871975392, 6306237.700636531226337 ], [ 2359176.016313129570335, 6306158.898348540998995 ], [ 2360236.707574351225048, 6306046.761023231782019 ] ], [ [ 2359406.048995998222381, 6306027.521717003546655 ], [ 2359394.344909929204732, 6306050.961611539125443 ], [ 2359378.473914513364434, 6306017.850331266410649 ], [ 2359406.048995998222381, 6306027.521717003546655 ] ], [ [ 2359377.045959047041833, 6305913.791500462219119 ], [ 2359409.291740122251213, 6305925.874643103219569 ], [ 2359354.146170235238969, 6305948.054568418301642 ], [ 2359377.045959047041833, 6305913.791500462219119 ] ] ], [ [ [ 2359379.237092687748373, 6306959.685200681909919 ], [ 2359513.269358223304152, 6306982.171625551767647 ], [ 2359513.293552505318075, 6306982.197885728441179 ], [ 2359513.310430214274675, 6306982.178516147658229 ], [ 2359532.370528417173773, 6306985.376204887405038 ], [ 2359541.863191782031208, 6307001.708969974890351 ], [ 2359508.869022579398006, 6307010.348575371317565 ], [ 2359543.535511381458491, 6307004.586308201774955 ], [ 2359560.942697855643928, 6307034.536542040295899 ], [ 2359636.513659789226949, 6307066.04503470286727 ], [ 2359739.969867060892284, 6306906.15555773768574 ], [ 2359639.962529913056642, 6306868.02717881090939 ], [ 2359523.871655492112041, 6306793.262783691287041 ], [ 2359322.97589838411659, 6306712.245542876422405 ], [ 2359308.394621297717094, 6306734.11326521076262 ], [ 2359314.739062622655183, 6306710.656788337044418 ], [ 2359066.331102132797241, 6306552.99210855178535 ], [ 2359057.40050234599039, 6306565.418191566132009 ], [ 2359006.71932325931266, 6306584.28326886985451 ], [ 2359060.877223309595138, 6306548.644466741010547 ], [ 2358936.841182603500783, 6306398.119421178475022 ], [ 2358861.682084108237177, 6306574.2513417173177 ], [ 2358809.396250580437481, 6306711.787063990719616 ], [ 2358849.349206136539578, 6306729.387159331701696 ], [ 2358580.791125827468932, 6306702.311528174206614 ], [ 2358529.719562774989754, 6306805.4825011305511 ], [ 2358433.708495730999857, 6307013.376249098218977 ], [ 2358250.331745129544288, 6307160.126096970401704 ], [ 2358329.994848598726094, 6307605.900629447773099 ], [ 2358519.417107992805541, 6307603.690411652438343 ], [ 2358337.798778199125081, 6307614.626169053837657 ], [ 2358445.128634670283645, 6307822.289837740361691 ], [ 2358417.081590538844466, 6307857.953328112140298 ], [ 2358595.970297498628497, 6307987.935548959299922 ], [ 2358794.587577745784074, 6308006.314545338973403 ], [ 2358599.085671270731837, 6307974.686052233912051 ], [ 2358652.122226756997406, 6307954.164213943295181 ], [ 2358611.234077644534409, 6307811.4565857835114 ], [ 2358562.802310846745968, 6307776.002217175439 ], [ 2358598.375883677043021, 6307623.898968333378434 ], [ 2358478.444368055090308, 6307694.991070136427879 ], [ 2358624.988830101210624, 6307599.974159763194621 ], [ 2358755.363847741857171, 6307380.871422318741679 ], [ 2358764.83765732171014, 6307177.932809183374047 ], [ 2358899.044668518006802, 6306994.478563340380788 ], [ 2359093.69622011622414, 6306932.803651622496545 ], [ 2359013.438489055261016, 6306801.671849752776325 ], [ 2359111.301739209331572, 6306948.087112380191684 ], [ 2359197.760910784360021, 6306947.73332096170634 ], [ 2359212.579682245850563, 6306921.082500248216093 ], [ 2359208.977965226396918, 6306947.687472759746015 ], [ 2359250.673948754090816, 6306947.516392663121223 ], [ 2359273.238921985030174, 6306928.860663816332817 ], [ 2359261.967157216742635, 6306947.47011639084667 ], [ 2359379.237092687748373, 6306959.685200681909919 ] ], [ [ 2359539.130141528788954, 6306838.079749532975256 ], [ 2359482.249210183974355, 6306790.493306579068303 ], [ 2359416.939928104169667, 6306770.852226490154862 ], [ 2359424.12913150107488, 6306767.894803209230304 ], [ 2359523.871655492112041, 6306793.262783691287041 ], [ 2359539.130141528788954, 6306838.079749532975256 ] ], [ [ 2359362.143548563588411, 6306756.097616694867611 ], [ 2359351.50153029570356, 6306784.679048519581556 ], [ 2359322.97589838411659, 6306712.245542876422405 ], [ 2359362.143548563588411, 6306756.097616694867611 ] ], [ [ 2359194.941609277389944, 6306852.645755521021783 ], [ 2359218.639935108367354, 6306876.316945392638445 ], [ 2359215.187174217775464, 6306901.821616661734879 ], [ 2359202.243900159373879, 6306893.564076823182404 ], [ 2359182.109575560782105, 6306892.439150642603636 ], [ 2359195.278953719418496, 6306858.637096236459911 ], [ 2359194.941609277389944, 6306852.645755521021783 ] ], [ [ 2359341.01291643595323, 6306893.654437431134284 ], [ 2359321.031982643064111, 6306889.347460265271366 ], [ 2359375.113400221802294, 6306844.635319387540221 ], [ 2359341.01291643595323, 6306893.654437431134284 ] ], [ [ 2359355.938770386856049, 6306795.946278504095972 ], [ 2359374.700207587797195, 6306788.228384309448302 ], [ 2359375.113400221802294, 6306844.635319387540221 ], [ 2359355.938770386856049, 6306795.946278504095972 ] ], [ [ 2359375.774341110140085, 6306901.147413678467274 ], [ 2359363.782542348373681, 6306898.562529309652746 ], [ 2359412.464622798375785, 6306872.311106352135539 ], [ 2359375.774341110140085, 6306901.147413678467274 ] ], [ [ 2359452.917355201672763, 6306917.775925820693374 ], [ 2359438.193964915815741, 6306914.602235020138323 ], [ 2359449.228035679552704, 6306913.465635107830167 ], [ 2359449.395139661151916, 6306912.843332417309284 ], [ 2359486.178392845671624, 6306952.767424117773771 ], [ 2359475.273329172283411, 6306952.719206069596112 ], [ 2359452.917355201672763, 6306917.775925820693374 ] ], [ [ 2359069.498194032348692, 6306687.789436377584934 ], [ 2359062.786783858202398, 6306705.279061254113913 ], [ 2359063.066648899577558, 6306703.907274981960654 ], [ 2358914.015292872209102, 6306632.951850737445056 ], [ 2358933.457666287198663, 6306586.903678383678198 ], [ 2358956.207173704169691, 6306652.971472234465182 ], [ 2358994.146481468807906, 6306664.442215044051409 ], [ 2358999.64959748275578, 6306668.861002587713301 ], [ 2359001.015326333697885, 6306666.518972830846906 ], [ 2359082.667635747231543, 6306691.206103309988976 ], [ 2359099.506516503170133, 6306760.911015747115016 ], [ 2359117.009232808370143, 6306803.869719040580094 ], [ 2359089.055058019701391, 6306747.239276492036879 ], [ 2359069.498194032348692, 6306687.789436377584934 ] ], [ [ 2359125.948857580311596, 6306713.333051669411361 ], [ 2359186.306879319716245, 6306736.660214970819652 ], [ 2359186.28553236508742, 6306736.905899940058589 ], [ 2359135.516808176413178, 6306723.219573016278446 ], [ 2359147.790577923879027, 6306794.870621082372963 ], [ 2359125.653260717634112, 6306739.147584746591747 ], [ 2359099.506516503170133, 6306760.911015747115016 ], [ 2359125.948857580311596, 6306713.333051669411361 ] ], [ [ 2359145.764750998467207, 6306688.008901885710657 ], [ 2359129.455963222775608, 6306707.022682031616569 ], [ 2359140.487349700648338, 6306687.173799966461957 ], [ 2359145.764750998467207, 6306688.008901885710657 ] ], [ [ 2359186.46450321841985, 6306734.846100339666009 ], [ 2359151.904900065157562, 6306688.980525982566178 ], [ 2359189.926877754274756, 6306694.997166514396667 ], [ 2359186.46450321841985, 6306734.846100339666009 ] ], [ [ 2359054.518943915143609, 6306745.80469914432615 ], [ 2359058.544349073432386, 6306750.136991824023426 ], [ 2359053.538089396432042, 6306750.612454896792769 ], [ 2359054.518943915143609, 6306745.80469914432615 ] ], [ [ 2359415.350537271704525, 6306771.506054346449673 ], [ 2359414.549457178451121, 6306799.487798518501222 ], [ 2359385.926452280022204, 6306783.6102429702878 ], [ 2359415.350537271704525, 6306771.506054346449673 ] ], [ [ 2359613.490225693676621, 6306867.207898672670126 ], [ 2359568.642760141286999, 6306953.132050214335322 ], [ 2359538.735332549083978, 6306952.999810934066772 ], [ 2359613.490225693676621, 6306867.207898672670126 ] ], [ [ 2359053.151665230281651, 6306804.861965457908809 ], [ 2359026.678100190591067, 6306811.123788821510971 ], [ 2359035.332380362786353, 6306783.620356798171997 ], [ 2359053.151665230281651, 6306804.861965457908809 ] ] ], [ [ [ 2358929.644233737140894, 6306607.421899839304388 ], [ 2358914.015292872209102, 6306632.951850737445056 ], [ 2358956.207173704169691, 6306652.971472234465182 ], [ 2358929.644233737140894, 6306607.421899839304388 ] ] ], [ [ [ 2358790.136004997417331, 6308021.529497417621315 ], [ 2358952.78413878986612, 6308066.147770768031478 ], [ 2358975.892257650382817, 6308039.481416058726609 ], [ 2358794.587577745784074, 6308006.314545338973403 ], [ 2358790.136004997417331, 6308021.529497417621315 ] ] ], [ [ [ 2358787.811391065362841, 6308027.245335449464619 ], [ 2358594.528918964322656, 6307993.88944392837584 ], [ 2358491.253614596091211, 6307933.652430048212409 ], [ 2358445.536892818287015, 6308394.545392404310405 ], [ 2358591.669924137182534, 6308452.379254677332938 ], [ 2358667.237790951505303, 6308428.137697597034276 ], [ 2358784.814168853219599, 6308471.958608384244144 ], [ 2359056.713729823939502, 6308156.829295616596937 ], [ 2358987.107223811093718, 6308085.215688590891659 ], [ 2358787.811391065362841, 6308027.245335449464619 ] ] ], [ [ [ 2360040.8136922637932, 6308884.34006460942328 ], [ 2360106.930770281236619, 6308941.490261856466532 ], [ 2360035.647359857801348, 6308887.831041711382568 ], [ 2359894.104083853308111, 6308608.61904217209667 ], [ 2359870.908532502595335, 6308622.935313637368381 ], [ 2359959.424628596752882, 6308549.56631263718009 ], [ 2359760.357874368317425, 6308522.043278669938445 ], [ 2359581.458109277766198, 6308401.561428025364876 ], [ 2359492.640637413132936, 6308581.263093577697873 ], [ 2359360.294366830028594, 6308648.210557928308845 ], [ 2359377.96585991140455, 6308766.349569997750223 ], [ 2359502.032601453829557, 6308803.577152758836746 ], [ 2359625.164397962391376, 6308774.608351619914174 ], [ 2359616.448867073748261, 6308779.987568707205355 ], [ 2359812.122504423372447, 6308974.901769450865686 ], [ 2360007.414499430451542, 6309056.920854493044317 ], [ 2359995.299836772959679, 6309074.562098717316985 ], [ 2360072.614340004976839, 6309164.042864736169577 ], [ 2360062.935635846108198, 6309485.089691466651857 ], [ 2360157.652688628993928, 6309526.110830799676478 ], [ 2360286.181932420935482, 6309055.386411250568926 ], [ 2360120.674320547375828, 6309097.369854697026312 ], [ 2360109.608998457435519, 6309091.632700500078499 ], [ 2360241.367394803557545, 6309042.688624671660364 ], [ 2360197.005422106478363, 6309009.294755819253623 ], [ 2360266.322851526085287, 6309039.873088303022087 ], [ 2360305.007915344554931, 6309020.806358742527664 ], [ 2360106.289495908189565, 6308873.143718181177974 ], [ 2360262.718157613184303, 6308696.164152914658189 ], [ 2360401.673032819293439, 6308416.028829351067543 ], [ 2360472.195632878690958, 6308077.466705800965428 ], [ 2360394.576143448706716, 6307931.974977602250874 ], [ 2360260.482097612228245, 6308144.908397727645934 ], [ 2359965.373042138293386, 6308456.690304958261549 ], [ 2360074.083873111754656, 6308849.212532957084477 ], [ 2359982.980209724977612, 6308525.003330043517053 ], [ 2359962.821189348585904, 6308544.47298861015588 ], [ 2359985.037923710420728, 6308583.576913713477552 ], [ 2360040.8136922637932, 6308884.34006460942328 ] ] ], [ [ [ 2359736.876677705906332, 6308494.718838274478912 ], [ 2359586.309968145564198, 6308397.514777433127165 ], [ 2359761.793637893162668, 6308515.911004202440381 ], [ 2359974.61260743951425, 6308521.348280685953796 ], [ 2359736.876677705906332, 6308494.718838274478912 ] ] ], [ [ [ 2360016.735850806813687, 6308842.549308793619275 ], [ 2359978.981319121085107, 6308584.383680450730026 ], [ 2359959.424628596752882, 6308549.56631263718009 ], [ 2359894.104083853308111, 6308608.61904217209667 ], [ 2360016.735850806813687, 6308842.549308793619275 ] ] ], [ [ [ 2358127.699665440712124, 6309137.96942993067205 ], [ 2358025.912519029807299, 6309082.059627343900502 ], [ 2357901.729099618270993, 6309219.574157509021461 ], [ 2357978.553306344896555, 6309254.827884547412395 ], [ 2357903.584656178019941, 6309371.663094774819911 ], [ 2357896.460591902025044, 6309462.963816379196942 ], [ 2358096.548349308315665, 6309447.210944038815796 ], [ 2358140.561754836700857, 6309290.691411590203643 ], [ 2358127.699665440712124, 6309137.96942993067205 ] ] ], [ [ [ 2360823.963502158410847, 6309215.819582731463015 ], [ 2360691.211721317842603, 6309167.156838965602219 ], [ 2360473.158838648814708, 6309376.688949824310839 ], [ 2360453.027113106567413, 6309512.340231720358133 ], [ 2360490.681830847170204, 6309618.435226591303945 ], [ 2360529.325635488145053, 6309664.086707076989114 ], [ 2360645.800326854456216, 6309639.227163590490818 ], [ 2360652.826736362185329, 6309595.391019087284803 ], [ 2360823.963502158410847, 6309215.819582731463015 ] ] ], [ [ [ 2358741.933637666981667, 6312251.465415476821363 ], [ 2358862.074511444196105, 6312301.139145814813673 ], [ 2359110.072586458642036, 6312130.558055023662746 ], [ 2358915.767173030879349, 6311996.096257599070668 ], [ 2358741.933637666981667, 6312251.465415476821363 ] ] ] ] } }
]
}
