{"type":"FeatureCollection","name":"jprl_ochranne","features":[{"type":"Feature","properties":{"is_ochrann\u00fd_les":true},"geometry":{"type":"Polygon","coordinates":[[[2357075.2027722285,6297404.7856748095],[2357131.2363436087,6297304.260410237],[2356868.0702081113,6297346.73001277],[2356855.5551627497,6297440.22758385],[2357075.2027722285,6297404.7856748095]]]}},{"type":"Feature","properties":{"is_ochrann\u00fd_les":true},"geometry":{"type":"MultiPolygon","coordinates":[[[[2357239.5496894126,6297166.620651515],[2356891.7936028354,6297206.651990653],[2356868.0702081113,6297346.73001277],[2357131.2363436087,6297304.260410237],[2357239.5496894126,6297166.620651515]]],[[[2357075.2027722285,6297404.7856748095],[2356855.5551627497,6297440.22758385],[2356824.569101048,6297655.135225276],[2357050.5730324686,6297543.8695452465],[2357075.2027722285,6297404.7856748095]]],[[[2356921.0898461933,6297723.314917363],[2356831.9109376417,6297741.408145658],[2356892.152768042,6298054.808600353],[2357039.9659491465,6297791.817551501],[2356921.0898461933,6297723.314917363]]]]}},{"type":"Feature","properties":{"is_ochrann\u00fd_les":true},"geometry":{"type":"Polygon","coordinates":[[[2357333.7658082293,6298207.818473181],[2357196.566198954,6298099.344939614],[2356895.548554833,6298155.8627922125],[2356874.629636876,6298239.761167558],[2356794.126138425,6298278.070351242],[2356889.1127067567,6298408.090681317],[2357333.7658082293,6298207.818473181]],[[2356892.9342959234,6298283.767324032],[2356875.6591442176,6298355.259845962],[2356841.707448167,6298297.819185588],[2356892.9342959234,6298283.767324032]]]}},{"type":"Feature","properties":{"is_ochrann\u00fd_les":true},"geometry":{"type":"Polygon","coordinates":[[[2356908.157588312,6298307.302819472],[2356841.707448167,6298297.819185588],[2356875.6591442176,6298355.259845962],[2356908.157588312,6298307.302819472]]]}},{"type":"Feature","properties":{"is_ochrann\u00fd_les":true},"geometry":{"type":"Polygon","coordinates":[[[2356493.367740539,6299718.470221165],[2356669.549516078,6299602.424703061],[2356524.1296076295,6299483.124116978],[2356463.436727262,6299304.48684923],[2356465.592382415,6299149.07595424],[2356403.5371477017,6299016.2040031515],[2356442.1954432204,6299592.730837537],[2356493.367740539,6299718.470221165]]]}},{"type":"Feature","properties":{"is_ochrann\u00fd_les":true},"geometry":{"type":"MultiPolygon","coordinates":[[[[2356442.8657571245,6299835.979809514],[2356132.9725819314,6299788.842784537],[2356268.528340186,6300049.693459086],[2356299.309436322,6300143.362213904],[2356285.595007681,6300543.781315892],[2356405.649575488,6300554.223962679],[2356561.6531294878,6300451.675746043],[2356724.163121583,6300151.009063799],[2356442.8657571245,6299835.979809514]]],[[[2356232.529028703,6300006.29437433],[2356288.6116530225,6300207.1947674155],[2356279.457044411,6300354.581337865],[2356215.0659749997,6300451.260223403],[2356243.6085965186,6300485.1038327],[2356290.5738409003,6300370.6419130275],[2356296.972896756,6300198.947231092],[2356232.529028703,6300006.29437433]]]]}},{"type":"Feature","properties":{"is_ochrann\u00fd_les":true},"geometry":{"type":"Polygon","coordinates":[[[2357093.3327811607,6300695.827650933],[2356886.734682124,6300557.978093336],[2356898.717040753,6300504.678751467],[2356965.2343614576,6300487.281911228],[2356970.8147886023,6300425.289602458],[2356826.653391356,6300409.088485502],[2356467.543236772,6300683.9621156445],[2356583.41335279,6300811.448083825],[2356670.5222975225,6300821.08285337],[2357093.3327811607,6300695.827650933]]]}},{"type":"Feature","properties":{"is_ochrann\u00fd_les":true},"geometry":{"type":"Polygon","coordinates":[[[2357092.352444853,6300700.468694993],[2356699.8393085245,6300819.513798299],[2356583.41335279,6300811.448083825],[2356629.248504493,6300903.324207037],[2356834.1376764495,6301029.275010775],[2356794.8403280354,6300869.585394463],[2356860.294003615,6300810.188535583],[2357065.23424762,6300731.529934911],[2357092.352444853,6300700.468694993]]]}},{"type":"Feature","properties":{"is_ochrann\u00fd_les":true},"geometry":{"type":"MultiPolygon","coordinates":[[[[2356285.595007681,6300543.781315892],[2356290.3666788316,6300832.288519675],[2356240.819090503,6300982.426930356],[2356244.365562808,6301162.497754536],[2356560.0529492265,6301205.378885554],[2356285.595007681,6300543.781315892]]],[[[2356254.2847228083,6300527.008412284],[2356234.034922915,6300863.3098665085],[2356249.6109146522,6300904.9371093055],[2356284.2182814893,6300831.761446319],[2356279.641682112,6300541.293408779],[2356254.2847228083,6300527.008412284]]]]}},{"type":"Feature","properties":{"is_ochrann\u00fd_les":true},"geometry":{"type":"Polygon","coordinates":[[[2360832.4749366245,6301325.7653178545],[2360740.0255869725,6300929.812898952],[2360790.867681793,6300491.709034828],[2360723.3623478585,6300472.614864908],[2360432.5770574785,6300683.937971444],[2360383.8495491715,6300785.672155927],[2360326.746672491,6300791.401388452],[2360341.8620907357,6301260.547634635],[2360294.8408725546,6301345.80563281],[2360294.4160439568,6301437.262413395],[2360237.5791148096,6301459.905578981],[2360238.1919086473,6301571.424798433],[2360137.214422403,6301647.056762759],[2360479.8673305395,6301609.792882346],[2360832.4749366245,6301325.7653178545]]]}},{"type":"Feature","properties":{"is_ochrann\u00fd_les":true},"geometry":{"type":"Polygon","coordinates":[[[2361117.4830446467,6301469.590456518],[2361158.66027425,6301128.108279985],[2361138.4097328503,6301036.338476487],[2361057.780941961,6300860.30384375],[2360773.883449095,6300499.464901164],[2360740.0255869725,6300929.812898952],[2360811.2445038417,6301297.086278555],[2361040.086512085,6301647.387540639],[2361027.717210428,6301616.598375626],[2361150.318158758,6301571.710770537],[2361117.4830446467,6301469.590456518]]]}},{"type":"Feature","properties":{"is_ochrann\u00fd_les":true},"geometry":{"type":"Polygon","coordinates":[[[2356633.9870822523,6301288.630973095],[2356244.365562808,6301162.497754536],[2356141.1910117553,6301315.711547619],[2356378.6682389323,6301396.13042706],[2356633.9870822523,6301288.630973095]]]}},{"type":"Feature","properties":{"is_ochrann\u00fd_les":true},"geometry":{"type":"Polygon","coordinates":[[[2355523.625378088,6302189.904200573],[2355441.3396138954,6302074.217237638],[2355339.6326147476,6302114.163168479],[2355588.5268841702,6302464.095897018],[2355523.625378088,6302189.904200573]]]}},{"type":"Feature","properties":{"is_ochrann\u00fd_les":true},"geometry":{"type":"Polygon","coordinates":[[[2355472.8472292516,6302301.458621557],[2355405.259539479,6302386.840485976],[2355487.3498771884,6302321.8482683],[2355472.8472292516,6302301.458621557]]]}},{"type":"Feature","properties":{"is_ochrann\u00fd_les":true},"geometry":{"type":"MultiPolygon","coordinates":[[[[2355611.078243549,6302539.723775251],[2355695.627658389,6302614.668584214],[2355487.3498771884,6302321.8482683],[2355416.398790919,6302402.502299369],[2355578.5025201757,6302630.413919632],[2355564.997963332,6302576.320842275],[2355611.078243549,6302539.723775251]]],[[[2355358.5196842365,6302140.718029179],[2355238.8259151564,6302152.833527104],[2355328.833679421,6302150.085436335],[2355324.019937766,6302272.618375989],[2355405.259539479,6302386.840485976],[2355472.8472292516,6302301.458621557],[2355358.5196842365,6302140.718029179]]]]}},{"type":"Feature","properties":{"is_ochrann\u00fd_les":true},"geometry":{"type":"MultiPolygon","coordinates":[[[[2355674.1418122454,6302625.448597933],[2355601.7582813464,6302540.93834197],[2355564.997963332,6302576.320842275],[2355591.4188723126,6302633.777539327],[2355674.1418122454,6302625.448597933]]],[[[2355328.833679421,6302150.085436335],[2355255.239696726,6302175.9116615],[2355324.019937766,6302272.618375989],[2355329.0767508317,6302204.29230788],[2355328.833679421,6302150.085436335]]]]}},{"type":"Feature","properties":{"is_ochrann\u00fd_les":true},"geometry":{"type":"MultiPolygon","coordinates":[[[[2356185.1497765332,6302756.52824154],[2356431.0207884987,6302718.173054244],[2356441.2016728786,6302667.481461009],[2356382.504960703,6302568.177808703],[2356340.206312935,6302621.99911757],[2356228.969191658,6302634.03695032],[2356177.9840594027,6302752.14059339],[2356134.1413230407,6302704.29694358],[2356131.8798192106,6302757.733143198],[2356185.1497765332,6302756.52824154]]],[[[2355879.829655512,6302404.644020838],[2355862.8248514137,6302475.753636117],[2355916.7644012026,6302444.284693855],[2355979.739520573,6302530.9445795],[2355964.4470590446,6302635.503284124],[2356081.0942268674,6302678.429126848],[2356086.010498354,6302577.796816637],[2355879.829655512,6302404.644020838]]]]}},{"type":"Feature","properties":{"is_ochrann\u00fd_les":true},"geometry":{"type":"Polygon","coordinates":[[[2356075.921735491,6302966.307558118],[2356431.0207884987,6302718.173054244],[2356131.8798192106,6302757.733143198],[2356134.1413230407,6302704.29694358],[2355964.4470590446,6302635.503284124],[2355979.739520573,6302530.9445795],[2355916.7644012026,6302444.284693855],[2355862.8248514137,6302475.753636117],[2355868.5886309175,6302674.872178255],[2356075.921735491,6302966.307558118]]]}},{"type":"Feature","properties":{"is_ochrann\u00fd_les":true},"geometry":{"type":"MultiPolygon","coordinates":[[[[2355860.53146358,6303026.913024306],[2355488.3778091464,6302545.011754976],[2355454.2152364035,6302564.34875266],[2355439.9474239615,6302516.978147034],[2355352.713317683,6302583.434813241],[2355343.0072963927,6302990.068087148],[2355860.53146358,6303026.913024306]]],[[[2355879.829655512,6302404.644020838],[2355765.186213095,6302529.507180665],[2355868.5886309175,6302674.872178255],[2355862.376888025,6302477.626596571],[2355879.829655512,6302404.644020838]]]]}},{"type":"Feature","properties":{"is_ochrann\u00fd_les":true},"geometry":{"type":"MultiPolygon","coordinates":[[[[2355095.4605900464,6303070.320561004],[2355203.7507520304,6303037.73898968],[2354831.8802818027,6302514.859143358],[2354746.1297965283,6302573.714919256],[2354701.952460934,6302670.9880284825],[2354882.9851133465,6302925.538603075],[2355095.4605900464,6303070.320561004]],[[2354746.3457784555,6302690.91643956],[2354777.548011533,6302702.124360481],[2354852.7494839546,6302686.661845704],[2354813.7922617896,6302737.0121667],[2354746.3457784555,6302690.91643956]],[[2354966.566588358,6302961.886322841],[2354921.199240973,6302866.535939072],[2354956.550385173,6302795.3763324],[2355082.7767691687,6302951.954867514],[2354980.225752368,6302878.695427464],[2355020.6076576766,6302932.657315743],[2354966.566588358,6302961.886322841]]],[[[2355095.4605900464,6303070.320561004],[2355006.107640904,6303050.155209702],[2354956.3658509995,6303028.724354022],[2355007.8262470374,6303101.091043025],[2355095.4605900464,6303070.320561004]]]]}},{"type":"Feature","properties":{"is_ochrann\u00fd_les":true},"geometry":{"type":"MultiPolygon","coordinates":[[[[2354980.225752368,6302878.695427464],[2355068.009042915,6302953.184704157],[2355082.7767691687,6302951.954867514],[2354989.221392245,6302808.782893446],[2354956.550385173,6302795.3763324],[2354921.199240973,6302866.535939072],[2354966.566588358,6302961.886322841],[2355020.6076576766,6302932.657315743],[2354980.225752368,6302878.695427464]]],[[[2354851.094509616,6302700.957635523],[2354752.0303829275,6302685.367676553],[2354742.9747592728,6302704.72848032],[2354813.7922617896,6302737.0121667],[2354851.094509616,6302700.957635523]]]]}},{"type":"Feature","properties":{"is_ochrann\u00fd_les":true},"geometry":{"type":"Polygon","coordinates":[[[2354956.3658509995,6303028.724354022],[2354771.9458061643,6303017.433774864],[2354821.9645753885,6302975.627501647],[2354711.6719637425,6302959.385368407],[2354622.6235963665,6302788.6893925555],[2354521.896890932,6302887.354195616],[2354685.4425069545,6303054.548038678],[2354656.4979866305,6303074.412765237],[2354677.7234711275,6303133.507424043],[2355007.8262470374,6303101.091043025],[2354956.3658509995,6303028.724354022]]]}},{"type":"Feature","properties":{"is_ochrann\u00fd_les":true},"geometry":{"type":"MultiPolygon","coordinates":[[[[2354588.3811701154,6302987.768713739],[2354467.537399024,6302793.305080339],[2354495.6351845623,6302851.253330924],[2354588.3811701154,6302987.768713739]]],[[[2354658.2347444193,6303128.837283834],[2354657.4440490864,6303128.00945779],[2354657.1127376016,6303129.54214686],[2354658.2347444193,6303128.837283834]]]]}},{"type":"Feature","properties":{"is_ochrann\u00fd_les":true},"geometry":{"type":"Polygon","coordinates":[[[2355816.0602590465,6303261.677715855],[2355244.364057929,6303146.106092216],[2355021.6700062663,6303264.7578276135],[2354871.8468052396,6303284.3806153685],[2354980.676340219,6303306.233104904],[2355115.5807414367,6303485.004232551],[2355422.7284521665,6303272.993768966],[2355828.571991404,6303406.020809403],[2355816.0602590465,6303261.677715855]]]}},{"type":"Feature","properties":{"is_ochrann\u00fd_les":true},"geometry":{"type":"Polygon","coordinates":[[[2356075.921735491,6302966.307558118],[2355765.186213095,6302529.507180665],[2355695.627658389,6302614.668584214],[2355987.7814428033,6303025.385991613],[2356075.921735491,6302966.307558118]]]}},{"type":"Feature","properties":{"is_ochrann\u00fd_les":true},"geometry":{"type":"Polygon","coordinates":[[[2355695.627658389,6302614.668584214],[2355578.5025201757,6302630.413919632],[2355860.53146358,6303026.913024306],[2355959.9191871826,6303025.414481583],[2355948.823010954,6303065.477453124],[2355987.7814428033,6303025.385991613],[2355695.627658389,6302614.668584214]]]}},{"type":"Feature","properties":{"is_ochrann\u00fd_les":true},"geometry":{"type":"Polygon","coordinates":[[[2356133.9658686896,6303585.042817488],[2355972.972493675,6303415.924701321],[2356067.516929204,6303384.18570695],[2356000.615997186,6303224.693240504],[2355924.8490267945,6303283.4940748885],[2355816.0602590465,6303261.677715855],[2355828.571991404,6303406.020809403],[2355923.470946715,6303493.4995433185],[2355934.9419005034,6303441.448341539],[2355996.968720021,6303474.260817225],[2356101.828223166,6303604.115492649],[2356133.9658686896,6303585.042817488]]]}},{"type":"Feature","properties":{"is_ochrann\u00fd_les":true},"geometry":{"type":"Polygon","coordinates":[[[2350886.861253436,6300218.609877894],[2350928.014237044,6300085.6582335485],[2350738.062974434,6300198.902854074],[2350801.869758967,6300251.366278356],[2350815.2310275133,6300200.161820742],[2350886.861253436,6300218.609877894]]]}},{"type":"Feature","properties":{"is_ochrann\u00fd_les":true},"geometry":{"type":"Polygon","coordinates":[[[2353211.650239296,6301311.752820485],[2353239.337931806,6301020.247232361],[2353141.598734039,6300848.186642749],[2353133.8727356093,6300749.719238514],[2353050.225729679,6300738.939969069],[2353008.452447455,6300802.413698375],[2353081.4099103077,6300953.890917313],[2353033.429990589,6301163.591389996],[2353057.1128003146,6301263.827790909],[2353029.5809999476,6301384.361519407],[2353211.650239296,6301311.752820485]]]}},{"type":"Feature","properties":{"is_ochrann\u00fd_les":true},"geometry":{"type":"Polygon","coordinates":[[[2353027.37715036,6301162.7961145295],[2353075.3219020967,6300954.725689469],[2352955.996005785,6300932.4347711615],[2352234.126422046,6301258.851288302],[2352586.314014718,6301171.436085937],[2353027.37715036,6301162.7961145295]]]}},{"type":"Feature","properties":{"is_ochrann\u00fd_les":true},"geometry":{"type":"Polygon","coordinates":[[[2353026.4683849923,6301176.558611264],[2352586.314014718,6301171.436085937],[2352234.126422046,6301258.851288302],[2352486.756107096,6301335.6302710865],[2353023.5190048674,6301385.144551592],[2353050.9876372092,6301263.362459509],[2353026.4683849923,6301176.558611264]]]}},{"type":"Feature","properties":{"is_ochrann\u00fd_les":true},"geometry":{"type":"MultiPolygon","coordinates":[[[[2351211.408848207,6301447.942216742],[2351131.2143244767,6301496.790710047],[2351032.4211758804,6301426.7986202035],[2350950.431336753,6301462.424321738],[2350969.4168968177,6301510.760014819],[2350972.767672913,6301564.505585855],[2351058.9659671765,6301551.719177382],[2350994.6570551903,6301603.821089527],[2351044.5169554185,6301667.91698322],[2351047.233244612,6301740.16950246],[2351110.711122184,6301682.082036885],[2351052.98613254,6301858.707551869],[2351134.649896831,6301871.223332029],[2351265.595751931,6301702.632103288],[2351211.408848207,6301447.942216742]]],[[[2351039.70430873,6301670.241676279],[2350863.9895270322,6301601.358560148],[2350967.914479819,6301566.870071038],[2350944.9273531986,6301463.760158954],[2350819.5981302834,6301620.791225849],[2350778.996641705,6301618.597425261],[2350858.7813266343,6301693.582838731],[2350886.93329396,6301792.206834408],[2350999.4383238605,6301818.907009118],[2351039.70430873,6301670.241676279]]]]}},{"type":"Feature","properties":{"is_ochrann\u00fd_les":true},"geometry":{"type":"MultiPolygon","coordinates":[[[[2353265.150175849,6301358.324917223],[2353211.650239296,6301311.752820485],[2353029.5809999476,6301384.361519407],[2353080.9483733056,6301501.580937132],[2353110.204347042,6301610.594869686],[2353107.625876734,6301700.07934602],[2353031.336695202,6301765.17619476],[2353407.488317905,6301771.476449535],[2353265.150175849,6301358.324917223]]],[[[2353023.5190048674,6301385.144551592],[2352860.5243479465,6301385.1827606615],[2353103.2397786407,6301661.738149577],[2353023.5190048674,6301385.144551592]]]]}},{"type":"Feature","properties":{"is_ochrann\u00fd_les":true},"geometry":{"type":"MultiPolygon","coordinates":[[[[2353394.3694649423,6301786.91724542],[2353004.626623452,6301779.886533544],[2352789.8487733793,6301753.380566228],[2353043.293859172,6301890.5966908885],[2353261.625110201,6301830.214036141],[2353309.8643762767,6301904.031313726],[2353394.3694649423,6301786.91724542]]],[[[2353003.9918763656,6301774.296405972],[2353023.038821029,6301764.678967875],[2352823.2738526133,6301752.708825753],[2353003.9918763656,6301774.296405972]]]]}},{"type":"Feature","properties":{"is_ochrann\u00fd_les":true},"geometry":{"type":"Polygon","coordinates":[[[2353308.4168466735,6301857.850750947],[2353226.2999307606,6301829.312414974],[2352977.841949137,6301884.799894753],[2353231.198002778,6302067.225762916],[2353308.4168466735,6301857.850750947]]]}},{"type":"Feature","properties":{"is_ochrann\u00fd_les":true},"geometry":{"type":"MultiPolygon","coordinates":[[[[2351265.595751931,6301702.632103288],[2351228.057808707,6301828.886151384],[2351322.309115974,6301794.41446187],[2351265.595751931,6301702.632103288]]],[[[2351320.998058008,6301942.511943106],[2351263.1885829493,6301964.671088656],[2351373.286062336,6302036.203278938],[2351370.4026309024,6302032.618076687],[2351320.998058008,6301942.511943106]]]]}},{"type":"Feature","properties":{"is_ochrann\u00fd_les":true},"geometry":{"type":"MultiPolygon","coordinates":[[[[2351500.0133244554,6301943.611406311],[2351391.470550324,6301942.700596811],[2351339.4867017535,6301976.232375629],[2351432.111857913,6302043.374592151],[2351500.0133244554,6301943.611406311]]],[[[2351552.043905247,6302056.072019191],[2351480.790102439,6301994.350570644],[2351411.6975747314,6302069.795148109],[2351552.043905247,6302056.072019191]]]]}},{"type":"Feature","properties":{"is_ochrann\u00fd_les":true},"geometry":{"type":"Polygon","coordinates":[[[2353771.4461011416,6302288.221482471],[2353704.85597592,6302159.87467119],[2353690.6216413067,6301981.320146305],[2353760.5242947014,6301774.244602384],[2353900.6257959646,6301559.70354843],[2353701.7120817252,6301681.343232141],[2353493.9305105535,6301961.7952097375],[2353550.7103909655,6302275.824796995],[2353710.8565286943,6302427.297621913],[2353771.4461011416,6302288.221482471]]]}},{"type":"Feature","properties":{"is_ochrann\u00fd_les":true},"geometry":{"type":"Polygon","coordinates":[[[2353461.7486714367,6302234.709938561],[2353541.9000967983,6302227.114293774],[2353486.0762054715,6301918.355563148],[2353466.777415823,6301890.696043205],[2353454.0137541895,6301948.75124465],[2353498.9667181596,6302031.593780658],[2353432.5414386117,6301946.153297918],[2353309.8643762767,6301904.031313726],[2353231.198002778,6302067.225762916],[2353461.7486714367,6302234.709938561]]]}},{"type":"Feature","properties":{"is_ochrann\u00fd_les":true},"geometry":{"type":"MultiPolygon","coordinates":[[[[2355578.5025201757,6302630.413919632],[2355324.019937766,6302272.618375989],[2355326.8954784856,6302394.570391345],[2355274.178710977,6302377.833391082],[2355208.1814953685,6302190.30152515],[2355255.239696726,6302175.9116615],[2355238.8259151564,6302152.833527104],[2354920.940060094,6302393.880425295],[2354854.798975074,6302480.843083539],[2354938.3861527895,6302495.675432526],[2354976.5571380113,6302454.777940643],[2354970.5414879294,6302368.378855827],[2355025.063696906,6302332.625954301],[2355043.602629024,6302450.965567422],[2355156.8956877505,6302459.027604766],[2355110.01243552,6302256.52202616],[2355164.053974042,6302219.788754597],[2355191.945535088,6302482.008666415],[2355384.372890166,6302447.233859287],[2355578.5025201757,6302630.413919632]]],[[[2355599.4291727194,6301965.126802],[2355543.8697397783,6302016.073858694],[2355441.3396138954,6302074.217237638],[2355534.4786803727,6302205.162967368],[2355543.271611124,6302051.914363681],[2355599.4291727194,6301965.126802]]]]}},{"type":"Feature","properties":{"is_ochrann\u00fd_les":true},"geometry":{"type":"Polygon","coordinates":[[[2351662.658193052,6302171.371881546],[2351664.610611588,6302205.3158479165],[2351669.413932347,6302200.914326981],[2351662.658193052,6302171.371881546]]]}},{"type":"Feature","properties":{"is_ochrann\u00fd_les":true},"geometry":{"type":"Polygon","coordinates":[[[2352031.065301804,6302656.914818265],[2352088.9654653743,6302698.503676479],[2352128.4181891466,6302666.393598498],[2352068.7062873733,6302625.7428115625],[2352031.065301804,6302656.914818265]]]}},{"type":"Feature","properties":{"is_ochrann\u00fd_les":true},"geometry":{"type":"Polygon","coordinates":[[[2353554.1613125303,6302562.914822254],[2353567.567821238,6302369.083134166],[2353563.6940397215,6302347.609474882],[2353566.4633531836,6302368.469970015],[2353554.1613125303,6302562.914822254]]]}},{"type":"Feature","properties":{"is_ochrann\u00fd_les":true},"geometry":{"type":"Polygon","coordinates":[[[2352088.9654653743,6302698.503676479],[2352157.056293652,6302701.047300435],[2352222.228147008,6302697.620626625],[2352128.4181891466,6302666.393598498],[2352088.9654653743,6302698.503676479]]]}},{"type":"Feature","properties":{"is_ochrann\u00fd_les":true},"geometry":{"type":"MultiPolygon","coordinates":[[[[2355255.239696726,6302175.9116615],[2355208.1814953685,6302190.30152515],[2355236.8157589836,6302313.5540921325],[2355326.8954784856,6302394.570391345],[2355324.019937766,6302272.618375989],[2355255.239696726,6302175.9116615]]],[[[2354976.5571380113,6302454.777940643],[2355043.602629024,6302450.965567422],[2355025.063696906,6302332.625954301],[2354970.5414879294,6302368.378855827],[2354976.5571380113,6302454.777940643]]]]}},{"type":"Feature","properties":{"is_ochrann\u00fd_les":true},"geometry":{"type":"Polygon","coordinates":[[[2355174.1240246873,6302473.547899315],[2355201.3712723195,6302442.181812697],[2355164.053974042,6302219.788754597],[2355110.01243552,6302256.52202616],[2355174.1240246873,6302473.547899315]]]}},{"type":"Feature","properties":{"is_ochrann\u00fd_les":true},"geometry":{"type":"Polygon","coordinates":[[[2354854.798975074,6302480.843083539],[2354665.126686982,6302273.027043112],[2354635.8033352173,6302303.558289245],[2354668.80739151,6302297.12307387],[2354731.414755405,6302606.111965005],[2354854.798975074,6302480.843083539]]]}},{"type":"Feature","properties":{"is_ochrann\u00fd_les":true},"geometry":{"type":"Polygon","coordinates":[[[2354352.7390950522,6302603.369431578],[2354635.8033352173,6302303.558289245],[2353952.7307166033,6302420.119693025],[2353946.2897402286,6302561.25921076],[2354130.264874189,6302521.818223666],[2354337.230269919,6302551.479546238],[2354352.7390950522,6302603.369431578]]]}},{"type":"Feature","properties":{"is_ochrann\u00fd_les":true},"geometry":{"type":"Polygon","coordinates":[[[2355468.190849831,6302527.496942817],[2355393.130234647,6302453.494249179],[2355355.6937764734,6302440.010702133],[2355352.713317683,6302583.434813241],[2355468.190849831,6302527.496942817]]]}},{"type":"Feature","properties":{"is_ochrann\u00fd_les":true},"geometry":{"type":"Polygon","coordinates":[[[2354622.6235963665,6302788.6893925555],[2354734.2976042717,6302588.163856301],[2354668.80739151,6302297.12307387],[2354495.289611119,6302455.385662737],[2354622.6235963665,6302788.6893925555]]]}},{"type":"Feature","properties":{"is_ochrann\u00fd_les":true},"geometry":{"type":"Polygon","coordinates":[[[2354622.6235963665,6302788.6893925555],[2354495.289611119,6302455.385662737],[2354352.7390950522,6302603.369431578],[2354521.896890932,6302887.354195616],[2354622.6235963665,6302788.6893925555]]]}},{"type":"Feature","properties":{"is_ochrann\u00fd_les":true},"geometry":{"type":"MultiPolygon","coordinates":[[[[2355280.958020051,6302743.39564812],[2355189.6386497836,6302763.437326147],[2355209.6400057236,6302860.0489953235],[2355272.5325223054,6302870.657891175],[2355246.9200679036,6302823.953038821],[2355301.209007707,6302800.559257932],[2355280.958020051,6302743.39564812]]],[[[2354978.1467972575,6302564.624535857],[2355040.3161230395,6302553.128155613],[2355080.943053095,6302456.923736421],[2354992.150468084,6302451.217030392],[2355025.081642687,6302529.032458541],[2354960.4960062155,6302482.259197459],[2354978.1467972575,6302564.624535857]]],[[[2355187.7667774917,6302519.345155058],[2355102.067648473,6302498.373025384],[2355099.9404129335,6302557.320206376],[2355045.21380156,6302602.905294101],[2355111.015666237,6302620.053575621],[2355187.7667774917,6302519.345155058]]],[[[2354723.9521103064,6302701.922355245],[2354686.6819800087,6302704.592785362],[2354728.6941043036,6302708.590009915],[2354723.9521103064,6302701.922355245]]],[[[2355060.103776184,6302698.956898657],[2355142.622158747,6302649.723795021],[2355015.0688056233,6302688.932322609],[2355061.8922749055,6302765.8711108435],[2355084.4197042393,6302745.167111904],[2355060.103776184,6302698.956898657]]],[[[2354757.4428089187,6302749.014569176],[2354737.0164953195,6302774.434307569],[2354758.5840971866,6302781.1181245865],[2354757.4428089187,6302749.014569176]]],[[[2355204.171249652,6302879.541869236],[2355167.183683963,6302888.866480283],[2355195.537109299,6302913.775070729],[2355204.171249652,6302879.541869236]]]]}},{"type":"Feature","properties":{"is_ochrann\u00fd_les":true},"geometry":{"type":"MultiPolygon","coordinates":[[[[2355198.063484633,6303029.742321716],[2355343.0072963927,6302990.068087148],[2355355.6937764734,6302440.010702133],[2355060.3024520045,6302463.185021272],[2355025.623114326,6302558.42660558],[2354957.535299609,6302537.777735904],[2354971.483317452,6302480.269715765],[2355025.081642687,6302529.032458541],[2354992.150468084,6302451.217030392],[2354831.8802818027,6302514.859143358],[2355198.063484633,6303029.742321716]],[[2355167.183683963,6302888.866480283],[2355204.171249652,6302879.541869236],[2355195.537109299,6302913.775070729],[2355167.183683963,6302888.866480283]],[[2355211.890155072,6302841.478065794],[2355189.6386497836,6302763.437326147],[2355280.958020051,6302743.39564812],[2355301.209007707,6302800.559257932],[2355246.9200679036,6302823.953038821],[2355272.5325223054,6302870.657891175],[2355211.890155072,6302841.478065794]],[[2355061.8922749055,6302765.8711108435],[2355015.0688056233,6302688.932322609],[2355142.622158747,6302649.723795021],[2355069.9191921274,6302676.604985905],[2355061.8922749055,6302765.8711108435]],[[2355099.9404129335,6302557.320206376],[2355102.067648473,6302498.373025384],[2355187.7667774917,6302519.345155058],[2355111.015666237,6302620.053575621],[2355045.21380156,6302602.905294101],[2355099.9404129335,6302557.320206376]]],[[[2354882.9851133465,6302925.538603075],[2354757.4428089187,6302749.014569176],[2354737.0164953195,6302774.434307569],[2354728.6941043036,6302708.590009915],[2354622.6235963665,6302788.6893925555],[2354704.4936299855,6302899.956994906],[2354775.8049001484,6302882.611158498],[2354871.108738132,6302966.11717473],[2354882.9851133465,6302925.538603075]]]]}},{"type":"Feature","properties":{"is_ochrann\u00fd_les":true},"geometry":{"type":"Polygon","coordinates":[[[2350843.2260080217,6302899.168913755],[2351089.2793156765,6302782.926326319],[2351259.5292172926,6302561.380120125],[2351301.4926971244,6302382.567524141],[2351123.2461268096,6302461.645731236],[2350993.156870731,6302688.812867929],[2350689.5706256223,6302984.68563155],[2350659.4008487416,6303276.087938847],[2350709.4507723693,6303408.027342945],[2350728.722628716,6303046.8957490465],[2350843.2260080217,6302899.168913755]]]}},{"type":"Feature","properties":{"is_ochrann\u00fd_les":true},"geometry":{"type":"MultiPolygon","coordinates":[[[[2353573.625664886,6302276.354088178],[2353604.7511593807,6302348.430100507],[2353565.720635799,6302358.843945721],[2353554.1613125303,6302562.914822254],[2353646.5590818897,6302627.209492036],[2353683.9262141516,6302461.845396951],[2353641.3800689764,6302427.722240767],[2353628.8426067475,6302312.860568696],[2353573.625664886,6302276.354088178]]],[[[2353873.3883534702,6302434.175226384],[2353710.8565286943,6302427.297621913],[2353718.18891955,6302621.237895142],[2353823.353055509,6302593.013461315],[2353799.5465300283,6302450.323353293],[2353873.3883534702,6302434.175226384]]]]}},{"type":"Feature","properties":{"is_ochrann\u00fd_les":true},"geometry":{"type":"MultiPolygon","coordinates":[[[[2353710.8565286943,6302427.297621913],[2353873.3883534702,6302434.175226384],[2353952.7307166033,6302420.119693025],[2353935.492458135,6302304.119732967],[2353777.6335229157,6302289.43625362],[2353710.8565286943,6302427.297621913]]],[[[2353694.2476255097,6302421.0451706005],[2353647.9177292045,6302379.041803505],[2353641.3800689764,6302427.722240767],[2353683.9262141516,6302461.845396951],[2353646.5590818897,6302627.209492036],[2353718.18891955,6302621.237895142],[2353694.2476255097,6302421.0451706005]]]]}},{"type":"Feature","properties":{"is_ochrann\u00fd_les":true},"geometry":{"type":"Polygon","coordinates":[[[2353954.8265157337,6302435.934641573],[2353827.7319224337,6302444.15952581],[2353853.7787872637,6302578.542302258],[2353946.2897402286,6302561.25921076],[2353954.8265157337,6302435.934641573]]]}},{"type":"Feature","properties":{"is_ochrann\u00fd_les":true},"geometry":{"type":"Polygon","coordinates":[[[2353848.070833165,6302526.813818947],[2353827.7319224337,6302444.15952581],[2353799.5465300283,6302450.323353293],[2353823.353055509,6302593.013461315],[2353848.070833165,6302526.813818947]]]}},{"type":"Feature","properties":{"is_ochrann\u00fd_les":true},"geometry":{"type":"Polygon","coordinates":[[[2353614.087337998,6302739.736466907],[2353414.610653888,6302893.16446437],[2353441.592284106,6302916.286174145],[2353415.1484960606,6302962.518980805],[2353492.551056656,6302958.183209766],[2353507.559218931,6303075.2205858035],[2353382.5172456414,6303179.866420774],[2353431.976546176,6303228.114739672],[2353410.258437095,6303302.243614992],[2353536.762381449,6303282.028318682],[2353616.9949777178,6303185.178220083],[2353614.087337998,6302739.736466907]],[[2353474.2781771957,6302896.700261021],[2353480.97888565,6302882.556183342],[2353485.281200009,6302888.112869247],[2353474.2781771957,6302896.700261021]]]}},{"type":"Feature","properties":{"is_ochrann\u00fd_les":true},"geometry":{"type":"Polygon","coordinates":[[[2353472.6614720053,6303117.690189133],[2353507.559218931,6303075.2205858035],[2353492.551056656,6302958.183209766],[2353506.4541466436,6303074.583126795],[2353471.5558510777,6303117.067256381],[2353349.783559774,6303201.0559934825],[2353330.673441177,6303218.743237541],[2353472.6614720053,6303117.690189133]]]}},{"type":"Feature","properties":{"is_ochrann\u00fd_les":true},"geometry":{"type":"Polygon","coordinates":[[[2353410.258437095,6303302.243614992],[2353431.976546176,6303228.114739672],[2353382.5172456414,6303179.866420774],[2353251.083672738,6303282.471904948],[2353248.27188218,6303296.416350855],[2353319.9620740293,6303285.8213178115],[2353277.4533504955,6303310.085518595],[2353305.826736334,6303333.089559775],[2353280.026207151,6303362.804657678],[2353410.258437095,6303302.243614992]]]}},{"type":"Feature","properties":{"is_ochrann\u00fd_les":true},"geometry":{"type":"MultiPolygon","coordinates":[[[[2351343.392932492,6302261.011586807],[2351439.846879226,6302159.270926304],[2351376.2082688217,6302043.206389766],[2351268.3018334187,6301969.382348101],[2351193.770770459,6301995.160201271],[2351166.6745451903,6301992.45527896],[2351254.9023323734,6302063.311638131],[2351343.392932492,6302261.011586807]]],[[[2351155.095042934,6301985.552876672],[2351320.998058008,6301942.511943106],[2351322.309115974,6301794.41446187],[2351228.057808707,6301828.886151384],[2351155.095042934,6301985.552876672]]]]}},{"type":"Feature","properties":{"is_ochrann\u00fd_les":true},"geometry":{"type":"MultiPolygon","coordinates":[[[[2351490.8661864395,6302271.594745099],[2351552.7122181444,6302246.771670153],[2351478.480206863,6302101.06908179],[2351557.3095695395,6302097.985406527],[2351552.043905247,6302056.072019191],[2351376.2082688217,6302043.206389766],[2351439.846879226,6302159.270926304],[2351412.13050783,6302230.862497254],[2351490.8661864395,6302271.594745099]]],[[[2351339.4867017535,6301976.232375629],[2351500.0133244554,6301943.611406311],[2351533.4058580995,6301907.719440872],[2351342.5790111413,6301845.75727608],[2351301.3411790384,6301906.660367521],[2351339.4867017535,6301976.232375629]]]]}},{"type":"Feature","properties":{"is_ochrann\u00fd_les":true},"geometry":{"type":"MultiPolygon","coordinates":[[[[2351545.403377689,6302230.341499917],[2351593.1620775624,6302211.771521983],[2351629.5545127946,6302191.636005061],[2351545.403377689,6302230.341499917]]],[[[2351545.8864456303,6302007.060425616],[2351510.4106152374,6301936.205180086],[2351480.790102439,6301994.350570644],[2351545.8864456303,6302007.060425616]]]]}},{"type":"Feature","properties":{"is_ochrann\u00fd_les":true},"geometry":{"type":"Polygon","coordinates":[[[2351678.8258909727,6302242.072433871],[2351669.413932347,6302200.914326981],[2351664.610611588,6302205.3158479165],[2351678.8258909727,6302242.072433871]]]}},{"type":"Feature","properties":{"is_ochrann\u00fd_les":true},"geometry":{"type":"Polygon","coordinates":[[[2349210.545394572,6303142.726547841],[2349508.4616190256,6302847.198367726],[2348982.606156418,6303008.416265577],[2348949.2318708985,6303168.421563879],[2349002.390559944,6303233.478456264],[2349210.545394572,6303142.726547841]]]}},{"type":"Feature","properties":{"is_ochrann\u00fd_les":true},"geometry":{"type":"MultiPolygon","coordinates":[[[[2348761.9349742704,6303053.516208842],[2348688.4929997474,6303060.274292386],[2348701.194626118,6303315.631495388],[2348796.7880518055,6303240.624621277],[2348761.9349742704,6303053.516208842]]],[[[2348982.606156418,6303008.416265577],[2348879.1648888956,6303048.197825669],[2348882.6446332894,6303265.483476951],[2349002.390559944,6303233.478456264],[2348949.2318708985,6303168.421563879],[2348982.606156418,6303008.416265577]]],[[[2348513.142226059,6303074.647918598],[2348423.867282029,6303099.031914437],[2348343.9863227936,6303158.516485721],[2348464.867467718,6303278.787554454],[2348513.142226059,6303074.647918598]]],[[[2348630.681027054,6303063.017165654],[2348593.72983765,6303065.576212396],[2348532.19105721,6303290.316355087],[2348574.1610925165,6303356.551901599],[2348615.4730997803,6303362.495640423],[2348630.681027054,6303063.017165654]]]]}},{"type":"Feature","properties":{"is_ochrann\u00fd_les":true},"geometry":{"type":"MultiPolygon","coordinates":[[[[2348879.1648888956,6303048.197825669],[2348761.9349742704,6303053.516208842],[2348786.196935292,6303283.046241334],[2348882.6446332894,6303265.483476951],[2348879.1648888956,6303048.197825669]]],[[[2348593.72983765,6303065.576212396],[2348521.4959334647,6303078.547801469],[2348464.867467718,6303278.787554454],[2348574.1610925165,6303356.551901599],[2348532.19105721,6303290.316355087],[2348593.72983765,6303065.576212396]]],[[[2348688.4929997474,6303060.274292386],[2348630.681027054,6303063.017165654],[2348615.4730997803,6303362.495640423],[2348701.194626118,6303315.631495388],[2348688.4929997474,6303060.274292386]]]]}},{"type":"Feature","properties":{"is_ochrann\u00fd_les":true},"geometry":{"type":"Polygon","coordinates":[[[2353177.535374892,6303251.244530562],[2353077.123055853,6303441.123665193],[2353099.175863105,6303457.026983743],[2353138.0789953982,6303431.442195632],[2353177.535374892,6303251.244530562]]]}},{"type":"Feature","properties":{"is_ochrann\u00fd_les":true},"geometry":{"type":"Polygon","coordinates":[[[2354930.9043086106,6303787.0769463545],[2355282.0875794054,6303782.828860647],[2355040.4836539426,6303624.524214324],[2354865.012916867,6303650.044089747],[2354930.9043086106,6303787.0769463545]]]}},{"type":"Feature","properties":{"is_ochrann\u00fd_les":true},"geometry":{"type":"MultiPolygon","coordinates":[[[[2354941.955415063,6304325.179373367],[2354968.683406755,6304051.965852143],[2355117.9391668355,6303998.484263169],[2355273.3533019605,6303877.24104505],[2355259.6867328254,6303827.457880932],[2354930.9043086106,6303787.0769463545],[2354750.72343028,6303880.342205302],[2354679.3592279973,6304111.743899348],[2354743.8092247667,6304085.979538119],[2354787.1411145115,6304169.588271825],[2354753.484656099,6304231.50791828],[2354867.303378513,6304328.992365257],[2354941.955415063,6304325.179373367]]],[[[2354746.1154747494,6304154.389364905],[2354672.482760986,6304145.66611859],[2354669.4685317073,6304160.536790256],[2354746.1154747494,6304154.389364905]]]]}},{"type":"Feature","properties":{"is_ochrann\u00fd_les":true},"geometry":{"type":"MultiPolygon","coordinates":[[[[2354432.6092617083,6304143.9026936535],[2354411.0171922506,6304229.462457741],[2354550.933574287,6304146.798293291],[2354636.2970944294,6304228.278621017],[2354750.72343028,6303880.342205302],[2354801.7082647583,6303861.96345255],[2354728.7615587474,6303669.857580437],[2354557.7954843845,6303710.882548732],[2354443.588830661,6303938.664665122],[2354365.366008763,6303976.15101101],[2354370.5808215807,6304041.54873937],[2354312.23044122,6304092.459703703],[2354311.7411623173,6304269.360517877],[2354432.6092617083,6304143.9026936535]]],[[[2354231.406845022,6304818.5092032915],[2354460.4898437513,6304537.602900574],[2354529.359297663,6304469.422467458],[2354391.1866071927,6304501.250867356],[2354306.4902870143,6304680.456554467],[2354240.3561765617,6304636.996019396],[2354202.704472907,6304788.151396743],[2354231.406845022,6304818.5092032915]]]]}},{"type":"Feature","properties":{"is_ochrann\u00fd_les":true},"geometry":{"type":"Polygon","coordinates":[[[2354529.359297663,6304469.422467458],[2354636.2970944294,6304228.278621017],[2354550.933574287,6304146.798293291],[2354411.0171922506,6304229.462457741],[2354432.6092617083,6304143.9026936535],[2354301.3326066216,6304284.995964215],[2354223.5800085473,6304553.347617845],[2354275.008252523,6304504.384474202],[2354240.3561765617,6304636.996019396],[2354306.4902870143,6304680.456554467],[2354391.1866071927,6304501.250867356],[2354529.359297663,6304469.422467458]]]}},{"type":"Feature","properties":{"is_ochrann\u00fd_les":true},"geometry":{"type":"MultiPolygon","coordinates":[[[[2354894.3596540014,6304387.420578358],[2354925.903272227,6304391.895283949],[2354669.4685317073,6304160.536790256],[2354529.359297663,6304469.422467458],[2354231.406845022,6304818.5092032915],[2354231.3327935296,6304878.061222986],[2354251.3279677997,6304871.652387364],[2354306.077351305,6304779.602676774],[2354443.7651889287,6304614.171309578],[2354464.1209813557,6304597.03383532],[2354894.3596540014,6304387.420578358]]],[[[2354619.7426926442,6304614.178356365],[2354579.871591579,6304576.370993117],[2354602.0419642674,6304535.391931366],[2354465.8462601076,6304598.987143677],[2354254.5771086505,6304873.388043863],[2354326.2505759955,6304970.00455816],[2354619.7426926442,6304614.178356365]]]]}},{"type":"Feature","properties":{"is_ochrann\u00fd_les":true},"geometry":{"type":"MultiPolygon","coordinates":[[[[2349277.0442636875,6304855.518962023],[2349315.3024751716,6304713.19022744],[2349213.6319962526,6304794.596540677],[2349277.0442636875,6304855.518962023]]],[[[2349264.7921386743,6304906.844501535],[2349170.8850393337,6304895.528676227],[2349254.256964332,6304937.340138089],[2349264.7921386743,6304906.844501535]]],[[[2349147.0082197906,6304912.9661904555],[2349101.399965052,6304921.215076699],[2349177.106604587,6305011.498819656],[2349208.8788573286,6304989.862066962],[2349147.0082197906,6304912.9661904555]]],[[[2349083.022707274,6304962.321985158],[2349053.7470575273,6304987.788831151],[2349094.9115943275,6305051.808047845],[2349143.1383731016,6305029.353771533],[2349083.022707274,6304962.321985158]]],[[[2348942.009090811,6305049.100633418],[2348943.717580283,6305106.378913439],[2348986.8431227785,6305099.360713606],[2348959.46050085,6305078.037021516],[2348942.009090811,6305049.100633418]]],[[[2349062.966139566,6305140.444165937],[2348947.7571233925,6305109.793519488],[2349066.246911587,6305177.336330267],[2349062.966139566,6305140.444165937]]]]}},{"type":"Feature","properties":{"is_ochrann\u00fd_les":true},"geometry":{"type":"MultiPolygon","coordinates":[[[[2349014.076009671,6305092.663726981],[2349094.9115943275,6305051.808047845],[2349053.7470575273,6304987.788831151],[2349013.7353805327,6304987.3818269875],[2349023.5958250193,6305062.804058988],[2348960.320114994,6304998.342592065],[2349014.076009671,6305092.663726981]]],[[[2349219.66431966,6304811.401440344],[2349190.663321473,6304864.798321443],[2349264.7921386743,6304906.844501535],[2349277.0442636875,6304855.518962023],[2349219.66431966,6304811.401440344]]],[[[2349249.597528125,6304944.839751673],[2349147.0082197906,6304912.9661904555],[2349208.8788573286,6304989.862066962],[2349249.597528125,6304944.839751673]]],[[[2349177.106604587,6305011.498819656],[2349083.022707274,6304962.321985158],[2349143.1383731016,6305029.353771533],[2349177.106604587,6305011.498819656]]]]}},{"type":"Feature","properties":{"is_ochrann\u00fd_les":true},"geometry":{"type":"MultiPolygon","coordinates":[[[[2348942.009090811,6305049.100633418],[2349014.076009671,6305092.663726981],[2348960.320114994,6304998.342592065],[2348867.07900288,6305033.42389514],[2348840.593306185,6305127.820492614],[2348943.7263885913,6305106.386395784],[2348942.009090811,6305049.100633418]]],[[[2349447.403173147,6304739.08624371],[2349325.1533882893,6304744.91449422],[2349260.3828878915,6304931.094686257],[2349330.392152567,6304820.042126447],[2349447.403173147,6304739.08624371]]],[[[2349029.4514558604,6305007.0118192965],[2348967.201894925,6304993.270955947],[2349023.5958250193,6305062.804058988],[2349029.4514558604,6305007.0118192965]]],[[[2349026.552664559,6305174.262553393],[2348947.7571233925,6305109.793519488],[2348867.1872919695,6305127.280377277],[2348820.6534982543,6305129.835534564],[2349026.552664559,6305174.262553393]]],[[[2349228.1708023655,6304977.072873118],[2349192.367176264,6305007.167598223],[2349019.6187240756,6305094.96009864],[2348991.8417631187,6305103.253242236],[2349066.246911587,6305177.336330267],[2349228.1708023655,6304977.072873118]]]]}},{"type":"Feature","properties":{"is_ochrann\u00fd_les":true},"geometry":{"type":"Polygon","coordinates":[[[2348369.9099881304,6305315.209332498],[2348579.0975784026,6305228.414119156],[2348575.69560711,6305124.974584018],[2348366.118750832,6305157.617598617],[2348256.5466598934,6305279.814253514],[2348102.831192995,6305316.474108275],[2348369.9099881304,6305315.209332498]]]}},{"type":"Feature","properties":{"is_ochrann\u00fd_les":true},"geometry":{"type":"Polygon","coordinates":[[[2349056.718166931,6305341.219204257],[2349066.246911587,6305177.336330267],[2348681.2618579096,6305074.8584261825],[2348577.398771129,6305108.725154302],[2348579.0975784026,6305228.414119156],[2348645.2808183166,6305212.38512555],[2348843.22249959,6305310.254076214],[2349056.718166931,6305341.219204257]]]}},{"type":"Feature","properties":{"is_ochrann\u00fd_les":true},"geometry":{"type":"Polygon","coordinates":[[[2344261.8753086436,6305477.560482126],[2344159.3271893705,6305347.874693851],[2344087.1068860665,6305294.875120522],[2344091.992597665,6305479.886095954],[2344261.8753086436,6305477.560482126]]]}},{"type":"Feature","properties":{"is_ochrann\u00fd_les":true},"geometry":{"type":"MultiPolygon","coordinates":[[[[2344261.8753086436,6305477.560482126],[2344091.992597665,6305479.886095954],[2344042.632594022,6305616.548174701],[2344194.597354079,6305846.238071322],[2344383.4187073144,6305942.0659868345],[2344513.632866425,6305804.049261916],[2344261.8753086436,6305477.560482126]]],[[[2344279.0998629634,6305452.836450679],[2344426.008328917,6305664.420693217],[2344535.275384209,6305784.685913864],[2344545.976266641,6305729.538324277],[2344279.0998629634,6305452.836450679]]]]}},{"type":"Feature","properties":{"is_ochrann\u00fd_les":true},"geometry":{"type":"Polygon","coordinates":[[[2344004.778590453,6306020.593968029],[2344352.7812286294,6306010.745916584],[2344383.4187073144,6305942.0659868345],[2344194.597354079,6305846.238071322],[2344042.632594022,6305616.548174701],[2344004.778590453,6306020.593968029]]]}},{"type":"Feature","properties":{"is_ochrann\u00fd_les":true},"geometry":{"type":"Polygon","coordinates":[[[2344524.890078854,6305818.150254411],[2344399.6747713964,6305917.124614765],[2344352.7812286294,6306010.745916584],[2344600.2438777667,6305919.590513316],[2344524.890078854,6305818.150254411]]]}},{"type":"Feature","properties":{"is_ochrann\u00fd_les":true},"geometry":{"type":"Polygon","coordinates":[[[2340273.4309352236,6307502.338301581],[2340179.6693467447,6307385.065831912],[2340373.7901658923,6307435.271826918],[2340348.3645843416,6307383.432521678],[2340467.174881797,6307143.121342801],[2340019.796702632,6307384.0536250025],[2339654.7774218475,6307438.300521589],[2339958.068079122,6307587.154201942],[2340152.565888426,6307617.128956063],[2340271.7212253637,6307585.754735631],[2340273.4309352236,6307502.338301581]],[[2340007.0074557005,6307455.33835681],[2339988.3974782345,6307565.638426853],[2339955.358898135,6307545.479157444],[2339996.5387393706,6307481.714414068],[2339920.554409976,6307544.263182513],[2339899.464793193,6307508.582664754],[2340007.0074557005,6307455.33835681]]]}},{"type":"Feature","properties":{"is_ochrann\u00fd_les":true},"geometry":{"type":"Polygon","coordinates":[[[2334716.152768079,6309601.218757487],[2334708.918866421,6309371.519487186],[2334871.5927348104,6309207.319729101],[2334665.5919291787,6309228.604267388],[2334614.4333721576,6309331.0764042605],[2334668.306116119,6309599.295386267],[2334716.152768079,6309601.218757487]]]}},{"type":"Feature","properties":{"is_ochrann\u00fd_les":true},"geometry":{"type":"Polygon","coordinates":[[[2338657.7365029794,6307487.628296704],[2338734.154626917,6307605.527623556],[2338529.1630334985,6307554.400987261],[2338232.1352288527,6307793.612877691],[2338243.1171543123,6307911.192903605],[2338367.4883332653,6308068.996523425],[2338936.6663274495,6307583.117186108],[2338990.3858497175,6307426.682282964],[2338905.062256676,6307374.382457003],[2338657.7365029794,6307487.628296704]],[[2338561.4584057815,6307793.919437653],[2338552.806163827,6307851.366788111],[2338515.8083470184,6307898.766357009],[2338531.861557274,6307811.978636078],[2338561.4584057815,6307793.919437653]]]}},{"type":"Feature","properties":{"is_ochrann\u00fd_les":true},"geometry":{"type":"Polygon","coordinates":[[[2338827.6516039344,6308426.107387347],[2338632.5420439136,6308348.61858314],[2338796.422266385,6308285.299286322],[2338777.9800275243,6308198.604036594],[2338854.1395240948,6308139.586687916],[2338395.370419674,6308198.460607177],[2338013.885673698,6308327.187833559],[2338160.3979211836,6308409.094459759],[2338199.33775733,6308374.629200456],[2338516.318148632,6308415.253689127],[2338519.5497417906,6308473.831902376],[2338827.6516039344,6308426.107387347]]]}},{"type":"Feature","properties":{"is_ochrann\u00fd_les":true},"geometry":{"type":"Polygon","coordinates":[[[2338827.6516039344,6308426.107387347],[2338782.399741515,6308290.281996641],[2338632.5420439136,6308348.61858314],[2338827.6516039344,6308426.107387347]]]}},{"type":"Feature","properties":{"is_ochrann\u00fd_les":true},"geometry":{"type":"Polygon","coordinates":[[[2337739.7765567894,6308518.303466841],[2338162.581891515,6308474.83154347],[2338188.661411131,6308425.794607515],[2338028.8765942706,6308356.470231409],[2337732.847034582,6308460.573004345],[2337739.7765567894,6308518.303466841]]]}},{"type":"Feature","properties":{"is_ochrann\u00fd_les":true},"geometry":{"type":"Polygon","coordinates":[[[2338186.1727188043,6308426.94560679],[2338162.581891515,6308474.83154347],[2337770.817407291,6308518.110631727],[2338133.6366561814,6308501.7460066145],[2338189.0006852876,6308575.656937896],[2338212.591765491,6308502.774333716],[2338186.1727188043,6308426.94560679]]]}},{"type":"Feature","properties":{"is_ochrann\u00fd_les":true},"geometry":{"type":"Polygon","coordinates":[[[2341551.9962796164,6306270.306007861],[2341500.6364979725,6306171.601030726],[2341340.5290216175,6306226.660767778],[2340813.4746917416,6306549.716666097],[2340988.301878349,6306676.580793457],[2341113.844287938,6306601.2852437],[2341310.947273792,6306379.065911366],[2341526.674763206,6306349.193882836],[2341551.9962796164,6306270.306007861]]]}},{"type":"Feature","properties":{"is_ochrann\u00fd_les":true},"geometry":{"type":"Polygon","coordinates":[[[2342255.5259360187,6307372.916843993],[2342317.5951476665,6307268.468877259],[2342288.3297581864,6307129.04903937],[2342159.2346025733,6307118.774739853],[2342171.8408968933,6307168.835609556],[2342063.61945878,6307192.30037103],[2342028.6052741245,6307156.757281726],[2342041.6035481533,6307076.223818373],[2341943.6180691337,6307063.718655434],[2341855.4653872824,6307088.2139032185],[2341819.314526964,6307177.0915571535],[2341680.8012308087,6307127.791085006],[2341657.1097730743,6307170.840848266],[2341685.1837537442,6307236.701588677],[2341648.141721247,6307308.535354321],[2341673.333115909,6307380.790884177],[2341841.1953211958,6307396.794579228],[2341868.162059401,6307373.414275076],[2341851.444339307,6307291.813775667],[2342085.2219200674,6307336.213497029],[2342072.1126123625,6307393.5905547105],[2342211.1153985495,6307409.8779745605],[2342218.3219750323,6307496.818649967],[2342290.415278015,6307485.154360431],[2342255.5259360187,6307372.916843993]]]}},{"type":"Feature","properties":{"is_ochrann\u00fd_les":true},"geometry":{"type":"Polygon","coordinates":[[[2342758.522206653,6307143.205972015],[2342687.1508240164,6307098.8538094135],[2342329.996116785,6307174.843556579],[2342392.842301776,6307199.362904454],[2342473.5173395355,6307326.091481447],[2342677.566693309,6307392.309098969],[2342739.3941120356,6307269.0914544575],[2342703.8930086046,6307242.0284251915],[2342706.6832626066,6307175.215250328],[2342758.522206653,6307143.205972015]]]}},{"type":"Feature","properties":{"is_ochrann\u00fd_les":true},"geometry":{"type":"Polygon","coordinates":[[[2342218.3219750323,6307496.818649967],[2342613.159307246,6307635.497447127],[2343223.026557936,6307670.228669131],[2343094.814497978,6307573.244880966],[2343167.903550972,6307558.4171850085],[2343134.7733162954,6307492.490424833],[2342993.141274745,6307507.172346135],[2343070.254191878,6307428.674034805],[2343059.7089638566,6307395.043019239],[2342898.461068152,6307432.029800916],[2342908.6038134247,6307534.619234492],[2342615.1744437264,6307454.404271973],[2342331.214801545,6307448.549968056],[2342218.3219750323,6307496.818649967]]]}},{"type":"Feature","properties":{"is_ochrann\u00fd_les":true},"geometry":{"type":"Polygon","coordinates":[[[2338962.8877080744,6308140.179579939],[2339398.5965293096,6308002.22774191],[2339413.0608070176,6307839.204504644],[2339371.4095801585,6307753.893448902],[2339284.587782148,6307723.926753501],[2338885.3304836033,6307908.239215223],[2338901.1892247703,6308038.391499552],[2338991.6907156697,6308051.890039488],[2338962.8877080744,6308140.179579939]]]}},{"type":"Feature","properties":{"is_ochrann\u00fd_les":true},"geometry":{"type":"Polygon","coordinates":[[[2343640.121371814,6308238.051582817],[2343476.108718687,6308512.160585281],[2343403.122846699,6308484.265226862],[2343331.7509944886,6308372.17238997],[2343302.5983294663,6308377.173278672],[2343310.100113931,6308423.837589344],[2343418.118020153,6308641.413129044],[2343519.661525017,6308618.581719494],[2343587.331214656,6308512.230518317],[2343640.121371814,6308238.051582817]]]}},{"type":"Feature","properties":{"is_ochrann\u00fd_les":true},"geometry":{"type":"MultiPolygon","coordinates":[[[[2343531.553789666,6308898.101616158],[2343662.4843438766,6308867.779666763],[2343734.2189867436,6308798.810869464],[2343577.5411105542,6308775.78884702],[2343489.8250986766,6308818.952661183],[2343531.553789666,6308898.101616158]]],[[[2343748.3000026005,6308321.2359017115],[2343695.7788566574,6308337.640323241],[2343796.9794731294,6308367.787618736],[2343748.3000026005,6308321.2359017115]]]]}},{"type":"Feature","properties":{"is_ochrann\u00fd_les":true},"geometry":{"type":"MultiPolygon","coordinates":[[[[2343662.4843438766,6308867.779666763],[2343544.850555735,6308902.078684056],[2343489.8250986766,6308818.952661183],[2343577.5411105542,6308775.78884702],[2343734.2189867436,6308798.810869464],[2343875.2904657032,6308663.175219749],[2343815.6188582866,6308385.612029142],[2343706.3534938013,6308347.753529767],[2343720.1451204172,6308296.957737748],[2343655.654799258,6308241.346470752],[2343587.331214656,6308512.230518317],[2343519.661525017,6308618.581719494],[2343418.118020153,6308641.413129044],[2343487.9432026222,6308703.096893967],[2343468.784007739,6308822.547708723],[2343501.1262885733,6309022.912015369],[2343662.4843438766,6308867.779666763]]],[[[2343476.108718687,6308512.160585281],[2343640.121371814,6308238.051582817],[2343279.3946013344,6308245.262203115],[2343224.6893534823,6308289.39860524],[2343310.100113931,6308423.837589344],[2343302.5983294663,6308377.173278672],[2343331.7509944886,6308372.17238997],[2343403.122846699,6308484.265226862],[2343476.108718687,6308512.160585281]]]]}},{"type":"Feature","properties":{"is_ochrann\u00fd_les":true},"geometry":{"type":"Polygon","coordinates":[[[2356068.4723897493,6304124.113266586],[2356120.7026762157,6303997.668448526],[2356196.8872951963,6303933.986979924],[2356161.5288777393,6303878.064076658],[2356223.8181291814,6303818.668481269],[2356140.719195608,6303583.9428781],[2356101.828223166,6303604.115492649],[2355934.9419005034,6303441.448341539],[2355978.8928887225,6303861.917727935],[2355927.025846499,6304232.509127774],[2356068.4723897493,6304124.113266586]]]}},{"type":"Feature","properties":{"is_ochrann\u00fd_les":true},"geometry":{"type":"Polygon","coordinates":[[[2356437.622349221,6304086.791660728],[2356350.308389783,6303979.966087767],[2356290.3129920787,6303976.577352687],[2356267.1101691304,6304034.098909889],[2356367.2143999813,6304138.653074398],[2356437.622349221,6304086.791660728]]]}},{"type":"Feature","properties":{"is_ochrann\u00fd_les":true},"geometry":{"type":"MultiPolygon","coordinates":[[[[2356290.3129920787,6303976.577352687],[2356403.79612124,6304009.239056004],[2356437.622349221,6304086.791660728],[2356457.6943584043,6304046.584684333],[2356316.148292918,6303896.957655326],[2356126.658202936,6304033.095309577],[2355979.6825308166,6304222.077723138],[2356337.6210909006,6304151.131468648],[2356333.911807284,6304092.580056744],[2356267.1101691304,6304034.098909889],[2356290.3129920787,6303976.577352687]]],[[[2356429.769664877,6304102.519917171],[2356375.902840647,6304113.8291506795],[2356361.151068751,6304146.467095075],[2356412.9300575824,6304136.253001006],[2356429.769664877,6304102.519917171]]],[[[2356361.095939208,6304240.081086748],[2356246.8415492876,6304244.888705993],[2356280.93495586,6304280.55601417],[2356281.3847276187,6304399.746380288],[2356361.095939208,6304240.081086748]]]]}},{"type":"Feature","properties":{"is_ochrann\u00fd_les":true},"geometry":{"type":"Polygon","coordinates":[[[2357002.9467916125,6304779.148307652],[2356820.699925528,6304545.640010001],[2356567.0499736997,6304349.536536888],[2356457.6943584043,6304046.584684333],[2356281.3847276187,6304399.746380288],[2356347.4420346594,6304582.317646078],[2356335.936552815,6304730.958750726],[2356388.0348178046,6304807.895136085],[2356623.517951154,6304815.255104378],[2356747.757494323,6304925.576072489],[2357002.9467916125,6304779.148307652]],[[2356474.002170544,6304273.81355448],[2356489.6601452352,6304414.18291022],[2356419.3890351565,6304452.032861293],[2356500.9522660486,6304681.471519637],[2356447.2892167964,6304760.539865823],[2356385.3011011104,6304656.982746443],[2356399.66500095,6304538.374453407],[2356340.5748414127,6304329.99934495],[2356474.002170544,6304273.81355448]]]}},{"type":"Feature","properties":{"is_ochrann\u00fd_les":true},"geometry":{"type":"Polygon","coordinates":[[[2357092.9622501074,6304653.21127309],[2356972.9554151273,6304535.099979243],[2356820.699925528,6304545.640010001],[2357002.9467916125,6304779.148307652],[2357092.9622501074,6304653.21127309]]]}},{"type":"Feature","properties":{"is_ochrann\u00fd_les":true},"geometry":{"type":"Polygon","coordinates":[[[2356474.002170544,6304273.81355448],[2356340.5748414127,6304329.99934495],[2356399.66500095,6304538.374453407],[2356385.3011011104,6304656.982746443],[2356447.2892167964,6304760.539865823],[2356500.9522660486,6304681.471519637],[2356419.3890351565,6304452.032861293],[2356489.6601452352,6304414.18291022],[2356474.002170544,6304273.81355448]]]}},{"type":"Feature","properties":{"is_ochrann\u00fd_les":true},"geometry":{"type":"Polygon","coordinates":[[[2357914.3681735112,6305189.434288412],[2358018.0726100784,6305103.3117359765],[2358017.8399396576,6305030.668783568],[2357777.026139403,6305031.5134766195],[2357767.191648977,6305123.925824517],[2357813.770525508,6305192.3557761675],[2357914.3681735112,6305189.434288412]]]}},{"type":"Feature","properties":{"is_ochrann\u00fd_les":true},"geometry":{"type":"Polygon","coordinates":[[[2357894.5039701625,6305473.735243692],[2358193.6445297683,6305125.155648915],[2358120.556528224,6305021.185805448],[2358156.034124194,6304926.826054036],[2358447.312367844,6304872.000741976],[2358453.808686224,6304828.985410642],[2357571.571396136,6305041.263291401],[2357877.4710117755,6305326.325355771],[2357894.5039701625,6305473.735243692]],[[2357767.191648977,6305123.925824517],[2357777.026139403,6305031.5134766195],[2358017.8399396576,6305030.668783568],[2358018.0726100784,6305103.3117359765],[2357858.6781681846,6305242.019641248],[2357767.191648977,6305123.925824517]]]}},{"type":"Feature","properties":{"is_ochrann\u00fd_les":true},"geometry":{"type":"Polygon","coordinates":[[[2357202.883231851,6304761.393004987],[2357092.9622501074,6304653.21127309],[2357002.9467916125,6304779.148307652],[2357199.6082572914,6304805.229922727],[2357202.883231851,6304761.393004987]]]}},{"type":"Feature","properties":{"is_ochrann\u00fd_les":true},"geometry":{"type":"Polygon","coordinates":[[[2357386.198730708,6304946.333213542],[2357269.567287089,6304912.859870695],[2357210.3074406576,6304839.829468237],[2357247.7730630143,6305049.067768469],[2357416.9147983426,6305014.37243757],[2357386.198730708,6304946.333213542]]]}},{"type":"Feature","properties":{"is_ochrann\u00fd_les":true},"geometry":{"type":"Polygon","coordinates":[[[2357435.964629525,6305267.702548583],[2357556.0366938678,6305141.087643453],[2357499.225932369,6305096.629714484],[2357515.656892578,6305064.30979762],[2357416.9147983426,6305014.37243757],[2357247.7730630143,6305049.067768469],[2357352.5959781376,6305264.14678912],[2357435.964629525,6305267.702548583]]]}},{"type":"Feature","properties":{"is_ochrann\u00fd_les":true},"geometry":{"type":"Polygon","coordinates":[[[2359393.431589146,6305020.398568071],[2359870.133469203,6304785.262582205],[2360286.5171685657,6304292.566377277],[2360308.932405298,6303992.993666969],[2359839.8043887476,6304693.901065961],[2359730.5467148153,6304789.993285514],[2359458.776271957,6304864.315565356],[2359393.431589146,6305020.398568071]]]}},{"type":"Feature","properties":{"is_ochrann\u00fd_les":true},"geometry":{"type":"MultiPolygon","coordinates":[[[[2358967.330677381,6304943.849997366],[2359389.9211338125,6305021.726127649],[2359294.1028745756,6304982.754471945],[2359307.067435518,6304949.8841121085],[2359241.827195649,6304889.20424436],[2358967.330677381,6304943.849997366]]],[[[2359490.7992305816,6305014.434976858],[2359468.3872175952,6305023.168674393],[2359353.1066566375,6305059.115246761],[2359396.2909809244,6305087.137482894],[2359490.7992305816,6305014.434976858]]]]}},{"type":"Feature","properties":{"is_ochrann\u00fd_les":true},"geometry":{"type":"MultiPolygon","coordinates":[[[[2357681.7127468814,6305823.356111166],[2357807.441120975,6305863.993882914],[2357854.906914695,6305644.9689868875],[2357821.2142210696,6305554.207875528],[2357890.4960602596,6305473.581356918],[2357877.4710117755,6305326.325355771],[2357774.994528022,6305211.105716597],[2357456.979762768,6305408.496078906],[2357494.7052376117,6305631.980803491],[2357587.964410709,6305775.08755967],[2357574.0316761206,6305866.655897708],[2357681.7127468814,6305823.356111166]]],[[[2357440.2104063784,6305372.469247354],[2357733.9527468733,6305164.95987536],[2357684.6390213724,6305124.5962505005],[2357460.0943078725,6305291.44917831],[2357359.286312514,6305256.40935352],[2357440.2104063784,6305372.469247354]]]]}},{"type":"Feature","properties":{"is_ochrann\u00fd_les":true},"geometry":{"type":"Polygon","coordinates":[[[2357855.685898962,6306015.19527874],[2358052.748894657,6306090.1748315515],[2358002.684858688,6306171.473065754],[2358023.2724326365,6306195.889734552],[2358167.0962995496,6306116.850390482],[2358106.3315552687,6306052.531388349],[2358062.121341542,6305804.140071115],[2358079.0383602725,6305715.344892023],[2358042.7441638885,6305708.7067555245],[2358092.0784398788,6305646.898102445],[2358063.1409061872,6305449.68434425],[2358244.5168669675,6305093.022002692],[2357994.7589660515,6305349.162159681],[2357949.841756667,6305427.489813563],[2357980.4994631247,6305458.465847952],[2357956.8646190646,6305505.137969112],[2357927.953122794,6305509.0363764735],[2357924.568748252,6305453.899338744],[2357881.1662038267,6305492.9881372545],[2357870.793683763,6305555.042968694],[2357914.242093543,6305588.201472815],[2357858.678734841,6305639.970972882],[2357826.7554400694,6305769.680098783],[2357830.473235898,6306005.374330547],[2357553.292900141,6306240.779721873],[2357622.116134931,6306281.297527965],[2357855.685898962,6306015.19527874]]]}},{"type":"Feature","properties":{"is_ochrann\u00fd_les":true},"geometry":{"type":"Polygon","coordinates":[[[2359409.2917401223,6305925.874643103],[2359328.2505604615,6305958.469959754],[2359281.1414500647,6306057.285518489],[2359357.500506223,6306124.750280898],[2359406.0551857795,6306075.392481537],[2359378.4739145134,6306017.850331266],[2359409.2917401223,6305925.874643103]]]}},{"type":"Feature","properties":{"is_ochrann\u00fd_les":true},"geometry":{"type":"Polygon","coordinates":[[[2359176.0163131296,6306158.898348541],[2360236.707574351,6306046.761023232],[2359957.326144941,6306059.651743303],[2359054.5736788735,6305815.89128807],[2358915.753330373,6305863.567383852],[2358947.7381499032,6305891.473967803],[2358948.107674193,6306125.248910495],[2358997.355923872,6306237.700636531],[2359176.0163131296,6306158.898348541]],[[2359406.048995998,6306027.521717004],[2359357.500506223,6306124.750280898],[2359281.1414500647,6306057.285518489],[2359377.045959047,6305913.791500462],[2359409.2917401223,6305925.874643103],[2359378.4739145134,6306017.850331266],[2359406.048995998,6306027.521717004]]]}},{"type":"Feature","properties":{"is_ochrann\u00fd_les":true},"geometry":{"type":"MultiPolygon","coordinates":[[[[2357515.656892578,6305064.30979762],[2357499.225932369,6305096.629714484],[2357556.0366938678,6305141.087643453],[2357435.964629525,6305267.702548583],[2357460.0943078725,6305291.44917831],[2357684.6390213724,6305124.5962505005],[2357515.656892578,6305064.30979762]]],[[[2357359.286312514,6305256.40935352],[2357368.3095835196,6305312.769745737],[2357422.4200030705,6305338.4327037195],[2357426.28234471,6305322.540832224],[2357359.286312514,6305256.40935352]]],[[[2357733.9527468733,6305164.95987536],[2357706.3460414866,6305218.42049914],[2357428.9175635553,6305372.526346377],[2357456.979762768,6305408.496078906],[2357773.288752507,6305239.687927574],[2357733.9527468733,6305164.95987536]]]]}},{"type":"Feature","properties":{"is_ochrann\u00fd_les":true},"geometry":{"type":"MultiPolygon","coordinates":[[[[2356928.1526653282,6305776.631179833],[2356971.187550464,6305857.369341557],[2357050.487752915,6305855.500836528],[2357000.5185247585,6305768.4981841175],[2357080.925647198,6305731.173188469],[2357083.1405255767,6305678.72319373],[2357043.4036778756,6305650.426009576],[2356988.915833982,6305768.418155677],[2356960.0676579257,6305751.517331288],[2356978.8677643305,6305650.109755747],[2356887.4066018146,6305649.659390876],[2356876.4441979323,6305882.654853581],[2356918.5418247534,6305868.602761517],[2356898.928636045,6305807.332820018],[2356928.1526653282,6305776.631179833]]],[[[2357419.595573941,6305869.952599024],[2357380.9233277054,6305861.888904575],[2357401.6211504885,6305936.355331731],[2357417.230030127,6305933.903728831],[2357419.595573941,6305869.952599024]]],[[[2357663.598570692,6306000.682543428],[2357599.4758954314,6305908.088177572],[2357529.6430488015,6305930.0256901365],[2357651.989208618,6306044.127511784],[2357663.598570692,6306000.682543428]]]]}},{"type":"Feature","properties":{"is_ochrann\u00fd_les":true},"geometry":{"type":"MultiPolygon","coordinates":[[[[2357151.3641243326,6306342.019779941],[2357458.7649053205,6306294.548560991],[2357673.6872141273,6306161.585870433],[2357810.3854414592,6305865.35914608],[2357622.4070589743,6305825.334582258],[2357528.9936333373,6305905.125986633],[2357405.1671602763,6305757.729843219],[2357075.987979878,6305658.282577564],[2357080.925647198,6305731.173188469],[2357000.5185247585,6305768.4981841175],[2357050.487752915,6305855.500836528],[2356971.187550464,6305857.369341557],[2356928.1526653282,6305776.631179833],[2356898.928636045,6305807.332820018],[2356918.5418247534,6305868.602761517],[2356876.4441979323,6305882.654853581],[2356878.1880844883,6305736.347768561],[2356861.7568721594,6305890.858286792],[2356767.906193519,6305951.523005157],[2356945.6638595522,6305980.28252044],[2356944.2175411875,6306038.9707104],[2357063.8999271854,6306212.706316128],[2357094.2611453603,6306122.59679919],[2357119.528921814,6306130.472262115],[2357109.427107882,6306223.6596680945],[2357191.7649423946,6306237.060658807],[2357151.3641243326,6306342.019779941]],[[2357681.1047999896,6306021.9503854755],[2357525.7240571803,6305951.693241189],[2357529.6430488015,6305930.0256901365],[2357599.4758954314,6305908.088177572],[2357681.1047999896,6306021.9503854755]],[[2357427.4647693858,6305880.0541175],[2357401.6211504885,6305936.355331731],[2357380.9233277054,6305861.888904575],[2357427.4647693858,6305880.0541175]]],[[[2357043.4036778756,6305650.426009576],[2356978.8677643305,6305650.109755747],[2356960.0676579257,6305751.517331288],[2356988.915833982,6305768.418155677],[2357043.4036778756,6305650.426009576]]]]}},{"type":"Feature","properties":{"is_ochrann\u00fd_les":true},"geometry":{"type":"Polygon","coordinates":[[[2356881.5375508643,6306573.649887891],[2357167.9032420125,6306526.563799843],[2357214.839760803,6306476.032073848],[2357192.965648169,6306446.565142438],[2357247.5008087642,6306419.882614802],[2357224.9302060762,6306337.233638217],[2357063.373703543,6306391.32975094],[2356881.5375508643,6306573.649887891]]]}},{"type":"Feature","properties":{"is_ochrann\u00fd_les":true},"geometry":{"type":"Polygon","coordinates":[[[2356777.3998468393,6306793.793274909],[2356877.2293358976,6306584.9754373925],[2356778.68106395,6306577.9869307075],[2356786.3411521385,6306432.698976554],[2356856.996257181,6306234.883178079],[2356669.369552812,6306162.164236017],[2356578.0533535713,6306183.376198769],[2356574.4001411237,6306240.972635174],[2356678.967993616,6306339.09090105],[2356649.022186419,6306569.914750925],[2356607.9100033767,6306579.893856742],[2356562.262283121,6306741.472346071],[2356628.739237431,6306914.1072007995],[2356777.3998468393,6306793.793274909]]]}},{"type":"Feature","properties":{"is_ochrann\u00fd_les":true},"geometry":{"type":"Polygon","coordinates":[[[2355663.476584477,6306594.749778526],[2356024.2629766325,6306584.052276714],[2355912.4824027866,6306360.831695753],[2355750.4685808984,6306382.727847091],[2355713.734284134,6306443.154390146],[2355652.8156470773,6306374.576943673],[2355533.103417647,6306371.313699311],[2355538.770176449,6306525.45961077],[2355663.476584477,6306594.749778526]]]}},{"type":"Feature","properties":{"is_ochrann\u00fd_les":true},"geometry":{"type":"Polygon","coordinates":[[[2358149.1263878127,6306131.737810852],[2358023.2724326365,6306195.889734552],[2358058.353684398,6306313.620213126],[2358200.2507156013,6306400.247333492],[2358222.2069350174,6306175.183299541],[2358149.1263878127,6306131.737810852]]]}},{"type":"Feature","properties":{"is_ochrann\u00fd_les":true},"geometry":{"type":"Polygon","coordinates":[[[2357807.0733981594,6306424.311854007],[2357863.4671618873,6306191.491045258],[2358038.2318232898,6306213.6311817365],[2357855.685898962,6306015.19527874],[2357622.116134931,6306281.297527965],[2357553.292900141,6306240.779721873],[2357224.9302060762,6306337.233638217],[2357292.904653644,6306570.086588058],[2357288.451074782,6306482.551743545],[2357326.8268660526,6306456.848916546],[2357383.8981459206,6306425.072814065],[2357495.5689990837,6306548.6244787425],[2357567.766142205,6306378.789484404],[2357631.9987146882,6306381.136836017],[2357546.331138433,6306517.300760659],[2357648.836642497,6306604.113389527],[2357772.5429679723,6306572.750754578],[2357833.1596972616,6306461.087396271],[2357807.0733981594,6306424.311854007]]]}},{"type":"Feature","properties":{"is_ochrann\u00fd_les":true},"geometry":{"type":"Polygon","coordinates":[[[2356572.3283130443,6306758.919430166],[2356480.609571231,6306723.334312699],[2356377.3696106547,6306768.089448418],[2356381.414537084,6306674.017953796],[2356324.238503272,6306596.405132411],[2356170.1957467417,6306509.8336208565],[2356128.1339208046,6306381.169656083],[2356154.8581555015,6306374.1121286135],[2356143.9571970073,6306328.328435243],[2356070.852638371,6306294.644396451],[2355964.8088620543,6306345.666094089],[2356024.2629766325,6306584.052276714],[2356100.876857492,6306614.634304041],[2356282.4001689316,6306877.742604523],[2356544.4038478825,6306967.734845052],[2356628.739237431,6306914.1072007995],[2356572.3283130443,6306758.919430166]]]}},{"type":"Feature","properties":{"is_ochrann\u00fd_les":true},"geometry":{"type":"Polygon","coordinates":[[[2356618.4192713406,6307444.739834123],[2356513.2145816097,6307065.812669822],[2356544.4038478825,6306967.734845052],[2356282.4001689316,6306877.742604523],[2356100.876857492,6306614.634304041],[2355902.394542308,6306556.149805433],[2355813.95102594,6306625.928693051],[2355779.322608063,6306578.886756276],[2355655.887042563,6306595.259983057],[2355849.2000868814,6306654.165006945],[2355867.671653767,6306712.35083458],[2355987.4732095487,6306691.091536138],[2356101.2644344755,6306783.538144887],[2356094.3464563508,6306830.446637285],[2356030.1156445537,6306829.201854416],[2356060.77543437,6306882.8831698485],[2356118.4968791883,6306869.003459606],[2356143.5433236025,6306935.555673586],[2356104.0155881373,6306952.640057415],[2356091.451277167,6307034.544860567],[2356129.4647452715,6307142.707416313],[2356192.7274589594,6307094.875138348],[2356126.3153790943,6307092.518423107],[2356142.627793631,6307030.895020116],[2356209.515940139,6307025.57033183],[2356206.2600691277,6307092.374393959],[2356489.8207985624,6307159.435484149],[2356523.8562010243,6307382.710635681],[2356618.4192713406,6307444.739834123]]]}},{"type":"Feature","properties":{"is_ochrann\u00fd_les":true},"geometry":{"type":"MultiPolygon","coordinates":[[[[2357109.855259331,6306968.3784792395],[2357308.547995777,6306687.740975985],[2357247.5008087642,6306419.882614802],[2357192.965648169,6306446.565142438],[2357214.839760803,6306476.032073848],[2357167.9032420125,6306526.563799843],[2357116.3605131162,6306503.795795317],[2356997.92192691,6306542.6821849635],[2357077.554939975,6306576.497940573],[2357087.9065500386,6306530.774373577],[2357132.241542665,6306538.62155208],[2357217.7718181172,6306720.163472905],[2357117.4106166335,6306747.675186305],[2356935.118339578,6306655.07173866],[2356848.1880157846,6306793.985002964],[2357109.855259331,6306968.3784792395]]],[[[2356978.766010788,6307160.265220046],[2357053.8446078487,6307028.368897113],[2356990.592195918,6306953.329051057],[2356874.9135417007,6306905.394025288],[2356765.234688749,6306999.707597184],[2356780.698398557,6307068.707073667],[2356978.766010788,6307160.265220046]]],[[[2356971.88235552,6307231.850890839],[2356815.060438636,6307285.600523235],[2356807.580286132,6307356.217252807],[2356754.375022174,6307315.70303477],[2356633.7611760776,6307347.7562754275],[2357001.882862809,6307385.826132906],[2356971.88235552,6307231.850890839]]]]}},{"type":"Feature","properties":{"is_ochrann\u00fd_les":true},"geometry":{"type":"MultiPolygon","coordinates":[[[[2356783.251790581,6306966.5080858525],[2356874.9135417007,6306905.394025288],[2357053.8446078487,6307028.368897113],[2357109.855259331,6306968.3784792395],[2356848.1880157846,6306793.985002964],[2356760.5511153853,6306872.0953146955],[2356717.9646681617,6306851.968653181],[2356515.2681036685,6307011.217444768],[2356584.450785764,6307311.668115695],[2356754.375022174,6307315.70303477],[2356728.8928078027,6307263.313331332],[2356837.6574581494,6307294.936739108],[2356970.684629657,6307220.068036474],[2356967.482657434,6307175.445848558],[2356760.8598198504,6307127.100655325],[2356666.016080522,6307114.911997718],[2356613.7305081743,6307163.884014926],[2356600.6497753523,6307110.767312096],[2356646.0284356596,6307005.947911801],[2356776.7845537574,6307064.741676303],[2356783.251790581,6306966.5080858525]],[[2356761.781908075,6306983.975073568],[2356713.9618463083,6306966.464226702],[2356722.0040292344,6306932.818157738],[2356786.742944583,6306927.168275776],[2356761.781908075,6306983.975073568]]],[[[2356891.0336586414,6306664.183890005],[2356998.052349574,6306653.83671861],[2357117.4106166335,6306747.675186305],[2357225.0046975426,6306708.107364578],[2356997.92192691,6306542.6821849635],[2356881.5375508643,6306573.649887891],[2356804.437295245,6306746.798288494],[2356850.3702730583,6306753.760034766],[2356891.0336586414,6306664.183890005]]]]}},{"type":"Feature","properties":{"is_ochrann\u00fd_les":true},"geometry":{"type":"MultiPolygon","coordinates":[[[[2356978.766010788,6307160.265220046],[2356739.9530881676,6307076.614570265],[2356726.894707003,6307023.205309767],[2356666.016080522,6307114.911997718],[2356978.766010788,6307160.265220046]]],[[[2357219.675307647,6306680.185685557],[2357132.241542665,6306538.62155208],[2357087.9065500386,6306530.774373577],[2357096.9295502105,6306640.917385482],[2357219.675307647,6306680.185685557]]],[[[2356782.146254128,6307251.011150108],[2356722.867322241,6307286.132545306],[2356807.580286132,6307356.217252807],[2356830.458233303,6307325.1272879625],[2356782.146254128,6307251.011150108]]]]}},{"type":"Feature","properties":{"is_ochrann\u00fd_les":true},"geometry":{"type":"MultiPolygon","coordinates":[[[[2356492.6124384245,6308236.772671831],[2356536.3060098076,6308081.0412467895],[2356764.5762650487,6308184.893626781],[2356594.3074354436,6308060.620183458],[2356542.979007596,6308070.979225771],[2356607.270626614,6307984.575302894],[2356598.1537763723,6307920.51359734],[2356676.6537256143,6307884.346274337],[2356632.9824743145,6307813.481308401],[2356823.016366895,6307940.815875919],[2356841.367360552,6307905.211936146],[2356646.735267775,6307793.884397646],[2356567.081367816,6307831.524230676],[2356557.8976859855,6307888.089793012],[2356509.810953435,6307850.886352523],[2356494.4716899027,6308030.354881407],[2356377.4691165346,6308197.229432841],[2356581.3495714325,6308333.233137843],[2356588.638050016,6308292.888220409],[2356492.6124384245,6308236.772671831]]],[[[2356768.8406887706,6307575.45222373],[2356899.374772895,6307677.585109978],[2356947.407479933,6307659.740542205],[2356950.6497156434,6307560.823601255],[2356764.5358326584,6307550.605436512],[2356678.2583749555,6307466.791405067],[2356678.6168112285,6307362.1358908145],[2356609.978865701,6307341.612582772],[2356618.934556654,6307442.065021975],[2356535.3931981386,6307751.921419748],[2356613.581616079,6307781.999164542],[2356673.1567877894,6307698.231455403],[2356663.0126880715,6307610.814636749],[2356768.8406887706,6307575.45222373]]]]}},{"type":"Feature","properties":{"is_ochrann\u00fd_les":true},"geometry":{"type":"MultiPolygon","coordinates":[[[[2356536.3060098076,6308081.0412467895],[2356492.6124384245,6308236.772671831],[2356588.638050016,6308292.888220409],[2356610.610016778,6308176.028861531],[2356536.3060098076,6308081.0412467895]]],[[[2356737.1223527454,6307441.604792609],[2356753.3500772566,6307412.4707998065],[2356672.6043813573,6307437.217010243],[2356764.5358326584,6307550.605436512],[2356802.353819728,6307502.533469288],[2356737.1223527454,6307441.604792609]]],[[[2356784.9647096414,6307580.869684459],[2356663.0126880715,6307610.814636749],[2356669.1774940514,6307663.939559792],[2356784.9647096414,6307580.869684459]]],[[[2356581.662437396,6308079.241643361],[2356563.9173870147,6308039.407167937],[2356542.979007596,6308070.979225771],[2356581.662437396,6308079.241643361]]]]}},{"type":"Feature","properties":{"is_ochrann\u00fd_les":true},"geometry":{"type":"MultiPolygon","coordinates":[[[[2356841.367360552,6307905.211936146],[2356953.239022854,6307722.950973045],[2356947.407479933,6307659.740542205],[2356839.009473313,6307649.024453747],[2356784.9647096414,6307580.869684459],[2356669.1774940514,6307663.939559792],[2356613.581616079,6307781.999164542],[2356841.367360552,6307905.211936146]]],[[[2356764.5762650487,6308184.893626781],[2356823.016366895,6307940.815875919],[2356632.9824743145,6307813.481308401],[2356676.6537256143,6307884.346274337],[2356598.1537763723,6307920.51359734],[2356607.270626614,6307984.575302894],[2356563.9173870147,6308039.407167937],[2356764.5762650487,6308184.893626781]]],[[[2356764.5762650487,6308184.893626781],[2356625.788636689,6308136.7287328895],[2356546.969536846,6308086.404394821],[2356545.8417255757,6308135.997333766],[2356610.610016778,6308176.028861531],[2356581.3495714325,6308333.233137843],[2356772.4061158155,6308413.131458848],[2356764.5762650487,6308184.893626781]]],[[[2356950.6497156434,6307560.823601255],[2357001.882862809,6307385.826132906],[2356678.6168112285,6307362.1358908145],[2356685.5682634343,6307427.070121994],[2356753.3500772566,6307412.4707998065],[2356737.1223527454,6307441.604792609],[2356799.5964195947,6307489.296778024],[2356782.3626339366,6307522.829282175],[2356950.6497156434,6307560.823601255]]]]}},{"type":"Feature","properties":{"is_ochrann\u00fd_les":true},"geometry":{"type":"MultiPolygon","coordinates":[[[[2359314.7390626227,6306710.656788337],[2359066.331102133,6306552.992108552],[2358989.128153323,6306660.412693252],[2359006.7193232593,6306584.28326887],[2359060.8772233096,6306548.644466741],[2358936.8411826035,6306398.1194211785],[2358861.6820841082,6306574.251341717],[2358933.457666287,6306586.903678384],[2358956.207173704,6306652.971472234],[2359082.667635747,6306691.20610331],[2359099.506516503,6306760.911015747],[2359140.4873497006,6306687.173799966],[2359189.9268777543,6306694.997166514],[2359177.7235095194,6306835.447371487],[2359218.6399351084,6306876.316945393],[2359208.9779652264,6306947.68747276],[2359250.673948754,6306947.516392663],[2359314.7390626227,6306710.656788337]],[[2359084.159949388,6306675.846688498],[2359080.07669851,6306615.774921628],[2359115.5266031213,6306602.868067012],[2359084.159949388,6306675.846688498]]],[[[2359374.620437991,6306777.338648826],[2359375.113400222,6306844.635319388],[2359321.8796444237,6306921.158332249],[2359412.4646227984,6306872.311106352],[2359418.5962117887,6306801.732586281],[2359374.620437991,6306777.338648826]]],[[[2359513.2935525053,6306982.197885728],[2359613.4902256937,6306867.207898673],[2359470.4240491483,6306920.58888307],[2359539.130141529,6306838.079749533],[2359482.249210184,6306790.493306579],[2359439.5355073493,6306902.141808476],[2359513.2935525053,6306982.197885728]]],[[[2359639.962529913,6306868.027178811],[2359552.5178340958,6306991.116793533],[2359560.9426978556,6307034.53654204],[2359636.513659789,6307066.045034703],[2359739.969867061,6306906.155557738],[2359639.962529913,6306868.027178811]]]]}},{"type":"Feature","properties":{"is_ochrann\u00fd_les":true},"geometry":{"type":"MultiPolygon","coordinates":[[[[2359552.5178340958,6306991.116793533],[2359639.962529913,6306868.027178811],[2359523.871655492,6306793.262783691],[2359539.130141529,6306838.079749533],[2359470.4240491483,6306920.58888307],[2359613.4902256937,6306867.207898673],[2359568.6427601413,6306953.132050214],[2359333.9921555994,6306952.094514406],[2359532.370528417,6306985.376204887],[2359560.9426978556,6307034.53654204],[2359552.5178340958,6306991.116793533]]],[[[2358956.207173704,6306652.971472234],[2358929.644233737,6306607.421899839],[2358914.015292872,6306632.951850737],[2358956.207173704,6306652.971472234]]],[[[2359060.683816002,6306564.196042297],[2359006.7193232593,6306584.28326887],[2358989.128153323,6306660.412693252],[2358999.6495974828,6306668.861002588],[2359060.683816002,6306564.196042297]]],[[[2359115.5266031213,6306602.868067012],[2359080.07669851,6306615.774921628],[2359064.7258082544,6306672.973307462],[2359084.159949388,6306675.846688498],[2359115.5266031213,6306602.868067012]]],[[[2359188.457810804,6306737.4915067945],[2359148.643701589,6306684.652445579],[2359124.5177468224,6306712.7799561005],[2359188.457810804,6306737.4915067945]]],[[[2359069.4981940323,6306687.789436378],[2359049.364396941,6306740.257181504],[2359070.373622715,6306762.86810176],[2359089.0550580197,6306747.239276492],[2359069.4981940323,6306687.789436378]]],[[[2359125.6532607176,6306739.147584747],[2359099.506516503,6306760.911015747],[2359117.0092328084,6306803.869719041],[2359147.790577924,6306794.870621082],[2359125.6532607176,6306739.147584747]]],[[[2359053.1516652303,6306804.861965458],[2359026.6781001906,6306811.1237888215],[2359042.9877491673,6306816.800006935],[2359053.1516652303,6306804.861965458]]],[[[2359113.8004359123,6306846.063964647],[2359091.7961080964,6306771.889652737],[2359056.8156959675,6306824.420123616],[2359113.8004359123,6306846.063964647]]],[[[2359195.2789537194,6306858.637096236],[2359163.082117873,6306871.725651891],[2359154.8907618653,6306890.918406504],[2359181.4280702495,6306894.18838127],[2359195.2789537194,6306858.637096236]]],[[[2359346.657821094,6306924.031209627],[2359449.2280356796,6306913.465635108],[2359482.249210184,6306790.493306579],[2359415.382663188,6306770.383895435],[2359412.4646227984,6306872.311106352],[2359346.657821094,6306924.031209627]]],[[[2359250.673948754,6306947.516392663],[2359375.113400222,6306844.635319388],[2359322.975898384,6306712.245542876],[2359276.8726393273,6306781.387173051],[2359250.673948754,6306947.516392663]]],[[[2359221.1678277375,6306905.637149306],[2359202.2439001594,6306893.564076823],[2359197.7609107844,6306947.733320962],[2359221.1678277375,6306905.637149306]]]]}},{"type":"Feature","properties":{"is_ochrann\u00fd_les":true},"geometry":{"type":"MultiPolygon","coordinates":[[[[2359202.2439001594,6306893.564076823],[2359154.8907618653,6306890.918406504],[2359195.2789537194,6306858.637096236],[2359188.457810804,6306737.4915067945],[2359135.5168081764,6306723.219573016],[2359147.790577924,6306794.870621082],[2359117.0092328084,6306803.869719041],[2359089.0550580197,6306747.239276492],[2359053.5380893964,6306750.612454897],[2359063.0666488996,6306703.907274982],[2358914.015292872,6306632.951850737],[2358933.457666287,6306586.903678384],[2358861.6820841082,6306574.251341717],[2358809.3962505804,6306711.787063991],[2359013.4384890553,6306801.671849753],[2359111.3017392093,6306948.08711238],[2359197.7609107844,6306947.733320962],[2359202.2439001594,6306893.564076823]],[[2359113.8004359123,6306846.063964647],[2359056.8156959675,6306824.420123616],[2359091.7961080964,6306771.889652737],[2359113.8004359123,6306846.063964647]],[[2359053.1516652303,6306804.861965458],[2359026.6781001906,6306811.1237888215],[2359035.332380363,6306783.620356798],[2359053.1516652303,6306804.861965458]]],[[[2359345.7448942596,6306800.13973429],[2359424.129131501,6306767.894803209],[2359523.871655492,6306793.262783691],[2359322.975898384,6306712.245542876],[2359362.1435485636,6306756.097616695],[2359345.7448942596,6306800.13973429]]],[[[2359452.9173552017,6306917.775925821],[2359299.9275382203,6306884.7983054975],[2359261.9671572167,6306947.470116391],[2359486.9050995754,6306970.900127802],[2359452.9173552017,6306917.775925821]]],[[[2359553.0994921173,6306998.766716742],[2359508.8690225794,6307010.348575371],[2359559.6971995397,6307001.89991081],[2359553.0994921173,6306998.766716742]]]]}},{"type":"Feature","properties":{"is_ochrann\u00fd_les":true},"geometry":{"type":"Polygon","coordinates":[[[2358764.8376573217,6307177.932809183],[2358899.044668518,6306994.47856334],[2359093.696220116,6306932.8036516225],[2359013.4384890553,6306801.671849753],[2358876.830778531,6306732.157811091],[2358580.7911258275,6306702.311528174],[2358529.719562775,6306805.482501131],[2358601.950134689,6307220.916920938],[2358755.363847742,6307380.871422319],[2358764.8376573217,6307177.932809183]]]}},{"type":"Feature","properties":{"is_ochrann\u00fd_les":true},"geometry":{"type":"MultiPolygon","coordinates":[[[[2358787.8113910654,6308027.245335449],[2358667.2377909515,6308428.137697597],[2358784.814168853,6308471.958608384],[2359056.713729824,6308156.829295617],[2358987.107223811,6308085.215688591],[2358787.8113910654,6308027.245335449]]],[[[2358975.8922576504,6308039.481416059],[2358794.587577746,6308006.314545339],[2358790.1360049974,6308021.529497418],[2358952.78413879,6308066.147770768],[2358975.8922576504,6308039.481416059]]]]}},{"type":"Feature","properties":{"is_ochrann\u00fd_les":true},"geometry":{"type":"Polygon","coordinates":[[[2360401.6730328193,6308416.028829351],[2360472.1956328787,6308077.466705801],[2360394.5761434487,6307931.974977602],[2360260.482097612,6308144.908397728],[2359965.3730421383,6308456.690304958],[2360074.0838731118,6308849.212532957],[2360105.7241102275,6308873.783381725],[2360262.718157613,6308696.164152915],[2360401.6730328193,6308416.028829351]]]}},{"type":"Feature","properties":{"is_ochrann\u00fd_les":true},"geometry":{"type":"MultiPolygon","coordinates":[[[[2359982.980209725,6308525.0033300435],[2359962.8211893486,6308544.47298861],[2359985.0379237104,6308583.5769137135],[2360040.813692264,6308884.340064609],[2360173.250512649,6308998.81563786],[2360266.322851526,6309039.873088303],[2360305.0079153446,6309020.8063587425],[2360074.0838731118,6308849.212532957],[2359982.980209725,6308525.0033300435]]],[[[2359959.4246285968,6308549.566312637],[2359894.1040838533,6308608.619042172],[2360016.735850807,6308842.549308794],[2359978.981319121,6308584.383680451],[2359959.4246285968,6308549.566312637]]]]}},{"type":"Feature","properties":{"is_ochrann\u00fd_les":true},"geometry":{"type":"Polygon","coordinates":[[[2360241.3673948036,6309042.688624672],[2360035.647359858,6308887.831041711],[2359894.1040838533,6308608.619042172],[2359616.4488670737,6308779.987568707],[2359812.1225044234,6308974.901769451],[2360099.238182063,6309095.485130691],[2360241.3673948036,6309042.688624672]]]}},{"type":"Feature","properties":{"is_ochrann\u00fd_les":true},"geometry":{"type":"Polygon","coordinates":[[[2358624.988830101,6307599.974159763],[2358755.363847742,6307380.871422319],[2358601.950134689,6307220.916920938],[2358529.719562775,6306805.482501131],[2358433.708495731,6307013.376249098],[2358250.3317451295,6307160.12609697],[2358329.9948485987,6307605.900629448],[2358519.417107993,6307603.690411652],[2358478.444368055,6307694.991070136],[2358624.988830101,6307599.974159763]]]}},{"type":"Feature","properties":{"is_ochrann\u00fd_les":true},"geometry":{"type":"Polygon","coordinates":[[[2358652.122226757,6307954.164213943],[2358611.2340776445,6307811.4565857835],[2358562.8023108467,6307776.002217175],[2358598.375883677,6307623.898968333],[2358478.444368055,6307694.991070136],[2358519.417107993,6307603.690411652],[2358337.798778199,6307614.626169054],[2358445.1286346703,6307822.28983774],[2358417.081590539,6307857.953328112],[2358599.0856712707,6307974.686052234],[2358652.122226757,6307954.164213943]]]}},{"type":"Feature","properties":{"is_ochrann\u00fd_les":true},"geometry":{"type":"Polygon","coordinates":[[[2354433.9287793394,6308091.800775389],[2354390.6279870807,6307651.16972644],[2354362.938531956,6307741.789076444],[2354392.47159844,6308141.32602542],[2354433.9287793394,6308091.800775389]]]}},{"type":"Feature","properties":{"is_ochrann\u00fd_les":true},"geometry":{"type":"Polygon","coordinates":[[[2354524.874084289,6307929.4907529615],[2354403.7178393276,6307784.376167277],[2354454.5946032265,6308224.9884030735],[2354517.933101884,6308391.024976955],[2354572.6265659323,6308423.08156205],[2354524.874084289,6307929.4907529615]]]}},{"type":"Feature","properties":{"is_ochrann\u00fd_les":true},"geometry":{"type":"Polygon","coordinates":[[[2356363.1862252094,6307277.178124364],[2356216.1279132077,6307718.964643569],[2356203.2413618765,6307794.1756007355],[2356241.629850588,6307831.472060909],[2356183.1655884166,6307839.001118463],[2356108.5162022416,6307958.947636188],[2356233.143843154,6307917.645052811],[2356291.9230392235,6307825.66678051],[2356328.1568732182,6307554.682407763],[2356391.055579041,6307444.228534763],[2356363.1862252094,6307277.178124364]]]}},{"type":"Feature","properties":{"is_ochrann\u00fd_les":true},"geometry":{"type":"MultiPolygon","coordinates":[[[[2355313.393263421,6308169.842750085],[2355367.0114655644,6308194.965088423],[2355492.8881835896,6308125.308963223],[2355530.942091085,6307995.27140743],[2355654.8919461523,6308004.122715021],[2355521.2723494023,6307991.233414531],[2355383.655721285,6308161.24587114],[2355280.769819539,6308173.180497871],[2355169.362168972,6308304.813872303],[2355313.393263421,6308169.842750085]]],[[[2355981.3599186656,6307990.549953091],[2356103.0771623566,6308022.614148571],[2356108.5162022416,6307958.947636188],[2356047.3650648724,6307919.1222207295],[2355846.2984173223,6307987.886547962],[2355919.138345609,6308026.514805374],[2355981.3599186656,6307990.549953091]]]]}},{"type":"Feature","properties":{"is_ochrann\u00fd_les":true},"geometry":{"type":"MultiPolygon","coordinates":[[[[2356236.7087540184,6308689.781048229],[2356104.8058197005,6308629.910571393],[2356120.095598806,6308576.516601828],[2356089.267621533,6308525.578078646],[2356173.842740347,6308323.557692016],[2355834.9380257125,6308209.043940444],[2355825.1597399833,6308364.035046364],[2355925.831552012,6308443.412485486],[2355887.4503087364,6308444.18803724],[2355878.6675907196,6308532.569568092],[2355943.7270857524,6308599.433536292],[2355983.5406864565,6308551.232372948],[2355946.0991876707,6308485.855528174],[2355991.702343206,6308492.61673221],[2356034.047192814,6308629.092605963],[2356104.3504073643,6308657.567167251],[2356114.7167419526,6308745.4106058255],[2356215.697452574,6308773.044911164],[2356236.7087540184,6308689.781048229]]],[[[2356356.0492661623,6308216.704808624],[2356292.1994074294,6308246.35097656],[2356212.0981070013,6308271.750747718],[2356286.5307055926,6308342.374416193],[2356356.0492661623,6308216.704808624]]],[[[2355531.178748218,6308555.04622744],[2355556.804030262,6308406.227159853],[2355443.438100091,6308436.074227607],[2355417.8645009156,6308380.144089707],[2355340.5068506435,6308371.520781106],[2355475.4385021487,6308569.93995357],[2355531.178748218,6308555.04622744]]],[[[2355354.9513788754,6308776.224454492],[2355317.7909085453,6308526.133542905],[2355155.934012357,6308511.811210073],[2355254.9329705155,6308645.379717245],[2355213.3441110235,6308679.780407938],[2355354.9513788754,6308776.224454492]]],[[[2355172.546556052,6308729.320890524],[2355104.097237096,6308858.174102468],[2355237.9888673564,6308886.2026030505],[2355270.422655926,6308824.342526828],[2355172.546556052,6308729.320890524]]]]}},{"type":"Feature","properties":{"is_ochrann\u00fd_les":true},"geometry":{"type":"MultiPolygon","coordinates":[[[[2355732.440660412,6308385.89171568],[2355640.160012894,6308366.985768376],[2355666.7084781495,6308537.62093793],[2355732.0026863855,6308511.851405994],[2355732.440660412,6308385.89171568]]],[[[2355879.936484354,6308441.260941948],[2355820.6499102437,6308507.627180412],[2355893.812179085,6308523.032238658],[2355879.936484354,6308441.260941948]]],[[[2355568.2246904024,6308578.496493621],[2355553.182572867,6308495.2959625395],[2355502.207488189,6308580.418519568],[2355462.6386149647,6308560.059193066],[2355494.5794788976,6308642.139300264],[2355568.2246904024,6308578.496493621]]],[[[2355412.4551916723,6308732.275298532],[2355355.3183961185,6308654.034962049],[2355349.6118538016,6308556.831857383],[2355317.7909085453,6308526.133542905],[2355345.4165476086,6308739.81842368],[2355412.4551916723,6308732.275298532]]]]}},{"type":"Feature","properties":{"is_ochrann\u00fd_les":true},"geometry":{"type":"MultiPolygon","coordinates":[[[[2356302.139795785,6308590.5623638695],[2356340.192071329,6308647.703771891],[2356489.250023369,6308433.254686601],[2356607.7172015347,6308341.763442091],[2356450.166788084,6308264.377592881],[2356362.640068634,6308394.23773541],[2356314.696225225,6308319.652702867],[2356248.273117178,6308334.870516762],[2356256.7209730563,6308429.33381714],[2356104.8058197005,6308629.910571393],[2356231.308753775,6308691.515694582],[2356274.234746701,6308677.72635421],[2356302.139795785,6308590.5623638695]]],[[[2356135.850363888,6308750.040648636],[2356146.814141652,6308801.758391925],[2356253.5025507296,6308788.635961455],[2356201.7898527854,6308765.6066611055],[2356135.850363888,6308750.040648636]]],[[[2355213.3441110235,6308679.780407938],[2355329.4102815236,6308801.4181884825],[2355354.9513788754,6308776.224454492],[2355291.935108616,6308704.914297142],[2355213.3441110235,6308679.780407938]]],[[[2356104.3504073643,6308657.567167251],[2355977.3379807444,6308681.362603254],[2355975.243194215,6308728.34028391],[2356063.1500862106,6308852.505683358],[2356125.999598721,6308802.649715019],[2356104.3504073643,6308657.567167251]]]]}},{"type":"Feature","properties":{"is_ochrann\u00fd_les":true},"geometry":{"type":"MultiPolygon","coordinates":[[[[2355387.00233586,6308720.424731196],[2355494.5794788976,6308642.139300264],[2355458.5080045066,6308530.472802945],[2355346.6013236013,6308421.949280925],[2355355.3183961185,6308654.034962049],[2355387.00233586,6308720.424731196]]],[[[2355732.0026863855,6308511.851405994],[2355879.936484354,6308441.260941948],[2355925.831552012,6308443.412485486],[2355825.1597399833,6308364.035046364],[2355813.761213159,6308406.017862186],[2355732.440660412,6308385.89171568],[2355732.0026863855,6308511.851405994]]],[[[2355640.160012894,6308366.985768376],[2355556.804030262,6308406.227159853],[2355568.2246904024,6308578.496493621],[2355666.7084781495,6308537.62093793],[2355640.160012894,6308366.985768376]]],[[[2356063.0447156862,6308646.537182484],[2355996.1624343595,6308566.715617641],[2355991.702343206,6308492.61673221],[2355946.0991876707,6308485.855528174],[2355983.5406864565,6308551.232372948],[2355943.7270857524,6308599.433536292],[2355977.3379807444,6308681.362603254],[2356063.0447156862,6308646.537182484]]],[[[2356302.139795785,6308590.5623638695],[2356236.7087540184,6308689.781048229],[2356215.697452574,6308773.044911164],[2356253.5025507296,6308788.635961455],[2356326.478494825,6308677.82388828],[2356302.139795785,6308590.5623638695]]],[[[2356114.7167419526,6308745.4106058255],[2356125.999598721,6308802.649715019],[2356063.1500862106,6308852.505683358],[2356227.1773205367,6308815.981621988],[2356114.7167419526,6308745.4106058255]]],[[[2355213.3441110235,6308679.780407938],[2355172.546556052,6308729.320890524],[2355270.422655926,6308824.342526828],[2355329.4102815236,6308801.4181884825],[2355213.3441110235,6308679.780407938]]]]}},{"type":"Feature","properties":{"is_ochrann\u00fd_les":true},"geometry":{"type":"MultiPolygon","coordinates":[[[[2355024.4760631793,6308932.447542545],[2355031.4836601336,6308971.967346486],[2355114.3174575176,6308791.03478331],[2355069.5232874313,6308747.585221248],[2355145.3408033764,6308718.721934948],[2355113.5030072406,6308695.247264943],[2355188.5293995077,6308581.131744879],[2355084.7569688307,6308703.894720771],[2355004.576274277,6308697.174134736],[2355034.46630204,6308731.623651064],[2355002.5974373757,6308749.674443585],[2354923.337917669,6308644.313584076],[2354860.8676475845,6308668.907910437],[2354891.882200433,6308696.670198424],[2354871.5703274664,6308769.45098882],[2354929.644841546,6309064.822161248],[2355024.4760631793,6308932.447542545]]],[[[2355152.8575234995,6309186.2334288955],[2355117.328112793,6309133.372410391],[2355100.6939732595,6309027.869228689],[2355042.894179846,6309016.799223399],[2355038.0646188357,6309146.690851442],[2355152.8575234995,6309186.2334288955]]],[[[2355071.610772088,6309302.398613806],[2354955.663789884,6309308.81455758],[2354958.7672890597,6309453.090277268],[2355099.2371599646,6309463.428414672],[2355071.610772088,6309302.398613806]]]]}},{"type":"Feature","properties":{"is_ochrann\u00fd_les":true},"geometry":{"type":"Polygon","coordinates":[[[2354998.969674155,6309308.729114505],[2355152.7301872177,6309282.02784229],[2355073.137052974,6309175.450922577],[2354939.9834760856,6309157.754823863],[2354971.012019325,6309175.809676913],[2354947.7211968116,6309247.936425229],[2355000.3517898824,6309251.135528162],[2354998.969674155,6309308.729114505]]]}},{"type":"Feature","properties":{"is_ochrann\u00fd_les":true},"geometry":{"type":"MultiPolygon","coordinates":[[[[2355094.7186503336,6309524.237988901],[2354958.7672890597,6309453.090277268],[2355004.9684564364,6309606.4962436855],[2355055.2329823086,6309647.979494681],[2355094.7186503336,6309524.237988901]]],[[[2355073.8522457206,6309221.06233096],[2355152.8575234995,6309186.2334288955],[2355073.137052974,6309175.450922577],[2355073.8522457206,6309221.06233096]]],[[[2354968.8040857962,6309231.644776619],[2354955.663789884,6309308.81455758],[2354998.969674155,6309308.729114505],[2355000.3517898824,6309251.135528162],[2354968.8040857962,6309231.644776619]]]]}},{"type":"Feature","properties":{"is_ochrann\u00fd_les":true},"geometry":{"type":"MultiPolygon","coordinates":[[[[2358667.2377909515,6308428.137697597],[2358787.8113910654,6308027.245335449],[2358594.5289189643,6307993.889443928],[2358491.253614596,6307933.652430048],[2358445.5368928183,6308394.545392404],[2358591.669924137,6308452.379254677],[2358667.2377909515,6308428.137697597]]],[[[2358794.587577746,6308006.314545339],[2358599.0856712707,6307974.686052234],[2358417.081590539,6307857.953328112],[2358595.9702974986,6307987.935548959],[2358794.587577746,6308006.314545339]]]]}},{"type":"Feature","properties":{"is_ochrann\u00fd_les":true},"geometry":{"type":"MultiPolygon","coordinates":[[[[2359502.032601454,6308803.577152759],[2359712.795451121,6308753.99169025],[2359959.4246285968,6308549.566312637],[2359760.3578743683,6308522.04327867],[2359581.4581092778,6308401.561428025],[2359492.640637413,6308581.263093578],[2359360.29436683,6308648.210557928],[2359377.9658599114,6308766.349569998],[2359502.032601454,6308803.577152759]]],[[[2359974.6126074395,6308521.348280686],[2359736.876677706,6308494.7188382745],[2359586.3099681456,6308397.514777433],[2359761.793637893,6308515.911004202],[2359974.6126074395,6308521.348280686]]]]}},{"type":"Feature","properties":{"is_ochrann\u00fd_les":true},"geometry":{"type":"Polygon","coordinates":[[[2360157.652688629,6309526.1108308],[2360286.181932421,6309055.386411251],[2360120.6743205474,6309097.369854697],[2360016.668710576,6309043.444969647],[2359995.299836773,6309074.562098717],[2360072.614340005,6309164.042864736],[2360062.935635846,6309485.089691467],[2360157.652688629,6309526.1108308]]]}},{"type":"Feature","properties":{"is_ochrann\u00fd_les":true},"geometry":{"type":"Polygon","coordinates":[[[2360645.8003268545,6309639.2271635905],[2360652.826736362,6309595.391019087],[2360823.9635021584,6309215.819582731],[2360691.211721318,6309167.156838966],[2360473.158838649,6309376.688949824],[2360453.0271131066,6309512.34023172],[2360490.681830847,6309618.435226591],[2360529.325635488,6309664.086707077],[2360645.8003268545,6309639.2271635905]]]}},{"type":"Feature","properties":{"is_ochrann\u00fd_les":true},"geometry":{"type":"Polygon","coordinates":[[[2358096.5483493083,6309447.210944039],[2358140.5617548367,6309290.69141159],[2358127.6996654407,6309137.969429931],[2358025.91251903,6309082.059627344],[2357901.7290996183,6309219.574157509],[2357978.553306345,6309254.827884547],[2357903.584656178,6309371.663094775],[2357896.460591902,6309462.963816379],[2358096.5483493083,6309447.210944039]]]}},{"type":"Feature","properties":{"is_ochrann\u00fd_les":true},"geometry":{"type":"Polygon","coordinates":[[[2359110.0725864586,6312130.558055024],[2358915.767173031,6311996.096257599],[2358741.933637667,6312251.465415477],[2358862.074511444,6312301.139145815],[2359110.0725864586,6312130.558055024]]]}},{"type":"Feature","properties":{"is_ochrann\u00fd_les":true},"geometry":{"type":"MultiPolygon","coordinates":[[[[2352589.169774169,6306435.497889218],[2352560.821144668,6306363.8340821555],[2352165.9807879147,6306446.320987219],[2352044.407349156,6306444.116861892],[2352354.5356638376,6306877.210692919],[2352442.4272082895,6306580.5873620305],[2352589.169774169,6306435.497889218]]],[[[2352048.9363898193,6306435.803213214],[2352556.18432958,6306359.450621877],[2352574.3610107284,6306347.341487369],[2352048.9363898193,6306435.803213214]]]]}},{"type":"Feature","properties":{"is_ochrann\u00fd_les":true},"geometry":{"type":"MultiPolygon","coordinates":[[[[2350340.333934223,6306730.011399354],[2349859.918804095,6306431.185956522],[2349785.0860386416,6306516.865805488],[2349725.6009591566,6306612.4781036],[2350075.0707455724,6306631.82185043],[2350365.5187418396,6306828.555718977],[2350340.333934223,6306730.011399354]]],[[[2349887.9290111484,6306399.115181185],[2349863.840742227,6306426.695644268],[2350144.2721408964,6306548.3944227835],[2350328.851157958,6306705.394421046],[2350377.6522638393,6306796.381759853],[2350375.0478951875,6306854.598777174],[2350380.3519473006,6306759.253186968],[2350368.1542644985,6306726.658659789],[2350241.251989651,6306590.009329029],[2349887.9290111484,6306399.115181185]]]]}},{"type":"Feature","properties":{"is_ochrann\u00fd_les":true},"geometry":{"type":"MultiPolygon","coordinates":[[[[2350068.1308977623,6306776.292524166],[2350365.5187418396,6306828.555718977],[2350075.0707455724,6306631.82185043],[2349731.181399886,6306613.052616499],[2349678.288086368,6306685.74383054],[2349509.7477567745,6306792.733160427],[2349556.6623501405,6307105.46652195],[2350004.4275687216,6306812.748631949],[2350068.1308977623,6306776.292524166]]],[[[2349468.1412065746,6306548.966521564],[2349508.8835914256,6306788.731011613],[2349725.6009591566,6306612.4781036],[2349510.7930547963,6306579.182134932],[2349468.1412065746,6306548.966521564]]],[[[2350070.9869375764,6306780.142337681],[2349557.125852515,6307108.960725552],[2349670.6426345385,6307405.333976759],[2350028.483617523,6306880.468273125],[2350110.8187523806,6306834.676658381],[2350070.9869375764,6306780.142337681]]]]}},{"type":"Feature","properties":{"is_ochrann\u00fd_les":true},"geometry":{"type":"MultiPolygon","coordinates":[[[[2346372.1176724248,6308249.805956315],[2346517.8078829693,6308245.682039873],[2346697.382888897,6307565.7888184935],[2346585.6955011515,6307523.2237657085],[2346408.81722336,6307335.696727913],[2346304.9033612516,6307152.906439463],[2346273.0197507595,6307369.398361877],[2346318.9186917106,6307685.397358429],[2346273.6197730084,6307874.141196076],[2346297.3185948455,6307962.402479218],[2346269.786261245,6308233.597660062],[2346309.4508279287,6308226.956610239],[2346340.8108654977,6308233.298621619],[2346372.1176724248,6308249.805956315]]],[[[2346381.447310578,6308268.495105579],[2346269.3763594166,6308237.633772573],[2346260.9818486525,6308320.318245819],[2346344.317111235,6308277.317576347],[2346381.447310578,6308268.495105579]]]]}},{"type":"Feature","properties":{"is_ochrann\u00fd_les":true},"geometry":{"type":"Polygon","coordinates":[[[2347653.1640554625,6307729.739040638],[2347537.5180031057,6307663.864356313],[2347618.0956302,6307759.979026213],[2347531.6289758612,6307876.875431035],[2347477.9715383584,6307811.969926975],[2347406.339250827,6307935.585155567],[2346995.8417190304,6308032.4008984165],[2347244.48548427,6308130.926597435],[2347519.610459931,6308141.332414625],[2347683.420498325,6307941.289142073],[2347713.128945178,6307835.274286634],[2347653.1640554625,6307729.739040638]]]}},{"type":"Feature","properties":{"is_ochrann\u00fd_les":true},"geometry":{"type":"Polygon","coordinates":[[[2346517.8078829693,6308245.682039873],[2346725.2015374512,6308185.584055726],[2346703.412565653,6308030.812782295],[2346791.812845148,6308036.366612982],[2346848.7200677064,6308113.268815471],[2347117.293960409,6307979.372376321],[2347406.339250827,6307935.585155567],[2347477.9715383584,6307811.969926975],[2347438.428651507,6307737.293019235],[2347277.0088102557,6307728.318604649],[2347123.204080447,6307651.028310065],[2346837.1638770727,6307700.9202154605],[2346686.8151779477,6307664.721448356],[2346517.8078829693,6308245.682039873]]]}},{"type":"Feature","properties":{"is_ochrann\u00fd_les":true},"geometry":{"type":"Polygon","coordinates":[[[2346725.2015374512,6308185.584055726],[2346848.7200677064,6308113.268815471],[2346791.812845148,6308036.366612982],[2346703.412565653,6308030.812782295],[2346725.2015374512,6308185.584055726]]]}},{"type":"Feature","properties":{"is_ochrann\u00fd_les":true},"geometry":{"type":"Polygon","coordinates":[[[2347553.052720147,6309382.459622446],[2347195.2139509246,6309225.592571869],[2347257.3221464385,6309462.089499934],[2347123.192406309,6309723.803188873],[2347553.052720147,6309382.459622446]]]}},{"type":"Feature","properties":{"is_ochrann\u00fd_les":true},"geometry":{"type":"MultiPolygon","coordinates":[[[[2353464.366837952,6308128.697815853],[2353563.2335943016,6308229.123315361],[2353592.9624772095,6308389.517552448],[2353779.3726791427,6308442.993214498],[2353722.3036768325,6308373.57498349],[2353814.981045232,6308314.9665771425],[2353806.435112637,6308270.7646331815],[2353554.45741674,6308187.400534125],[2353464.366837952,6308128.697815853]]],[[[2353593.7443806087,6308195.634786363],[2353741.7669043737,6308238.110440696],[2353805.7499889582,6308263.988043782],[2353805.944868472,6308226.399503921],[2353593.7443806087,6308195.634786363]]]]}},{"type":"Feature","properties":{"is_ochrann\u00fd_les":true},"geometry":{"type":"MultiPolygon","coordinates":[[[[2354003.4277888127,6308540.535987809],[2353980.6065843385,6308357.702934004],[2353895.3210565555,6308316.380088897],[2353935.1063452517,6308391.668840719],[2353936.7838362027,6308539.1226446815],[2354003.4277888127,6308540.535987809]]],[[[2353884.7185752564,6308242.402082206],[2353894.091646239,6308310.294445893],[2353959.939461101,6308332.851343954],[2353884.7185752564,6308242.402082206]]]]}},{"type":"Feature","properties":{"is_ochrann\u00fd_les":true},"geometry":{"type":"Polygon","coordinates":[[[2353812.0772813084,6308316.59809471],[2353722.3036768325,6308373.57498349],[2353835.644411757,6308506.575003039],[2353830.195002061,6308386.062793128],[2353812.0772813084,6308316.59809471]]]}},{"type":"Feature","properties":{"is_ochrann\u00fd_les":true},"geometry":{"type":"MultiPolygon","coordinates":[[[[2353971.5324410102,6308526.815003091],[2353936.7838362027,6308539.1226446815],[2353935.1063452517,6308391.668840719],[2353895.3210565555,6308316.380088897],[2353857.985361329,6308303.436100445],[2353806.435112637,6308270.7646331815],[2353840.3823366533,6308531.762197746],[2353962.948710863,6308605.555267041],[2353989.565349717,6308586.902826044],[2353971.5324410102,6308526.815003091]]],[[[2353805.944868472,6308226.399503921],[2353805.7499889582,6308263.988043782],[2353894.091646239,6308310.294445893],[2353884.7185752564,6308242.402082206],[2353805.944868472,6308226.399503921]]]]}},{"type":"Feature","properties":{"is_ochrann\u00fd_les":true},"geometry":{"type":"Polygon","coordinates":[[[2353615.121592281,6308897.115021733],[2353710.8640812067,6308897.720706603],[2353814.790409549,6308615.578733107],[2353791.111535973,6308533.858812755],[2353840.3823366533,6308531.762197746],[2353779.3726791427,6308442.993214498],[2353592.9624772095,6308389.517552448],[2353635.0187258446,6308622.814847782],[2353575.713366146,6308824.998487389],[2353615.121592281,6308897.115021733]]]}},{"type":"Feature","properties":{"is_ochrann\u00fd_les":true},"geometry":{"type":"Polygon","coordinates":[[[2354403.5733566107,6308291.507859848],[2354362.938531956,6307741.789076444],[2354137.048249412,6308199.183659476],[2353958.040822811,6308252.821991706],[2354003.4277888127,6308540.535987809],[2354312.627611143,6308398.137728552],[2354403.5733566107,6308291.507859848]]]}},{"type":"Feature","properties":{"is_ochrann\u00fd_les":true},"geometry":{"type":"Polygon","coordinates":[[[2355018.6065605455,6308423.597712356],[2354962.5975582283,6308302.488704363],[2354823.9721498955,6308246.83705915],[2354530.461592719,6307936.183255785],[2354572.6265659323,6308423.08156205],[2355018.6065605455,6308423.597712356]]]}},{"type":"Feature","properties":{"is_ochrann\u00fd_les":true},"geometry":{"type":"Polygon","coordinates":[[[2355106.715111974,6308367.585834008],[2355280.769819539,6308173.180497871],[2355383.655721285,6308161.24587114],[2355520.1632887158,6307992.979945409],[2355362.9567105137,6307982.100985083],[2355408.0554384855,6308093.257549636],[2355319.125810577,6307982.848452421],[2355026.662812103,6307969.244660311],[2355013.1529836687,6308251.776028252],[2354962.5975582283,6308302.488704363],[2355018.6065605455,6308423.597712356],[2355121.557021923,6308410.336484],[2355106.715111974,6308367.585834008]]]}},{"type":"Feature","properties":{"is_ochrann\u00fd_les":true},"geometry":{"type":"Polygon","coordinates":[[[2354575.3894862467,6308446.740596239],[2354454.5946032265,6308224.9884030735],[2354433.9287793394,6308091.800775389],[2354392.47159844,6308141.32602542],[2354404.2246789704,6308297.060064592],[2354462.9666629266,6308251.591256138],[2354518.3186245896,6308428.14503969],[2354575.3894862467,6308446.740596239]]]}},{"type":"Feature","properties":{"is_ochrann\u00fd_les":true},"geometry":{"type":"Polygon","coordinates":[[[2354942.47002474,6308405.17970194],[2354815.5669785426,6308436.057870647],[2354572.6265659323,6308423.08156205],[2354604.4654310783,6308470.437576337],[2354811.537039706,6308444.21163693],[2354920.294715655,6308501.209839958],[2354967.379983579,6308415.453588686],[2355029.3622038276,6308449.719482621],[2355018.6065605455,6308423.597712356],[2354942.47002474,6308405.17970194]]]}},{"type":"Feature","properties":{"is_ochrann\u00fd_les":true},"geometry":{"type":"Polygon","coordinates":[[[2354589.413352497,6308591.770479957],[2354726.527101268,6308614.389683168],[2354763.9723717663,6308528.564835545],[2354731.6335683316,6308484.012388084],[2354637.646332342,6308496.16772604],[2354589.413352497,6308591.770479957]]]}},{"type":"Feature","properties":{"is_ochrann\u00fd_les":true},"geometry":{"type":"Polygon","coordinates":[[[2353878.138358596,6309036.522076457],[2354103.6142487996,6308914.901418003],[2354045.484445269,6308739.214960801],[2353975.793219148,6308662.3104890045],[2353968.9760435782,6308732.038959132],[2353935.1797754113,6308715.026803446],[2353811.0512989275,6308864.826887552],[2353835.172397705,6308994.695512721],[2353878.138358596,6309036.522076457]]]}},{"type":"Feature","properties":{"is_ochrann\u00fd_les":true},"geometry":{"type":"Polygon","coordinates":[[[2353599.4820668013,6308970.761219518],[2353696.874596836,6308965.478108419],[2353749.878305863,6308921.257742598],[2353666.3403853467,6308897.439134817],[2353599.4820668013,6308970.761219518]]]}},{"type":"Feature","properties":{"is_ochrann\u00fd_les":true},"geometry":{"type":"MultiPolygon","coordinates":[[[[2353854.2864641896,6309055.639375479],[2353878.138358596,6309036.522076457],[2353835.172397705,6308994.695512721],[2353811.0512989275,6308864.826887552],[2353666.426737235,6308986.985099482],[2353805.139903655,6309168.428923603],[2353831.204695587,6309173.767298734],[2353785.2685444686,6309085.345056554],[2353850.771029884,6309093.694050246],[2353869.2696333374,6309180.714234996],[2353942.0165326246,6309152.775217162],[2353854.2864641896,6309055.639375479]]],[[[2354045.484445269,6308739.214960801],[2354103.6142487996,6308914.901418003],[2353977.039295438,6308995.013325508],[2354189.44148131,6308914.510260105],[2354045.484445269,6308739.214960801]]]]}},{"type":"Feature","properties":{"is_ochrann\u00fd_les":true},"geometry":{"type":"Polygon","coordinates":[[[2353635.580608495,6309008.773100554],[2353524.186724083,6308885.910702584],[2353279.62676743,6308871.971228071],[2353256.0020963997,6309012.430577507],[2353377.5450701076,6309085.148474367],[2353345.6514500533,6309124.153615257],[2353416.1026424565,6309164.352985897],[2353635.580608495,6309008.773100554]]]}},{"type":"Feature","properties":{"is_ochrann\u00fd_les":true},"geometry":{"type":"Polygon","coordinates":[[[2354771.5435619336,6308648.260280472],[2354731.5644623307,6308712.155331613],[2354698.4285584004,6308768.935367297],[2354757.8133450863,6308798.057515046],[2354801.7555165403,6308666.951627528],[2354771.5435619336,6308648.260280472]]]}},{"type":"Feature","properties":{"is_ochrann\u00fd_les":true},"geometry":{"type":"MultiPolygon","coordinates":[[[[2354487.8701457847,6308677.928525192],[2354698.4285584004,6308768.935367297],[2354771.5435619336,6308648.260280472],[2354386.1872355654,6308567.068190119],[2354231.3796003866,6308602.670745844],[2354207.3839224447,6308701.778800601],[2354376.6549513275,6308642.803276345],[2354421.4504863536,6308666.967384829],[2354434.489963348,6308771.273519663],[2354519.8229316557,6308741.863246308],[2354487.8701457847,6308677.928525192]]],[[[2354046.9926079363,6308679.082679798],[2354002.4468353353,6308690.867273413],[2354044.2108206414,6308737.772763514],[2354046.9926079363,6308679.082679798]]],[[[2354155.7470525326,6308746.132746651],[2354107.8444387787,6308815.151217658],[2354189.44148131,6308914.510260105],[2354238.3145808745,6308896.312385976],[2354155.7470525326,6308746.132746651]]]]}},{"type":"Feature","properties":{"is_ochrann\u00fd_les":true},"geometry":{"type":"MultiPolygon","coordinates":[[[[2354236.8257393697,6308886.388161942],[2354381.339809174,6308874.099916957],[2354413.7627279074,6308822.066458913],[2354421.4504863536,6308666.967384829],[2354318.941502185,6308643.855770608],[2354232.9051088165,6308711.576741748],[2354207.3839224447,6308701.778800601],[2354231.3796003866,6308602.670745844],[2353975.793219148,6308662.3104890045],[2354046.9926079363,6308679.082679798],[2354044.2108206414,6308737.772763514],[2354107.8444387787,6308815.151217658],[2354155.7470525326,6308746.132746651],[2354236.8257393697,6308886.388161942]]],[[[2354698.4285584004,6308768.935367297],[2354523.2741846205,6308660.973874047],[2354487.8701457847,6308677.928525192],[2354519.8229316557,6308741.863246308],[2354698.4285584004,6308768.935367297]]]]}},{"type":"Feature","properties":{"is_ochrann\u00fd_les":true},"geometry":{"type":"Polygon","coordinates":[[[2354922.9316479727,6309033.636689569],[2354885.533063349,6308788.311917215],[2354806.478364909,6308771.284389596],[2354841.648971686,6308699.862278682],[2354882.1628189725,6308731.495771809],[2354860.8676475845,6308668.907910437],[2354801.7555165403,6308666.951627528],[2354757.8133450863,6308798.057515046],[2354679.854357016,6308796.366757517],[2354829.199122147,6308914.075600337],[2354868.328215159,6309016.756753967],[2354922.9316479727,6309033.636689569]]]}},{"type":"Feature","properties":{"is_ochrann\u00fd_les":true},"geometry":{"type":"MultiPolygon","coordinates":[[[[2355155.934012357,6308511.811210073],[2354923.337917669,6308644.313584076],[2355002.5974373757,6308749.674443585],[2355034.46630204,6308731.623651064],[2355004.576274277,6308697.174134736],[2355050.9536857037,6308716.309834856],[2355081.0094125886,6308668.409948116],[2355059.8255733675,6308611.466924184],[2355105.4926991994,6308617.8480607085],[2355148.0226919972,6308535.658570312],[2355197.2176692756,6308570.425583091],[2355113.5030072406,6308695.247264943],[2355145.3408033764,6308718.721934948],[2355050.7982984614,6308934.314691542],[2355254.9329705155,6308645.379717245],[2355155.934012357,6308511.811210073]]],[[[2355152.462489756,6309016.09029777],[2355118.75237785,6308965.627405686],[2355057.9417774035,6309003.8151366105],[2355100.6939732595,6309027.869228689],[2355123.9626146094,6309145.772845516],[2355152.462489756,6309016.09029777]]],[[[2355070.4750704323,6309144.643485452],[2355038.0646188357,6309146.690851442],[2355024.4760631793,6308932.447542545],[2354929.644841546,6309064.822161248],[2354998.2960313456,6309165.424824152],[2355070.4750704323,6309144.643485452]]],[[[2355152.7301872177,6309282.02784229],[2355074.0762395146,6309286.334774999],[2355073.622926293,6309346.472058585],[2355141.2825314747,6309363.824675305],[2355152.7301872177,6309282.02784229]]]]}},{"type":"Feature","properties":{"is_ochrann\u00fd_les":true},"geometry":{"type":"MultiPolygon","coordinates":[[[[2355072.0521025276,6308687.761221356],[2355197.2176692756,6308570.425583091],[2355148.0226919972,6308535.658570312],[2355105.4926991994,6308617.8480607085],[2355059.8255733675,6308611.466924184],[2355072.0521025276,6308687.761221356]]],[[[2355125.509505355,6308743.765662998],[2355069.5232874313,6308747.585221248],[2355115.9619563837,6308771.929834074],[2355125.509505355,6308743.765662998]]],[[[2355051.7151461095,6308943.23414658],[2355031.4836601336,6308971.967346486],[2355042.894179846,6309016.799223399],[2355059.0273436387,6309014.37645803],[2355051.7151461095,6308943.23414658]]],[[[2354935.8795313295,6309112.196777339],[2354939.9834760856,6309157.754823863],[2354998.2960313456,6309165.424824152],[2354995.4477518173,6309122.161220554],[2354935.8795313295,6309112.196777339]]],[[[2355099.2371599646,6309463.428414672],[2355067.3853117265,6309470.625671774],[2355070.147262981,6309513.055830021],[2355094.7186503336,6309524.237988901],[2355099.2371599646,6309463.428414672]]]]}},{"type":"Feature","properties":{"is_ochrann\u00fd_les":true},"geometry":{"type":"Polygon","coordinates":[[[2353332.5680558207,6309672.435033154],[2353126.396924686,6309607.033128802],[2353116.2587516247,6309691.270846183],[2353298.1865910618,6309723.246733517],[2353332.5680558207,6309672.435033154]]]}},{"type":"Feature","properties":{"is_ochrann\u00fd_les":true},"geometry":{"type":"Polygon","coordinates":[[[2346565.7274018778,6310874.665138273],[2347016.720902351,6310790.240525459],[2347186.668212351,6310682.772644958],[2346745.459543673,6310621.611191483],[2346453.782676235,6310748.886001809],[2346458.7107320996,6310816.132813273],[2346565.7274018778,6310874.665138273]]]}},{"type":"Feature","properties":{"is_ochrann\u00fd_les":true},"geometry":{"type":"MultiPolygon","coordinates":[[[[2353512.591742648,6309124.380545644],[2353584.772943333,6309154.571594065],[2353656.613327802,6308993.916791603],[2353415.2210896695,6309147.907413717],[2353421.5392144336,6309332.140381609],[2353511.356121726,6309199.119677701],[2353512.591742648,6309124.380545644]]],[[[2353439.303767203,6309407.968964479],[2353418.782282141,6309378.35625583],[2353406.603392682,6309436.104762356],[2353439.303767203,6309407.968964479]]]]}},{"type":"Feature","properties":{"is_ochrann\u00fd_les":true},"geometry":{"type":"Polygon","coordinates":[[[2353584.772943333,6309154.571594065],[2353501.135255372,6309134.062489387],[2353511.356121726,6309199.119677701],[2353421.5392144336,6309332.140381609],[2353439.303767203,6309407.968964479],[2353584.772943333,6309154.571594065]]]}},{"type":"Feature","properties":{"is_ochrann\u00fd_les":true},"geometry":{"type":"MultiPolygon","coordinates":[[[[2353529.7751336354,6309427.127933681],[2353698.8892969773,6309352.455055715],[2353732.851038718,6309276.5758947],[2353621.1606106185,6309271.281240394],[2353529.7751336354,6309427.127933681]]],[[[2353785.2685444686,6309085.345056554],[2353827.5902217953,6309221.680794221],[2353899.326029814,6309192.810202069],[2353853.2796766805,6309162.039318275],[2353850.771029884,6309093.694050246],[2353785.2685444686,6309085.345056554]]],[[[2353816.3086955165,6309204.685800024],[2353765.725985171,6309179.574859451],[2353739.494463854,6309193.503104474],[2353796.0856388635,6309283.933077504],[2353816.3086955165,6309204.685800024]]],[[[2353642.2154105296,6309391.732030983],[2353630.4445483005,6309445.344070641],[2353671.7942788606,6309454.893109583],[2353681.4668107694,6309433.313627389],[2353642.2154105296,6309391.732030983]]],[[[2353519.2088940428,6309419.653625981],[2353446.021520627,6309411.058848931],[2353405.641186651,6309482.8979833955],[2353448.2808402283,6309504.556342753],[2353519.2088940428,6309419.653625981]]]]}},{"type":"Feature","properties":{"is_ochrann\u00fd_les":true},"geometry":{"type":"Polygon","coordinates":[[[2353066.9753129273,6309924.148374133],[2353048.6048589526,6309877.12091468],[2353128.687964987,6309733.991018964],[2353100.142200272,6309673.389123189],[2353140.379714983,6309309.219197423],[2352962.0027162894,6309430.33259852],[2352525.350359753,6309601.677504701],[2352965.523456636,6310092.13864766],[2353005.5074923197,6310115.840024875],[2353005.8175782687,6309980.627136311],[2353066.9753129273,6309924.148374133]]]}},{"type":"Feature","properties":{"is_ochrann\u00fd_les":true},"geometry":{"type":"MultiPolygon","coordinates":[[[[2352808.497840161,6310369.561130377],[2353074.214984628,6310317.407876011],[2353228.1642428837,6310207.384060559],[2353161.7559006154,6310117.032598512],[2353180.8540006634,6310063.32343085],[2353142.6887741555,6310083.295655045],[2353160.6583840265,6310011.165545009],[2353005.8175782687,6309980.627136311],[2353005.5074923197,6310115.840024875],[2352965.6667832155,6310142.488901649],[2352868.2956919824,6310076.113922008],[2352756.207596386,6310122.012527186],[2352770.7609074544,6310204.152610534],[2352818.777770949,6310234.869927675],[2352777.729874408,6310261.15328796],[2352808.497840161,6310369.561130377]]],[[[2353126.474119612,6309607.046678762],[2353150.9063361143,6309611.311126926],[2353144.3948922576,6309500.9716217825],[2353214.341493395,6309504.18414754],[2353209.258245522,6309457.065774879],[2353291.590459391,6309418.611859328],[2353271.471043423,6309372.144361588],[2353374.208593381,6309383.678729584],[2353323.929301238,6309259.906475122],[2353196.633077423,6309223.32017697],[2353207.89266984,6309175.654835104],[2353145.176489792,6309154.190651096],[2353126.474119612,6309607.046678762]]],[[[2353217.5414244677,6309757.409016358],[2353168.3814241486,6309774.764430653],[2353221.5464476557,6309712.474221073],[2353117.911377996,6309691.56152576],[2353128.687964987,6309733.991018964],[2353087.409195605,6309766.413511625],[2353155.6346815624,6309895.0315758595],[2353228.414203088,6309903.803914791],[2353217.5414244677,6309757.409016358]]],[[[2353255.7625704133,6309629.613187649],[2353217.9176023253,6309591.205326356],[2353188.124271944,6309617.807533779],[2353255.7625704133,6309629.613187649]]],[[[2353126.3610089743,6309607.331556638],[2353100.142200272,6309673.389123189],[2353117.0772262905,6309684.469614569],[2353126.3610089743,6309607.331556638]]]]}},{"type":"Feature","properties":{"is_ochrann\u00fd_les":true},"geometry":{"type":"MultiPolygon","coordinates":[[[[2353123.1313409256,6310290.298927324],[2353051.9744745363,6310319.664330648],[2353049.825680558,6310380.8728273],[2353174.557593888,6310415.325031699],[2353123.1313409256,6310290.298927324]]],[[[2353310.042892813,6310152.434696373],[2353232.6231171037,6310202.2863633465],[2353271.778071191,6310271.312776516],[2353312.987521879,6310192.1484669065],[2353310.042892813,6310152.434696373]]],[[[2353188.876022955,6310252.301818592],[2353176.4222922474,6310306.794320514],[2353262.9565113788,6310356.4078635],[2353246.1185120246,6310299.508380779],[2353188.876022955,6310252.301818592]]]]}},{"type":"Feature","properties":{"is_ochrann\u00fd_les":true},"geometry":{"type":"MultiPolygon","coordinates":[[[[2353136.536981184,6310481.699382413],[2353185.9648629464,6310415.797532372],[2353001.840738627,6310418.015491992],[2353045.549227914,6310320.3162018005],[2352807.1288037915,6310369.8142303955],[2352889.778989916,6310470.819501474],[2353136.536981184,6310481.699382413]]],[[[2353256.222529867,6310105.03480002],[2353244.066439287,6310181.32973506],[2353310.042892813,6310152.434696373],[2353293.837654544,6310123.633895575],[2353256.222529867,6310105.03480002]]]]}},{"type":"Feature","properties":{"is_ochrann\u00fd_les":true},"geometry":{"type":"MultiPolygon","coordinates":[[[[2353291.767367168,6310412.617808122],[2353232.6231171037,6310202.2863633465],[2353188.876022955,6310252.301818592],[2353262.9565113788,6310356.4078635],[2353176.4222922474,6310306.794320514],[2353173.695295446,6310262.276725363],[2353123.1313409256,6310290.298927324],[2353174.557593888,6310415.325031699],[2353291.767367168,6310412.617808122]]],[[[2353049.825680558,6310380.8728273],[2353045.549227914,6310320.3162018005],[2353001.840738627,6310418.015491992],[2353099.3062253096,6310416.352388869],[2353049.825680558,6310380.8728273]]]]}},{"type":"Feature","properties":{"is_ochrann\u00fd_les":true},"geometry":{"type":"Polygon","coordinates":[[[2353381.4056066535,6309612.977596486],[2353335.3863699716,6309665.347334351],[2353442.012297292,6309723.123244917],[2353456.53069576,6309680.482949898],[2353381.4056066535,6309612.977596486]]]}},{"type":"Feature","properties":{"is_ochrann\u00fd_les":true},"geometry":{"type":"Polygon","coordinates":[[[2353435.2371832756,6309739.1759395655],[2353335.3863699716,6309665.347334351],[2353297.185620083,6309724.39778833],[2353357.0611160304,6309750.74186867],[2353435.2371832756,6309739.1759395655]]]}},{"type":"Feature","properties":{"is_ochrann\u00fd_les":true},"geometry":{"type":"Polygon","coordinates":[[[2353591.3793212436,6310253.32514883],[2353433.691875328,6310201.3495662585],[2353312.1357725807,6310213.495922321],[2353360.624741841,6310295.06956892],[2353548.6624716963,6310316.989893831],[2353591.3793212436,6310253.32514883]]]}},{"type":"Feature","properties":{"is_ochrann\u00fd_les":true},"geometry":{"type":"MultiPolygon","coordinates":[[[[2353470.753184237,6310126.616330863],[2353433.691875328,6310201.3495662585],[2353591.3793212436,6310253.32514883],[2353681.518010744,6310149.604729733],[2353470.753184237,6310126.616330863]]],[[[2353496.290683763,6310423.530928426],[2353548.6624716963,6310316.989893831],[2353360.624741841,6310295.06956892],[2353343.0149690537,6310393.961262477],[2353496.290683763,6310423.530928426]]]]}},{"type":"Feature","properties":{"is_ochrann\u00fd_les":true},"geometry":{"type":"MultiPolygon","coordinates":[[[[2353496.290683763,6310423.530928426],[2353343.0149690537,6310393.961262477],[2353329.614132172,6310488.026627795],[2353388.342110823,6310499.973943324],[2353431.1440581754,6310443.105741048],[2353454.761083593,6310713.217423716],[2353516.869184385,6310730.293746574],[2353496.290683763,6310423.530928426]]],[[[2353433.691875328,6310201.3495662585],[2353293.837654544,6310123.633895575],[2353312.1357725807,6310213.495922321],[2353433.691875328,6310201.3495662585]]]]}},{"type":"Feature","properties":{"is_ochrann\u00fd_les":true},"geometry":{"type":"MultiPolygon","coordinates":[[[[2352240.8123632036,6310841.9266879],[2352554.1840535346,6310592.663151207],[2352459.3402448227,6310462.561156637],[2352507.5230527516,6310421.551449115],[2352424.124457883,6310341.663353376],[2352372.0704563325,6310364.911445166],[2352396.0804749317,6310402.1382114],[2352359.4621443003,6310434.218387959],[2352336.0624367483,6310397.020951124],[2352292.765407545,6310439.77565247],[2352317.516921018,6310520.0209927345],[2352267.0968816946,6310535.6782994615],[2352237.1113653122,6310472.95772668],[2352208.177450922,6310549.956940609],[2352101.055810882,6310556.084225148],[2352240.8123632036,6310841.9266879]]],[[[2352612.1219001426,6310464.266114998],[2352778.925826205,6310324.139304824],[2352657.8224306474,6310178.671961115],[2352638.9750973047,6310237.528092687],[2352691.2448073677,6310280.51390928],[2352601.2583638034,6310242.798458062],[2352535.837557598,6310386.350055631],[2352612.1219001426,6310464.266114998]]]]}},{"type":"Feature","properties":{"is_ochrann\u00fd_les":true},"geometry":{"type":"Polygon","coordinates":[[[2352264.106973388,6310884.015674915],[2352081.0758012165,6310553.305335166],[2352021.470534765,6310578.624993696],[2352215.7922768416,6310921.635136708],[2352264.106973388,6310884.015674915]]]}},{"type":"Feature","properties":{"is_ochrann\u00fd_les":true},"geometry":{"type":"MultiPolygon","coordinates":[[[[2352704.5131536345,6310460.013127906],[2352484.300347635,6310655.0248910645],[2352403.7695363136,6310764.824476211],[2352616.804263384,6310608.121103341],[2352704.5131536345,6310460.013127906]]],[[[2352598.1057304093,6310660.830664131],[2352537.3619130356,6310690.615635311],[2352615.256610221,6310896.257252071],[2352646.028737116,6310870.424701111],[2352598.1057304093,6310660.830664131]]],[[[2352057.119314871,6310991.167607842],[2352226.242182414,6310953.863310782],[2352278.4428929705,6310898.176125704],[2352057.119314871,6310991.167607842]]],[[[2351944.4137524515,6311031.990637925],[2352045.0005298085,6310991.1530587515],[2351933.361048829,6310999.203745135],[2351944.4137524515,6311031.990637925]]]]}},{"type":"Feature","properties":{"is_ochrann\u00fd_les":true},"geometry":{"type":"MultiPolygon","coordinates":[[[[2351463.426208302,6310549.399766259],[2351375.6890635123,6310388.525103703],[2351327.9890424516,6310411.573295948],[2351333.356948957,6310469.037658163],[2351463.426208302,6310549.399766259]]],[[[2351470.7974660485,6310572.08474952],[2351346.3275999743,6310588.052181433],[2351295.779031653,6310610.879274059],[2351316.028221725,6310661.0429302035],[2351470.7974660485,6310572.08474952]]]]}},{"type":"Feature","properties":{"is_ochrann\u00fd_les":true},"geometry":{"type":"MultiPolygon","coordinates":[[[[2352060.7236136994,6310684.442057747],[2352016.7551456983,6310499.451221969],[2351920.5939448513,6310357.741151372],[2351759.9265528526,6310544.139898654],[2351679.4374801656,6310319.0613878025],[2351412.291511742,6310453.403975387],[2351582.7377414913,6310802.8233599765],[2351839.325899674,6310675.344139922],[2351899.3038216094,6310787.107208622],[2351863.2559158523,6310705.694516802],[2351974.3847968495,6310603.166517431],[2352043.6275794427,6310691.458535037],[2351930.233140328,6310827.246155458],[2351977.901965296,6310827.556233075],[2352060.7236136994,6310684.442057747]],[[2351937.92437258,6310550.779752248],[2351610.365148082,6310753.689343863],[2351564.3756513693,6310691.016654717],[2351812.676685073,6310544.886539509],[2351937.92437258,6310550.779752248]],[[2351580.4841579865,6310629.160290155],[2351583.789452564,6310503.396411527],[2351695.8076175405,6310440.52904197],[2351700.526847661,6310481.311872687],[2351580.4841579865,6310629.160290155]]],[[[2351912.5691198385,6310282.786610337],[2351860.4126113933,6310282.901336326],[2351805.383192246,6310283.021760568],[2351810.4929412296,6310329.820268681],[2351912.5691198385,6310282.786610337]]],[[[2351914.130189793,6310345.339194342],[2351810.5604373775,6310352.5231588185],[2351814.101242206,6310379.705959666],[2351914.130189793,6310345.339194342]]]]}},{"type":"Feature","properties":{"is_ochrann\u00fd_les":true},"geometry":{"type":"MultiPolygon","coordinates":[[[[2352008.784616606,6310991.108908832],[2352215.7922768416,6310921.635136708],[2352048.471811626,6310626.287877658],[2352060.7236136994,6310684.442057747],[2352035.3479433306,6310761.6888712],[2351964.995113454,6310833.262085519],[2351935.238071073,6310805.010356265],[2352043.6275794427,6310691.458535037],[2351985.8362705847,6310703.097723001],[2352009.5772746233,6310657.606854512],[2351974.3847968495,6310603.166517431],[2351863.2559158523,6310705.694516802],[2351944.3666247884,6310871.075805016],[2352025.56092715,6310849.667829487],[2352015.0253024455,6310927.374832917],[2351975.1117198067,6310928.364937754],[2352008.784616606,6310991.108908832]]],[[[2351759.9265528526,6310544.139898654],[2351920.5939448513,6310357.741151372],[2351810.5604373775,6310352.5231588185],[2351911.652045387,6310290.365160473],[2351679.4374801656,6310319.0613878025],[2351759.9265528526,6310544.139898654]]],[[[2351580.4841579865,6310629.160290155],[2351695.8076175405,6310440.52904197],[2351583.789452564,6310503.396411527],[2351580.4841579865,6310629.160290155]]],[[[2351610.365148082,6310753.689343863],[2351727.037030133,6310683.271755651],[2351937.92437258,6310550.779752248],[2351812.676685073,6310544.886539509],[2351564.3756513693,6310691.016654717],[2351610.365148082,6310753.689343863]]]]}},{"type":"Feature","properties":{"is_ochrann\u00fd_les":true},"geometry":{"type":"MultiPolygon","coordinates":[[[[2351396.8199627674,6310897.182026617],[2351589.044716412,6310813.68321318],[2351480.3258856586,6310601.408120495],[2351316.028221725,6310661.0429302035],[2351359.0381906,6310827.479670779],[2351482.78243892,6310722.35864827],[2351512.782831631,6310757.748202564],[2351274.203091819,6310950.724644354],[2351323.334747669,6311027.610619925],[2351375.0263351635,6310989.3104595],[2351342.279915848,6310927.687198917],[2351501.6990173715,6311057.117030149],[2351524.9751621773,6311033.692095827],[2351396.8199627674,6310897.182026617]]],[[[2351295.779031653,6310610.879274059],[2351470.7974660485,6310572.08474952],[2351367.0505885733,6310455.98428046],[2351333.356948957,6310469.037658163],[2351327.9890424516,6310411.573295948],[2351375.6890635123,6310388.525103703],[2351357.4247305724,6310357.159959069],[2351144.7220644597,6310299.579432812],[2351197.3756220397,6310430.922135825],[2351225.8673791992,6310406.070612535],[2351279.0853019245,6310470.889655855],[2351241.8294569068,6310504.53415987],[2351295.779031653,6310610.879274059]]],[[[2351238.8874357236,6310979.502686317],[2351155.340685531,6311055.017400038],[2351196.5379119003,6311092.995455831],[2351274.714505196,6311056.985809893],[2351238.8874357236,6310979.502686317]]]]}},{"type":"Feature","properties":{"is_ochrann\u00fd_les":true},"geometry":{"type":"MultiPolygon","coordinates":[[[[2351117.0200433615,6311033.059978417],[2351155.340685531,6311055.017400038],[2351512.782831631,6310757.748202564],[2351482.78243892,6310722.35864827],[2351117.0200433615,6311033.059978417]]],[[[2351087.5735840015,6310643.8339868],[2351279.0853019245,6310470.889655855],[2351225.8673791992,6310406.070612535],[2351184.1464036703,6310442.461115788],[2351217.002562727,6310467.080446715],[2351189.045472991,6310519.923781578],[2351075.6758989682,6310612.427292319],[2351087.5735840015,6310643.8339868]]]]}},{"type":"Feature","properties":{"is_ochrann\u00fd_les":true},"geometry":{"type":"Polygon","coordinates":[[[2351899.3038216094,6310787.107208622],[2351839.325899674,6310675.344139922],[2351664.402797454,6310772.031379651],[2351804.6861046604,6310830.006974445],[2351899.3038216094,6310787.107208622]]]}},{"type":"Feature","properties":{"is_ochrann\u00fd_les":true},"geometry":{"type":"MultiPolygon","coordinates":[[[[2352016.1110749,6310917.939873832],[2352025.56092715,6310849.667829487],[2351944.3666247884,6310871.075805016],[2351975.1117198067,6310928.364937754],[2352016.1110749,6310917.939873832]]],[[[2352028.6565682394,6310682.499982716],[2351985.8362705847,6310703.097723001],[2352043.6275794427,6310691.458535037],[2352028.6565682394,6310682.499982716]]],[[[2351664.402797454,6310772.031379651],[2351636.5955138532,6310759.080728097],[2351582.7377414913,6310802.8233599765],[2351589.044716412,6310813.68321318],[2351664.402797454,6310772.031379651]]]]}},{"type":"Feature","properties":{"is_ochrann\u00fd_les":true},"geometry":{"type":"Polygon","coordinates":[[[2354551.960509201,6311516.395010075],[2354670.397074999,6311429.036173945],[2354667.5085171377,6311389.774909453],[2354553.0516486107,6311353.258454009],[2354629.3710011733,6311225.698937029],[2354531.9606954544,6311245.219595932],[2354415.1524681617,6310939.940875325],[2354314.8696923284,6311063.382219633],[2354181.2410099474,6311022.491326183],[2354363.8682227083,6311257.275400697],[2354375.16487891,6311353.578368989],[2354316.9104614593,6311471.83495009],[2354551.960509201,6311516.395010075]]]}},{"type":"Feature","properties":{"is_ochrann\u00fd_les":true},"geometry":{"type":"MultiPolygon","coordinates":[[[[2352228.4450419005,6310951.177963953],[2352135.2457521833,6311022.1626270395],[2352140.277742671,6311103.992124476],[2352308.228601332,6311072.914334466],[2352228.4450419005,6310951.177963953]]],[[[2352541.766787721,6310722.227111028],[2352488.3833703506,6310756.923262519],[2352540.814002291,6310877.553366951],[2352589.8907579766,6310874.459589897],[2352541.766787721,6310722.227111028]]]]}},{"type":"Feature","properties":{"is_ochrann\u00fd_les":true},"geometry":{"type":"Polygon","coordinates":[[[2351996.385822027,6310968.005892062],[2351944.3666247884,6310871.075805016],[2351859.4627032774,6310876.963464284],[2351884.122315682,6310973.839754705],[2351904.6169002485,6310915.061814342],[2351996.385822027,6310968.005892062]]]}},{"type":"Feature","properties":{"is_ochrann\u00fd_les":true},"geometry":{"type":"MultiPolygon","coordinates":[[[[2352308.228601332,6311072.914334466],[2352732.5276234415,6311066.596756399],[2352540.814002291,6310877.553366951],[2352499.964477813,6310711.768816461],[2352421.57616067,6310826.513862932],[2352431.5108364765,6310907.099447541],[2352350.467871849,6310954.877970037],[2352278.4428929705,6310898.176125704],[2352228.4450419005,6310951.177963953],[2352308.228601332,6311072.914334466]]],[[[2352205.9411637615,6311118.639084944],[2352114.8914977424,6311118.515682002],[2352147.5736080217,6311157.992083234],[2352205.9411637615,6311118.639084944]]]]}},{"type":"Feature","properties":{"is_ochrann\u00fd_les":true},"geometry":{"type":"MultiPolygon","coordinates":[[[[2347844.847243195,6310166.262760138],[2347838.4338776087,6310416.93855489],[2347924.4944621967,6310444.444109278],[2348015.0377732567,6310094.12288107],[2347975.194264083,6310059.878736374],[2347844.847243195,6310166.262760138]]],[[[2347825.482549207,6310162.506951121],[2347661.3922608295,6310264.514072573],[2347579.564444993,6310424.472074892],[2347783.2308635507,6310426.981795064],[2347825.482549207,6310162.506951121]]],[[[2347523.1572367633,6310422.182630141],[2347618.298484785,6310270.593606191],[2347413.057461642,6310263.239740744],[2347523.1572367633,6310422.182630141]]]]}},{"type":"Feature","properties":{"is_ochrann\u00fd_les":true},"geometry":{"type":"MultiPolygon","coordinates":[[[[2348015.0377732567,6310094.12288107],[2347962.3391701584,6310242.54276338],[2347924.4944621967,6310444.444109278],[2348001.5730212643,6310449.219823132],[2348025.246325122,6310367.812788527],[2348047.196408606,6310109.6080990825],[2348015.0377732567,6310094.12288107]]],[[[2347825.482549207,6310162.506951121],[2347791.68603209,6310267.554205949],[2347783.2308635507,6310426.981795064],[2347838.4338776087,6310416.93855489],[2347852.9845400215,6310198.29164164],[2347825.482549207,6310162.506951121]]],[[[2347661.3922608295,6310264.514072573],[2347551.8998212246,6310338.055680874],[2347523.1572367633,6310422.182630141],[2347579.564444993,6310424.472074892],[2347661.3922608295,6310264.514072573]]]]}},{"type":"Feature","properties":{"is_ochrann\u00fd_les":true},"geometry":{"type":"MultiPolygon","coordinates":[[[[2348495.5404014015,6310337.995877683],[2348555.83154234,6310353.473999767],[2348510.3391653295,6310209.134243672],[2348549.9472253597,6310177.203066091],[2348560.2331454386,6310309.794336575],[2348601.1111942613,6310341.580783719],[2348609.134118196,6310121.87600871],[2348470.0751207173,6310193.692281233],[2348416.5108692585,6310171.920823245],[2348400.269733705,6310304.492471442],[2348345.363442135,6310196.563572416],[2348308.9783898927,6310205.107274026],[2348329.9253165345,6310331.202883318],[2348410.8533977456,6310436.14028405],[2348503.9599546236,6310377.128965663],[2348495.5404014015,6310337.995877683]]],[[[2348001.5730212643,6310449.219823132],[2348107.907376974,6310298.9550958825],[2348211.873520769,6310191.051842368],[2348047.196408606,6310109.6080990825],[2348001.5730212643,6310449.219823132]]]]}},{"type":"Feature","properties":{"is_ochrann\u00fd_les":true},"geometry":{"type":"MultiPolygon","coordinates":[[[[2348165.4464694043,6310265.620436802],[2348107.907376974,6310298.9550958825],[2348029.5768948635,6310448.824284114],[2348119.546121489,6310473.772528132],[2348230.8875289396,6310345.075921158],[2348165.4464694043,6310265.620436802]]],[[[2348470.0751207173,6310193.692281233],[2348516.289802114,6310148.321803137],[2348441.565443886,6310158.259881953],[2348470.0751207173,6310193.692281233]]],[[[2348591.512265666,6310331.638342533],[2348560.2331454386,6310309.794336575],[2348549.9472253597,6310177.203066091],[2348510.3391653295,6310209.134243672],[2348555.402365476,6310377.242099904],[2348591.512265666,6310331.638342533]]],[[[2348534.259207621,6310354.7154883025],[2348478.6736748302,6310317.520685274],[2348503.9599546236,6310377.128965663],[2348534.259207621,6310354.7154883025]]]]}},{"type":"Feature","properties":{"is_ochrann\u00fd_les":true},"geometry":{"type":"MultiPolygon","coordinates":[[[[2348499.277393996,6310420.704250574],[2348555.83154234,6310353.473999767],[2348410.8533977456,6310436.14028405],[2348329.9253165345,6310331.202883318],[2348308.9783898927,6310205.107274026],[2348211.873520769,6310191.051842368],[2348173.4431478125,6310269.55902023],[2348230.8875289396,6310345.075921158],[2348119.546121489,6310473.772528132],[2348269.0934869223,6310512.398511373],[2348499.277393996,6310420.704250574]]],[[[2348416.5108692585,6310171.920823245],[2348345.363442135,6310196.563572416],[2348400.269733705,6310304.492471442],[2348418.9364353255,6310296.700270806],[2348416.5108692585,6310171.920823245]]]]}},{"type":"Feature","properties":{"is_ochrann\u00fd_les":true},"geometry":{"type":"Polygon","coordinates":[[[2347592.2538941517,6311607.112080156],[2347772.793929765,6311571.371072951],[2347805.185894816,6311454.322276882],[2347889.2643514806,6311417.539415186],[2347977.610119357,6311436.96394092],[2347945.482250194,6311506.0631457735],[2347971.3828760684,6311543.305955396],[2348063.2421999197,6311554.34366643],[2348007.302781778,6311431.509031958],[2347739.853542766,6311152.287821965],[2347707.4868368637,6311470.477286556],[2347598.6245518764,6311519.805683757],[2347592.2538941517,6311607.112080156]]]}},{"type":"Feature","properties":{"is_ochrann\u00fd_les":true},"geometry":{"type":"MultiPolygon","coordinates":[[[[2351860.8907709867,6310905.737895791],[2351690.9542743224,6310784.396981813],[2351567.7631135955,6310825.445688319],[2351623.585527484,6310905.3522370355],[2351647.832854829,6310853.478699254],[2351771.061702616,6310903.430208705],[2351751.5955965333,6310932.399661487],[2351784.98797365,6310973.519190041],[2351860.8907709867,6310905.737895791]]],[[[2351899.3038216094,6310787.107208622],[2351859.4627032774,6310876.963464284],[2351944.3666247884,6310871.075805016],[2351899.3038216094,6310787.107208622]]],[[[2351996.385822027,6310968.005892062],[2351904.6169002485,6310915.061814342],[2351884.122315682,6310973.839754705],[2351867.4218178885,6310912.310124354],[2351827.6831250233,6310985.683550862],[2351996.385822027,6310968.005892062]]]]}},{"type":"Feature","properties":{"is_ochrann\u00fd_les":true},"geometry":{"type":"MultiPolygon","coordinates":[[[[2351552.275829722,6310806.26990007],[2351423.85366922,6310886.600014749],[2351618.991904514,6310903.243443243],[2351552.275829722,6310806.26990007]]],[[[2351468.220187901,6310951.040317192],[2351524.9751621773,6311033.692095827],[2351541.6930517554,6311016.867236277],[2351468.220187901,6310951.040317192]]],[[[2351672.3737315265,6311226.6491305195],[2351633.8573433165,6311172.916581996],[2351646.89588502,6311054.3728135545],[2351561.480340843,6311087.155946076],[2351672.3737315265,6311226.6491305195]]]]}},{"type":"Feature","properties":{"is_ochrann\u00fd_les":true},"geometry":{"type":"Polygon","coordinates":[[[2351612.633593702,6311161.560944717],[2351571.252549641,6311101.409807566],[2351402.2336385637,6311251.114268191],[2351468.6677888953,6311318.5648992695],[2351612.633593702,6311161.560944717]]]}},{"type":"Feature","properties":{"is_ochrann\u00fd_les":true},"geometry":{"type":"MultiPolygon","coordinates":[[[[2351497.6173297954,6311436.010596465],[2351709.7463043407,6311360.782920253],[2351628.975966622,6311179.5209257435],[2351468.6677888953,6311318.5648992695],[2351497.6173297954,6311436.010596465]]],[[[2351571.252549641,6311101.409807566],[2351527.0513493125,6311120.911215196],[2351533.8194125025,6311134.56568132],[2351571.252549641,6311101.409807566]]],[[[2351501.2274529915,6311147.1018453725],[2351405.3791255746,6311146.736768501],[2351322.8041493013,6311173.789980659],[2351402.2336385637,6311251.114268191],[2351501.2274529915,6311147.1018453725]]]]}},{"type":"Feature","properties":{"is_ochrann\u00fd_les":true},"geometry":{"type":"MultiPolygon","coordinates":[[[[2351771.9458502387,6311385.090679307],[2351824.1051846268,6311404.698468654],[2351809.281351508,6311315.554791541],[2351848.7844782057,6311126.493792634],[2351920.177685648,6311034.553699187],[2351893.134300732,6311005.134546342],[2351724.379545982,6311005.568542032],[2351658.027889677,6311174.073724077],[2351752.342165671,6311154.280538191],[2351666.8912387267,6311201.504501042],[2351725.5674734614,6311415.248286739],[2351622.1340390905,6311572.828940842],[2351779.7920331527,6311628.760567428],[2351775.347597144,6311538.931482249],[2351711.321845326,6311512.095127494],[2351771.9458502387,6311385.090679307]],[[2351688.119087436,6311217.752188485],[2351733.443058839,6311236.422482267],[2351688.309617551,6311242.475545659],[2351688.119087436,6311217.752188485]]],[[[2351941.562970303,6311550.628207917],[2351805.916691978,6311424.775165041],[2351737.5046660826,6311497.834967289],[2351807.4043249562,6311521.36755082],[2351802.335858221,6311639.098025824],[2351868.25426393,6311715.824102753],[2351974.2655926943,6311649.972026352],[2351941.562970303,6311550.628207917]]]]}},{"type":"Feature","properties":{"is_ochrann\u00fd_les":true},"geometry":{"type":"Polygon","coordinates":[[[2347772.793929765,6311571.371072951],[2347971.3828760684,6311543.305955396],[2347945.482250194,6311506.0631457735],[2347977.610119357,6311436.96394092],[2347805.185894816,6311454.322276882],[2347772.793929765,6311571.371072951]]]}},{"type":"Feature","properties":{"is_ochrann\u00fd_les":true},"geometry":{"type":"MultiPolygon","coordinates":[[[[2348062.2596632047,6311437.943457229],[2348063.2421999197,6311554.34366643],[2348151.8108763583,6311709.389994686],[2348264.6823944175,6311565.696089602],[2348171.054268253,6311461.370506716],[2348062.2596632047,6311437.943457229]]],[[[2347789.0647118096,6311136.483047498],[2347739.853542766,6311152.287821965],[2347873.8837400666,6311293.998489302],[2347903.0551933437,6311267.559620815],[2347789.0647118096,6311136.483047498]]],[[[2347944.43179021,6311295.7497346],[2347921.4511571303,6311348.4208491],[2347999.308126421,6311423.771759287],[2348058.500778208,6311350.65848917],[2347944.43179021,6311295.7497346]]],[[[2348231.5332073523,6311774.784366476],[2348385.7352927923,6311853.134610326],[2348340.1569107827,6311560.154336835],[2348231.5332073523,6311774.784366476]]]]}},{"type":"Feature","properties":{"is_ochrann\u00fd_les":true},"geometry":{"type":"MultiPolygon","coordinates":[[[[2348258.7701328634,6311518.690322679],[2348264.6823944175,6311565.696089602],[2348151.8108763583,6311709.389994686],[2348231.5332073523,6311774.784366476],[2348340.1569107827,6311560.154336835],[2348258.7701328634,6311518.690322679]]],[[[2347944.43179021,6311295.7497346],[2347873.8837400666,6311293.998489302],[2347921.4511571303,6311348.4208491],[2347944.43179021,6311295.7497346]]],[[[2348041.1100165313,6311476.376441314],[2348116.926987601,6311452.722614644],[2348171.054268253,6311461.370506716],[2348058.500778208,6311350.65848917],[2347999.308126421,6311423.771759287],[2348041.1100165313,6311476.376441314]]]]}},{"type":"Feature","properties":{"is_ochrann\u00fd_les":true},"geometry":{"type":"Polygon","coordinates":[[[2348385.7352927923,6311853.134610326],[2348561.7620591186,6311861.89737601],[2348672.7977399067,6311829.814075391],[2348733.2322110594,6311779.953637372],[2348747.7409507893,6311743.283912392],[2348419.029346966,6311557.721500244],[2348340.1569107827,6311560.154336835],[2348385.7352927923,6311853.134610326]],[[2348553.1730561545,6311758.054018483],[2348618.0901531633,6311835.611411823],[2348528.117199929,6311824.312315175],[2348553.1730561545,6311758.054018483]],[[2348697.244500547,6311788.998542702],[2348652.220205039,6311791.823564284],[2348650.2974712537,6311720.921511535],[2348687.665494942,6311730.12962298],[2348697.244500547,6311788.998542702]]]}},{"type":"Feature","properties":{"is_ochrann\u00fd_les":true},"geometry":{"type":"Polygon","coordinates":[[[2349934.6307868897,6311609.853863421],[2349852.0559285237,6311553.748275185],[2349892.412562032,6311711.433720642],[2349934.6307868897,6311609.853863421]]]}},{"type":"Feature","properties":{"is_ochrann\u00fd_les":true},"geometry":{"type":"Polygon","coordinates":[[[2349897.6401337753,6311865.265352224],[2349852.0559285237,6311553.748275185],[2349729.9529846637,6311577.594723981],[2349665.5936435903,6311509.4833095055],[2349663.63037059,6311599.49042653],[2349628.523152173,6311623.429849412],[2349509.2489328156,6311540.858590285],[2349393.4642711245,6311708.435400809],[2349368.5398184354,6311686.797817688],[2349415.925505853,6311998.625271533],[2349617.0963846156,6311858.713229138],[2349897.6401337753,6311865.265352224]]]}},{"type":"Feature","properties":{"is_ochrann\u00fd_les":true},"geometry":{"type":"Polygon","coordinates":[[[2350131.6495742323,6311820.0471838],[2349934.6307868897,6311609.853863421],[2349892.412562032,6311711.433720642],[2349867.9872817365,6311662.6319754785],[2349897.6413971903,6311865.274005513],[2350163.400716909,6312015.784861723],[2350131.6495742323,6311820.0471838]]]}},{"type":"Feature","properties":{"is_ochrann\u00fd_les":true},"geometry":{"type":"MultiPolygon","coordinates":[[[[2351782.9865480457,6311487.446535671],[2351737.5046660826,6311497.834967289],[2351824.1051846268,6311404.698468654],[2351759.7864651335,6311393.822321186],[2351711.321845326,6311512.095127494],[2351775.347597144,6311538.931482249],[2351802.335858221,6311639.098025824],[2351782.9865480457,6311487.446535671]]],[[[2351703.4528395613,6311134.108945209],[2351662.9356359965,6311189.125934801],[2351666.8912387267,6311201.504501042],[2351752.342165671,6311154.280538191],[2351703.4528395613,6311134.108945209]]],[[[2351733.443058839,6311236.422482267],[2351688.119087436,6311217.752188485],[2351688.309617551,6311242.475545659],[2351733.443058839,6311236.422482267]]]]}},{"type":"Feature","properties":{"is_ochrann\u00fd_les":true},"geometry":{"type":"MultiPolygon","coordinates":[[[[2350836.490451854,6311646.267277024],[2350799.025927649,6311640.245242273],[2350658.5420130333,6311743.076863483],[2350673.577420911,6311780.445471069],[2350836.490451854,6311646.267277024]]],[[[2351241.6222904436,6311427.966250511],[2351175.8385758228,6311478.944760778],[2351217.818149355,6311536.121716006],[2351270.9086581357,6311490.078562901],[2351241.6222904436,6311427.966250511]]]]}},{"type":"Feature","properties":{"is_ochrann\u00fd_les":true},"geometry":{"type":"Polygon","coordinates":[[[2351558.467536869,6311726.873892171],[2351660.722564317,6311518.555613128],[2351605.1178014297,6311441.81825669],[2351456.07952261,6311589.625545769],[2351444.214693129,6311643.685316597],[2351529.244311368,6311710.180614216],[2351446.3727981695,6311830.694717173],[2351465.6293444447,6311855.075441994],[2351558.467536869,6311726.873892171]]]}},{"type":"Feature","properties":{"is_ochrann\u00fd_les":true},"geometry":{"type":"Polygon","coordinates":[[[2351456.07952261,6311589.625545769],[2351343.86653391,6311700.910786082],[2351410.028848624,6311784.679813344],[2351397.4136855234,6311764.999409621],[2351456.07952261,6311589.625545769]]]}},{"type":"Feature","properties":{"is_ochrann\u00fd_les":true},"geometry":{"type":"Polygon","coordinates":[[[2351230.7439227975,6312038.02406107],[2351244.3560767137,6311976.348545145],[2350968.312673132,6311914.37437885],[2350902.1372671006,6311804.181411072],[2351223.604674555,6311701.0776787875],[2351314.410012053,6311592.639289459],[2351321.0276052062,6311494.492638203],[2351217.818149355,6311536.121716006],[2351175.8385758228,6311478.944760778],[2351128.9032934443,6311534.068444513],[2351007.017030315,6311505.81247396],[2350673.577420911,6311780.445471069],[2350691.0066397185,6311887.40817192],[2350739.642575547,6312062.638712264],[2350707.482759573,6311930.884952939],[2350900.5299437214,6311898.412801285],[2350978.8264389597,6312035.754484235],[2351230.7439227975,6312038.02406107]]]}},{"type":"Feature","properties":{"is_ochrann\u00fd_les":true},"geometry":{"type":"MultiPolygon","coordinates":[[[[2351262.763391107,6311964.214126134],[2351405.6278070896,6311819.760226252],[2351343.86653391,6311700.910786082],[2351456.07952261,6311589.625545769],[2351465.837609214,6311463.762649121],[2351321.0276052062,6311494.492638203],[2351314.410012053,6311592.639289459],[2351223.604674555,6311701.0776787875],[2350902.1372671006,6311804.181411072],[2350968.312673132,6311914.37437885],[2351262.763391107,6311964.214126134]]],[[[2350650.151736138,6312247.577718347],[2350636.596110981,6312106.657845634],[2350682.861326231,6312094.066283002],[2350685.67334056,6312028.47656168],[2350600.799722031,6312017.0284930505],[2350635.9219859145,6311980.733890303],[2350613.2871307456,6311913.245517362],[2350468.995417071,6312016.857975689],[2350383.879247247,6311977.9555273205],[2350384.750776574,6312038.657026278],[2350446.0523561165,6312051.90879365],[2350500.950034461,6312141.170713174],[2350522.5151372747,6312249.728479478],[2350650.151736138,6312247.577718347]]],[[[2350881.806845225,6312375.1315033045],[2351086.706584351,6312180.8154679295],[2351129.566158969,6312069.853039572],[2351108.488535956,6312030.518101156],[2350959.534167138,6312023.489100471],[2350913.1722666095,6311901.476811344],[2350707.482759573,6311930.884952939],[2350739.642575547,6312062.638712264],[2350891.2660555444,6312063.459198074],[2350840.2558145607,6312173.266924287],[2350906.6564129675,6312217.74498532],[2350851.7359977053,6312266.636048981],[2350769.477667106,6312231.1253158245],[2350744.5244761733,6312121.059727734],[2350689.95182101,6312105.523965661],[2350675.172188531,6312152.6637839945],[2350724.824865434,6312146.300188983],[2350673.9215740287,6312201.253798524],[2350717.392861664,6312222.074818856],[2350709.0253800247,6312301.499208845],[2350747.8748154594,6312299.593150706],[2350710.326635102,6312344.43276878],[2350860.539350525,6312335.729911404],[2350881.806845225,6312375.1315033045]]]]}},{"type":"Feature","properties":{"is_ochrann\u00fd_les":true},"geometry":{"type":"MultiPolygon","coordinates":[[[[2344409.6684072274,6312302.573183455],[2344383.77856723,6312184.161013361],[2344486.586378064,6312310.7243279945],[2344636.2620045156,6312198.368182003],[2344730.6090985597,6312049.760075427],[2344765.2808718807,6311906.893146824],[2345001.202578438,6311767.4913996635],[2345073.6603310457,6311668.2779515],[2345081.9803584726,6311611.0128856385],[2345000.349269345,6311581.620068105],[2345019.705148433,6311529.678731534],[2345177.2410901454,6311432.4505969705],[2345041.8345406465,6311481.948252029],[2344892.946607857,6311412.184916511],[2344800.618492035,6311498.820942329],[2344810.864989196,6311550.646381399],[2344719.7860855698,6311626.868286637],[2344821.6955148373,6311624.870239024],[2344840.281231017,6311710.033033856],[2344747.851090658,6311737.384854853],[2344625.9503107243,6311920.039166314],[2344670.9112755945,6311917.239571912],[2344674.781824986,6311970.242011799],[2344485.140593495,6312086.679520451],[2344506.5841653296,6312143.511457076],[2344436.830774487,6312203.082627413],[2344356.9294085633,6312144.360108994],[2344382.2457299135,6312220.762881678],[2344333.611530276,6312292.025323053],[2344409.6684072274,6312302.573183455]],[[2344613.2442768384,6312140.22877907],[2344628.1379799177,6312082.54567413],[2344648.8610969554,6312135.2415705705],[2344613.2442768384,6312140.22877907]],[[2344589.0377866956,6312089.270695919],[2344546.176408801,6312070.226394176],[2344603.7563323793,6312071.114646028],[2344589.0377866956,6312089.270695919]]],[[[2345284.7253024066,6311666.543988942],[2345772.997346747,6311336.098362712],[2345948.180820746,6311125.534336079],[2345829.1815051185,6311054.599649339],[2345455.9212536756,6311267.032705209],[2345346.9799,6311305.864795508],[2345323.0851783054,6311253.802218831],[2345357.1726016086,6311368.995620493],[2345229.5795683814,6311415.037392342],[2345159.810659608,6311509.2674699575],[2345302.061102284,6311598.819874362],[2345284.7253024066,6311666.543988942]],[[2345504.1007024497,6311312.782341944],[2345606.2759121014,6311262.014388705],[2345663.1965833725,6311295.042507717],[2345579.273584709,6311292.653399688],[2345600.9531238484,6311323.365141337],[2345573.863964618,6311406.1165660955],[2345504.1007024497,6311312.782341944]],[[2345838.169526136,6311189.731772059],[2345833.596968664,6311247.63138899],[2345770.1950289337,6311240.441678967],[2345775.444891203,6311227.912625789],[2345838.169526136,6311189.731772059]]]]}},{"type":"Feature","properties":{"is_ochrann\u00fd_les":true},"geometry":{"type":"MultiPolygon","coordinates":[[[[2344610.3269596477,6311996.464867863],[2344674.781824986,6311970.242011799],[2344670.9112755945,6311917.239571912],[2344623.280490125,6311930.128206017],[2344610.3269596477,6311996.464867863]]],[[[2344601.2830380574,6312079.548824601],[2344567.095244691,6312062.813944229],[2344541.2333496814,6312092.221383824],[2344553.4773991765,6312100.496973048],[2344601.2830380574,6312079.548824601]]],[[[2344599.822598333,6312018.770926913],[2344568.689437129,6312008.473028293],[2344525.015481284,6312049.354574279],[2344536.472121875,6312058.0016980525],[2344599.822598333,6312018.770926913]]]]}},{"type":"Feature","properties":{"is_ochrann\u00fd_les":true},"geometry":{"type":"Polygon","coordinates":[[[2347598.6245518764,6311519.805683757],[2347532.506280871,6311504.122307501],[2347414.477745503,6311445.866197498],[2347530.374801064,6311603.081701257],[2347592.2538941517,6311607.112080156],[2347598.6245518764,6311519.805683757]]]}},{"type":"Feature","properties":{"is_ochrann\u00fd_les":true},"geometry":{"type":"MultiPolygon","coordinates":[[[[2344010.675817396,6312657.427032754],[2343851.712439232,6312618.265342936],[2343833.388173168,6312583.107675015],[2343870.806209815,6312497.601951069],[2343800.468608393,6312526.17482292],[2343770.703089187,6312487.937762023],[2343720.0718051717,6312373.1845360445],[2343760.4710422014,6312328.992160287],[2343654.168575581,6312250.4499442745],[2343672.19932653,6312221.491068107],[2343615.874507466,6312143.606144659],[2343506.0361992386,6312131.900335424],[2343599.8864091123,6312163.534378883],[2343701.1241590613,6312372.507307585],[2343689.014094747,6312417.448986275],[2343854.6691914476,6312636.118542855],[2344010.675817396,6312657.427032754]]],[[[2344486.586378064,6312310.7243279945],[2344409.6684072274,6312302.573183455],[2344323.89865543,6312369.062201565],[2344314.850352827,6312427.368889839],[2344486.586378064,6312310.7243279945]]],[[[2344278.702888597,6312450.013618985],[2344244.332951115,6312409.054709357],[2344150.0480475794,6312432.232685321],[2344181.852961926,6312323.333350133],[2344261.016467968,6312266.598390735],[2344179.5391756548,6312229.069469197],[2344145.656842888,6312311.775579467],[2344036.137127697,6312331.951599902],[2344138.2051540203,6312362.478655851],[2344109.306982298,6312423.19640017],[2344001.417779082,6312402.485836893],[2344122.41643185,6312492.45244383],[2344130.023882302,6312422.811368664],[2344189.1469543884,6312518.600811922],[2344278.702888597,6312450.013618985]]],[[[2344175.8756750957,6312536.040935774],[2344016.1865354627,6312539.805187905],[2343977.758973375,6312476.4969040435],[2343941.55850772,6312513.950583315],[2344048.232279279,6312584.575501127],[2344175.8756750957,6312536.040935774]]]]}},{"type":"Feature","properties":{"is_ochrann\u00fd_les":true},"geometry":{"type":"MultiPolygon","coordinates":[[[[2344068.0445673256,6312775.470446012],[2344634.2455554167,6312520.416723625],[2344599.5211594366,6312395.504702727],[2344677.189785632,6312408.250162879],[2344643.1246913993,6312473.3713712925],[2344669.437342079,6312477.92871967],[2344810.4192682584,6312382.20341682],[2344868.5943241846,6312129.526759488],[2344817.7831880036,6312062.501080584],[2344876.2468664534,6311951.300391619],[2344792.230551788,6311930.8629583735],[2344817.0706295324,6311868.390694222],[2344765.2808718807,6311906.893146824],[2344730.6090985597,6312049.760075427],[2344636.2620045156,6312198.368182003],[2344235.142850929,6312477.301624037],[2344082.9328587377,6312614.604603596],[2344178.602746959,6312602.1388508305],[2344195.783120985,6312528.037140479],[2344452.7325485,6312368.563329541],[2344598.6624997775,6312319.285585116],[2344596.9950182387,6312364.281132795],[2344028.5918838284,6312692.801619348],[2344068.0445673256,6312775.470446012]],[[2344794.1433864287,6312325.714662512],[2344656.124676321,6312307.822131688],[2344676.64700089,6312249.238363761],[2344781.7148086163,6312100.137992941],[2344823.920828351,6312237.572241014],[2344738.08430401,6312276.241557048],[2344794.1433864287,6312325.714662512]]],[[[2344247.8437561803,6312919.095207863],[2344386.268106835,6312862.697045685],[2344421.6411297643,6312736.7411268735],[2344308.7300719093,6312812.332146145],[2344220.93955762,6312805.606430288],[2344247.8437561803,6312919.095207863]]],[[[2344319.770808935,6313113.371174688],[2344163.419392811,6313010.227998238],[2344164.08034615,6313149.268851916],[2344319.770808935,6313113.371174688]]]]}},{"type":"Feature","properties":{"is_ochrann\u00fd_les":true},"geometry":{"type":"Polygon","coordinates":[[[2344122.598290208,6312892.613393588],[2344010.9040574776,6312657.353156305],[2343882.9505519453,6312645.791977613],[2343863.129123276,6312708.8268749],[2343907.656696883,6312798.765808145],[2343862.3213641043,6312856.415873154],[2343752.990801537,6312871.048632787],[2343585.0655209064,6312794.536280971],[2343451.305287444,6312914.520957843],[2343873.9947615108,6312907.31371887],[2344098.319761156,6313011.601086046],[2344024.3877443145,6312895.812495507],[2344069.780720132,6312859.723399693],[2344122.598290208,6312892.613393588]]]}},{"type":"Feature","properties":{"is_ochrann\u00fd_les":true},"geometry":{"type":"MultiPolygon","coordinates":[[[[2343882.9505519453,6312645.791977613],[2343722.2928053034,6312699.532140211],[2343585.0655209064,6312794.536280971],[2343752.990801537,6312871.048632787],[2343862.3213641043,6312856.415873154],[2343907.656696883,6312798.765808145],[2343863.129123276,6312708.8268749],[2343882.9505519453,6312645.791977613]]],[[[2344122.598290208,6312892.613393588],[2344069.780720132,6312859.723399693],[2344024.3877443145,6312895.812495507],[2344108.556395312,6313030.156557123],[2344166.982389968,6313026.297746705],[2344122.598290208,6312892.613393588]]]]}},{"type":"Feature","properties":{"is_ochrann\u00fd_les":true},"geometry":{"type":"Polygon","coordinates":[[[2344319.770808935,6313113.371174688],[2344428.1390542667,6312994.359980616],[2344386.268106835,6312862.697045685],[2344263.2709776666,6312934.288925982],[2344220.93955762,6312805.606430288],[2344308.7300719093,6312812.332146145],[2344421.6411297643,6312736.7411268735],[2344476.1243067435,6312597.963978089],[2344432.4951097663,6312579.838107809],[2344160.945200223,6312737.983583934],[2344122.598290208,6312892.613393588],[2344163.419392811,6313010.227998238],[2344234.817833756,6313012.945422817],[2344319.770808935,6313113.371174688]]]}},{"type":"Feature","properties":{"is_ochrann\u00fd_les":true},"geometry":{"type":"Polygon","coordinates":[[[2353565.1483102124,6311005.670211891],[2353305.0449970695,6310516.875482957],[2353249.4895865303,6310517.8237404805],[2353240.715722414,6310569.454232073],[2353416.7037242386,6310867.68605778],[2353565.1483102124,6311005.670211891]]]}},{"type":"Feature","properties":{"is_ochrann\u00fd_les":true},"geometry":{"type":"Polygon","coordinates":[[[2353628.3761772164,6310956.397826482],[2353536.6951262485,6310767.5196494805],[2353518.7669693516,6310773.332444913],[2353509.643170128,6310849.571205741],[2353582.433011335,6310991.665392264],[2353628.3761772164,6310956.397826482]]]}},{"type":"Feature","properties":{"is_ochrann\u00fd_les":true},"geometry":{"type":"MultiPolygon","coordinates":[[[[2351309.1019415422,6312420.994752852],[2351473.9078939403,6312396.171462801],[2351462.791919689,6312212.817775222],[2351324.043640286,6312150.09793161],[2351464.508893895,6312180.907762791],[2351463.4791967724,6312124.250380456],[2351360.182090336,6312131.241555587],[2351385.9646554696,6312019.8368559135],[2351549.070352419,6311857.167554977],[2351775.7703204327,6311751.913458844],[2351725.113194218,6311694.746053439],[2351656.7159107197,6311746.135352702],[2351628.97249891,6311671.41020633],[2351659.1949308063,6311582.373153102],[2351622.1340390905,6311572.828940842],[2351571.4873693455,6311707.515480433],[2351315.703794387,6312036.612813408],[2351279.673333538,6312190.228549149],[2351161.8086417625,6312336.291493813],[2351181.24169751,6312397.716588872],[2351252.288538768,6312319.3807427995],[2351292.150383439,6312334.525453069],[2351309.1019415422,6312420.994752852]],[[2351363.0203355514,6312377.063400851],[2351326.326535204,6312267.265647557],[2351445.9784649755,6312374.059895697],[2351416.7045922093,6312402.239851758],[2351363.0203355514,6312377.063400851]]],[[[2351585.6740057264,6312105.016203789],[2351698.93185606,6311954.10115587],[2351542.1525229434,6312058.179337054],[2351585.6740057264,6312105.016203789]]]]}},{"type":"Feature","properties":{"is_ochrann\u00fd_les":true},"geometry":{"type":"Polygon","coordinates":[[[2351462.791919689,6312212.817775222],[2351332.087975197,6312128.943112093],[2351324.043640286,6312150.09793161],[2351462.791919689,6312212.817775222]]]}},{"type":"Feature","properties":{"is_ochrann\u00fd_les":true},"geometry":{"type":"Polygon","coordinates":[[[2351080.4525460815,6312419.111930072],[2350984.265288861,6312499.5152046],[2350879.569502955,6312559.987372788],[2350913.469687706,6312597.935280133],[2350964.8013137975,6312534.257478891],[2351037.221170635,6312545.989758679],[2351120.047367805,6312438.292337426],[2351080.4525460815,6312419.111930072]]]}},{"type":"Feature","properties":{"is_ochrann\u00fd_les":true},"geometry":{"type":"Polygon","coordinates":[[[2351193.794406909,6312562.823662015],[2351067.859417009,6312607.111757934],[2351020.1224206924,6312659.988751225],[2351180.919353478,6312601.111576845],[2351193.794406909,6312562.823662015]]]}},{"type":"Feature","properties":{"is_ochrann\u00fd_les":true},"geometry":{"type":"Polygon","coordinates":[[[2351050.475981734,6312863.514200562],[2351180.919353478,6312601.111576845],[2351020.1224206924,6312659.988751225],[2351195.081291628,6312556.305847214],[2351201.743604641,6312463.181261112],[2351358.744010777,6312557.545186371],[2351402.4174580206,6312437.076789897],[2351309.1019415422,6312420.994752852],[2351271.073477962,6312321.584687393],[2351181.24169751,6312397.716588872],[2351161.8086417625,6312336.291493813],[2351037.221170635,6312545.989758679],[2350948.7240696745,6312544.437750573],[2350959.437548391,6312577.692904383],[2350913.469687706,6312597.935280133],[2350991.2924892902,6312666.841135727],[2350952.5945219914,6312874.235721765],[2351016.187149115,6313054.2336602155],[2351050.475981734,6312863.514200562]]]}},{"type":"Feature","properties":{"is_ochrann\u00fd_les":true},"geometry":{"type":"Polygon","coordinates":[[[2339351.274480968,6309595.896926435],[2339620.17754425,6309091.107180747],[2339674.20102667,6309006.808185173],[2339404.1441928623,6309137.081715106],[2339275.7185878176,6309291.763848947],[2339117.100477387,6309358.675800474],[2339151.510204535,6309550.898572604],[2339351.274480968,6309595.896926435]]]}},{"type":"Feature","properties":{"is_ochrann\u00fd_les":true},"geometry":{"type":"Polygon","coordinates":[[[2339752.190308926,6309670.122812886],[2339643.017385972,6309446.451578771],[2339688.912651284,6309309.527989757],[2339640.7342806864,6309185.132837014],[2339674.20102667,6309006.808185173],[2339364.7083893153,6309573.178609285],[2339736.257181009,6309781.055947361],[2339752.190308926,6309670.122812886]]]}},{"type":"Feature","properties":{"is_ochrann\u00fd_les":true},"geometry":{"type":"MultiPolygon","coordinates":[[[[2341086.117137728,6309991.509163743],[2341281.1487640664,6309996.832618622],[2341262.506130702,6309721.049408321],[2341187.5405752664,6309464.0389897255],[2341133.0694631226,6309747.371096706],[2341062.8514156328,6309865.786816412],[2341086.117137728,6309991.509163743]]],[[[2341072.459213033,6310009.025573911],[2341024.587704297,6310087.987552746],[2341256.6227181107,6310489.693061508],[2341253.895812432,6310143.875611801],[2341072.459213033,6310009.025573911]]]]}},{"type":"Feature","properties":{"is_ochrann\u00fd_les":true},"geometry":{"type":"Polygon","coordinates":[[[2341135.8605635255,6310323.017194102],[2341024.587704297,6310087.987552746],[2341086.570864437,6309979.327412777],[2341062.8514156328,6309865.786816412],[2341133.0694631226,6309747.371096706],[2341138.358720124,6309660.594527284],[2341010.2356030266,6309713.78033339],[2340698.724652309,6309678.091687436],[2340795.0541416616,6309949.0907279095],[2340686.393694845,6310074.597990275],[2340715.874052672,6310185.508155944],[2341135.8605635255,6310323.017194102]]]}},{"type":"Feature","properties":{"is_ochrann\u00fd_les":true},"geometry":{"type":"Polygon","coordinates":[[[2341608.849587128,6311503.738356669],[2341534.015253189,6311267.3567907745],[2341410.307184102,6311151.217378311],[2341345.5192841263,6311187.662638691],[2341319.9766812697,6311129.709500493],[2341388.0505680665,6311116.235398597],[2341239.4062664625,6311032.997924417],[2341169.4424201185,6310862.922292547],[2341050.5483294977,6310909.509722202],[2341075.792111148,6311019.768565288],[2340968.360856777,6311066.320995601],[2340879.9906082666,6311255.85796283],[2341051.031157161,6311438.034324373],[2341101.240897923,6311407.747205211],[2341026.1180257928,6311306.305358853],[2341059.9428155525,6311241.6458591325],[2341097.8525730153,6311250.420167936],[2341097.5611126404,6311314.113760841],[2341141.360100112,6311307.9716698835],[2341121.8942486,6311345.3668475915],[2341362.79718841,6311456.722500731],[2341554.2389984946,6311456.610542126],[2341608.849587128,6311503.738356669]],[[2341435.281233899,6311415.066439259],[2341401.2570042475,6311377.624937037],[2341461.8246234665,6311385.577648338],[2341435.281233899,6311415.066439259]],[[2341269.8413148955,6311279.20830767],[2341217.9292478086,6311255.821228119],[2341203.620704668,6311208.6226314185],[2341242.895120316,6311239.143959061],[2341279.231548622,6311197.027721198],[2341269.8413148955,6311279.20830767]]]}},{"type":"Feature","properties":{"is_ochrann\u00fd_les":true},"geometry":{"type":"Polygon","coordinates":[[[2331432.4932144573,6310683.098846989],[2331913.7454698104,6310549.283031075],[2332031.0580186606,6310387.551541206],[2331432.4932144573,6310683.098846989]]]}},{"type":"Feature","properties":{"is_ochrann\u00fd_les":true},"geometry":{"type":"Polygon","coordinates":[[[2333094.586369991,6311348.760017971],[2333057.984994681,6311325.223266661],[2333059.288039395,6311256.936693498],[2333203.147915901,6311178.512099913],[2332761.7783494648,6311116.447481891],[2332661.928011558,6311250.853082394],[2333009.5449725585,6311400.374522228],[2333094.586369991,6311348.760017971]]]}},{"type":"Feature","properties":{"is_ochrann\u00fd_les":true},"geometry":{"type":"Polygon","coordinates":[[[2333701.561592031,6311376.125574347],[2333462.4807419004,6311402.062032122],[2333189.8475314286,6311184.759232275],[2333211.5470919795,6311206.7873561075],[2333140.3014554037,6311323.553730323],[2333009.5449725585,6311400.374522228],[2333279.7259434713,6311706.925219702],[2333701.561592031,6311376.125574347]]]}},{"type":"Feature","properties":{"is_ochrann\u00fd_les":true},"geometry":{"type":"MultiPolygon","coordinates":[[[[2332379.7137027523,6311529.384823321],[2332224.024812771,6311605.57383721],[2332364.0893174815,6311744.2421845],[2332358.578206951,6311695.755260753],[2332563.0184192746,6311672.324884888],[2332379.7137027523,6311529.384823321]]],[[[2332774.931718124,6311271.702038945],[2332571.1071546264,6311262.195100628],[2332764.2376203304,6311279.4949104125],[2333001.8836307763,6311393.5153063135],[2332774.931718124,6311271.702038945]]],[[[2332196.7753700577,6311397.658602474],[2332125.870779686,6311508.39561526],[2332189.369716713,6311571.263570051],[2332331.95755116,6311499.846179686],[2332196.7753700577,6311397.658602474]]],[[[2332604.1677111434,6311706.391128537],[2332540.176835781,6311732.892391878],[2332669.301918643,6311819.652867692],[2332710.1279954817,6311771.352148255],[2332604.1677111434,6311706.391128537]]]]}},{"type":"Feature","properties":{"is_ochrann\u00fd_les":true},"geometry":{"type":"MultiPolygon","coordinates":[[[[2332731.110126778,6311817.298432121],[2332984.554238787,6311421.595159398],[2332851.339174214,6311329.672447909],[2332560.408653017,6311381.505396886],[2332572.765448998,6311311.444480503],[2332530.6385244043,6311264.225364674],[2332304.8258270794,6311177.713964468],[2332196.7753700577,6311397.658602474],[2332331.95755116,6311499.846179686],[2332076.723045824,6311654.083115419],[2332379.7137027523,6311529.384823321],[2332563.0184192746,6311672.324884888],[2332358.578206951,6311695.755260753],[2332364.9860845827,6311752.132712394],[2332604.1677111434,6311706.391128537],[2332710.1279954817,6311771.352148255],[2332669.301918643,6311819.652867692],[2332611.6392794363,6311796.286600232],[2332679.3960738694,6311856.392519962],[2332777.919692738,6311915.053282252],[2332838.7364132022,6311853.23556],[2332731.110126778,6311817.298432121]]],[[[2332329.745121682,6311145.800073521],[2332308.20361201,6311173.388059412],[2332497.2420417406,6311244.538923746],[2332329.745121682,6311145.800073521]]]]}},{"type":"Feature","properties":{"is_ochrann\u00fd_les":true},"geometry":{"type":"MultiPolygon","coordinates":[[[[2338255.527798343,6312121.6094858125],[2338237.4314020956,6312095.0286858035],[2338313.779849466,6311967.687405039],[2338276.514234812,6311889.162660085],[2338187.091318993,6312053.598742506],[2338220.0818966427,6312111.933993163],[2338182.109130198,6312118.460625459],[2338195.246479892,6312177.696449886],[2338255.527798343,6312121.6094858125]]],[[[2337967.5891137253,6311337.955479973],[2337901.288365192,6311407.083838428],[2337951.4041295676,6311486.145847194],[2338040.91468018,6311461.25951355],[2337967.5891137253,6311337.955479973]]],[[[2338119.890798223,6311577.989432947],[2337995.772259934,6311663.99398039],[2338020.546058571,6311723.311962801],[2338183.2069195807,6311657.882373884],[2338119.890798223,6311577.989432947]]],[[[2338112.815012096,6311864.329327325],[2338047.8501520543,6311839.7943142345],[2338054.5586710824,6311876.433547818],[2338112.815012096,6311864.329327325]]]]}},{"type":"Feature","properties":{"is_ochrann\u00fd_les":true},"geometry":{"type":"MultiPolygon","coordinates":[[[[2338220.0818966427,6312111.933993163],[2338147.067603919,6312050.64562373],[2338106.0922238147,6312041.177518814],[2338220.0818966427,6312111.933993163]]],[[[2338111.232365784,6311559.842718566],[2338096.144220661,6311539.92728426],[2338018.308146467,6311559.624244407],[2338111.232365784,6311559.842718566]]],[[[2338033.1292509395,6311622.465756573],[2337984.2462334526,6311624.317406032],[2337995.772259934,6311663.99398039],[2338033.1292509395,6311622.465756573]]],[[[2338047.8501520543,6311839.7943142345],[2338095.1733329087,6311804.135767335],[2338030.2619383982,6311766.237155642],[2338047.8501520543,6311839.7943142345]]],[[[2338150.635503077,6311980.582908475],[2338098.8482754948,6311940.696371671],[2338070.1164182746,6311926.432988167],[2338081.203889332,6311982.771165853],[2338150.635503077,6311980.582908475]]]]}},{"type":"Feature","properties":{"is_ochrann\u00fd_les":true},"geometry":{"type":"MultiPolygon","coordinates":[[[[2338209.1111444943,6312013.734640546],[2338276.514234812,6311889.162660085],[2338193.648841833,6311671.029311843],[2338020.546058571,6311723.311962801],[2338112.815012096,6311864.329327325],[2338054.5586710824,6311876.433547818],[2338070.1164182746,6311926.432988167],[2338150.635503077,6311980.582908475],[2338081.203889332,6311982.771165853],[2338106.0922238147,6312041.177518814],[2338209.1111444943,6312013.734640546]]],[[[2338040.4869617447,6311655.311769511],[2338111.232365784,6311559.842718566],[2338024.2049876493,6311582.627006477],[2338099.730365812,6311535.736373193],[2338040.91468018,6311461.25951355],[2337951.4041295676,6311486.145847194],[2337984.2462334526,6311624.317406032],[2338040.4869617447,6311655.311769511]]],[[[2338313.779849466,6311967.687405039],[2338237.4314020956,6312095.0286858035],[2338439.2838733247,6312240.69705371],[2338374.1641132412,6312094.924651665],[2338313.779849466,6311967.687405039]]],[[[2338392.7006821297,6312368.996049423],[2338438.095926205,6312249.141839463],[2338262.203013996,6312154.399464209],[2338195.246479892,6312177.696449886],[2338302.9757186617,6312359.841178162],[2338392.7006821297,6312368.996049423]]]]}},{"type":"Feature","properties":{"is_ochrann\u00fd_les":true},"geometry":{"type":"Polygon","coordinates":[[[2338984.7499324684,6312220.900745644],[2338949.812012947,6312188.584366458],[2339098.3838493377,6312023.29033243],[2339180.1012245636,6312008.5869517755],[2338992.954319002,6311850.277551063],[2338866.179811615,6311620.397012191],[2338848.259333201,6312018.27737059],[2338663.919791587,6312513.786930543],[2338800.6687066993,6312518.723303515],[2338984.7499324684,6312220.900745644]]]}},{"type":"Feature","properties":{"is_ochrann\u00fd_les":true},"geometry":{"type":"Polygon","coordinates":[[[2337475.9639322106,6312290.270094161],[2337514.7225950398,6312276.914886809],[2337570.489497509,6312258.059347649],[2337544.282322573,6312197.880083287],[2337461.479939417,6312230.7042735545],[2337475.9639322106,6312290.270094161]]]}},{"type":"Feature","properties":{"is_ochrann\u00fd_les":true},"geometry":{"type":"Polygon","coordinates":[[[2337748.7471671565,6312474.737703233],[2337488.2085170946,6312095.489205738],[2337435.5517473235,6312124.07307076],[2337461.479939417,6312230.7042735545],[2337544.282322573,6312197.880083287],[2337570.489497509,6312258.059347649],[2337475.9639322106,6312290.270094161],[2337493.7407011855,6312373.2253295705],[2337308.6695166836,6312491.309343392],[2337748.7471671565,6312474.737703233]]]}},{"type":"Feature","properties":{"is_ochrann\u00fd_les":true},"geometry":{"type":"Polygon","coordinates":[[[2338535.135543178,6312601.924491117],[2338558.1534445267,6312527.587272554],[2338353.5184415528,6312393.456320346],[2338049.66519001,6312756.848061221],[2337974.745757786,6312768.327661054],[2338206.0546200173,6312977.013456194],[2338310.252803148,6312686.633498907],[2338535.135543178,6312601.924491117]]]}},{"type":"Feature","properties":{"is_ochrann\u00fd_les":true},"geometry":{"type":"MultiPolygon","coordinates":[[[[2341177.5186416754,6311565.705587986],[2341258.023710332,6311410.282086379],[2341121.8942486,6311345.3668475915],[2341090.9695092025,6311383.148263184],[2341177.5186416754,6311565.705587986]]],[[[2341519.8861176856,6311454.699703821],[2341512.819805778,6311546.448116196],[2341549.518179194,6311542.7339924555],[2341554.9679540107,6311482.559800093],[2341519.8861176856,6311454.699703821]]],[[[2341347.090350765,6311448.62898602],[2341299.4005041937,6311447.469912191],[2341300.292261118,6311510.208252816],[2341351.054564477,6311548.152151496],[2341347.090350765,6311448.62898602]]],[[[2341440.9065978746,6311452.421512179],[2341403.253049149,6311454.950106657],[2341407.8355976404,6311549.591204815],[2341459.263610309,6311561.700094727],[2341440.9065978746,6311452.421512179]]]]}},{"type":"Feature","properties":{"is_ochrann\u00fd_les":true},"geometry":{"type":"Polygon","coordinates":[[[2341596.3707577735,6311483.595204501],[2341541.453812479,6311455.89938147],[2341564.216224829,6311526.419554573],[2341512.819805778,6311546.448116196],[2341519.8861176856,6311454.699703821],[2341440.9065978746,6311452.421512179],[2341459.263610309,6311561.700094727],[2341407.8355976404,6311549.591204815],[2341403.389665839,6311454.727381058],[2341362.79718841,6311456.722500731],[2341351.054564477,6311548.152151496],[2341300.292261118,6311510.208252816],[2341299.4005041937,6311447.469912191],[2341347.090350765,6311448.62898602],[2341258.023710332,6311410.282086379],[2341224.059975927,6311479.8180369465],[2341317.350956451,6311571.513029022],[2341419.883537717,6311580.592042249],[2341579.9673662796,6311547.12356631],[2341596.3707577735,6311483.595204501]]]}},{"type":"Feature","properties":{"is_ochrann\u00fd_les":true},"geometry":{"type":"Polygon","coordinates":[[[2342297.6256147744,6311580.597899853],[2342242.9837536113,6311499.773595641],[2342212.7083781525,6311537.231851358],[2342245.43549156,6311593.993629017],[2342297.6256147744,6311580.597899853]]]}},{"type":"Feature","properties":{"is_ochrann\u00fd_les":true},"geometry":{"type":"Polygon","coordinates":[[[2341630.330747356,6311614.616194494],[2341614.258127957,6311483.5613463335],[2341522.738368054,6311564.115415562],[2341317.350956451,6311571.513029022],[2341346.902669736,6311635.598519675],[2341304.8432387225,6311724.456603066],[2341630.330747356,6311614.616194494]]]}},{"type":"Feature","properties":{"is_ochrann\u00fd_les":true},"geometry":{"type":"MultiPolygon","coordinates":[[[[2342721.8544140854,6311670.420218969],[2342610.117362392,6311694.42915793],[2342619.3829903975,6311733.001526169],[2342533.5080894716,6311793.486757992],[2342787.8550972734,6311719.582671195],[2342721.8544140854,6311670.420218969]]],[[[2342528.361518719,6311372.671531906],[2342454.5347788213,6311406.846151845],[2342462.1519191125,6311513.736371452],[2342529.190797685,6311478.106128644],[2342557.3690354265,6311409.977948909],[2342528.361518719,6311372.671531906]]]]}},{"type":"Feature","properties":{"is_ochrann\u00fd_les":true},"geometry":{"type":"Polygon","coordinates":[[[2342380.8927455414,6311882.025540888],[2342296.570596903,6311911.631245961],[2342293.7042567935,6311847.859427516],[2342360.7034803503,6311776.786719684],[2342491.877373521,6311776.468121933],[2342490.6754721566,6311844.23984346],[2342553.3251487655,6311799.585285111],[2342539.109507066,6311743.387831858],[2342439.653633528,6311753.786993814],[2342470.501187341,6311706.712934781],[2342619.3829903975,6311733.001526169],[2342559.7743872297,6311666.990155381],[2342501.807744673,6311677.523900749],[2342488.1183074773,6311572.039096913],[2342654.3715497633,6311476.432822902],[2342662.740080315,6311338.265929981],[2342528.361518719,6311372.671531906],[2342557.3690354265,6311409.977948909],[2342482.7420576033,6311522.873931773],[2342421.577885684,6311431.7034150865],[2342242.9837536113,6311499.773595641],[2342290.1037175064,6311555.2772626],[2342454.063736297,6311528.939917616],[2342471.1594563033,6311567.239205717],[2342345.179878718,6311606.202323021],[2342497.111976906,6311673.163718867],[2342487.8645044663,6311707.103511499],[2342346.5743208304,6311646.453978124],[2342214.1070034523,6311675.795724842],[2342212.7911053644,6311593.063974391],[2342245.43549156,6311593.993629017],[2342212.7083781525,6311537.231851358],[2342146.3981585447,6311637.486262837],[2342236.012913087,6311792.757201557],[2342211.227689576,6311832.675132402],[2342233.709001893,6311853.258118626],[2342170.9492025175,6311889.758972101],[2342150.2877279664,6312010.595085905],[2342380.8927455414,6311882.025540888]],[[2342413.487785074,6311741.883635096],[2342366.1019607666,6311750.632600943],[2342357.2982366546,6311739.426499711],[2342377.7519594706,6311712.5988661405],[2342413.487785074,6311741.883635096]]]}},{"type":"Feature","properties":{"is_ochrann\u00fd_les":true},"geometry":{"type":"MultiPolygon","coordinates":[[[[2342345.179878718,6311606.202323021],[2342471.1594563033,6311567.239205717],[2342400.6304573864,6311512.725749792],[2342334.741076967,6311531.917091709],[2342282.3787038033,6311595.045593061],[2342212.7911053644,6311593.063974391],[2342202.325707479,6311657.229105893],[2342507.6978279166,6311692.407063215],[2342345.179878718,6311606.202323021]]],[[[2342491.877373521,6311776.468121933],[2342360.7034803503,6311776.786719684],[2342293.7042567935,6311847.859427516],[2342376.997771341,6311838.9550736565],[2342394.673870986,6311893.836940193],[2342490.6754721566,6311844.23984346],[2342491.877373521,6311776.468121933]]]]}},{"type":"Feature","properties":{"is_ochrann\u00fd_les":true},"geometry":{"type":"Polygon","coordinates":[[[2341636.812490458,6311956.685803293],[2341691.7786186435,6311977.835137979],[2341718.549777961,6311965.1569837555],[2341693.760990264,6311891.6963711055],[2341730.428547473,6311831.900907527],[2341713.2931668316,6311711.508843059],[2341653.7683462594,6311651.012314651],[2341319.991437906,6311741.949771987],[2341332.0998309776,6311812.675617295],[2341288.168064081,6311844.749419704],[2341446.2937747263,6311868.0620853],[2341522.0190467746,6311948.278029152],[2341573.3216945436,6311898.294702103],[2341567.399217906,6311977.754622933],[2341621.1912472867,6311883.295563345],[2341636.812490458,6311956.685803293]]]}},{"type":"Feature","properties":{"is_ochrann\u00fd_les":true},"geometry":{"type":"Polygon","coordinates":[[[2341942.501197582,6311769.068204916],[2341824.0814277483,6311726.976050216],[2341713.2931668316,6311711.508843059],[2341730.428547473,6311831.900907527],[2341815.025642912,6311890.093196291],[2341790.6979599204,6311925.393426375],[2341942.501197582,6311769.068204916]]]}},{"type":"Feature","properties":{"is_ochrann\u00fd_les":true},"geometry":{"type":"MultiPolygon","coordinates":[[[[2341581.267206578,6312017.413272599],[2341619.6328726276,6311975.635473737],[2341688.0593680134,6311990.131861513],[2341621.1912472867,6311883.295563345],[2341567.399217906,6311977.754622933],[2341583.518003251,6311919.317112243],[2341552.5561984936,6311890.462103478],[2341522.0190467746,6311948.278029152],[2341581.267206578,6312017.413272599]]],[[[2341288.922759074,6311762.3751616785],[2341260.209885124,6311816.411536977],[2341277.9134582723,6311843.882087192],[2341332.0998309776,6311812.675617295],[2341288.922759074,6311762.3751616785]]],[[[2341696.7778020934,6311962.700035723],[2341815.025642912,6311890.093196291],[2341730.428547473,6311831.900907527],[2341696.2796255397,6311863.525657109],[2341696.7778020934,6311962.700035723]]],[[[2341572.0092258877,6312066.875928125],[2341760.1659333687,6312050.526379519],[2341871.785301054,6312086.839302793],[2341760.34182245,6311990.7872947985],[2341725.559404984,6312043.852364183],[2341572.0092258877,6312066.875928125]]]]}},{"type":"Feature","properties":{"is_ochrann\u00fd_les":true},"geometry":{"type":"Polygon","coordinates":[[[2343150.485610799,6311781.670527295],[2342974.2054751758,6311701.699724078],[2342801.0794161446,6311713.585480897],[2342101.228818218,6312043.769323038],[2342242.7199656307,6312052.957209424],[2342573.3976594745,6311836.08357933],[2342595.2910709353,6311896.7447725795],[2342641.4124031686,6311889.37141961],[2342661.5477190553,6311806.642940955],[2342771.468305619,6311758.959722246],[2342796.478086807,6311805.283109748],[2343150.485610799,6311781.670527295]]]}},{"type":"Feature","properties":{"is_ochrann\u00fd_les":true},"geometry":{"type":"Polygon","coordinates":[[[2339273.94469835,6312361.854858459],[2339080.8670329386,6312117.3589466745],[2339062.1385649117,6312139.223282843],[2339273.94469835,6312361.854858459]]]}},{"type":"Feature","properties":{"is_ochrann\u00fd_les":true},"geometry":{"type":"Polygon","coordinates":[[[2339578.4360739873,6312461.657549336],[2339844.2184125585,6312352.199188915],[2339761.8708294053,6312301.951726345],[2339634.320931939,6312114.688121851],[2339500.6384498337,6312138.543644397],[2339354.283589843,6312246.493246815],[2339333.5893421653,6312202.03532126],[2339264.4128961097,6312403.084069586],[2339139.5674565625,6312507.611529999],[2339209.3717948818,6312537.531765385],[2339357.0087171914,6312338.510557815],[2339578.4360739873,6312461.657549336]]]}},{"type":"Feature","properties":{"is_ochrann\u00fd_les":true},"geometry":{"type":"Polygon","coordinates":[[[2341206.270308457,6312646.143869291],[2341082.5874019135,6312678.685134909],[2341023.297487697,6312758.115443977],[2341146.5321201105,6312784.976213324],[2341206.270308457,6312646.143869291]]]}},{"type":"Feature","properties":{"is_ochrann\u00fd_les":true},"geometry":{"type":"Polygon","coordinates":[[[2341507.3026472754,6313059.443676951],[2341501.4821823006,6312844.019040196],[2341408.122811364,6312773.830274399],[2341607.542667444,6312569.743422565],[2341622.4343005996,6312475.194107104],[2341557.35008149,6312386.50556742],[2341355.3748352104,6312605.341541368],[2341206.270308457,6312646.143869291],[2341146.5321201105,6312784.976213324],[2341387.6824018285,6312848.120027167],[2341431.378767639,6313039.606097893],[2341507.3026472754,6313059.443676951]]]}},{"type":"Feature","properties":{"is_ochrann\u00fd_les":true},"geometry":{"type":"MultiPolygon","coordinates":[[[[2343627.5265289615,6312499.790405737],[2343665.521950323,6312574.256187569],[2343616.16369959,6312721.294911577],[2343645.142652445,6312751.095350517],[2343702.6944691194,6312576.0953070475],[2343777.4420277076,6312524.282372516],[2343689.014094747,6312417.448986275],[2343701.1241590613,6312372.507307585],[2343599.8864091123,6312163.534378883],[2343530.0410774816,6312139.054531621],[2343551.2098250766,6312189.2102642],[2343496.4566009464,6312218.133817934],[2343438.2416041642,6312750.765257252],[2343556.2106993077,6312710.425093167],[2343533.9698951463,6312646.49074953],[2343605.563685266,6312592.384959187],[2343627.5265289615,6312499.790405737]]],[[[2343583.6099395975,6312794.2509530755],[2343470.587193336,6312848.137879353],[2343422.3047505324,6312906.277466916],[2343451.305287444,6312914.520957843],[2343583.6099395975,6312794.2509530755]]]]}},{"type":"Feature","properties":{"is_ochrann\u00fd_les":true},"geometry":{"type":"MultiPolygon","coordinates":[[[[2343421.9881053646,6312890.190745034],[2343645.142652445,6312751.095350517],[2343616.16369959,6312721.294911577],[2343667.1808821023,6312639.329695862],[2343658.935028731,6312510.564259189],[2343627.5265289615,6312499.790405737],[2343605.563685266,6312592.384959187],[2343533.9698951463,6312646.49074953],[2343556.2106993077,6312710.425093167],[2343438.2416041642,6312750.765257252],[2343421.9881053646,6312890.190745034]]],[[[2343777.4420277076,6312524.282372516],[2343702.6944691194,6312576.0953070475],[2343673.3403644855,6312732.249586628],[2343882.9505519453,6312645.791977613],[2343777.4420277076,6312524.282372516]]]]}},{"type":"Feature","properties":{"is_ochrann\u00fd_les":true},"geometry":{"type":"Polygon","coordinates":[[[2338203.0549356816,6312973.918619019],[2337974.745757786,6312768.327661054],[2337862.897051269,6312927.543240659],[2337858.672735645,6313110.063667421],[2337790.6193553205,6313201.94102699],[2337808.2561731283,6313295.005686101],[2337724.2362517673,6313391.56577092],[2337542.6826501265,6313497.755408429],[2337404.6626366335,6313507.50409816],[2337331.643337055,6313597.022290158],[2337363.880847359,6313646.503334014],[2337865.958440567,6313750.637376044],[2337941.1925801747,6313676.984562386],[2338185.254451051,6313195.683582384],[2338203.0549356816,6312973.918619019]]]}},{"type":"Feature","properties":{"is_ochrann\u00fd_les":true},"geometry":{"type":"MultiPolygon","coordinates":[[[[2337673.7881723344,6313831.54034123],[2337739.526069735,6313793.816362915],[2337370.661400885,6313688.674425493],[2337555.233407177,6313677.645848176],[2337363.880847359,6313646.503334014],[2337335.3856517896,6313581.822859911],[2337036.1394315083,6313765.4528731685],[2337139.5065360283,6313716.259745348],[2337358.620266868,6313768.541044367],[2337392.8164317487,6313724.349755784],[2337673.7881723344,6313831.54034123]]],[[[2337818.0487803407,6313722.506767238],[2337773.073134385,6313706.203430112],[2337604.4949127985,6313682.7350516375],[2337670.7499125786,6313723.159490729],[2337818.0487803407,6313722.506767238]]]]}},{"type":"Feature","properties":{"is_ochrann\u00fd_les":true},"geometry":{"type":"Polygon","coordinates":[[[2338632.1803005473,6313881.13141395],[2338794.0247002095,6313887.769988288],[2338986.0047489423,6313846.6513649],[2339030.613870734,6313780.250210275],[2339101.8741449444,6313800.619800017],[2339100.1276315534,6313432.762770903],[2339051.0711502824,6313234.021124174],[2338651.577724275,6313449.910003032],[2338266.3411374846,6313532.482965194],[2338229.46711726,6313637.692668512],[2338272.7510696696,6313693.421800053],[2338270.418675858,6313838.486304731],[2338208.894205412,6313900.013913441],[2338427.5467650597,6313790.035468153],[2338632.1803005473,6313881.13141395]],[[2338731.322000876,6313782.196495273],[2338636.1919013504,6313745.682348547],[2338736.8180238884,6313729.828318174],[2338731.322000876,6313782.196495273]]]}},{"type":"Feature","properties":{"is_ochrann\u00fd_les":true},"geometry":{"type":"MultiPolygon","coordinates":[[[[2329543.0956590436,6313709.46485471],[2329224.7941134647,6313744.069784676],[2328878.0995524195,6313991.726979659],[2329089.4765601475,6314129.498690395],[2329476.605420965,6313855.611577467],[2329543.0956590436,6313709.46485471]]],[[[2329544.3305175463,6313662.917531263],[2329690.99102212,6313536.358844125],[2329431.117154524,6313580.142939825],[2329365.458499158,6313647.058995601],[2329544.3305175463,6313662.917531263]]]]}},{"type":"Feature","properties":{"is_ochrann\u00fd_les":true},"geometry":{"type":"Polygon","coordinates":[[[2330810.4772071913,6314056.982389016],[2330767.6057307287,6314038.689704806],[2330689.0177110964,6314148.886507961],[2330691.4620942143,6314100.693184004],[2330632.3498767214,6314085.963856165],[2330713.726051893,6314035.9413434025],[2330622.084881374,6314000.518594936],[2330605.003840329,6314049.428467465],[2330505.314976191,6314057.518584587],[2330423.3267967757,6314197.358192371],[2330539.6921941666,6314290.736023901],[2330723.3207837637,6314306.336858019],[2330810.4772071913,6314056.982389016]]]}},{"type":"Feature","properties":{"is_ochrann\u00fd_les":true},"geometry":{"type":"Polygon","coordinates":[[[2329426.8300361494,6314491.15996304],[2329118.1612538137,6314625.490816573],[2329020.441706372,6314759.460102918],[2329029.2672529104,6314806.467233337],[2329250.226328377,6314792.192537327],[2329228.763631251,6314773.027514796],[2329426.8300361494,6314491.15996304]]]}},{"type":"Feature","properties":{"is_ochrann\u00fd_les":true},"geometry":{"type":"MultiPolygon","coordinates":[[[[2329610.3424066515,6314702.358161091],[2329579.50743228,6314708.271677776],[2329576.112030746,6314614.017382007],[2329491.7509242925,6314709.068914726],[2329383.333440112,6314698.435050553],[2329438.490483129,6314783.0544027565],[2329610.3424066515,6314702.358161091]]],[[[2329524.9614220737,6314593.546629612],[2329433.8153255177,6314621.017624796],[2329420.3471035,6314634.628333709],[2329492.270976066,6314668.269945854],[2329524.9614220737,6314593.546629612]]]]}},{"type":"Feature","properties":{"is_ochrann\u00fd_les":true},"geometry":{"type":"MultiPolygon","coordinates":[[[[2334207.386623619,6314605.234709596],[2334095.9987909882,6314448.15728089],[2334011.5308893896,6314463.247345728],[2334035.6073999032,6314518.845964096],[2334003.4326863517,6314536.264722126],[2333900.4595852,6314450.609462506],[2333743.0271697715,6314478.04038077],[2333695.7802442624,6314474.245476712],[2333125.336488027,6314243.551197142],[2333271.7634021775,6314380.517499099],[2333915.1925553596,6314645.169898739],[2334128.3738438576,6314605.178070201],[2334235.1849282607,6314755.2509135865],[2334310.139164436,6314808.921206786],[2334248.1353326705,6314746.863589075],[2334207.386623619,6314605.234709596]]],[[[2333193.6725388253,6314253.43769747],[2333262.6336434633,6314286.890258474],[2333280.6723649385,6314294.723320173],[2333237.1279499307,6314258.628410886],[2333193.6725388253,6314253.43769747]]],[[[2333519.8278504484,6314363.940263218],[2333370.282416049,6314279.692636445],[2333249.465610971,6314260.093609851],[2333519.8278504484,6314363.940263218]]],[[[2334042.8718899614,6314390.624326898],[2334094.556619649,6314410.694399124],[2334052.58327362,6314385.165336301],[2334007.7633010363,6314382.328595907],[2333919.724211747,6314391.676893686],[2333884.1546512693,6314409.3951598015],[2334042.8718899614,6314390.624326898]]],[[[2333697.2482718145,6314467.250325785],[2333976.0187399243,6314414.713418504],[2334057.539501887,6314422.800462475],[2334151.117932728,6314467.924518288],[2334041.33226113,6314400.538158424],[2333704.587524537,6314449.553886047],[2333538.4521580795,6314377.906384562],[2333442.6157179237,6314357.715475965],[2333697.2482718145,6314467.250325785]]],[[[2334207.732478935,6314549.383166021],[2334147.6029045596,6314482.976155135],[2334208.9357431824,6314584.590544673],[2334207.732478935,6314549.383166021]]]]}},{"type":"Feature","properties":{"is_ochrann\u00fd_les":true},"geometry":{"type":"Polygon","coordinates":[[[2333915.1925553596,6314645.169898739],[2333642.1227320596,6314526.192553755],[2333346.838765439,6314392.8717224505],[2333689.7379276017,6314686.475646201],[2333915.1925553596,6314645.169898739]]]}},{"type":"Feature","properties":{"is_ochrann\u00fd_les":true},"geometry":{"type":"Polygon","coordinates":[[[2334074.9600587524,6314463.710687935],[2333915.370977585,6314419.808126325],[2333864.7792579485,6314462.877151943],[2334030.371419147,6314532.8704429],[2334011.5308893896,6314463.247345728],[2334074.9600587524,6314463.710687935]]]}},{"type":"Feature","properties":{"is_ochrann\u00fd_les":true},"geometry":{"type":"Polygon","coordinates":[[[2336741.8089088537,6314146.729128377],[2336559.71221566,6314206.403526498],[2336535.0854238775,6314336.757081217],[2336448.983850796,6314390.899992494],[2335915.743015995,6314515.035415185],[2335870.677028949,6314487.541627139],[2335910.7946905727,6314861.280377886],[2335971.7978319563,6314606.627867247],[2336054.309918689,6314653.369890644],[2336019.476533229,6314669.832216796],[2336040.6801246824,6314737.740977088],[2336096.2803240158,6314702.894636112],[2336271.4087797697,6314759.496886394],[2336374.5375048555,6314700.638821491],[2336470.0736969663,6314741.052195421],[2336570.9290928897,6314692.939751953],[2336573.238183393,6314645.776177886],[2336770.4367894283,6314573.063289426],[2336763.5614219075,6314515.54017813],[2336816.521138754,6314487.771116606],[2336723.639150822,6314448.203977978],[2336771.86356242,6314432.736658877],[2336716.6191500993,6314335.077706633],[2336772.3071744563,6314267.485520111],[2336713.5990888877,6314240.264496485],[2336840.6027353243,6314225.396866076],[2336824.1160073923,6314171.527627851],[2336741.8089088537,6314146.729128377]]]}},{"type":"Feature","properties":{"is_ochrann\u00fd_les":true},"geometry":{"type":"Polygon","coordinates":[[[2337160.9213841963,6314553.361719657],[2337359.6033966164,6314805.11723322],[2337389.0080044563,6314768.692683653],[2337391.3175599757,6314591.061444448],[2337328.6924480707,6314533.575545142],[2337318.3281908464,6314409.445366018],[2337267.8501688545,6314318.746229665],[2337234.2676581563,6314313.536313004],[2337249.4692838127,6314494.852096736],[2337162.8344512703,6314497.490394664],[2337160.9213841963,6314553.361719657]]]}},{"type":"Feature","properties":{"is_ochrann\u00fd_les":true},"geometry":{"type":"MultiPolygon","coordinates":[[[[2336360.3800464924,6314966.136200827],[2336324.1234998405,6314848.704917442],[2336294.2233994827,6314849.9929829845],[2336291.9120422094,6314911.200394232],[2336178.4967269874,6314957.343027759],[2336097.883498354,6314930.584347032],[2336153.6507484177,6314984.165245461],[2336022.6091913343,6315065.842839935],[2336180.5379104423,6315061.665676406],[2336203.7862587003,6315009.807717743],[2336332.3625720143,6314965.427129388],[2336347.084644097,6315000.894259291],[2336288.0705075334,6315087.3173360275],[2336323.6333350427,6315115.167300742],[2336406.055239311,6314988.917707297],[2336360.3800464924,6314966.136200827]]],[[[2336365.322116382,6315129.259985276],[2336479.7535601477,6315121.986152821],[2336497.589837646,6315018.135106516],[2336457.107216679,6315005.225048815],[2336365.322116382,6315129.259985276]]],[[[2336585.633253669,6315135.4922920205],[2336662.6692136987,6315199.590341387],[2336793.204782935,6315168.0908710295],[2336707.3512623925,6315118.396790789],[2336614.6295957626,6315138.183787291],[2336603.48539539,6315064.762802264],[2336535.173776971,6315030.179084398],[2336529.6243169988,6315199.87868719],[2336574.7915379046,6315202.229792241],[2336585.633253669,6315135.4922920205]]]]}},{"type":"Feature","properties":{"is_ochrann\u00fd_les":true},"geometry":{"type":"MultiPolygon","coordinates":[[[[2336607.750656849,6315250.540256266],[2336893.7013183255,6315239.142851188],[2336980.3597426754,6315199.07329468],[2336961.7702380647,6315160.265546599],[2336899.883042942,6315195.552329483],[2336902.0736422446,6315149.038527902],[2336662.6692136987,6315199.590341387],[2336585.633253669,6315135.4922920205],[2336567.864144366,6315206.013007805],[2336607.750656849,6315250.540256266]]],[[[2336347.084644097,6315000.894259291],[2336260.403509245,6314991.286620167],[2336248.390295623,6315081.893314988],[2336288.0974014015,6315100.170712386],[2336347.084644097,6315000.894259291]]],[[[2336406.055239311,6314988.917707297],[2336359.500284667,6315049.602322791],[2336323.6333350427,6315115.167300742],[2336365.322116382,6315129.259985276],[2336457.107216679,6315005.225048815],[2336406.055239311,6314988.917707297]]],[[[2336497.589837646,6315018.135106516],[2336458.4662485225,6315156.306398366],[2336523.2201850927,6315174.948078639],[2336535.173776971,6315030.179084398],[2336497.589837646,6315018.135106516]]]]}},{"type":"Feature","properties":{"is_ochrann\u00fd_les":true},"geometry":{"type":"Polygon","coordinates":[[[2336605.8173143864,6315248.510466487],[2336248.390295623,6315081.893314988],[2336259.928846233,6315008.464719109],[2336051.1761522684,6315071.731540225],[2336200.936474603,6315125.861815751],[2336383.6270259893,6315278.24739838],[2336605.8173143864,6315248.510466487]]]}},{"type":"Feature","properties":{"is_ochrann\u00fd_les":true},"geometry":{"type":"Polygon","coordinates":[[[2334513.853789892,6316940.40805071],[2334451.8472703514,6316976.141147574],[2334747.015597859,6317111.969012005],[2334718.9018128044,6317035.819338171],[2334513.853789892,6316940.40805071]]]}},{"type":"Feature","properties":{"is_ochrann\u00fd_les":true},"geometry":{"type":"Polygon","coordinates":[[[2334729.890909944,6316909.736700885],[2334599.925333377,6316876.683852149],[2334545.5195243065,6316947.559528407],[2334718.9018128044,6317035.819338171],[2334747.015597859,6317111.969012005],[2334522.833450006,6316979.730599476],[2334308.743090823,6316998.891465148],[2334641.543701921,6317108.677935001],[2334829.355063551,6317229.846718009],[2334728.8360763467,6316995.444156222],[2334729.890909944,6316909.736700885]]]}},{"type":"Feature","properties":{"is_ochrann\u00fd_les":true},"geometry":{"type":"MultiPolygon","coordinates":[[[[2342409.4562273943,6316882.605331788],[2342895.3279897543,6316627.677541365],[2342932.3143892223,6316547.935673647],[2342747.2074147724,6316620.516402656],[2342520.9916133727,6316511.277708592],[2342520.149922014,6316573.332379312],[2342438.997831598,6316572.222815227],[2342343.741176254,6316466.099723826],[2342235.8502545157,6316526.981076355],[2342298.141925787,6316664.852865577],[2342313.8266115407,6316668.326133899],[2342431.080808277,6316795.070679143],[2342409.4562273943,6316882.605331788]]],[[[2342301.272718283,6316670.58583034],[2342338.5753335496,6316746.343875415],[2342403.021836524,6316884.397819234],[2342425.0483159893,6316796.8849482],[2342301.272718283,6316670.58583034]]]]}},{"type":"Feature","properties":{"is_ochrann\u00fd_les":true},"geometry":{"type":"MultiPolygon","coordinates":[[[[2342796.9071873166,6316660.112905774],[2342738.0561022325,6316688.358401057],[2342444.6263011685,6316862.102784306],[2342645.5898160962,6316879.801419356],[2342796.9071873166,6316660.112905774]]],[[[2342642.8816633467,6316939.358014634],[2342413.0608905824,6317056.144423033],[2342416.1912398553,6317080.679100091],[2342474.810402486,6317146.821317898],[2342654.705265608,6317009.291711711],[2342642.8816633467,6316939.358014634]]],[[[2342638.704102373,6317218.040007634],[2342674.165543372,6317104.496680398],[2342499.6102303457,6317165.9560675165],[2342532.1812991886,6317241.690683185],[2342638.704102373,6317218.040007634]]]]}},{"type":"Feature","properties":{"is_ochrann\u00fd_les":true},"geometry":{"type":"MultiPolygon","coordinates":[[[[2342444.6263011685,6316862.102784306],[2342403.246788477,6316929.400252934],[2342642.725021922,6316932.182369194],[2342645.0252683945,6316877.774285679],[2342444.6263011685,6316862.102784306]]],[[[2342654.705265608,6317009.291711711],[2342489.975480525,6317101.737959901],[2342474.810402486,6317146.821317898],[2342674.165543372,6317104.496680398],[2342654.705265608,6317009.291711711]]]]}},{"type":"Feature","properties":{"is_ochrann\u00fd_les":true},"geometry":{"type":"Polygon","coordinates":[[[2343756.7329078754,6317070.688996217],[2343457.70382562,6316912.943941498],[2343372.5295804436,6316990.228364838],[2343380.3356578117,6317065.729438947],[2343459.463159969,6316999.347147107],[2343529.982861336,6317029.801752771],[2343420.8883373034,6317119.739694153],[2343465.6639218526,6317185.515498244],[2343602.7350262846,6317071.539513437],[2343666.905378701,6317105.688975563],[2343756.7329078754,6317070.688996217]]]}},{"type":"Feature","properties":{"is_ochrann\u00fd_les":true},"geometry":{"type":"MultiPolygon","coordinates":[[[[2341017.344661272,6316316.608955026],[2340977.178519928,6316420.663084851],[2340982.2787535735,6316565.538208171],[2341229.670651572,6316615.338707025],[2341240.8362492663,6316515.690819771],[2341093.084006793,6316428.19030306],[2341017.344661272,6316316.608955026]]],[[[2341295.303741898,6316453.004578562],[2341264.253337086,6316452.290877394],[2341127.8284315653,6316445.271103823],[2341244.5411546268,6316509.431742424],[2341295.303741898,6316453.004578562]]]]}},{"type":"Feature","properties":{"is_ochrann\u00fd_les":true},"geometry":{"type":"Polygon","coordinates":[[[2343893.8505548593,6317084.380596369],[2343602.7350262846,6317071.539513437],[2343465.6639218526,6317185.515498244],[2343420.8883373034,6317119.739694153],[2343529.982861336,6317029.801752771],[2343459.463159969,6316999.347147107],[2343380.3356578117,6317065.729438947],[2343372.5295804436,6316990.228364838],[2343457.70382562,6316912.943941498],[2343412.82831259,6316860.055175289],[2343107.198798208,6317239.310818606],[2343573.2400047123,6317220.470018227],[2343893.8505548593,6317084.380596369]]]}},{"type":"Feature","properties":{"is_ochrann\u00fd_les":true},"geometry":{"type":"MultiPolygon","coordinates":[[[[2342624.7489228398,6316946.704651923],[2342403.246788477,6316929.400252934],[2342400.7992126136,6316986.868269149],[2342413.0608905824,6317056.144423033],[2342624.7489228398,6316946.704651923]]],[[[2342652.202716089,6317219.450308057],[2342532.1812991886,6317241.690683185],[2342580.7201000853,6317385.891596019],[2342652.202716089,6317219.450308057]]]]}},{"type":"Feature","properties":{"is_ochrann\u00fd_les":true},"geometry":{"type":"MultiPolygon","coordinates":[[[[2342615.476075514,6318020.733244026],[2342547.3090443676,6317939.062397393],[2342559.803066105,6317887.451643019],[2342643.7765226024,6317852.342197525],[2342723.0245710905,6317727.875963017],[2342511.0507740183,6317801.039130221],[2342550.557775117,6317854.164843955],[2342488.2291263146,6318029.452536453],[2342610.7821515496,6318076.47236085],[2342615.476075514,6318020.733244026]]],[[[2342432.7538277823,6317854.391208019],[2342301.6221348858,6317826.96867437],[2342247.7982299756,6317883.767788391],[2342401.885327751,6317913.803478029],[2342432.7538277823,6317854.391208019]]],[[[2342445.800562909,6318015.614860946],[2342405.0999747477,6317983.320373485],[2342302.526665033,6318024.017385459],[2342397.981942998,6318050.841516733],[2342445.800562909,6318015.614860946]]]]}},{"type":"Feature","properties":{"is_ochrann\u00fd_les":true},"geometry":{"type":"Polygon","coordinates":[[[2343190.211582127,6318081.583017852],[2342919.745956799,6317762.19431152],[2342779.7796630887,6317739.017594197],[2342767.801575818,6317756.349324278],[2342813.636054908,6317774.712904846],[2342724.847800027,6317919.602484807],[2342765.044891628,6317947.121086348],[2342861.86609478,6317859.5804311475],[2342948.9054441773,6317857.240202763],[2342986.116408792,6317932.21387299],[2343190.211582127,6318081.583017852]],[[2342883.2900154986,6317767.100353024],[2342833.6991400225,6317800.8344939295],[2342827.1894879476,6317782.958171878],[2342799.1922418443,6317758.048744932],[2342883.2900154986,6317767.100353024]]]}},{"type":"Feature","properties":{"is_ochrann\u00fd_les":true},"geometry":{"type":"Polygon","coordinates":[[[2336609.503557557,6318165.6270480715],[2336519.7786755837,6318024.014177456],[2336401.7213457865,6317931.009410926],[2336396.301144051,6318169.623662664],[2336525.077461672,6318288.173530377],[2336609.503557557,6318165.6270480715]]]}},{"type":"Feature","properties":{"is_ochrann\u00fd_les":true},"geometry":{"type":"Polygon","coordinates":[[[2338277.8139842446,6318635.509185853],[2338475.1760348664,6318534.047173293],[2338378.2874053554,6318522.919840122],[2338340.9474528986,6318462.464348384],[2338133.549356106,6318544.752972277],[2337980.2576056155,6318724.496635722],[2337888.817197825,6318726.091783765],[2337858.839407982,6318679.080427835],[2338395.6298882705,6318383.262716327],[2338186.9172618873,6318297.016508447],[2337989.567575007,6318452.984024692],[2338006.041355421,6318486.726867866],[2337893.737160267,6318497.153034039],[2337908.3277381263,6318579.178344825],[2337818.657346742,6318525.322625337],[2337755.41987188,6318631.174218797],[2337655.4903717167,6318685.620467857],[2337692.1081484645,6318688.789992608],[2337672.593946747,6318739.5377113605],[2337741.108280704,6318726.456417256],[2337731.9193060854,6318769.7114642635],[2337801.3250003206,6318803.768772935],[2337770.3955423576,6318715.465581473],[2338011.501894252,6318751.162870272],[2338155.6779898186,6318666.315308638],[2338104.9695953587,6318628.461246358],[2338123.582961801,6318605.511885547],[2338189.9734736886,6318656.685483567],[2338155.150478144,6318606.152059947],[2338277.8139842446,6318635.509185853]],[[2338149.6780695464,6318430.840144825],[2338138.212733058,6318396.271135095],[2338150.1165051227,6318410.561566173],[2338149.6780695464,6318430.840144825]],[[2338171.276276584,6318349.529820694],[2338161.0919440007,6318383.858786873],[2338148.77299416,6318376.0183710065],[2338171.276276584,6318349.529820694]]]}},{"type":"Feature","properties":{"is_ochrann\u00fd_les":true},"geometry":{"type":"Polygon","coordinates":[[[2342489.013798928,6318028.20127232],[2342550.557775117,6317854.164843955],[2342550.339885757,6317817.626107654],[2342455.81543639,6317909.483381693],[2342435.8036442976,6318041.627806494],[2342489.013798928,6318028.20127232]]]}},{"type":"Feature","properties":{"is_ochrann\u00fd_les":true},"geometry":{"type":"MultiPolygon","coordinates":[[[[2341221.2892112727,6319002.477232962],[2340984.8154365337,6319124.472755827],[2340969.7232757765,6319205.495410327],[2341221.2892112727,6319002.477232962]]],[[[2341463.4718494294,6318640.86455012],[2341640.0500035477,6318486.319326153],[2341535.3931128304,6318518.605763958],[2341463.4718494294,6318640.86455012]]]]}},{"type":"Feature","properties":{"is_ochrann\u00fd_les":true},"geometry":{"type":"MultiPolygon","coordinates":[[[[2340078.5736863785,6319198.797928809],[2339952.369455932,6319261.975083793],[2340070.83754341,6319507.613032658],[2340256.762173078,6319391.544523441],[2340141.398221871,6319265.174759846],[2340154.938950796,6319235.492713382],[2340078.5736863785,6319198.797928809]]],[[[2339902.449458598,6319273.9190527415],[2339809.913226291,6319324.457958125],[2340010.1315371445,6319511.401977047],[2339944.6653677085,6319339.545958629],[2339902.449458598,6319273.9190527415]]],[[[2339796.172339522,6319348.51867447],[2339737.146515597,6319435.364417836],[2339951.8793653464,6319623.506215764],[2339948.292278536,6319502.057363842],[2339796.172339522,6319348.51867447]]]]}},{"type":"Feature","properties":{"is_ochrann\u00fd_les":true},"geometry":{"type":"MultiPolygon","coordinates":[[[[2340060.147539915,6319511.131932806],[2339952.369455932,6319261.975083793],[2339902.449458598,6319273.9190527415],[2340010.1315371445,6319511.401977047],[2339809.913226291,6319324.457958125],[2339756.2873066333,6319369.126341526],[2339820.2469110955,6319368.048686611],[2339971.593995024,6319570.923793084],[2340060.147539915,6319511.131932806]]],[[[2340180.1039103717,6319279.593785343],[2340225.4285501204,6319373.3356442535],[2340282.3476569448,6319358.39100216],[2340218.1125468505,6319322.948419111],[2340180.1039103717,6319279.593785343]]]]}},{"type":"Feature","properties":{"is_ochrann\u00fd_les":true},"geometry":{"type":"MultiPolygon","coordinates":[[[[2339737.146515597,6319435.364417836],[2339743.080055886,6319520.3006048165],[2339938.712584379,6319681.485208488],[2339951.8793653464,6319623.506215764],[2339737.146515597,6319435.364417836]]],[[[2339849.3017331813,6319272.843437473],[2339741.401496751,6319267.322159941],[2339725.864506607,6319255.804480062],[2339756.2873066333,6319369.126341526],[2339849.3017331813,6319272.843437473]]]]}},{"type":"Feature","properties":{"is_ochrann\u00fd_les":true},"geometry":{"type":"MultiPolygon","coordinates":[[[[2337872.827363466,6318828.411831661],[2338237.68570195,6318741.27407544],[2338326.0842198664,6318657.820752828],[2338327.080029271,6318608.104112915],[2338155.150478144,6318606.152059947],[2338189.9734736886,6318656.685483567],[2338123.582961801,6318605.511885547],[2338104.9695953587,6318628.461246358],[2338155.6779898186,6318666.315308638],[2338011.501894252,6318751.162870272],[2337770.3955423576,6318715.465581473],[2337801.3250003206,6318803.768772935],[2337731.9193060854,6318769.7114642635],[2337741.108280704,6318726.456417256],[2337672.593946747,6318739.5377113605],[2337692.1081484645,6318688.789992608],[2337655.4903717167,6318685.620467857],[2337650.277611701,6318743.646480135],[2337784.424660894,6318887.162510657],[2337851.900259332,6318894.026029446],[2337872.827363466,6318828.411831661]]],[[[2338175.333712633,6318378.624309926],[2338157.351541142,6318356.904376208],[2338148.77299416,6318376.0183710065],[2338175.333712633,6318378.624309926]]],[[[2338127.555608886,6318409.223556266],[2338149.6780695464,6318430.840144825],[2338145.7281999714,6318399.081833161],[2338127.555608886,6318409.223556266]]],[[[2338006.041355421,6318486.726867866],[2337973.0940971826,6318461.973689721],[2337983.6988402843,6318494.190623845],[2338006.041355421,6318486.726867866]]],[[[2337943.310451382,6318511.8703353675],[2337916.2821134776,6318487.23467938],[2337935.525222374,6318513.184763826],[2337943.310451382,6318511.8703353675]]],[[[2337908.3277381263,6318579.178344825],[2337893.737160267,6318497.153034039],[2337847.5760236587,6318515.449470915],[2337908.3277381263,6318579.178344825]]],[[[2338438.6929256297,6318601.157634656],[2338393.4874931634,6318597.533768468],[2338367.5542564867,6318643.565959639],[2338372.3183360347,6318647.72968466],[2338438.6929256297,6318601.157634656]]],[[[2337719.520255117,6318642.956633137],[2337805.7920910623,6318533.091443502],[2337632.598562618,6318656.661100376],[2337719.520255117,6318642.956633137]]],[[[2337888.817197825,6318726.091783765],[2337980.2576056155,6318724.496635722],[2338133.549356106,6318544.752972277],[2338340.9474528986,6318462.464348384],[2338378.2874053554,6318522.919840122],[2338531.9445063723,6318507.040142857],[2338601.17798746,6318564.382440213],[2338641.1191395833,6318515.2769885305],[2338395.6298882705,6318383.262716327],[2337858.839407982,6318679.080427835],[2337888.817197825,6318726.091783765]]]]}},{"type":"Feature","properties":{"is_ochrann\u00fd_les":true},"geometry":{"type":"Polygon","coordinates":[[[2337545.5604118314,6319935.449989737],[2337440.9190247958,6319887.274506821],[2337433.1618818548,6319923.615897263],[2337496.4009795743,6320001.22688357],[2337545.5604118314,6319935.449989737]]]}},{"type":"Feature","properties":{"is_ochrann\u00fd_les":true},"geometry":{"type":"Polygon","coordinates":[[[2337548.7268259176,6319956.476358269],[2337463.324856087,6320027.917560255],[2337352.784535515,6319933.757330475],[2337351.528132889,6319822.188852372],[2337403.787623487,6319812.143142971],[2337393.6434921618,6319892.057538153],[2337433.1618818548,6319923.615897263],[2337474.171448155,6319844.080268669],[2337432.6411301456,6319768.06233006],[2337453.0611330313,6319720.420962926],[2337394.540788187,6319702.722053328],[2337324.488194083,6319548.756321554],[2337278.997049863,6319553.775333331],[2337334.1293170745,6319690.677156357],[2337334.8294852264,6320064.874054404],[2337297.063660746,6320223.560939039],[2337335.0274041267,6320242.269176416],[2337386.7123126136,6320035.719351456],[2337515.8513325006,6320068.0485470295],[2337579.1827885057,6319988.064745713],[2337548.7268259176,6319956.476358269]]]}},{"type":"Feature","properties":{"is_ochrann\u00fd_les":true},"geometry":{"type":"Polygon","coordinates":[[[2337480.823754219,6319989.344318327],[2337450.7103876355,6319934.40752218],[2337343.730266337,6319871.384321787],[2337416.4326319974,6320008.743542967],[2337480.823754219,6319989.344318327]]]}},{"type":"Feature","properties":{"is_ochrann\u00fd_les":true},"geometry":{"type":"MultiPolygon","coordinates":[[[[2336541.6732339007,6322084.064988994],[2336453.900489507,6322020.246334951],[2336464.0656697396,6321971.839287832],[2336524.695071167,6322004.517730596],[2336507.4057011884,6321883.878510194],[2336346.2426339355,6322053.911563662],[2336222.0836340995,6322075.383658832],[2336402.7805134873,6322046.403942175],[2336497.81611536,6322202.045652402],[2336541.6732339007,6322084.064988994]]],[[[2336569.6071870923,6322214.941640987],[2336510.011322238,6322213.042265767],[2336585.426500215,6322289.057635338],[2336569.6071870923,6322214.941640987]]],[[[2336569.6071870923,6322214.941640987],[2336562.058311351,6322179.573712785],[2336555.307634394,6322147.946006517],[2336546.659955047,6322197.788347199],[2336569.6071870923,6322214.941640987]]]]}},{"type":"Feature","properties":{"is_ochrann\u00fd_les":true},"geometry":{"type":"MultiPolygon","coordinates":[[[[2336487.196954006,6322196.076920343],[2336377.2228022255,6322046.515204137],[2336220.956523317,6322106.476012987],[2336487.196954006,6322196.076920343]]],[[[2336464.0656697396,6321971.839287832],[2336453.900489507,6322020.246334951],[2336535.4546860275,6322054.929951697],[2336524.695071167,6322004.517730596],[2336464.0656697396,6321971.839287832]]],[[[2336183.7051143823,6322099.099880989],[2336168.0284768795,6322090.019711579],[2336157.0455667675,6322093.820891378],[2336183.7051143823,6322099.099880989]]],[[[2336541.6732339007,6322084.064988994],[2336497.81611536,6322202.045652402],[2336541.7030811715,6322223.082638312],[2336569.6071870923,6322214.941640987],[2336541.6732339007,6322084.064988994]]]]}},{"type":"Feature","properties":{"is_ochrann\u00fd_les":true},"geometry":{"type":"MultiPolygon","coordinates":[[[[2335700.242358022,6322441.927581855],[2335913.483729227,6322442.144282574],[2336007.727670735,6322198.375020186],[2335871.3275030707,6322383.819075325],[2335700.5663649496,6322398.648833912],[2335700.242358022,6322441.927581855]]],[[[2336136.2329168036,6322237.307048914],[2336061.9863260947,6322243.42072223],[2336043.5496721617,6322260.135395803],[2336137.376191353,6322331.663499714],[2336136.2329168036,6322237.307048914]]],[[[2336091.5393450703,6322373.160908404],[2336047.3944996838,6322433.36731716],[2336078.5718550687,6322469.904556383],[2336072.655608328,6322426.133508341],[2336091.5393450703,6322373.160908404]]]]}},{"type":"Feature","properties":{"is_ochrann\u00fd_les":true},"geometry":{"type":"MultiPolygon","coordinates":[[[[2335882.4128137324,6322562.306460324],[2336084.413743467,6322513.124703529],[2336052.1319741267,6322405.710489819],[2336137.376191353,6322331.663499714],[2336043.5496721617,6322260.135395803],[2336181.5639459984,6322214.776154973],[2336142.2578998483,6322098.938811826],[2336049.152165979,6322131.161447242],[2335902.64931473,6322450.867125232],[2335700.242358022,6322441.927581855],[2335706.2153357174,6322377.427442348],[2335435.296030959,6322441.155303072],[2335458.512772537,6322525.58456463],[2335751.878646983,6322530.857434688],[2335832.5068967263,6322653.488947291],[2335882.4128137324,6322562.306460324]]],[[[2336495.332339885,6322200.238360009],[2336253.654523625,6322112.95046928],[2336204.321473919,6322103.182241697],[2336240.930728591,6322192.400987419],[2336495.332339885,6322200.238360009]]]]}},{"type":"Feature","properties":{"is_ochrann\u00fd_les":true},"geometry":{"type":"Polygon","coordinates":[[[2348869.0241954136,6311720.37904467],[2348936.828579512,6311856.937115629],[2349016.4783787844,6311803.477763773],[2348971.8894866155,6311680.533024705],[2348869.0241954136,6311720.37904467]]]}},{"type":"Feature","properties":{"is_ochrann\u00fd_les":true},"geometry":{"type":"Polygon","coordinates":[[[2348571.2689659563,6311754.035441466],[2348528.117199929,6311824.312315175],[2348618.0901531633,6311835.611411823],[2348598.003417676,6311786.30368424],[2348571.2689659563,6311754.035441466]]]}},{"type":"Feature","properties":{"is_ochrann\u00fd_les":true},"geometry":{"type":"MultiPolygon","coordinates":[[[[2349157.0911765327,6311952.606784078],[2349070.765892753,6311946.149199505],[2349069.814589326,6311894.890811984],[2349112.893974579,6311889.624208881],[2349042.4258707105,6311686.447077803],[2348971.8894866155,6311680.533024705],[2349016.4783787844,6311803.477763773],[2348976.105937896,6311855.437056025],[2348888.4647959736,6311799.871813538],[2348869.0241954136,6311720.37904467],[2348809.94066412,6311735.211931291],[2348905.149704889,6311876.51943758],[2349197.723347995,6312038.684818386],[2349157.0911765327,6311952.606784078]]],[[[2349247.2362158275,6311929.564781213],[2349217.604535714,6312043.483428194],[2349260.937496878,6312053.94203622],[2349265.88379393,6312049.730140611],[2349247.2362158275,6311929.564781213]]]]}},{"type":"Feature","properties":{"is_ochrann\u00fd_les":true},"geometry":{"type":"Polygon","coordinates":[[[2349223.1316444646,6311774.217278863],[2349128.768936431,6311778.638299494],[2349042.4258707105,6311686.447077803],[2349112.893974579,6311889.624208881],[2349069.814589326,6311894.890811984],[2349070.765892753,6311946.149199505],[2349159.9500539196,6311933.367073698],[2349217.604535714,6312043.483428194],[2349247.2362158275,6311929.564781213],[2349223.1316444646,6311774.217278863]]]}},{"type":"Feature","properties":{"is_ochrann\u00fd_les":true},"geometry":{"type":"Polygon","coordinates":[[[2350382.373953592,6312026.225495981],[2350238.8670881605,6311946.769572182],[2350133.6969298846,6311820.641101943],[2350163.400716909,6312015.784861723],[2350382.373953592,6312026.225495981]]]}},{"type":"Feature","properties":{"is_ochrann\u00fd_les":true},"geometry":{"type":"Polygon","coordinates":[[[2350725.902570156,6312350.476237742],[2350707.5612865193,6312323.324982819],[2350745.3639129214,6312270.531481544],[2350709.0253800247,6312301.499208845],[2350717.392861664,6312222.074818856],[2350673.9215740287,6312201.253798524],[2350724.824865434,6312146.300188983],[2350675.172188531,6312152.6637839945],[2350689.95182101,6312105.523965661],[2350744.5244761733,6312121.059727734],[2350769.477667106,6312231.1253158245],[2350900.6494690916,6312259.275203147],[2350906.6564129675,6312217.74498532],[2350840.2558145607,6312173.266924287],[2350891.2660555444,6312063.459198074],[2350718.8917392218,6312076.442830041],[2350685.67334056,6312028.47656168],[2350682.861326231,6312094.066283002],[2350636.596110981,6312106.657845634],[2350670.7110538483,6312377.92072288],[2350725.902570156,6312350.476237742]]]}},{"type":"Feature","properties":{"is_ochrann\u00fd_les":true},"geometry":{"type":"Polygon","coordinates":[[[2349415.925505853,6311998.625271533],[2349368.5398184354,6311686.797817688],[2349310.0079413424,6311746.580781134],[2349301.1976131597,6311805.172564782],[2349364.755966568,6311900.498473112],[2349321.6259973,6311962.6306019975],[2349223.1316444646,6311774.217278863],[2349265.88379393,6312049.730140611],[2349415.925505853,6311998.625271533]]]}},{"type":"Feature","properties":{"is_ochrann\u00fd_les":true},"geometry":{"type":"MultiPolygon","coordinates":[[[[2353645.3675114466,6314255.128877565],[2353980.872828741,6313911.598111324],[2353965.7115710056,6313830.388779329],[2354053.9279708345,6313728.653190016],[2354035.2758921334,6313692.409143845],[2353918.8979834653,6313813.039640609],[2353616.819933728,6313765.240208216],[2353470.5838455027,6314100.0674197385],[2353498.166098118,6314205.41594129],[2353645.3675114466,6314255.128877565]]],[[[2353473.0299930675,6314079.657000239],[2353593.8013696577,6313761.424662095],[2353480.448841132,6313938.612662869],[2353473.0299930675,6314079.657000239]]]]}},{"type":"Feature","properties":{"is_ochrann\u00fd_les":true},"geometry":{"type":"Polygon","coordinates":[[[2352510.8063982152,6315300.0778377075],[2352356.6978336303,6315406.05196775],[2352267.6125982143,6315538.752006581],[2352491.8415005435,6315427.870890077],[2352593.6156979986,6315320.465070145],[2352510.8063982152,6315300.0778377075]]]}},{"type":"Feature","properties":{"is_ochrann\u00fd_les":true},"geometry":{"type":"Polygon","coordinates":[[[2353847.63481128,6315651.936781619],[2354184.555107339,6315778.533318927],[2354277.605854603,6315589.252215813],[2353911.967818811,6315539.5771897],[2353724.2497875746,6315387.067259215],[2353685.0964322006,6315259.382437455],[2353665.39249848,6315318.488178331],[2353702.923539915,6315469.118222482],[2353847.63481128,6315651.936781619]]]}},{"type":"Feature","properties":{"is_ochrann\u00fd_les":true},"geometry":{"type":"Polygon","coordinates":[[[2352837.458689028,6316227.491137034],[2352827.5258626794,6316097.719223412],[2353033.708951813,6316013.709917391],[2353027.5399975455,6315965.045333778],[2352871.4859302514,6316045.831296494],[2352609.0183008458,6316010.377715065],[2352807.5561951934,6316158.6887887055],[2352734.0819590883,6316332.521688641],[2352894.8876674133,6316281.08534733],[2352837.458689028,6316227.491137034]]]}},{"type":"Feature","properties":{"is_ochrann\u00fd_les":true},"geometry":{"type":"MultiPolygon","coordinates":[[[[2345707.5580629245,6315556.572762888],[2345784.7212264775,6315808.509685212],[2345851.418386459,6315893.116804442],[2345881.2018405977,6315874.952426122],[2345832.2602117644,6315600.898099887],[2345707.5580629245,6315556.572762888]]],[[[2345958.381254963,6315831.077926412],[2346096.8145418637,6315727.239114976],[2346084.1882642508,6315684.203041651],[2345934.5333874584,6315627.8979499955],[2345911.894756886,6315733.445880656],[2345963.5999722937,6315743.468146317],[2345908.015938093,6315812.708603377],[2345958.381254963,6315831.077926412]]],[[[2346109.232505422,6315779.046366424],[2346043.9356805463,6315811.713022001],[2345888.191920646,6315921.882817392],[2345919.7915890133,6315974.707170764],[2346072.709027096,6315886.540427599],[2346108.0430762568,6315861.810782495],[2346109.232505422,6315779.046366424]]],[[[2345631.383301347,6315650.844080003],[2345555.5309214545,6315776.097717172],[2345804.746239585,6315957.817617315],[2345720.621090557,6315870.787087399],[2345631.383301347,6315650.844080003]]],[[[2345635.3163254443,6315997.943320878],[2345541.4002550337,6315994.328254808],[2345493.5571134593,6315921.711172985],[2345447.4952776236,6316023.984430109],[2345674.1587190493,6316112.516532198],[2345701.514617928,6316061.68897726],[2345635.3163254443,6315997.943320878]]]]}},{"type":"Feature","properties":{"is_ochrann\u00fd_les":true},"geometry":{"type":"MultiPolygon","coordinates":[[[[2345804.746239585,6315957.817617315],[2346109.232505422,6315779.046366424],[2346096.8145418637,6315727.239114976],[2345958.381254963,6315831.077926412],[2345908.015938093,6315812.708603377],[2345963.5999722937,6315743.468146317],[2345911.894756886,6315733.445880656],[2345934.5333874584,6315627.8979499955],[2345832.2602117644,6315600.898099887],[2345881.2018405977,6315874.952426122],[2345851.418386459,6315893.116804442],[2345692.2389146406,6315575.645779292],[2345631.383301347,6315650.844080003],[2345769.343352035,6315922.728252977],[2345804.746239585,6315957.817617315]]],[[[2345701.514617928,6316061.68897726],[2345586.1905944236,6315882.89362033],[2345678.1244153897,6315841.401420598],[2345555.5309214545,6315776.097717172],[2345493.5571134593,6315921.711172985],[2345541.4002550337,6315994.328254808],[2345580.008922908,6315970.871814525],[2345701.514617928,6316061.68897726]]],[[[2346098.877384463,6316017.344329969],[2346005.5579444566,6316071.615254683],[2345979.301869343,6316093.506279997],[2346020.7624427467,6316153.960218669],[2346098.877384463,6316017.344329969]]],[[[2345608.2500342745,6316068.445270129],[2345447.4952776236,6316023.984430109],[2345444.0605912698,6316031.610634934],[2345522.6893265047,6316120.64975436],[2345619.465440666,6316088.011532376],[2345637.2877862314,6316182.44213593],[2345674.1587190493,6316112.516532198],[2345608.2500342745,6316068.445270129]]]]}},{"type":"Feature","properties":{"is_ochrann\u00fd_les":true},"geometry":{"type":"MultiPolygon","coordinates":[[[[2346108.0430762568,6315861.810782495],[2346026.677225872,6315886.272864828],[2345919.7915890133,6315974.707170764],[2345979.301869343,6316093.506279997],[2346098.877384463,6316017.344329969],[2346108.0430762568,6315861.810782495]]],[[[2345678.1244153897,6315841.401420598],[2345586.1905944236,6315882.89362033],[2345701.514617928,6316061.68897726],[2345787.158601164,6315970.370634245],[2345678.1244153897,6315841.401420598]]],[[[2346096.738578958,6316049.433855544],[2346020.7624427467,6316153.960218669],[2346088.4340465614,6316241.071415435],[2346097.8171086167,6316138.612524326],[2346096.738578958,6316049.433855544]]],[[[2345619.465440666,6316088.011532376],[2345530.5936991433,6316117.9838013],[2345522.6893265047,6316120.64975436],[2345591.3007025276,6316231.720629162],[2345637.2877862314,6316182.44213593],[2345619.465440666,6316088.011532376]]]]}},{"type":"Feature","properties":{"is_ochrann\u00fd_les":true},"geometry":{"type":"Polygon","coordinates":[[[2344524.5807426306,6316699.483465869],[2344410.2715799706,6316630.363382282],[2344328.994702946,6316654.213106452],[2344021.2929301555,6316871.560841282],[2344067.8807332274,6317032.967630286],[2344358.689649532,6317097.57327408],[2344473.8449891554,6316897.281476379],[2344524.5807426306,6316699.483465869]]]}},{"type":"Feature","properties":{"is_ochrann\u00fd_les":true},"geometry":{"type":"Polygon","coordinates":[[[2344067.8807332274,6317032.967630286],[2344021.2929301555,6316871.560841282],[2343980.4085161914,6317037.843545072],[2344067.8807332274,6317032.967630286]]]}},{"type":"Feature","properties":{"is_ochrann\u00fd_les":true},"geometry":{"type":"MultiPolygon","coordinates":[[[[2347143.5176603277,6317447.196696542],[2347129.684746228,6317477.403771032],[2347217.006732414,6317622.328144546],[2346999.425902982,6317856.077459513],[2347256.270519104,6317693.562844721],[2347240.0856144214,6317566.803146367],[2347143.5176603277,6317447.196696542]]],[[[2346939.718469058,6317792.634664281],[2346883.4620354753,6317858.639852494],[2346822.149408059,6317925.16843374],[2346858.6455852734,6317912.307440443],[2346939.718469058,6317792.634664281]]]]}},{"type":"Feature","properties":{"is_ochrann\u00fd_les":true},"geometry":{"type":"MultiPolygon","coordinates":[[[[2347151.1248441823,6317924.377819474],[2346890.227703365,6317975.379508477],[2346876.9968942893,6318032.6219005305],[2346936.5072215525,6318117.323496614],[2347249.493094793,6317997.904378715],[2347151.1248441823,6317924.377819474]]],[[[2347129.684746228,6317477.403771032],[2347082.192537171,6317625.361447558],[2346858.6455852734,6317912.307440443],[2346999.425902982,6317856.077459513],[2347217.006732414,6317622.328144546],[2347129.684746228,6317477.403771032]]]]}},{"type":"Feature","properties":{"is_ochrann\u00fd_les":true},"geometry":{"type":"MultiPolygon","coordinates":[[[[2347151.1248441823,6317924.377819474],[2347297.048798871,6318026.355888532],[2347424.7802559147,6317954.700549103],[2347340.2193183564,6317766.879385224],[2347291.248006299,6317784.50911671],[2347256.270519104,6317693.562844721],[2346814.6100958055,6317933.348833673],[2346876.9968942893,6318032.6219005305],[2346890.227703365,6317975.379508477],[2347151.1248441823,6317924.377819474]]],[[[2347161.236895541,6317358.31497784],[2347131.399691106,6317350.778395963],[2347178.9635651656,6317414.177373524],[2347161.236895541,6317358.31497784]]],[[[2347202.579198932,6317395.776850934],[2347227.1973377545,6317447.202687055],[2347186.027842961,6317453.427595198],[2347273.209044875,6317554.823993709],[2347256.30581832,6317443.852168201],[2347202.579198932,6317395.776850934]]],[[[2347091.0030670553,6318242.692022215],[2347301.160526448,6318138.014196339],[2347300.1779541494,6318063.713934192],[2347008.592717735,6318186.775228055],[2347091.0030670553,6318242.692022215]]],[[[2347290.002213216,6318282.266146945],[2347207.860458448,6318283.715286582],[2347151.479901047,6318316.343629174],[2347274.310303315,6318394.705968201],[2347290.002213216,6318282.266146945]]]]}},{"type":"Feature","properties":{"is_ochrann\u00fd_les":true},"geometry":{"type":"MultiPolygon","coordinates":[[[[2347249.493094793,6317997.904378715],[2347007.776950255,6318089.336659541],[2346936.5072215525,6318117.323496614],[2347008.592717735,6318186.775228055],[2347300.1779541494,6318063.713934192],[2347249.493094793,6317997.904378715]]],[[[2347290.002213216,6318282.266146945],[2347301.160526448,6318138.014196339],[2347221.8181914813,6318205.978886039],[2347046.8986302055,6318226.003360949],[2347151.479901047,6318316.343629174],[2347290.002213216,6318282.266146945]]]]}},{"type":"Feature","properties":{"is_ochrann\u00fd_les":true},"geometry":{"type":"Polygon","coordinates":[[[2352981.390248653,6324108.521933622],[2353068.715569993,6323896.0388607895],[2352986.0561618605,6324036.3679277655],[2352920.3595615327,6324061.6280886335],[2352676.320938903,6323715.5652983235],[2352501.809444735,6323381.786517967],[2352340.4170645652,6323231.2799051525],[2352188.953210218,6323261.363040592],[2352447.7061368087,6323408.447394184],[2352606.3958302625,6323750.403864751],[2352859.2324360283,6324063.233360019],[2352981.390248653,6324108.521933622]]]}},{"type":"Feature","properties":{"is_ochrann\u00fd_les":true},"geometry":{"type":"MultiPolygon","coordinates":[[[[2347330.2663263865,6323818.344315067],[2347540.46683238,6323509.194082177],[2347675.188867354,6323337.304815049],[2347722.588482618,6323102.137895553],[2347614.2141957507,6323339.465429352],[2347245.9515061704,6323876.489834237],[2347330.2663263865,6323818.344315067]]],[[[2347863.6262553767,6322956.986473213],[2347754.8421205706,6323073.4945393065],[2347747.237035724,6323137.187827789],[2347820.368465764,6323078.028609924],[2347863.6262553767,6322956.986473213]]],[[[2347935.096896336,6323076.934602032],[2347873.849974129,6322974.155403758],[2347825.3681961996,6323080.424294396],[2347767.8960920083,6323126.262329789],[2347829.645114274,6323120.930040775],[2347859.6651377818,6323180.7789207455],[2347965.6301463796,6323163.6927279495],[2347907.3481960753,6323155.077384879],[2347935.096896336,6323076.934602032]]],[[[2347763.437965093,6323310.536167486],[2347719.088906604,6323264.317794471],[2347692.393481849,6323383.236064327],[2347763.437965093,6323310.536167486]]],[[[2347672.2625092766,6323349.574589484],[2347627.393524843,6323420.460742123],[2347562.603702477,6323491.274789408],[2347625.0897031818,6323443.530901144],[2347672.2625092766,6323349.574589484]]]]}},{"type":"Feature","properties":{"is_ochrann\u00fd_les":true},"geometry":{"type":"Polygon","coordinates":[[[2354613.1431874237,6315594.539624063],[2354946.061063899,6315511.229923901],[2355056.9703254956,6315503.599951194],[2354703.287897146,6315500.80684157],[2354592.7160778707,6315550.293874603],[2354512.799252099,6315499.218071993],[2354613.1431874237,6315594.539624063]]]}},{"type":"Feature","properties":{"is_ochrann\u00fd_les":true},"geometry":{"type":"MultiPolygon","coordinates":[[[[2354703.287897146,6315500.80684157],[2354543.3137792954,6315499.538795662],[2354592.7160778707,6315550.293874603],[2354703.287897146,6315500.80684157]]],[[[2354602.7171100336,6315616.696770059],[2354736.928071685,6315565.441785773],[2354613.1431874237,6315594.539624063],[2354547.026289422,6315551.711365073],[2354602.7171100336,6315616.696770059]]]]}},{"type":"Feature","properties":{"is_ochrann\u00fd_les":true},"geometry":{"type":"Polygon","coordinates":[[[2354935.438198813,6315514.121164104],[2354591.544145452,6315621.177327734],[2354618.039207833,6315725.567049873],[2354507.396722468,6316076.213794104],[2354935.438198813,6315514.121164104]]]}},{"type":"Feature","properties":{"is_ochrann\u00fd_les":true},"geometry":{"type":"Polygon","coordinates":[[[2356542.734319483,6316044.293882463],[2356457.977108805,6315994.18259985],[2356394.302637831,6316043.767279664],[2356426.1332788086,6316086.681663409],[2356542.734319483,6316044.293882463]]]}},{"type":"Feature","properties":{"is_ochrann\u00fd_les":true},"geometry":{"type":"MultiPolygon","coordinates":[[[[2356543.3256143527,6316044.751712331],[2356426.1332788086,6316086.681663409],[2356440.168024682,6316258.973765257],[2356751.8469088185,6316213.437095445],[2356659.400243259,6316182.153423774],[2356543.3256143527,6316044.751712331]]],[[[2356318.3568968317,6315918.625657164],[2356394.302637831,6316043.767279664],[2356457.977108805,6315994.18259985],[2356387.7832830762,6315948.403359515],[2356318.3568968317,6315918.625657164]]]]}},{"type":"Feature","properties":{"is_ochrann\u00fd_les":true},"geometry":{"type":"MultiPolygon","coordinates":[[[[2332714.343747581,6323464.133513744],[2333061.389551585,6323331.84001999],[2333126.9541730126,6323372.529197859],[2333188.9324649423,6323428.101538984],[2333291.0576919504,6323470.030557266],[2333309.9317758805,6323460.011949223],[2333039.700561538,6323266.020387636],[2332608.0868937923,6323360.820469171],[2332642.2694434295,6323510.908283653],[2332714.343747581,6323464.133513744]]],[[[2333157.537364567,6323407.155817445],[2333113.1112857643,6323369.868694642],[2333110.3462928445,6323460.10662343],[2333157.537364567,6323407.155817445]]],[[[2332706.648048259,6323475.880576624],[2332645.0606625504,6323515.491969142],[2332594.3055167454,6323534.100407498],[2332539.957135924,6323594.41610733],[2332720.51602542,6323566.349899761],[2332706.648048259,6323475.880576624]]]]}},{"type":"Feature","properties":{"is_ochrann\u00fd_les":true},"geometry":{"type":"MultiPolygon","coordinates":[[[[2333060.7708742158,6323337.478096212],[2333025.1890492183,6323356.636943587],[2333069.330428629,6323506.013858411],[2333088.6353808865,6323484.406919274],[2333060.7708742158,6323337.478096212]]],[[[2332914.740614613,6323543.87119001],[2332885.6384959626,6323425.663764406],[2332886.443035387,6323547.146584656],[2332914.740614613,6323543.87119001]]],[[[2332794.6218631472,6323436.887029702],[2332767.3256770317,6323448.399224728],[2332783.929658153,6323559.0112211695],[2332818.4659539214,6323555.014167054],[2332794.6218631472,6323436.887029702]]]]}},{"type":"Feature","properties":{"is_ochrann\u00fd_les":true},"geometry":{"type":"MultiPolygon","coordinates":[[[[2333025.1890492183,6323356.636943587],[2332903.4164930317,6323424.10458251],[2332914.740614613,6323543.87119001],[2333069.330428629,6323506.013858411],[2333025.1890492183,6323356.636943587]]],[[[2333080.711028476,6323346.819292282],[2333081.920676162,6323424.417060531],[2333088.6353808865,6323484.406919274],[2333113.282659441,6323369.0406392915],[2333080.711028476,6323346.819292282]]],[[[2332885.6384959626,6323425.663764406],[2332794.6218631472,6323436.887029702],[2332818.4659539214,6323555.014167054],[2332886.443035387,6323547.146584656],[2332885.6384959626,6323425.663764406]]],[[[2332767.3256770317,6323448.399224728],[2332706.648048259,6323475.880576624],[2332720.51602542,6323566.349899761],[2332783.929658153,6323559.0112211695],[2332767.3256770317,6323448.399224728]]]]}},{"type":"Feature","properties":{"is_ochrann\u00fd_les":true},"geometry":{"type":"Polygon","coordinates":[[[2332531.367310104,6323595.9383806875],[2332642.2694434295,6323510.908283653],[2332608.0868937923,6323360.820469171],[2332130.265742214,6323377.2115929155],[2332035.355059258,6323465.065365051],[2332127.9301599567,6323438.566674944],[2332375.75860002,6323628.718707137],[2332531.367310104,6323595.9383806875]]]}},{"type":"Feature","properties":{"is_ochrann\u00fd_les":true},"geometry":{"type":"Polygon","coordinates":[[[2339324.8056837767,6323615.23362189],[2339650.21953908,6323379.0730453115],[2339543.533226326,6323307.932051374],[2339457.9088643934,6323111.980842837],[2339355.4223030736,6323404.83076114],[2339177.917366719,6323520.454441424],[2339324.8056837767,6323615.23362189]]]}},{"type":"Feature","properties":{"is_ochrann\u00fd_les":true},"geometry":{"type":"MultiPolygon","coordinates":[[[[2334886.341245133,6323371.1187122585],[2334833.164876823,6323382.690599396],[2334867.0816254797,6323614.981032092],[2334921.1406196957,6323556.176389295],[2334886.341245133,6323371.1187122585]]],[[[2334903.2566110534,6323367.573909048],[2334990.1464722645,6323392.346592474],[2334997.329388997,6323348.100708213],[2334903.2566110534,6323367.573909048]]],[[[2334976.1794464644,6323712.766296948],[2334954.670770738,6323673.340390597],[2334878.028592273,6323639.631633277],[2334910.217304002,6323727.815748175],[2334976.1794464644,6323712.766296948]]]]}},{"type":"Feature","properties":{"is_ochrann\u00fd_les":true},"geometry":{"type":"Polygon","coordinates":[[[2334950.625638419,6323715.993744899],[2334990.1464722645,6323392.346592474],[2334886.341245133,6323371.1187122585],[2334921.1406196957,6323556.176389295],[2334867.0816254797,6323614.981032092],[2334954.670770738,6323673.340390597],[2334950.625638419,6323715.993744899]]]}},{"type":"Feature","properties":{"is_ochrann\u00fd_les":true},"geometry":{"type":"Polygon","coordinates":[[[2335041.646883972,6324085.977422623],[2335057.733733161,6324003.679255452],[2334999.658397465,6323937.460593905],[2334976.3134052656,6323732.484239009],[2334910.217304002,6323727.815748175],[2334962.301918167,6324111.1722797975],[2335041.646883972,6324085.977422623]]]}},{"type":"Feature","properties":{"is_ochrann\u00fd_les":true},"geometry":{"type":"Polygon","coordinates":[[[2334266.9863755084,6325320.279512274],[2334404.129919547,6325126.385008647],[2334332.550262386,6324928.590320335],[2334182.9054785487,6324777.169795381],[2334113.4008321334,6324774.113795214],[2334018.1063776184,6324908.700230143],[2333882.8095851056,6324971.249261912],[2333628.735818332,6324941.6769416435],[2333509.646537806,6324980.22332853],[2333132.9221746977,6325241.78160574],[2332812.009478619,6325577.567037493],[2333196.0760513376,6325478.5960960565],[2333323.3368916553,6325370.956536432],[2333752.855009801,6325175.607878821],[2333823.65933973,6325290.598855537],[2334266.9863755084,6325320.279512274]]]}},{"type":"Feature","properties":{"is_ochrann\u00fd_les":true},"geometry":{"type":"MultiPolygon","coordinates":[[[[2332451.6501348303,6325962.376403658],[2332606.074449498,6325972.853697801],[2332802.160040645,6325881.559780629],[2332953.129989188,6325708.312256569],[2333027.7200312223,6325817.440882835],[2333139.8185440185,6325729.634186659],[2333257.171565946,6325784.965314613],[2333413.4169016173,6325727.252715217],[2333594.426761321,6325576.795146774],[2333358.3792141583,6325511.212379977],[2332792.493241702,6325575.757724687],[2332159.991769556,6325868.705345948],[2332328.819719752,6326024.687536207],[2332451.6501348303,6325962.376403658]]],[[[2332154.025770449,6325929.388204831],[2332064.250108662,6325916.847630145],[2332208.461062428,6326008.222180161],[2332154.025770449,6325929.388204831]]],[[[2331975.217651588,6326026.68306562],[2331948.881521566,6326072.424126571],[2331929.148990866,6326109.260039996],[2332017.126808971,6326077.412546944],[2331975.217651588,6326026.68306562]]]]}},{"type":"Feature","properties":{"is_ochrann\u00fd_les":true},"geometry":{"type":"Polygon","coordinates":[[[2333170.6729667913,6325968.825940169],[2333413.4169016173,6325727.252715217],[2333257.171565946,6325784.965314613],[2333139.8185440185,6325729.634186659],[2333027.7200312223,6325817.440882835],[2332953.129989188,6325708.312256569],[2332802.160040645,6325881.559780629],[2332606.074449498,6325972.853697801],[2332428.3304997715,6325969.093305382],[2332384.7380842473,6326019.776450904],[2332504.3378091385,6326026.329995964],[2332791.4489727207,6325929.973934529],[2333170.6729667913,6325968.825940169]]]}},{"type":"Feature","properties":{"is_ochrann\u00fd_les":true},"geometry":{"type":"MultiPolygon","coordinates":[[[[2332064.250108662,6325916.847630145],[2331975.217651588,6326026.68306562],[2332017.126808971,6326077.412546944],[2332184.405018456,6326016.921785557],[2332064.250108662,6325916.847630145]]],[[[2332159.991769556,6325868.705345948],[2332111.88362025,6325891.383376132],[2332208.461062428,6326008.222180161],[2332328.819719752,6326024.687536207],[2332159.991769556,6325868.705345948]]]]}},{"type":"Feature","properties":{"is_ochrann\u00fd_les":true},"geometry":{"type":"MultiPolygon","coordinates":[[[[2333817.763607591,6326667.064690717],[2333527.3559785695,6326630.912428811],[2333286.3029344147,6326664.036443769],[2333274.7560018958,6326713.712095003],[2333559.715835883,6326938.589919989],[2333734.3541175704,6327274.885563529],[2333739.2489442592,6326744.92030957],[2333817.763607591,6326667.064690717]]],[[[2333294.1585016414,6326788.549937153],[2333329.272847388,6326866.924449835],[2333453.486430733,6326908.819670381],[2333555.9182210932,6327011.099184312],[2333518.8029767172,6326941.97970971],[2333294.1585016414,6326788.549937153]]]]}},{"type":"Feature","properties":{"is_ochrann\u00fd_les":true},"geometry":{"type":"MultiPolygon","coordinates":[[[[2347719.352585712,6321812.148014344],[2347724.6057220083,6321445.521296107],[2347619.584749988,6321499.309300216],[2347367.240103468,6321464.861577587],[2347448.361237363,6321750.234823888],[2347377.6476804884,6321796.688404647],[2347416.0297339237,6321967.274929814],[2347477.509427177,6321803.305331077],[2347586.4914504387,6321860.688644566],[2347678.994441237,6322028.3978048405],[2347661.088187058,6322316.3378878515],[2347557.854359982,6322749.284794299],[2347632.7274868446,6322782.004267677],[2347585.8464602274,6322677.503120123],[2347732.4548779945,6322413.723430286],[2347727.775179337,6322308.253701788],[2347808.394428927,6322015.106707203],[2347719.352585712,6321812.148014344]]],[[[2347377.843095812,6321837.909932813],[2347385.878563142,6321911.527375399],[2347336.117826969,6321988.732026893],[2347410.458243368,6321968.768191998],[2347377.843095812,6321837.909932813]]]]}},{"type":"Feature","properties":{"is_ochrann\u00fd_les":true},"geometry":{"type":"Polygon","coordinates":[[[2349407.0352386427,6328802.226948747],[2349243.022788327,6328784.452653299],[2349090.259324675,6328619.00396074],[2348788.4912142344,6328882.794841195],[2348924.2932784986,6329031.662777858],[2349278.979712241,6329093.907139977],[2349321.3980344296,6328918.123372558],[2349407.0352386427,6328802.226948747]]]}},{"type":"Feature","properties":{"is_ochrann\u00fd_les":true},"geometry":{"type":"Polygon","coordinates":[[[2349482.4073349363,6328920.571685575],[2349441.134552882,6328815.836222771],[2349383.333320772,6328820.274565541],[2349278.979712241,6329093.907139977],[2349412.7946719327,6329165.6276888205],[2349684.2255090196,6329194.661500738],[2349654.56921335,6329002.069046253],[2349482.4073349363,6328920.571685575]]]}}]}