{"type":"FeatureCollection","name":"tmpx4zq3ypm","features":[{"type":"Feature","properties":{},"geometry":{"type":"MultiPolygon","coordinates":[[[[21.176470201290748,49.18507560138805,0.0],[21.17558260805716,49.18517017070015,0.0],[21.175311829116904,49.185156843230644,0.0],[21.175236126806496,49.1851531163823,0.0],[21.174908711039013,49.18517092713219,0.0],[21.17465097376067,49.18518494523869,0.0],[21.174651872941936,49.18515940731569,0.0],[21.17463193146832,49.18516733511119,0.0],[21.17460678936999,49.185176900532554,0.0],[21.174082427419574,49.185375189554826,0.0],[21.17386054236216,49.18547446962691,0.0],[21.173676011787805,49.1855718573001,0.0],[21.173355422765564,49.1857346626254,0.0],[21.17310902200766,49.18585008689618,0.0],[21.17293880270408,49.18592982284165,0.0],[21.172925441171802,49.18593608128235,0.0],[21.172924746429942,49.18593649342804,0.0],[21.172557676400455,49.186154297978185,0.0],[21.17224290627241,49.18651775961629,0.0],[21.172227080410593,49.186544950903304,0.0],[21.172188379057072,49.18661144739456,0.0],[21.172006124104374,49.18692458544673,0.0],[21.171986999211512,49.18695744554009,0.0],[21.17183233086763,49.18722318429227,0.0],[21.171691451615487,49.187383230332905,0.0],[21.171534477030267,49.18756155946282,0.0],[21.171622754203067,49.18756947784396,0.0],[21.17170449819724,49.187636350895104,0.0],[21.171856040805988,49.18765312592675,0.0],[21.17194709999042,49.1876024336216,0.0],[21.17215079590608,49.18760462819474,0.0],[21.17192749643979,49.18783860383951,0.0],[21.17188277466912,49.187885464320445,0.0],[21.171547020875458,49.18800816001958,0.0],[21.17131269951427,49.18810329038996,0.0],[21.171140240768977,49.18829720457057,0.0],[21.170989247584686,49.18831865189964,0.0],[21.1707576802046,49.18817903745889,0.0],[21.170672180240654,49.18823373261345,0.0],[21.17050024751682,49.18834372096849,0.0],[21.16998339811507,49.18853384195949,0.0],[21.169956154523025,49.18854386271259,0.0],[21.169682532096658,49.188644511636426,0.0],[21.169348832909442,49.18879220619145,0.0],[21.16919855682879,49.188858716942136,0.0],[21.16915025633164,49.188895848182874,0.0],[21.169007505227064,49.189005585295725,0.0],[21.168936825985373,49.189114006946774,0.0],[21.168918378882857,49.18943453824529,0.0],[21.169011991436854,49.18974210853617,0.0],[21.169184911170664,49.18998491866686,0.0],[21.16933339112413,49.19021823030145,0.0],[21.169465664787715,49.19071506851497,0.0],[21.169558304592602,49.190877942140304,0.0],[21.16961627184831,49.19092237966616,0.0],[21.169695512741278,49.190983126046426,0.0],[21.169874439770528,49.190988891368356,0.0],[21.170096222258834,49.190867048247426,0.0],[21.170265148476368,49.19074412361492,0.0],[21.17039260178056,49.19084815928188,0.0],[21.170357229540045,49.190880612635645,0.0],[21.170210202782137,49.19101550156288,0.0],[21.170054050962108,49.191078341073386,0.0],[21.170001267365446,49.19108981021072,0.0],[21.169811655534243,49.191050083614506,0.0],[21.169787627236417,49.19105374159416,0.0],[21.169845779175898,49.191217589214844,0.0],[21.16987250496654,49.191292889841094,0.0],[21.16986807757705,49.19164347816462,0.0],[21.169863448690318,49.1916591813661,0.0],[21.169606327595034,49.19253135503014,0.0],[21.169570792742643,49.19268978533406,0.0],[21.169557263231958,49.192750101431734,0.0],[21.169393536424874,49.192911960403315,0.0],[21.169116128970824,49.19335544636325,0.0],[21.16910584240963,49.19342570970789,0.0],[21.16911761278494,49.193462540021535,0.0],[21.16918170245011,49.193517284343855,0.0],[21.169248450341293,49.193535602871094,0.0],[21.169489291845252,49.193543151580215,0.0],[21.16958133243823,49.19355414990791,0.0],[21.16981999129371,49.19363911270198,0.0],[21.169904429360198,49.19372865558933,0.0],[21.169725221640697,49.193745259349875,0.0],[21.16940227245641,49.19392985033644,0.0],[21.169348411390384,49.19407419664188,0.0],[21.16931977403888,49.19426191721774,0.0],[21.169182092559396,49.194270433431114,0.0],[21.169050060244583,49.19406739538112,0.0],[21.168887803570748,49.19404351549498,0.0],[21.168784390485882,49.19426282286119,0.0],[21.168601744383288,49.19474591785506,0.0],[21.16863554667829,49.1948172328973,0.0],[21.1686299139715,49.194894407187775,0.0],[21.168750008621963,49.19509707141597,0.0],[21.168492039617984,49.19516633445507,0.0],[21.16848497978818,49.1953208130577,0.0],[21.168503775367565,49.195409802367735,0.0],[21.16838879468528,49.19548354771507,0.0],[21.168298243571297,49.19556910897287,0.0],[21.168139633072684,49.19569825553171,0.0],[21.168122476836572,49.19573202839197,0.0],[21.168005934671235,49.1958513436725,0.0],[21.167765754054447,49.19603853015054,0.0],[21.167698956622583,49.1960766752477,0.0],[21.167712015611105,49.19608768383865,0.0],[21.167712155362505,49.19608780164755,0.0],[21.167745131774254,49.19607074133931,0.0],[21.16805956152048,49.1963190674411,0.0],[21.168054307832435,49.19633543154628,0.0],[21.168321770423045,49.196459367343884,0.0],[21.16835201091731,49.196470849679095,0.0],[21.1692733550348,49.19682069456382,0.0],[21.169530445910265,49.19687504357254,0.0],[21.169767310361532,49.1969251176959,0.0],[21.169979079788554,49.196969884993564,0.0],[21.17012204091272,49.197090388506666,0.0],[21.17044928527258,49.19711169300047,0.0],[21.1708433602679,49.19722652385326,0.0],[21.171246058922513,49.197343866770765,0.0],[21.17124673604977,49.19734405632088,0.0],[21.171331289160623,49.197115810567304,0.0],[21.171065986012433,49.196735799885325,0.0],[21.171062452520527,49.19672902672732,0.0],[21.171061011185408,49.19672102820547,0.0],[21.17105815634315,49.19637039542729,0.0],[21.1710593669542,49.19636268702929,0.0],[21.171175279425515,49.196007260551134,0.0],[21.171176399303604,49.19600426101818,0.0],[21.171318715165697,49.19562301344107,0.0],[21.17150272659552,49.19489913856922,0.0],[21.171505323230384,49.194892689767485,0.0],[21.171640825238857,49.19465068203005,0.0],[21.171701375670548,49.19457144251275,0.0],[21.17183853874298,49.19439194061484,0.0],[21.17186622545136,49.19436243194042,0.0],[21.17213059674775,49.19408066284792,0.0],[21.17231138340363,49.19388819172203,0.0],[21.17234786653135,49.193849367569904,0.0],[21.172871185692415,49.19329246718574,0.0],[21.172834922558526,49.19313874034882,0.0],[21.172818802913635,49.19292142043051,0.0],[21.172818800051058,49.19292138433239,0.0],[21.172802642235958,49.1927035536729,0.0],[21.17284792554999,49.192340677424895,0.0],[21.17286429084401,49.192209543751794,0.0],[21.172978527611775,49.19179749020309,0.0],[21.172982064942317,49.19178977632278,0.0],[21.173305661887564,49.19136142616684,0.0],[21.173317739380916,49.191345442062726,0.0],[21.173310225723156,49.191320237616594,0.0],[21.173308160741513,49.19131331154229,0.0],[21.17303866159922,49.19040934418903,0.0],[21.173027902244726,49.190340168000134,0.0],[21.17299027813223,49.190098262111135,0.0],[21.172990669659722,49.19009281548028,0.0],[21.17299353425348,49.19008498330905,0.0],[21.17299913843886,49.19007819385229,0.0],[21.17300126263347,49.19007562004519,0.0],[21.1731004985266,49.189989068990506,0.0],[21.173209037597687,49.18989440027751,0.0],[21.173404715894815,49.18966383434089,0.0],[21.17342241452182,49.18963369754467,0.0],[21.173573037735302,49.18937740768933,0.0],[21.173577410438917,49.18937228645417,0.0],[21.173591047412092,49.18936048853258,0.0],[21.173715456147526,49.18925386452871,0.0],[21.1737749410391,49.189214704205554,0.0],[21.17406072681182,49.18902657581309,0.0],[21.174243860601532,49.18888833691346,0.0],[21.1742780932821,49.18886249578227,0.0],[21.174637547090814,49.18859115738467,0.0],[21.174685623936593,49.18855486591249,0.0],[21.174772717197175,49.188424368619195,0.0],[21.174846545225474,49.1883137459636,0.0],[21.174954656607728,49.1880237351957,0.0],[21.175086747350594,49.18781298597675,0.0],[21.17509266054155,49.187805925235715,0.0],[21.175441430958553,49.18752629059288,0.0],[21.175450148085176,49.187520706612396,0.0],[21.176035449040455,49.18722133268914,0.0],[21.17606298050203,49.18721481780779,0.0],[21.17606754185674,49.1872137380435,0.0],[21.17624723747689,49.187210443038495,0.0],[21.176263028909457,49.18721219291923,0.0],[21.17627412068094,49.18721565829368,0.0],[21.177009807952654,49.187515938409476,0.0],[21.1778483908372,49.187843550031666,0.0],[21.178558134882355,49.18801525770628,0.0],[21.17892799936439,49.18810768787392,0.0],[21.17893891968109,49.18811138167584,0.0],[21.17931750012162,49.18830710848276,0.0],[21.17937639980979,49.18832946102168,0.0],[21.179562085826667,49.18839992940151,0.0],[21.17966731180116,49.18843986254607,0.0],[21.179827690469942,49.18842697129551,0.0],[21.179880298935707,49.1884227435841,0.0],[21.18003724869994,49.18824865869386,0.0],[21.18010839485952,49.18803087745077,0.0],[21.18012853182872,49.18765299299882,0.0],[21.18013033373908,49.18764502574825,0.0],[21.18050109266282,49.18687566598193,0.0],[21.18050608321631,49.18686830609549,0.0],[21.18050954035561,49.186864902419615,0.0],[21.18051797187889,49.186859043594026,0.0],[21.1805281819355,49.18685456275826,0.0],[21.181210156716617,49.18662305345727,0.0],[21.18213214873242,49.185987746337084,0.0],[21.182141561749564,49.18598256891487,0.0],[21.1828513488551,49.185698891696696,0.0],[21.18286266411569,49.18569575049027,0.0],[21.18336289351225,49.185598483966515,0.0],[21.183373325451825,49.18559715965497,0.0],[21.183380297467632,49.185597240546166,0.0],[21.183748011417237,49.185628358310765,0.0],[21.183759489534797,49.185630250668254,0.0],[21.183779866849395,49.18563531776928,0.0],[21.183939211634975,49.18567495025592,0.0],[21.184101215354033,49.18571524526718,0.0],[21.184099747373146,49.18570534035578,0.0],[21.18407328232312,49.18552682919357,0.0],[21.18406200177473,49.185481735745455,0.0],[21.183968999342696,49.18510983479158,0.0],[21.18408611972951,49.18477401316574,0.0],[21.18419259649001,49.18446870115574,0.0],[21.184235282711338,49.18434630384428,0.0],[21.18427051839795,49.18420534925882,0.0],[21.183775451136363,49.18386283755843,0.0],[21.18322959215114,49.18348517473569,0.0],[21.182832445044088,49.182026664757416,0.0],[21.18298441320896,49.18150526470638,0.0],[21.182658376895596,49.181466285739944,0.0],[21.182694843867,49.18135607152739,0.0],[21.182886104550843,49.18128823659173,0.0],[21.18304246797596,49.181306076351134,0.0],[21.183101554237126,49.18110334544829,0.0],[21.182921699435553,49.180553096882505,0.0],[21.182859014144398,49.180302768946845,0.0],[21.18284160394913,49.17994528884521,0.0],[21.183260475363962,49.17912071884381,0.0],[21.18365327086802,49.178581061897454,0.0],[21.18392219011209,49.178332626309114,0.0],[21.184384120056123,49.17796949782667,0.0],[21.18448675870519,49.17786647687034,0.0],[21.184470931926533,49.17785086726184,0.0],[21.184024833193433,49.17803488845967,0.0],[21.184013937946084,49.17803956870315,0.0],[21.18400221780897,49.178044603075264,0.0],[21.183722797386917,49.178164630649334,0.0],[21.18320884228818,49.17864649177469,0.0],[21.18288478340061,49.17889779456482,0.0],[21.182679919043945,49.17901481585361,0.0],[21.182227318529314,49.17935500327456,0.0],[21.18193407235833,49.17973383604234,0.0],[21.181823975588323,49.179814844926504,0.0],[21.181823820372212,49.17981495890471,0.0],[21.181838975988896,49.17982476313686,0.0],[21.18209922323508,49.17999685518684,0.0],[21.18201379976719,49.18012238087693,0.0],[21.181886907818505,49.18027092016576,0.0],[21.181837044276197,49.180247051360304,0.0],[21.181627191428642,49.18029381206997,0.0],[21.181599848182227,49.17998993208899,0.0],[21.181596789074863,49.17997003994847,0.0],[21.181326712578148,49.18008651930138,0.0],[21.18130677066769,49.180095119696816,0.0],[21.18120689738459,49.18019957486349,0.0],[21.181155403311624,49.18038382335474,0.0],[21.181119102988884,49.180513708448025,0.0],[21.181113719451513,49.18056396736302,0.0],[21.181130872486463,49.18057870964846,0.0],[21.181289706652386,49.1806945585716,0.0],[21.18150402315727,49.18075867648828,0.0],[21.181457561057094,49.180899978372594,0.0],[21.18138573304041,49.180948832587134,0.0],[21.18120437666598,49.18092158010185,0.0],[21.18109854103353,49.18108643671169,0.0],[21.181026014325937,49.18106731642278,0.0],[21.18100488901368,49.18106266919099,0.0],[21.180988622059594,49.181105873294364,0.0],[21.180797045897616,49.18161469184599,0.0],[21.180718117177555,49.18182431848595,0.0],[21.180728202348096,49.182039458320496,0.0],[21.18073028093739,49.18208378127208,0.0],[21.18057106297803,49.18238613635326,0.0],[21.18054838384795,49.18242920390543,0.0],[21.180577820383718,49.18243130500259,0.0],[21.180750232625904,49.18244146730611,0.0],[21.180745747831264,49.182807796781994,0.0],[21.180751514705715,49.183208280120446,0.0],[21.180628543535683,49.18333977824592,0.0],[21.180052679413592,49.183621055341234,0.0],[21.179850813421652,49.18364773889209,0.0],[21.179820159364283,49.183651887551086,0.0],[21.179776668173023,49.18371154973392,0.0],[21.17934308190878,49.184125509828924,0.0],[21.1788247330232,49.18434837507401,0.0],[21.178261561385035,49.18459050709373,0.0],[21.17825723232954,49.18459211632304,0.0],[21.177412401959792,49.184906215516,0.0],[21.176786443341626,49.18503265117744,0.0],[21.176470201290748,49.18507560138805,0.0]],[[21.181497934633796,49.18446194302283,0.0],[21.1813333026427,49.184517870133796,0.0],[21.18125408353781,49.184616922293735,0.0],[21.181026598575645,49.184769287889154,0.0],[21.180899415550844,49.184995346011085,0.0],[21.1807964959915,49.18494251916693,0.0],[21.180883812703545,49.18480012405357,0.0],[21.18080563325914,49.1847206040109,0.0],[21.18089352828714,49.18453095601976,0.0],[21.18105608734201,49.184555471436745,0.0],[21.18108425410237,49.18447993186265,0.0],[21.180963168159327,49.18440161062741,0.0],[21.181047904185707,49.18430110256634,0.0],[21.181268042371315,49.18437775673788,0.0],[21.181580595693216,49.18444187645498,0.0],[21.181497934633796,49.18446194302283,0.0]],[[21.18159852571423,49.18346449339497,0.0],[21.181844993273394,49.18353871498844,0.0],[21.182393245231918,49.1834845684121,0.0],[21.182408296607615,49.183519776781864,0.0],[21.18274825092122,49.18370620663988,0.0],[21.18265694596603,49.18396572258958,0.0],[21.18242575342188,49.18414765571768,0.0],[21.182301115086883,49.18418297632583,0.0],[21.18229851803427,49.184183564054116,0.0],[21.181745533146415,49.18375488884107,0.0],[21.181512926393076,49.18360671128382,0.0],[21.181530298630587,49.18353376901828,0.0],[21.18159852571423,49.18346449339497,0.0]],[[21.17246455723981,49.18700303563757,0.0],[21.172708404824956,49.187023006724864,0.0],[21.17281522907795,49.18712246903781,0.0],[21.172638547490948,49.187286644914614,0.0],[21.172481001019793,49.18731816026164,0.0],[21.172368948625532,49.18738856726863,0.0],[21.172204595970157,49.18726173651798,0.0],[21.17228587379105,49.18716190006273,0.0],[21.172312385398147,49.18707650702678,0.0],[21.17246455723981,49.18700303563757,0.0]],[[21.17137517159421,49.18961414546921,0.0],[21.171177267833187,49.18956537325475,0.0],[21.17095520554225,49.1894979564973,0.0],[21.170936407365357,49.18921192032343,0.0],[21.171286068227005,49.18942825040871,0.0],[21.17132122689304,49.18945153137715,0.0],[21.17153986203721,49.18954654955503,0.0],[21.171635540222113,49.189501313370876,0.0],[21.171639389858747,49.18950208752095,0.0],[21.17163374245286,49.18951340454038,0.0],[21.171610877938416,49.189559221236685,0.0],[21.171608911550994,49.18958618765987,0.0],[21.17137517159421,49.18961414546921,0.0]],[[21.170852228998697,49.18895197715086,0.0],[21.170721722244096,49.188851257015,0.0],[21.170793966402496,49.18865371717699,0.0],[21.171173010364356,49.18856632689203,0.0],[21.17137552597385,49.188620546010064,0.0],[21.171344164403855,49.18885151451647,0.0],[21.17115129716782,49.188954064845476,0.0],[21.170852228998697,49.18895197715086,0.0]],[[21.170837900108392,49.18918438848004,0.0],[21.170804723107583,49.18923817199419,0.0],[21.170636438670336,49.18927085196528,0.0],[21.170556104462538,49.18932037607315,0.0],[21.170752465141305,49.18944545813872,0.0],[21.170475859405183,49.189475814077426,0.0],[21.170314834023216,49.189684237743336,0.0],[21.17029101810195,49.18972280108299,0.0],[21.17017885365247,49.18990441070435,0.0],[21.170067668109976,49.190052991426626,0.0],[21.169821328814155,49.19001031480484,0.0],[21.169703822591945,49.189698467640916,0.0],[21.169953407400158,49.189246510664525,0.0],[21.170111466033212,49.18908306914511,0.0],[21.17055570225316,49.18917451879113,0.0],[21.170700687115385,49.189116289947414,0.0],[21.170837900108392,49.18918438848004,0.0]]],[[[21.173759043169124,49.1892757135112,0.0],[21.173634635777248,49.189382338501574,0.0],[21.17362295140692,49.189392352126426,0.0],[21.173473626836277,49.18964661851086,0.0],[21.173454543785628,49.18967911103391,0.0],[21.173255163607152,49.1899140378918,0.0],[21.173045132669397,49.19009722877715,0.0],[21.173092518293185,49.190402446196984,0.0],[21.17336408335664,49.191313339500624,0.0],[21.173375159670805,49.191350494181265,0.0],[21.17335483845296,49.19137738911111,0.0],[21.173032522728363,49.1918039196702,0.0],[21.172994878424923,49.191939703715335,0.0],[21.172918285019268,49.19221597322712,0.0],[21.172857456792787,49.19270180791559,0.0],[21.172889737655026,49.19313699367787,0.0],[21.172922580503208,49.19330636349989,0.0],[21.172917916635903,49.193311327963926,0.0],[21.172358111952025,49.19390705263333,0.0],[21.17234244506928,49.193923724530364,0.0],[21.17229327924459,49.193976043560156,0.0],[21.17217733709177,49.19409951429353,0.0],[21.171887609969797,49.19440804571035,0.0],[21.17168989802621,49.19466678724966,0.0],[21.171556863029952,49.19490504911074,0.0],[21.17137251374762,49.19563025207333,0.0],[21.17122859013957,49.19601580726424,0.0],[21.171113037583137,49.19637020261195,0.0],[21.171115892808917,49.19672083538828,0.0],[21.171390255577016,49.19711382180694,0.0],[21.171865786510395,49.19718398991087,0.0],[21.172027294525982,49.1970243986197,0.0],[21.172114863613043,49.197044516941276,0.0],[21.172193336271697,49.197062546304345,0.0],[21.17234981377168,49.19714669477897,0.0],[21.17236504250299,49.19715488467273,0.0],[21.17264731624898,49.19731333871149,0.0],[21.173350827636245,49.197549975309414,0.0],[21.1734476413502,49.19756159684557,0.0],[21.173965153050563,49.197623710894916,0.0],[21.174111770684362,49.19764130809638,0.0],[21.174183952740634,49.19787222144831,0.0],[21.174404953934328,49.19811562239316,0.0],[21.17430465059206,49.19818332604114,0.0],[21.174792327084525,49.19841039738915,0.0],[21.175088529437748,49.198504786290904,0.0],[21.175292543006567,49.19854344051309,0.0],[21.175447274592305,49.19857275666054,0.0],[21.176336348657724,49.1986119164492,0.0],[21.176341540831764,49.19861248755428,0.0],[21.176526532307623,49.19863283387724,0.0],[21.177082505330528,49.19869397880562,0.0],[21.177345753852666,49.19872292947013,0.0],[21.17736470735812,49.19871907244276,0.0],[21.17783291928865,49.19862378959182,0.0],[21.177949982109077,49.198599966426414,0.0],[21.178119252014767,49.19856551907843,0.0],[21.178252558860052,49.19851861266186,0.0],[21.178484814671453,49.19862461813529,0.0],[21.17861294053422,49.198683096766345,0.0],[21.178709344343876,49.19873253038851,0.0],[21.17891412266735,49.1988375346702,0.0],[21.179213989008655,49.198991295957285,0.0],[21.17939323254833,49.19911243410267,0.0],[21.179478101777384,49.19916979203006,0.0],[21.179684821602716,49.199363518565356,0.0],[21.179748110215538,49.1994543313502,0.0],[21.17976181483146,49.19947399521248,0.0],[21.179935456267327,49.19972315018747,0.0],[21.179943567337318,49.19973478944179,0.0],[21.180108568771566,49.19994178304244,0.0],[21.18011333838552,49.19994776720698,0.0],[21.18015016384813,49.19999396503908,0.0],[21.180245106837496,49.200113069772875,0.0],[21.180367092237127,49.20016227942726,0.0],[21.180486405574424,49.200188704995064,0.0],[21.180692531934188,49.20021216864614,0.0],[21.180877670586185,49.20028604938499,0.0],[21.180883244662017,49.20029391216573,0.0],[21.18096406109404,49.200407917257046,0.0],[21.18102287798225,49.20053834343116,0.0],[21.181136940163977,49.20079127480101,0.0],[21.181156562417456,49.200834789680165,0.0],[21.181520377641455,49.20094664071545,0.0],[21.181717324682875,49.20100718859221,0.0],[21.182034191689652,49.20110460420467,0.0],[21.18210786614536,49.20112725409174,0.0],[21.182332022226873,49.201207706987944,0.0],[21.18250717565726,49.2012705705937,0.0],[21.183421545150743,49.20159873915563,0.0],[21.183435528135284,49.20197281734604,0.0],[21.183484040464368,49.202289880590214,0.0],[21.183537087265638,49.20249514605129,0.0],[21.183353912001092,49.203011178920924,0.0],[21.183191298349822,49.20338815464483,0.0],[21.183141708116718,49.20341382594146,0.0],[21.183140985142888,49.203496589560785,0.0],[21.18313939333875,49.203679068443876,0.0],[21.183139307078555,49.20368896527297,0.0],[21.18313805401971,49.20383243456153,0.0],[21.1831371534684,49.203935533587135,0.0],[21.183018152587895,49.20413049403172,0.0],[21.182981837238525,49.20448701232163,0.0],[21.18296387083096,49.20466337529399,0.0],[21.182943718002168,49.204861208223804,0.0],[21.182955763405776,49.2050746215011,0.0],[21.18129717565076,49.207203510076596,0.0],[21.181305497651312,49.20726539510256,0.0],[21.181315645697516,49.20736095159029,0.0],[21.180822173425355,49.20832594948181,0.0],[21.180857088260016,49.20844680197056,0.0],[21.18104757418294,49.2091061114505,0.0],[21.181038014818636,49.209150364748524,0.0],[21.18097665261906,49.20943443496948,0.0],[21.180639937702736,49.209655811555535,0.0],[21.180496396432503,49.20975018347243,0.0],[21.18038592606047,49.209845848450016,0.0],[21.180372668756863,49.20988082843979,0.0],[21.180159267212524,49.2104438905185,0.0],[21.179789813878557,49.21087054133454,0.0],[21.179656252685636,49.21106459916895,0.0],[21.17951471982785,49.21147750330604,0.0],[21.179328690532724,49.21222809396231,0.0],[21.179129758744946,49.212895711080755,0.0],[21.179128482399,49.21289999306443,0.0],[21.179067778644185,49.21303489621723,0.0],[21.17921314599561,49.21308832922144,0.0],[21.17906515992681,49.21335038523125,0.0],[21.179522559661294,49.2133113387985,0.0],[21.17942454378558,49.213539399376835,0.0],[21.179322995127663,49.21362956479719,0.0],[21.17929977152654,49.21376217870444,0.0],[21.17922192500197,49.21380418390964,0.0],[21.179508022421455,49.21388208345554,0.0],[21.179944638500217,49.214005151985695,0.0],[21.180243987421463,49.21419859377492,0.0],[21.180363890373084,49.21418463748156,0.0],[21.18056747652866,49.21435738653334,0.0],[21.18042445580533,49.214466207782706,0.0],[21.180445244284876,49.21455182243918,0.0],[21.18071636071303,49.21468773774189,0.0],[21.18090996461039,49.21455217470246,0.0],[21.18108608710357,49.21465680123646,0.0],[21.181468469703006,49.214596048091515,0.0],[21.18133938893896,49.21472489581768,0.0],[21.181152306988633,49.21477546296333,0.0],[21.18088638439169,49.214847340104455,0.0],[21.180866000682837,49.21484023738528,0.0],[21.180648179144914,49.21476434153989,0.0],[21.180401914913343,49.21469887058643,0.0],[21.180123550491036,49.214356684080826,0.0],[21.180053183104217,49.214270181367795,0.0],[21.179715100448657,49.21404046442349,0.0],[21.179458669286255,49.21406580997355,0.0],[21.179442078044215,49.21412757377804,0.0],[21.179435015280436,49.21415386491715,0.0],[21.179325369200797,49.214562035998135,0.0],[21.179316426652687,49.2145953277685,0.0],[21.17930213378372,49.21464852503912,0.0],[21.179241666956575,49.21487361860135,0.0],[21.179224666553466,49.2148711970152,0.0],[21.17920520260452,49.21492088396183,0.0],[21.179197492782368,49.21494056360271,0.0],[21.179194018096364,49.21495242860072,0.0],[21.179318831868216,49.215442527235545,0.0],[21.179406846612938,49.21560200186232,0.0],[21.179497473780447,49.21568244845562,0.0],[21.179872289200233,49.216015151678036,0.0],[21.18010342284818,49.2161888184576,0.0],[21.180355585736027,49.216653186543624,0.0],[21.180426694234093,49.21678414402466,0.0],[21.18115838589216,49.218131631555345,0.0],[21.181337124420395,49.21846839628315,0.0],[21.181648448116686,49.219068106852134,0.0],[21.181676409291743,49.219122001436055,0.0],[21.18172314865051,49.2191538873191,0.0],[21.18175276480138,49.21925095569058,0.0],[21.181789836216126,49.219372467596244,0.0],[21.181493684188702,49.21950842424385,0.0],[21.18147462860293,49.21972306733207,0.0],[21.181351630885782,49.219847118960956,0.0],[21.181154123335975,49.22004631494028,0.0],[21.181150957258883,49.220433482680164,0.0],[21.181350815357856,49.220438642674715,0.0],[21.181400494320954,49.22055856965163,0.0],[21.180963858792428,49.22064386878298,0.0],[21.180919877706,49.22054761466132,0.0],[21.18078204856911,49.220543670796005,0.0],[21.180540945237034,49.220536862608576,0.0],[21.1804859703925,49.22050480911577,0.0],[21.180431263315157,49.220472853976595,0.0],[21.180422192092724,49.22046756108029,0.0],[21.18037062139093,49.220437472747946,0.0],[21.180324854239142,49.22040921750526,0.0],[21.18006133399072,49.22003640614315,0.0],[21.179842771396494,49.21997673778276,0.0],[21.17970114002495,49.2199460234588,0.0],[21.179700736847394,49.21994593614836,0.0],[21.179638235779617,49.22015800318069,0.0],[21.17953221902637,49.22045646304039,0.0],[21.17948859114171,49.22056222104277,0.0],[21.17942244417451,49.22070485792718,0.0],[21.179190116391762,49.22103978872754,0.0],[21.179189893765113,49.2210401094446,0.0],[21.17904436498361,49.22124990189685,0.0],[21.1791463829688,49.221469199569064,0.0],[21.17909013704855,49.221573392080735,0.0],[21.179039430082295,49.2216673270215,0.0],[21.179001363747652,49.22173784302567,0.0],[21.179220025565517,49.22176290949905,0.0],[21.17944636071766,49.22178546155077,0.0],[21.179461127093223,49.221781904338464,0.0],[21.179508747105675,49.22177043262809,0.0],[21.17951362767549,49.22177250430519,0.0],[21.1795484984707,49.221787302677534,0.0],[21.17995298730746,49.22177752118479,0.0],[21.180133033888392,49.22190668759088,0.0],[21.18026633656525,49.221993614924656,0.0],[21.180233539195914,49.22211679171174,0.0],[21.180156416087986,49.22218269450913,0.0],[21.18028489773744,49.222198093707846,0.0],[21.18044667665136,49.222301009111796,0.0],[21.180567433779228,49.22236551553921,0.0],[21.180988534510526,49.22250013556508,0.0],[21.181255708203448,49.22257635683464,0.0],[21.18163172904803,49.22272462090853,0.0],[21.181800888526265,49.222794783307165,0.0],[21.181971162469,49.222853450526124,0.0],[21.18220819117747,49.222954214838595,0.0],[21.182301900045605,49.222988182115195,0.0],[21.182078478709577,49.223388002174275,0.0],[21.18190014086605,49.22370714125391,0.0],[21.181745585918257,49.223872458070666,0.0],[21.181524336409577,49.224109110757055,0.0],[21.181429411606356,49.22421064199865,0.0],[21.181186646642697,49.22453917421574,0.0],[21.181304563036125,49.22461858998031,0.0],[21.181518788407782,49.224772946843096,0.0],[21.181605515055924,49.22483043473096,0.0],[21.18176445873214,49.224976545202495,0.0],[21.18176912087931,49.2249808307323,0.0],[21.182110680322392,49.22518441573785,0.0],[21.182293174724027,49.22530624855792,0.0],[21.182488693847713,49.225436773841906,0.0],[21.182710689587203,49.22556246190591,0.0],[21.18289383957881,49.225666157221696,0.0],[21.183090797533772,49.225758047650096,0.0],[21.183243703811062,49.22580569056903,0.0],[21.18329771226667,49.2258113951294,0.0],[21.183388705746506,49.22582100554747,0.0],[21.18342775172384,49.22582512875555,0.0],[21.183522599281268,49.2258267062651,0.0],[21.18363206016641,49.225828524478054,0.0],[21.183868762623156,49.225824001433594,0.0],[21.18406009002783,49.22581563459426,0.0],[21.184146932022326,49.22581183705775,0.0],[21.184424237173015,49.22581155552162,0.0],[21.184466745381062,49.22581288145273,0.0],[21.18435999714116,49.225771812895836,0.0],[21.184147793359386,49.22569827213393,0.0],[21.184063668818098,49.225607382076774,0.0],[21.184119424919313,49.22560940767908,0.0],[21.184574775267716,49.22563512954256,0.0],[21.185251557564648,49.225707882291694,0.0],[21.185456236084402,49.22584690308538,0.0],[21.185518702629242,49.22587942334105,0.0],[21.186050275317278,49.22589203466945,0.0],[21.18627358762334,49.22588410963172,0.0],[21.18655780406458,49.22585128951279,0.0],[21.18665201898969,49.225843358535435,0.0],[21.186919120165285,49.22582087022391,0.0],[21.1870058533905,49.225821155850426,0.0],[21.187132714494275,49.22582157323956,0.0],[21.187292088348258,49.225826540703146,0.0],[21.18762707132194,49.22583698004943,0.0],[21.187648300516475,49.225838553550325,0.0],[21.187835050303445,49.225852394137355,0.0],[21.187887914059058,49.22586551806878,0.0],[21.188027049567225,49.22590005794668,0.0],[21.1880714850803,49.22592058427997,0.0],[21.188172184840365,49.22596710145987,0.0],[21.188274992400682,49.22605366709824,0.0],[21.188368081772616,49.226148859719494,0.0],[21.18844627175765,49.22626145320365,0.0],[21.188510421441197,49.22637956302438,0.0],[21.18853530671163,49.226414916493056,0.0],[21.188563986905073,49.22645566240779,0.0],[21.18867327431997,49.22651563444681,0.0],[21.189011931373443,49.226672068047506,0.0],[21.18902429287935,49.22668091042647,0.0],[21.1892195788801,49.226772061867564,0.0],[21.189382428396737,49.22683105601692,0.0],[21.189737878024893,49.22693871784598,0.0],[21.189960611128207,49.2270138586845,0.0],[21.18999097153014,49.22702410048945,0.0],[21.19035636010621,49.22714866306693,0.0],[21.190452310443614,49.227181372540436,0.0],[21.190774559861723,49.227309015701486,0.0],[21.19083754000727,49.22733396212487,0.0],[21.191047411540115,49.227417090963606,0.0],[21.191159387545376,49.227449538115124,0.0],[21.191220351035714,49.22746720292105,0.0],[21.19156444240809,49.22753453601417,0.0],[21.191884457287987,49.227611651727834,0.0],[21.192198480109187,49.22769182070692,0.0],[21.19254188257819,49.227778497820175,0.0],[21.192691164872087,49.227842223843304,0.0],[21.19271087458065,49.22785075346311,0.0],[21.192718122744054,49.227860673146196,0.0],[21.192746730182797,49.22789982677801,0.0],[21.19276930929259,49.2279552905374,0.0],[21.192777411489505,49.228048921817106,0.0],[21.19277957962905,49.22822828501038,0.0],[21.192796979194398,49.22839320337431,0.0],[21.192826647723788,49.2284855226375,0.0],[21.19289878362079,49.22857824880529,0.0],[21.193013037762533,49.22868199493508,0.0],[21.193044937192255,49.228710263211994,0.0],[21.193104596371818,49.22873858509103,0.0],[21.193208772274776,49.228788006188275,0.0],[21.193286023308904,49.2287993216978,0.0],[21.19346228562764,49.22882515011298,0.0],[21.19353953677574,49.228836465454705,0.0],[21.19361509600306,49.228844577452406,0.0],[21.19372448248262,49.228856262320235,0.0],[21.193791173192725,49.228863468164754,0.0],[21.193991376064414,49.228885179551945,0.0],[21.194078840675193,49.22889402167723,0.0],[21.194166309497565,49.228900399157,0.0],[21.19416766446448,49.22890049801766,0.0],[21.194197246864686,49.22890265508829,0.0],[21.194296354468257,49.22890636808719,0.0],[21.19437072826974,49.22890908930814,0.0],[21.194411370486762,49.22891057583179,0.0],[21.194481828595123,49.228913217493215,0.0],[21.194505719425965,49.22892494286743,0.0],[21.19461309116133,49.228977702724954,0.0],[21.19479367808864,49.22907616006606,0.0],[21.194851224514476,49.22910753533764,0.0],[21.195014729586273,49.2292105083806,0.0],[21.195082178738673,49.22925298652234,0.0],[21.195305642759255,49.22939370334969,0.0],[21.195504236729274,49.229452809728635,0.0],[21.19563304859055,49.2294464584484,0.0],[21.195706878286124,49.22944281736678,0.0],[21.19588732436061,49.2294339574343,0.0],[21.19591117198711,49.22943278600572,0.0],[21.195999285670524,49.22941752097229,0.0],[21.196021697720322,49.22941362683763,0.0],[21.196115287772272,49.229415726416036,0.0],[21.19621422640563,49.229417992201775,0.0],[21.19633718459172,49.22942073457074,0.0],[21.196412795923163,49.229422455023,0.0],[21.196519947125488,49.22944256906613,0.0],[21.196545553768544,49.22944737630553,0.0],[21.196633968557464,49.22946398759616,0.0],[21.196666219373466,49.229476062393395,0.0],[21.196684050660245,49.22948274333675,0.0],[21.196778091559917,49.22951797778406,0.0],[21.196783309960544,49.22951994036266,0.0],[21.196843671866187,49.22954621164373,0.0],[21.196863198444344,49.2295571347123,0.0],[21.196937724943123,49.229598825293,0.0],[21.196971958225603,49.22961799026017,0.0],[21.197075629266255,49.22967602658637,0.0],[21.197257609385332,49.229777870941945,0.0],[21.197329087692815,49.229817874985216,0.0],[21.197437702496885,49.2298786598374,0.0],[21.19749525790632,49.22991085586069,0.0],[21.19753125878914,49.22993099466863,0.0],[21.197567027242485,49.229951002915875,0.0],[21.197625467363547,49.22996070916362,0.0],[21.197629785736783,49.22996246009418,0.0],[21.19765526741046,49.229965658165995,0.0],[21.197743727721594,49.22998034899474,0.0],[21.197901004059677,49.23000648067832,0.0],[21.198068587806812,49.23003455275546,0.0],[21.198213221999662,49.23005876086866,0.0],[21.19836749465126,49.230084618542264,0.0],[21.198495422954608,49.23010605678255,0.0],[21.198695578340324,49.230124697778116,0.0],[21.198753677161474,49.23012860826732,0.0],[21.19888080834406,49.23013716309755,0.0],[21.19907848742812,49.23015046583138,0.0],[21.19912796070202,49.230153793124046,0.0],[21.199300871229006,49.23017473738285,0.0],[21.19932916633389,49.23017816920347,0.0],[21.199631157075917,49.23021479233389,0.0],[21.199809503741374,49.230238515197755,0.0],[21.19988057704476,49.23023838207549,0.0],[21.200036195117654,49.23023808307748,0.0],[21.200216141271497,49.23023782011894,0.0],[21.20031333074348,49.23023768758398,0.0],[21.20051738005089,49.230215848128005,0.0],[21.20065867945046,49.230200701672445,0.0],[21.20085802589061,49.230131815226876,0.0],[21.201006758257613,49.23008044178038,0.0],[21.20103974608365,49.23006904345736,0.0],[21.20115570785531,49.230039336070035,0.0],[21.201321140074196,49.22999696492103,0.0],[21.201582018493774,49.22993014506361,0.0],[21.201654143186616,49.22991167981203,0.0],[21.201891772589953,49.22981706463133,0.0],[21.20195910917889,49.2297902472229,0.0],[21.202001764049314,49.229773258814035,0.0],[21.202001848935883,49.22977322544159,0.0],[21.202033728950145,49.229760528610214,0.0],[21.202156195637723,49.229716889327925,0.0],[21.202240567215544,49.229686831436034,0.0],[21.20231233522966,49.22969608030801,0.0],[21.20237702376568,49.229704389271205,0.0],[21.202489023722585,49.229708495380194,0.0],[21.20265700784171,49.229714616943106,0.0],[21.202688764896266,49.22971577441037,0.0],[21.20278960180004,49.22972790548503,0.0],[21.202856914321494,49.229736025553244,0.0],[21.20300392488338,49.22975394256215,0.0],[21.20303131541252,49.22975728060437,0.0],[21.203120435348083,49.22976607720887,0.0],[21.203377148676676,49.22979141613199,0.0],[21.203457510973372,49.229799670694184,0.0],[21.203775282132906,49.22983221420278,0.0],[21.20397339489997,49.22985249310955,0.0],[21.204228698737204,49.22989542993741,0.0],[21.204164348392176,49.229969859057675,0.0],[21.203296339709496,49.23096550763079,0.0],[21.203080350458336,49.231213249016655,0.0],[21.20544276649555,49.231708670028404,0.0],[21.205677078853398,49.23171236264601,0.0],[21.20586343482093,49.231700277590285,0.0],[21.205990429138254,49.23167920710519,0.0],[21.206095652246272,49.23165746061701,0.0],[21.206151372704188,49.23164132496068,0.0],[21.206216947996015,49.23163978512719,0.0],[21.206313121408137,49.231667774491825,0.0],[21.20638623121879,49.23171291283059,0.0],[21.2064557040869,49.23173292962727,0.0],[21.20665710077978,49.231739172699506,0.0],[21.206734646288933,49.231748126125055,0.0],[21.20685475565106,49.231784597603905,0.0],[21.20696686609647,49.23180593568527,0.0],[21.207207728199393,49.231869967293214,0.0],[21.20731576028826,49.231947744881126,0.0],[21.207456403156975,49.23201462455372,0.0],[21.207592725509837,49.23207839236498,0.0],[21.207805729487152,49.23215049090409,0.0],[21.20793794627659,49.2322081772893,0.0],[21.208045545301545,49.2322658145564,0.0],[21.208047537308456,49.23226130248116,0.0],[21.20807283973135,49.23220397467004,0.0],[21.208087356223942,49.23217108731764,0.0],[21.208443996315463,49.232262682546214,0.0],[21.20858439116775,49.23229873914601,0.0],[21.2086558873687,49.23226350230989,0.0],[21.209465096852398,49.23186467807014,0.0],[21.20969970745192,49.23174897966642,0.0],[21.20974652182884,49.23161657249025,0.0],[21.20978617105571,49.231590974333464,0.0],[21.21024469604039,49.23129551490402,0.0],[21.210401319314563,49.23119459076186,0.0],[21.210500242110243,49.23111763825139,0.0],[21.210926040060208,49.23078640265932,0.0],[21.210699016602018,49.230731356139664,0.0],[21.210620715753173,49.230646521386575,0.0],[21.21054100327439,49.23059968970206,0.0],[21.209765658679363,49.2303562619557,0.0],[21.20983097122563,49.23027269872094,0.0],[21.209750031935023,49.23025092447706,0.0],[21.209542923375125,49.230195269953086,0.0],[21.209458291697015,49.2301642929431,0.0],[21.209346228707233,49.23010393054748,0.0],[21.208766520902994,49.22983341468037,0.0],[21.20857593684538,49.22974447942495,0.0],[21.208046051877094,49.22929566576332,0.0],[21.20731969340397,49.22868042190047,0.0],[21.2071707164295,49.2285206162304,0.0],[21.207079881513952,49.22842318739335,0.0],[21.207052584400763,49.2283938956176,0.0],[21.207017561037517,49.22830036071408,0.0],[21.206974265498236,49.22818433585107,0.0],[21.20693234465886,49.22807213342537,0.0],[21.206898588747357,49.22798196841085,0.0],[21.20688956173911,49.227969465953954,0.0],[21.206884095561634,49.227961895236824,0.0],[21.20681396426794,49.227865381556235,0.0],[21.206749085342746,49.22777605294315,0.0],[21.20674346720058,49.22776822725673,0.0],[21.2066796078082,49.22768000951396,0.0],[21.206621604750183,49.227600165812355,0.0],[21.206565985492198,49.227523455685386,0.0],[21.206509492133456,49.227445549091605,0.0],[21.206449743653987,49.22736321978217,0.0],[21.206421806614067,49.227342167125265,0.0],[21.206345598883864,49.227284735938674,0.0],[21.206241969158953,49.227206718048045,0.0],[21.206064185919782,49.22707265921377,0.0],[21.20591324494208,49.22695896629693,0.0],[21.205985781284056,49.22686636706605,0.0],[21.206043010915582,49.22679330509331,0.0],[21.206530016258572,49.2267692997094,0.0],[21.20666729269445,49.226890075696005,0.0],[21.207029708762732,49.22716082678533,0.0],[21.207164237434093,49.22719437235858,0.0],[21.207034891792684,49.22694990075885,0.0],[21.206956412782436,49.226801548031794,0.0],[21.20691806841,49.22674445734253,0.0],[21.206816906516185,49.22663528109952,0.0],[21.206791673082375,49.22660804977749,0.0],[21.20661600424583,49.226418463060966,0.0],[21.206583794463114,49.22638370054173,0.0],[21.206531878541583,49.2263276724397,0.0],[21.206275154525763,49.226021301474155,0.0],[21.2060644365511,49.22578646148597,0.0],[21.20548529004082,49.225141002476434,0.0],[21.205155360675345,49.22477330628401,0.0],[21.204788090175242,49.22452102511246,0.0],[21.204502940937438,49.22433991736085,0.0],[21.20444224245208,49.224301363680866,0.0],[21.204405123473816,49.224276807440305,0.0],[21.204180184469827,49.22412796039489,0.0],[21.20405283412717,49.22404362219219,0.0],[21.203874681713533,49.22395786604169,0.0],[21.203948958618284,49.223889347852605,0.0],[21.203836007966675,49.223737043168356,0.0],[21.20350464900618,49.22365159620221,0.0],[21.20347323885999,49.22362012063449,0.0],[21.20343634279299,49.22358314754103,0.0],[21.203137640431464,49.22328382292418,0.0],[21.202935040883087,49.22320624080544,0.0],[21.202630271594323,49.22308956986902,0.0],[21.200447934859643,49.222545165608686,0.0],[21.20009867148812,49.22240755652111,0.0],[21.199956346631808,49.22235148043234,0.0],[21.199650212017016,49.22222611350092,0.0],[21.199537239546327,49.22217984881089,0.0],[21.199531422493255,49.222178039666034,0.0],[21.19937892898928,49.22213061728454,0.0],[21.199120452178363,49.222050236319134,0.0],[21.19892221535389,49.22198277445488,0.0],[21.198776706741082,49.22191974119811,0.0],[21.198476554580363,49.22181355441162,0.0],[21.198227876132165,49.22173669221018,0.0],[21.19777498181705,49.22161612468044,0.0],[21.1975977552721,49.221579289687895,0.0],[21.197174790134326,49.221491427510784,0.0],[21.196531772336225,49.22133568853392,0.0],[21.19620308327055,49.22124409248382,0.0],[21.195996749888163,49.2211803344735,0.0],[21.195873328625574,49.22113520752314,0.0],[21.195675551291963,49.22106289494113,0.0],[21.19561679632877,49.22104141208064,0.0],[21.195581070712056,49.2210280584562,0.0],[21.19490685702385,49.220842788667014,0.0],[21.194746600536664,49.22079875073007,0.0],[21.19457784890301,49.220734179632274,0.0],[21.194428857887228,49.220611258838666,0.0],[21.194227146863742,49.220476256315294,0.0],[21.194091767264922,49.22022440126813,0.0],[21.194031098204402,49.21996757902671,0.0],[21.193963730711328,49.21968183133044,0.0],[21.193916625053088,49.219700350753236,0.0],[21.193774157183835,49.21978314615597,0.0],[21.193761514325157,49.21984567693053,0.0],[21.19370270005617,49.21981909160283,0.0],[21.193786723384143,49.21953787443152,0.0],[21.193643852603397,49.21935906099296,0.0],[21.193296086825686,49.21891686662835,0.0],[21.193244941898364,49.21889096618899,0.0],[21.193253900353103,49.218821374898276,0.0],[21.19339797199025,49.21885171199791,0.0],[21.193786443109595,49.219035826996134,0.0],[21.19389739027495,49.21912425810331,0.0],[21.193980179294616,49.21923143619483,0.0],[21.19402625505229,49.219340802605736,0.0],[21.194032177363503,49.219450540887166,0.0],[21.19407108267169,49.2196663575487,0.0],[21.194169621766594,49.220030131237515,0.0],[21.194207124495644,49.22016866697074,0.0],[21.19440400660524,49.22039488947519,0.0],[21.194530890829085,49.22056492265384,0.0],[21.19464567135876,49.22067255520406,0.0],[21.194840973869066,49.220724314256934,0.0],[21.1956064834228,49.220927183311915,0.0],[21.195648189015415,49.22093823568524,0.0],[21.195675895729167,49.22094845930657,0.0],[21.19587975890327,49.221030201592676,0.0],[21.196055570935222,49.2211006956584,0.0],[21.196250071287565,49.221164625749836,0.0],[21.19658475146977,49.22124560660398,0.0],[21.197159412356807,49.22138121573972,0.0],[21.197813388897963,49.221535581428334,0.0],[21.19825460290669,49.221667487374795,0.0],[21.198508800357292,49.22172696739609,0.0],[21.19883024401649,49.221829494788295,0.0],[21.199000902588647,49.2218811568905,0.0],[21.199182398748224,49.22195394973545,0.0],[21.19931636313505,49.22200662815484,0.0],[21.199526698193075,49.222089337136396,0.0],[21.200024777030954,49.2222851909879,0.0],[21.200566623315094,49.22243578756185,0.0],[21.200848433092087,49.22248981850204,0.0],[21.2026808047559,49.22301417172771,0.0],[21.20313700053739,49.22319009309669,0.0],[21.203196769264725,49.22321310223782,0.0],[21.203582195459184,49.22343492588218,0.0],[21.2039618974859,49.22365345049187,0.0],[21.20449421278014,49.22392669798502,0.0],[21.204595000534987,49.22402866453887,0.0],[21.204741755199485,49.2242533131663,0.0],[21.20493154690742,49.22442447359456,0.0],[21.205181545690262,49.22459174075955,0.0],[21.205295475117158,49.22471157860401,0.0],[21.205391847870146,49.224820173168375,0.0],[21.20580241890138,49.22528280439246,0.0],[21.206107782370346,49.225626838820574,0.0],[21.206413212426195,49.225970940944244,0.0],[21.206712952381153,49.22634012743577,0.0],[21.206904463932204,49.226597997661194,0.0],[21.207401033112763,49.227266614013786,0.0],[21.207411623738885,49.2272808734385,0.0],[21.207735085431043,49.228164617491,0.0],[21.208184935399263,49.22830368277409,0.0],[21.20820470307997,49.22830191434539,0.0],[21.208310313486134,49.22829246372853,0.0],[21.20822738301243,49.22801847311941,0.0],[21.208360800304764,49.22800874809907,0.0],[21.20852371385708,49.22801595463012,0.0],[21.208575440663957,49.22813756010353,0.0],[21.20863203238863,49.22835041789521,0.0],[21.208637278022167,49.22839552451265,0.0],[21.208677115298055,49.2284200229948,0.0],[21.209095110860375,49.228703298123854,0.0],[21.20939316994846,49.228803179221224,0.0],[21.210359777804406,49.2288326672404,0.0],[21.210924949486095,49.2287662708538,0.0],[21.211078714707636,49.22870597158678,0.0],[21.21132045183748,49.22861117168302,0.0],[21.211719151479695,49.228385056296986,0.0],[21.212002291569192,49.22808037703122,0.0],[21.21213759415793,49.22793486499311,0.0],[21.212321426200653,49.22741016768921,0.0],[21.212506176431077,49.22686924404018,0.0],[21.212539776882867,49.22677086402512,0.0],[21.21263807994036,49.22660752604813,0.0],[21.212760281975832,49.22640447282665,0.0],[21.21299989354238,49.2259351513685,0.0],[21.21308150984243,49.22557733381786,0.0],[21.213092779021775,49.22552781278458,0.0],[21.213137040399072,49.225193016087005,0.0],[21.213139974768385,49.22517082032288,0.0],[21.213112670622657,49.22490587969988,0.0],[21.21308839673187,49.22467034257002,0.0],[21.212879020483136,49.224278764256155,0.0],[21.212774890417595,49.22414301643689,0.0],[21.21286327964434,49.22414065439642,0.0],[21.21294093473766,49.22423972240183,0.0],[21.213150364995148,49.22466865961095,0.0],[21.213184664369752,49.22491701222828,0.0],[21.213218886584652,49.22516480070107,0.0],[21.213159256446666,49.225530320126055,0.0],[21.213142882928476,49.22560677851483,0.0],[21.213072026426634,49.22593738367559,0.0],[21.212843481342684,49.2264133489856,0.0],[21.212613256690727,49.22680014355531,0.0],[21.212416091856106,49.227414448035375,0.0],[21.212213101507338,49.22796465756062,0.0],[21.212071372546564,49.22811159107526,0.0],[21.211769946455576,49.228423986051,0.0],[21.21134767538053,49.22867196627107,0.0],[21.211097266427647,49.228764861219794,0.0],[21.2109718618081,49.22881138197154,0.0],[21.21035619718838,49.22888035574785,0.0],[21.209389007347365,49.228851300690316,0.0],[21.20904543358675,49.22874406750708,0.0],[21.20862364358425,49.22844672278338,0.0],[21.208442196489344,49.22835180223294,0.0],[21.208266746895447,49.22839839700982,0.0],[21.208201351182815,49.22851402481502,0.0],[21.208181299803975,49.22869073949754,0.0],[21.208298981018107,49.228810239844925,0.0],[21.208528071187562,49.22900862688705,0.0],[21.20872895787511,49.22918264497257,0.0],[21.208813737171067,49.22914116196267,0.0],[21.209079614841755,49.22936121243945,0.0],[21.209896045401834,49.22972505905554,0.0],[21.210600990619163,49.22974085900289,0.0],[21.211200951340082,49.229756284937345,0.0],[21.211227794857543,49.22976143686444,0.0],[21.21161316915203,49.229834640633236,0.0],[21.21174575497577,49.22985983790561,0.0],[21.21182149764819,49.22975118998161,0.0],[21.211837746367454,49.22972792832206,0.0],[21.2118480963634,49.229662624995825,0.0],[21.211854334871663,49.22962951160631,0.0],[21.211841349992724,49.22957707950247,0.0],[21.21183784194477,49.229562838151416,0.0],[21.21200852304255,49.229437594191104,0.0],[21.212213024464212,49.229287472655464,0.0],[21.21239082549567,49.22915686837137,0.0],[21.212486864750772,49.22906406122161,0.0],[21.21308489336551,49.22856892491616,0.0],[21.21349739755671,49.228227557489845,0.0],[21.21336595956309,49.22820143620545,0.0],[21.214292733201578,49.227271865108975,0.0],[21.213311470459654,49.22656384910098,0.0],[21.213831292732866,49.22593675247487,0.0],[21.213838523033452,49.22592797442292,0.0],[21.213944204413565,49.22580044772393,0.0],[21.213816731949073,49.22550601510546,0.0],[21.21345996240167,49.22549236533408,0.0],[21.213710222765926,49.224934343766776,0.0],[21.213482765392893,49.22482000450625,0.0],[21.214621929920483,49.223149310927184,0.0],[21.2147247435029,49.22303285710142,0.0],[21.21473952056331,49.223022332069085,0.0],[21.214754297617468,49.223011807034794,0.0],[21.215177683939533,49.223130584131724,0.0],[21.215911464770635,49.222094932204776,0.0],[21.217145698323357,49.220127035403735,0.0],[21.21728996970995,49.220096838788166,0.0],[21.217526015466177,49.2197817656387,0.0],[21.217579921554297,49.2197098111064,0.0],[21.21758419870967,49.21960464341992,0.0],[21.217603785559945,49.21912299928355,0.0],[21.217168914277856,49.219049603769804,0.0],[21.217721508105793,49.21667255678647,0.0],[21.217727923915092,49.216108947996005,0.0],[21.217730474303234,49.215884827752625,0.0],[21.217737162540477,49.21529709974527,0.0],[21.217740278572773,49.21502336921618,0.0],[21.218052372916826,49.214822553548544,0.0],[21.218306189161872,49.21402671328619,0.0],[21.21753954835037,49.21421428949059,0.0],[21.21708665546156,49.21429435731459,0.0],[21.216536082176457,49.21435699986954,0.0],[21.215776089906626,49.214374005585604,0.0],[21.21503277510501,49.21432355788093,0.0],[21.21429184923625,49.21421142607192,0.0],[21.21432264367634,49.21415404640606,0.0],[21.214333338449592,49.21413340314776,0.0],[21.21503628673084,49.21427865664252,0.0],[21.215790569130085,49.2143294435881,0.0],[21.216514771944134,49.21430377041662,0.0],[21.21707259414574,49.21424540291989,0.0],[21.2175075338282,49.21416658046921,0.0],[21.218342229906806,49.21391359382896,0.0],[21.218327790742876,49.21387145398315,0.0],[21.21831634180515,49.21383804916915,0.0],[21.218289319275296,49.2137591972868,0.0],[21.218550477370712,49.21326766620933,0.0],[21.219422357156155,49.21165636150741,0.0],[21.21969450834827,49.211292363925146,0.0],[21.219256636124758,49.21176916545035,0.0],[21.21900004290553,49.212037232972186,0.0],[21.218635349931546,49.21233337600423,0.0],[21.218301911363707,49.21262094221165,0.0],[21.217934537283565,49.21289314475264,0.0],[21.217560732009407,49.213060006548574,0.0],[21.21735756273944,49.213129078985254,0.0],[21.217225955943942,49.2131738220187,0.0],[21.21713223768783,49.213205683753756,0.0],[21.21698041068596,49.21325729979441,0.0],[21.216359035664972,49.21359329848823,0.0],[21.21622264714318,49.21363066953068,0.0],[21.215777060980326,49.21388010367898,0.0],[21.21520699602406,49.21403971735111,0.0],[21.21512848881139,49.21401370389176,0.0],[21.21512170436594,49.21395723187202,0.0],[21.215103914592742,49.21395812179356,0.0],[21.215108284552294,49.21399471516502,0.0],[21.214929396022796,49.213883948795804,0.0],[21.214423349522068,49.21396938413388,0.0],[21.214321177989497,49.214130827716644,0.0],[21.21397346798327,49.21405718470545,0.0],[21.214034216690017,49.21402769789303,0.0],[21.214263233299345,49.21391653994422,0.0],[21.21448781464705,49.213850932975866,0.0],[21.214621442421713,49.21381185905457,0.0],[21.214677075394548,49.213751067410215,0.0],[21.214615116065644,49.21373503278157,0.0],[21.214566791594493,49.21372496511919,0.0],[21.21455407866908,49.21372231590335,0.0],[21.21415956621925,49.21357402700691,0.0],[21.213928381568387,49.21345254969477,0.0],[21.2137376125545,49.21332517619568,0.0],[21.213608922732387,49.213201447598415,0.0],[21.213453303031034,49.21303294926888,0.0],[21.213201015268275,49.2128512737827,0.0],[21.21273432178414,49.21252924273788,0.0],[21.21255029203742,49.21241746878715,0.0],[21.212436265973622,49.21232095418183,0.0],[21.21229607108886,49.212168166286936,0.0],[21.212228727010483,49.21210681674043,0.0],[21.212101230787543,49.21195046634951,0.0],[21.212010561897817,49.21187500240253,0.0],[21.211905943340536,49.21179941697069,0.0],[21.21180457892248,49.2117629848173,0.0],[21.211575593347167,49.2117185279142,0.0],[21.21126660558367,49.21166739071997,0.0],[21.21116580998624,49.211643078562396,0.0],[21.211079477862512,49.21161921699792,0.0],[21.210743950660603,49.211526478970654,0.0],[21.210451111241095,49.21145218654942,0.0],[21.21019508999503,49.21137487698921,0.0],[21.210137754537065,49.2113575634934,0.0],[21.21012810185799,49.21135406428533,0.0],[21.209874667183,49.21126219713718,0.0],[21.209400434623497,49.2110451745353,0.0],[21.209227232785153,49.21094304011003,0.0],[21.208629102648576,49.21049228537172,0.0],[21.208569934077225,49.21044293426911,0.0],[21.208511736689555,49.21040987507343,0.0],[21.208495370060156,49.210404904653444,0.0],[21.208439531726523,49.21040426938386,0.0],[21.208438415612513,49.21040425639239,0.0],[21.20841339042126,49.21041288582093,0.0],[21.208367529747377,49.210443856522275,0.0],[21.208321493644455,49.21049578707538,0.0],[21.208268754284443,49.21057461259099,0.0],[21.208206962970735,49.210734219136974,0.0],[21.208167935036343,49.210905307404325,0.0],[21.208152641069027,49.21093989460822,0.0],[21.208117559101026,49.21097462815669,0.0],[21.208063796571437,49.21101030662032,0.0],[21.208015444715862,49.211035484701185,0.0],[21.207875446662,49.21108936864067,0.0],[21.20773033540763,49.211137453340534,0.0],[21.2075574077201,49.211178490284226,0.0],[21.207411613949223,49.21120335567283,0.0],[21.207095282788917,49.21121983908968,0.0],[21.206882968018437,49.211217895946305,0.0],[21.206641867135055,49.21120318086614,0.0],[21.206358720147037,49.21117338752681,0.0],[21.206159313626603,49.211142951031995,0.0],[21.20597475592111,49.2111113211203,0.0],[21.205850848986454,49.21109008528238,0.0],[21.205179629570342,49.21088062902459,0.0],[21.204717068285074,49.21068145374256,0.0],[21.20448260357132,49.21057317742566,0.0],[21.20424181765164,49.21046198047008,0.0],[21.20413216931899,49.21039485166832,0.0],[21.2041125682772,49.210384280999826,0.0],[21.203876572368436,49.21025700779983,0.0],[21.20364290372487,49.21012603002421,0.0],[21.20342679162223,49.20999714231434,0.0],[21.203379002209655,49.209973728541044,0.0],[21.203349278177445,49.209959165341495,0.0],[21.203090217505732,49.20984583041656,0.0],[21.202429558573517,49.209636764393,0.0],[21.202012087559236,49.20948784703305,0.0],[21.201945164152527,49.20946397530003,0.0],[21.201562730587188,49.209317545845266,0.0],[21.201427535517738,49.209261635709595,0.0],[21.201120212535397,49.20917040287115,0.0],[21.201030130768803,49.20914365982088,0.0],[21.20065286721923,49.20904613217337,0.0],[21.200519123637015,49.20901155730699,0.0],[21.20015250332421,49.208853452642735,0.0],[21.199514321565136,49.20850970409794,0.0],[21.199177782426528,49.208347665348434,0.0],[21.19899286277565,49.2082660403413,0.0],[21.198938813515486,49.208248257901616,0.0],[21.19890061649209,49.20819852253273,0.0],[21.19901749842503,49.208233898608064,0.0],[21.199210290011607,49.208318683037035,0.0],[21.199549183805907,49.20848192010541,0.0],[21.200185115963293,49.20882445803449,0.0],[21.200544558683326,49.208979467121004,0.0],[21.201050279912145,49.20911020269518,0.0],[21.201450192380136,49.20922887483763,0.0],[21.201591240099347,49.2092868030974,0.0],[21.201972146814555,49.209432646739515,0.0],[21.202454637618967,49.20960475819539,0.0],[21.20312070382137,49.20981591924981,0.0],[21.203379764472018,49.20992925321049,0.0],[21.203459669587023,49.20996833781704,0.0],[21.20367923508687,49.210099060115006,0.0],[21.20391226191942,49.21022967853067,0.0],[21.20416705936078,49.21036708252606,0.0],[21.204276536761295,49.21043400975108,0.0],[21.20474796730506,49.210651718816216,0.0],[21.20520663619964,49.21084921680242,0.0],[21.20586976884607,49.21105615000989,0.0],[21.205937942072907,49.21106783719149,0.0],[21.20594786450704,49.211069538451014,0.0],[21.20617177065043,49.21110792228242,0.0],[21.206369313902847,49.21113807322618,0.0],[21.206648773342277,49.21116747943343,0.0],[21.20688590415574,49.21118195257045,0.0],[21.207093487055015,49.21118385251,0.0],[21.207402453055074,49.211167752873195,0.0],[21.207418716997594,49.211164978663845,0.0],[21.20754111020243,49.21114410383094,0.0],[21.207708520040278,49.21110437575092,0.0],[21.20784912791656,49.2110577844044,0.0],[21.207947644423715,49.21101986569634,0.0],[21.2079843094293,49.21100575409515,0.0],[21.20802705185183,49.21098349697099,0.0],[21.208074731404594,49.210951855422365,0.0],[21.208102239743404,49.21092461969685,0.0],[21.208114183465764,49.21089761082099,0.0],[21.208152667318263,49.21072890289174,0.0],[21.2082155420047,49.21056576972036,0.0],[21.208218474318034,49.210560173249476,0.0],[21.208271213742076,49.21048134775605,0.0],[21.20832060994635,49.21042518428594,0.0],[21.20832738363967,49.21041932520845,0.0],[21.20837398893172,49.21038784199366,0.0],[21.208383481778665,49.21038272433466,0.0],[21.2084154591795,49.210371585550945,0.0],[21.208420063952683,49.210370588650925,0.0],[21.20842713100096,49.21036905774833,0.0],[21.208439369241027,49.210368294760535,0.0],[21.208496325018736,49.21036894306368,0.0],[21.20850679604651,49.210369724920305,0.0],[21.208518458562196,49.210372272962545,0.0],[21.208534825183158,49.21037724337931,0.0],[21.208545329474497,49.21038142716157,0.0],[21.20860589845512,49.210415759795865,0.0],[21.208613107025393,49.21042071729937,0.0],[21.208619035953934,49.210425662145035,0.0],[21.208671429238123,49.21046936430832,0.0],[21.209266458254287,49.21091777947018,0.0],[21.209434646768653,49.2110169580141,0.0],[21.209903754384676,49.211231636048026,0.0],[21.210162567617733,49.2113254530364,0.0],[21.21021806892753,49.21134221189616,0.0],[21.21032461794998,49.21137438531467,0.0],[21.210472534257413,49.21141905102513,0.0],[21.210765291257875,49.21149334084588,0.0],[21.211007724989855,49.21156034783891,0.0],[21.211185977057482,49.211609615063985,0.0],[21.211282857370787,49.211632984077006,0.0],[21.21158903982514,49.21168365538117,0.0],[21.211820177829527,49.211728500282476,0.0],[21.211830984536714,49.21173145176255,0.0],[21.211932348910082,49.21176788389354,0.0],[21.21194239762979,49.21177252403769,0.0],[21.21205122970774,49.21185084143554,0.0],[21.21214436976185,49.21192822004025,0.0],[21.212149654021555,49.21193351830089,0.0],[21.21223239602049,49.212034986895496,0.0],[21.212275429775826,49.212087758450245,0.0],[21.21234312330813,49.212149635493596,0.0],[21.212481655892404,49.21230061110834,0.0],[21.212491744906696,49.212309152034315,0.0],[21.212492075132957,49.21230943141276,0.0],[21.2125909372629,49.21239310889281,0.0],[21.212774136051486,49.21250447807916,0.0],[21.21324082955982,49.2128265089682,0.0],[21.213493912301587,49.213008745483535,0.0],[21.213500275412372,49.21301433001556,0.0],[21.213655127905934,49.21318199797336,0.0],[21.213780227565092,49.213302274836,0.0],[21.21396528085741,49.213425831949635,0.0],[21.21419045891479,49.213544152719834,0.0],[21.214584007943728,49.2136900217302,0.0],[21.21458807156044,49.21369102514181,0.0],[21.21470547206828,49.21372003735029,0.0],[21.214742409579834,49.213679672923504,0.0],[21.215270020100505,49.213643874090806,0.0],[21.2157553488165,49.213636111799744,0.0],[21.216216800587098,49.21359358136304,0.0],[21.216315279885265,49.213567460383466,0.0],[21.216452740269222,49.213494120626635,0.0],[21.2169448939079,49.2132315357501,0.0],[21.21711353648482,49.21317130018919,0.0],[21.217190974334972,49.213143642117444,0.0],[21.217435994838652,49.21305612480201,0.0],[21.217506208664425,49.213031045435784,0.0],[21.21788466894829,49.2128567662199,0.0],[21.218235218434,49.21260069706194,0.0],[21.218583354132107,49.2122960318255,0.0],[21.21893012209866,49.21202363977656,0.0],[21.219209233083646,49.21174816667429,0.0],[21.219635706108182,49.211288476531266,0.0],[21.220380929236757,49.21024090940328,0.0],[21.22072304202921,49.209834331363865,0.0],[21.22075358298744,49.209802078062914,0.0],[21.220499040745405,49.20969634991356,0.0],[21.22069146819203,49.20951841159965,0.0],[21.22093732830909,49.20922198670245,0.0],[21.22100482858642,49.208858861440945,0.0],[21.2216003253848,49.2088239624992,0.0],[21.22163612802298,49.20866816546031,0.0],[21.22166271637902,49.20855259273381,0.0],[21.2214760751746,49.20826939247532,0.0],[21.221414608032156,49.208176124079976,0.0],[21.22138341542468,49.20804445385508,0.0],[21.221434339397717,49.20804546683762,0.0],[21.221379072564204,49.20788989863561,0.0],[21.221344576008285,49.20776307820652,0.0],[21.221312349360122,49.20767748222522,0.0],[21.221228775957695,49.20755371873974,0.0],[21.221188725008414,49.207507803939826,0.0],[21.22113046753774,49.20744101599779,0.0],[21.22111330883817,49.20741758992343,0.0],[21.221081833569357,49.207374620712436,0.0],[21.220988502309606,49.20720106555249,0.0],[21.220864879144425,49.2070600593533,0.0],[21.220644133177412,49.20685329919937,0.0],[21.220486010488585,49.20665136474868,0.0],[21.22043647278436,49.206547609862604,0.0],[21.22026788353357,49.20615554159546,0.0],[21.22024216985432,49.20609574301628,0.0],[21.22013557589757,49.20579901960241,0.0],[21.220124920940048,49.20576594993004,0.0],[21.219634991962476,49.205244301408285,0.0],[21.218651697785464,49.20463417215081,0.0],[21.218533618049516,49.20454319712215,0.0],[21.21838885423829,49.20449947389435,0.0],[21.218274468635034,49.20446492542392,0.0],[21.218242223929174,49.204411160799786,0.0],[21.21810021851093,49.20433349111064,0.0],[21.217737604547615,49.204245019387116,0.0],[21.217603188939215,49.2042217557762,0.0],[21.215258499392927,49.20390419202258,0.0],[21.214742825978263,49.203873366295255,0.0],[21.214298674559014,49.20387594873039,0.0],[21.214182381522345,49.20387666119038,0.0],[21.213458501907144,49.20382941117259,0.0],[21.213307480297708,49.20380010039325,0.0],[21.21226022730524,49.203596834469835,0.0],[21.212255553136803,49.20359592726108,0.0],[21.21225119577426,49.203594494253,0.0],[21.211159389688657,49.20323527199197,0.0],[21.209519372828446,49.20258798553504,0.0],[21.20815348615533,49.202199225738305,0.0],[21.20764249529616,49.2020556853209,0.0],[21.207290108352794,49.20195669663707,0.0],[21.207196677983593,49.20193594207725,0.0],[21.20644996575893,49.20177005690734,0.0],[21.203937160469735,49.201211783397824,0.0],[21.202813852449417,49.20111469305006,0.0],[21.20281152126003,49.201114008533736,0.0],[21.202741988289855,49.20109358454712,0.0],[21.202628738488922,49.20111978321285,0.0],[21.202536461343698,49.2011203960613,0.0],[21.202446919574697,49.20109239836952,0.0],[21.202441393716626,49.20108469576345,0.0],[21.202408945419105,49.201039476978856,0.0],[21.202401530044103,49.20099493295436,0.0],[21.202292358552626,49.20096555857144,0.0],[21.202290504424305,49.20096505899599,0.0],[21.20177024705299,49.200813512856044,0.0],[21.201648082648802,49.20075906360854,0.0],[21.20126440754361,49.20058805626618,0.0],[21.200560930902693,49.20013050822799,0.0],[21.20039104592643,49.19986471453374,0.0],[21.200390516550723,49.19986388611011,0.0],[21.200293582934776,49.19957835914508,0.0],[21.20026709281153,49.19950033179101,0.0],[21.200051891197848,49.1983493124649,0.0],[21.19995551053397,49.198179690383334,0.0],[21.199876210457802,49.19814493503134,0.0],[21.19975566549752,49.19809210283774,0.0],[21.199483043828536,49.198047802769274,0.0],[21.19888604658214,49.19798153790435,0.0],[21.198087963378967,49.19798337463177,0.0],[21.197731466633687,49.19786624712372,0.0],[21.196480879445904,49.197276139124575,0.0],[21.196363908099013,49.19722094335761,0.0],[21.19601660447604,49.19704909332972,0.0],[21.19601070086424,49.19704552491511,0.0],[21.19527185128684,49.196598951926326,0.0],[21.19477050365156,49.19629592261391,0.0],[21.194443256782616,49.196131803259284,0.0],[21.193995032836394,49.196033504080575,0.0],[21.193953034894914,49.19602954198627,0.0],[21.193944609071686,49.19602874766857,0.0],[21.193262896002214,49.1959644400372,0.0],[21.19319884601535,49.19595839753524,0.0],[21.19277385928435,49.195880059732275,0.0],[21.19265353806985,49.19585788120071,0.0],[21.191989309211692,49.19567115580372,0.0],[21.191325431251546,49.195484523806755,0.0],[21.191193754549474,49.19543271093723,0.0],[21.191141734600457,49.19541912300309,0.0],[21.190984403590782,49.195378028686136,0.0],[21.190769004306453,49.19533098843423,0.0],[21.189351429674293,49.19507881726137,0.0],[21.189337666828923,49.195076369112314,0.0],[21.18928213347257,49.195069981341724,0.0],[21.188674678193404,49.19496648327416,0.0],[21.18809343392796,49.19492548653273,0.0],[21.187789292949507,49.19491023316869,0.0],[21.187615143685882,49.19488300574215,0.0],[21.187603600284554,49.19488024131213,0.0],[21.187421625559644,49.194815317510304,0.0],[21.18723533263641,49.19473902689606,0.0],[21.18701002166566,49.194662028475214,0.0],[21.186687405842022,49.19452939004878,0.0],[21.186580235293746,49.19448532804114,0.0],[21.186375525629302,49.194403396010664,0.0],[21.186221755441125,49.19435204117356,0.0],[21.185214022132516,49.19418340018444,0.0],[21.185042889692788,49.194154760492154,0.0],[21.184928972510143,49.19413569566652,0.0],[21.184812791814863,49.1941162522122,0.0],[21.18474569165715,49.19409071755772,0.0],[21.184110966067696,49.19384917425372,0.0],[21.183640209239766,49.19371814894324,0.0],[21.183338910970665,49.19363428676847,0.0],[21.183041032731715,49.19353776115453,0.0],[21.182666797952496,49.193416365777644,0.0],[21.18246025092771,49.1933415203609,0.0],[21.182258199772367,49.19326830391605,0.0],[21.18199001733891,49.1931582168227,0.0],[21.181982650848514,49.19315459295123,0.0],[21.18175397093392,49.19302105006216,0.0],[21.181618191798762,49.192920624230155,0.0],[21.18161114181255,49.192914027834576,0.0],[21.181608391699456,49.19291019796489,0.0],[21.181605128402058,49.19290243256334,0.0],[21.18158177016975,49.19280456155686,0.0],[21.18157579131556,49.19274599276348,0.0],[21.181576348973184,49.19273794703036,0.0],[21.181579624866792,49.19273018425721,0.0],[21.181585395848035,49.19272314757658,0.0],[21.1816255846336,49.19268543936116,0.0],[21.181629760218836,49.19268264322714,0.0],[21.181639692399337,49.19267789973064,0.0],[21.181765680480456,49.19264254219141,0.0],[21.181777456865525,49.19264024093971,0.0],[21.18178851693255,49.19263968711788,0.0],[21.181800691432297,49.19264078847891,0.0],[21.182039028183834,49.192680569482064,0.0],[21.18232590106639,49.19272610046885,0.0],[21.182565602270863,49.19273766010535,0.0],[21.18291770286512,49.192726724977625,0.0],[21.183141786609564,49.19270293975638,0.0],[21.183378029032685,49.19265581152149,0.0],[21.183381207507114,49.192655053768334,0.0],[21.183381542676447,49.19265490219638,0.0],[21.183571387233457,49.192588156019404,0.0],[21.18373119744895,49.19247369897284,0.0],[21.183698617270814,49.19241287212252,0.0],[21.183455662747043,49.19238745534098,0.0],[21.18325316503916,49.19236776812794,0.0],[21.18304079117641,49.19235770773716,0.0],[21.18266572145604,49.19230004126476,0.0],[21.18243941235387,49.19227701999704,0.0],[21.182428218012788,49.19227369789538,0.0],[21.182101615308405,49.19214610285716,0.0],[21.182092144566855,49.19214097022911,0.0],[21.182012062217733,49.19208658631773,0.0],[21.181485501490204,49.19172899155134,0.0],[21.181066355776025,49.191446450899676,0.0],[21.180101991862422,49.191099075612954,0.0],[21.179465618306523,49.19095844684812,0.0],[21.179229195997625,49.1908783745136,0.0],[21.17921963046686,49.19087423069998,0.0],[21.178187455254196,49.190317309682825,0.0],[21.17807875064914,49.19028304949522,0.0],[21.17798705467004,49.19026679595967,0.0],[21.177890060827345,49.190260793905104,0.0],[21.17780153753616,49.19027927591955,0.0],[21.177759530916955,49.1902907173213,0.0],[21.17766387360648,49.19031676654902,0.0],[21.177586833759342,49.19044406575706,0.0],[21.177572788340694,49.190488046459684,0.0],[21.177613073451806,49.19067942531942,0.0],[21.177818357286124,49.19087858466176,0.0],[21.17801083196075,49.19106531352427,0.0],[21.17813351601838,49.19120669377452,0.0],[21.17833434258672,49.19143812469182,0.0],[21.178343458883482,49.19162185438375,0.0],[21.178311935884654,49.19166668579028,0.0],[21.178286001952436,49.191703568458756,0.0],[21.178235503596415,49.19176417863454,0.0],[21.177901724747773,49.19195390217201,0.0],[21.177218021769946,49.19226983414747,0.0],[21.177114958976155,49.19231745629882,0.0],[21.17692197573953,49.192406630815036,0.0],[21.17687622909397,49.19245286330586,0.0],[21.176843646049846,49.19252373217963,0.0],[21.176840435477242,49.19260205623063,0.0],[21.176845404604332,49.19263652135746,0.0],[21.176886137126818,49.19269334648551,0.0],[21.17693197748357,49.192735992821866,0.0],[21.1770758616786,49.192848325746326,0.0],[21.177158833803052,49.19289756522284,0.0],[21.17729092489354,49.192975953886204,0.0],[21.177463119175897,49.193076100641505,0.0],[21.17769203876323,49.1932188662233,0.0],[21.177979587473022,49.193378169523115,0.0],[21.178181505207547,49.1935151880704,0.0],[21.178279205590528,49.19361137125076,0.0],[21.178299811400002,49.19371261022492,0.0],[21.17828440631,49.19376711420001,0.0],[21.178254906391057,49.19382991129892,0.0],[21.178192831599837,49.19392926817756,0.0],[21.178074615293678,49.19401216469921,0.0],[21.17793709436629,49.19408628898043,0.0],[21.177792724630525,49.194122506309384,0.0],[21.17775238655015,49.194132625353014,0.0],[21.177420819350814,49.19419068950874,0.0],[21.176735196221216,49.1943105820765,0.0],[21.176462278627298,49.19439530856337,0.0],[21.176428988603178,49.19440815202163,0.0],[21.176168315152783,49.194508722869486,0.0],[21.17596759914049,49.19463314580917,0.0],[21.17593293887886,49.1946579325556,0.0],[21.175754687987084,49.19486949252543,0.0],[21.17565754794303,49.19509336456048,0.0],[21.175550681474327,49.19532133421923,0.0],[21.175532024248085,49.19535445700088,0.0],[21.175537128701844,49.195361544726495,0.0],[21.175655972079124,49.195526547370406,0.0],[21.175725187757376,49.19562264620051,0.0],[21.17580830779564,49.19573804928081,0.0],[21.175644195374044,49.19584011251203,0.0],[21.17565148040788,49.19584836130851,0.0],[21.17590932473601,49.19596746825312,0.0],[21.17614785911602,49.19604241839994,0.0],[21.176313058644975,49.19607113122033,0.0],[21.176464669378092,49.19609748238834,0.0],[21.17670804649124,49.196144451305464,0.0],[21.17695034645163,49.19618771316026,0.0],[21.17727796774853,49.196227907592494,0.0],[21.177628347198336,49.19627622235856,0.0],[21.17806933603308,49.19635285761096,0.0],[21.17837990269303,49.19640682714465,0.0],[21.1785884734205,49.19647970826617,0.0],[21.178736087339576,49.19658340148894,0.0],[21.179016713097035,49.19678053031607,0.0],[21.179409094791538,49.19684304791475,0.0],[21.179479208562576,49.1968542179419,0.0],[21.1796936788803,49.19686121069115,0.0],[21.18003643097584,49.19685298702741,0.0],[21.180206809317927,49.19688800801714,0.0],[21.180389718979388,49.196994330443715,0.0],[21.180535134748897,49.19710995496401,0.0],[21.180567365828438,49.19717545727104,0.0],[21.180698884783943,49.197312387319265,0.0],[21.180773700654903,49.19739027996245,0.0],[21.180810701547678,49.19743603125321,0.0],[21.180877915630926,49.1975311494058,0.0],[21.18092553748159,49.1976279095393,0.0],[21.180945036400868,49.197695590321146,0.0],[21.180968217600743,49.19776159832535,0.0],[21.181017295104688,49.1979013490747,0.0],[21.18111110711217,49.1980666236734,0.0],[21.181235866104462,49.19823200970086,0.0],[21.18133305541056,49.19832507428327,0.0],[21.181344643537567,49.198333764961035,0.0],[21.181443342023623,49.198407785930414,0.0],[21.1816230869537,49.19852696388903,0.0],[21.181697019781595,49.19856585745122,0.0],[21.18188061093342,49.19867995281785,0.0],[21.181970193774212,49.19872154047663,0.0],[21.182171896298012,49.19878564280251,0.0],[21.18223378248142,49.198797544338625,0.0],[21.18231408984708,49.19880351533171,0.0],[21.18232902908032,49.19880462550678,0.0],[21.182404423167338,49.198803393503646,0.0],[21.182579335855735,49.198785082907044,0.0],[21.182618218480812,49.19877591680481,0.0],[21.182631473547932,49.198771038405496,0.0],[21.182736301856103,49.19873245311655,0.0],[21.18281086151448,49.1986985425982,0.0],[21.1829480015162,49.19863616901485,0.0],[21.18322932599303,49.19849403964155,0.0],[21.183329143804148,49.19844197620124,0.0],[21.18354885878982,49.19831449899798,0.0],[21.183782403940473,49.198201273966134,0.0],[21.18379898909854,49.19819323165564,0.0],[21.184217946261697,49.197932144068936,0.0],[21.184275852322553,49.19789605649545,0.0],[21.184570458734814,49.19773360878398,0.0],[21.184608679809507,49.197710581680134,0.0],[21.184859417258405,49.19755951913571,0.0],[21.184988859302567,49.197484021169316,0.0],[21.185150337845577,49.1973898371333,0.0],[21.185234565090063,49.1973437212236,0.0],[21.18526012930477,49.19733019580513,0.0],[21.18528924726717,49.19731837013102,0.0],[21.18529701222015,49.19731521686192,0.0],[21.18541850457598,49.1972802982022,0.0],[21.185553347105692,49.197237100009694,0.0],[21.185588894563487,49.197183267958344,0.0],[21.185650745718462,49.19709667092852,0.0],[21.185841474148937,49.19705050444543,0.0],[21.18590927774892,49.19707689292739,0.0],[21.186036188916482,49.19711440559286,0.0],[21.18607732101442,49.197117397396944,0.0],[21.18629431920605,49.19713317528772,0.0],[21.1862858258554,49.197183896008355,0.0],[21.186284851290836,49.19718971062178,0.0],[21.186276725542893,49.19723495427369,0.0],[21.186344315094846,49.1972490912535,0.0],[21.186348674949908,49.197250378617994,0.0],[21.186877315310152,49.197395990613025,0.0],[21.18718929075354,49.19748848626846,0.0],[21.1875374498762,49.19756593550143,0.0],[21.187589460898376,49.19757444397122,0.0],[21.187662840210677,49.197581102692105,0.0],[21.18810555410816,49.19759046829366,0.0],[21.188179755241926,49.19760001765186,0.0],[21.188607980363244,49.19765513331543,0.0],[21.18861906759412,49.19765860896145,0.0],[21.188670361705988,49.197679608285306,0.0],[21.188718520022714,49.19769076425306,0.0],[21.18889587111539,49.19773461806608,0.0],[21.18915412800383,49.19782323541929,0.0],[21.1893906910046,49.19791076191505,0.0],[21.18953667221352,49.19797355478966,0.0],[21.189594898381205,49.19801126950623,0.0],[21.189699655445168,49.19808675744647,0.0],[21.18983801176866,49.19820806834111,0.0],[21.18994436355854,49.19835868241305,0.0],[21.19007744295269,49.19854633438912,0.0],[21.1900926549377,49.19856778488261,0.0],[21.190224963308363,49.198781942398135,0.0],[21.19033432023451,49.19899927431587,0.0],[21.190460144682103,49.199275164041104,0.0],[21.19055086805429,49.1995215766214,0.0],[21.190593822907204,49.199716962812104,0.0],[21.19059437151953,49.19972318497793,0.0],[21.190602767298763,49.19981840586977,0.0],[21.190568118586725,49.19991577299973,0.0],[21.190521275290763,49.199978113307424,0.0],[21.190499253315416,49.20000741999349,0.0],[21.190422677863072,49.20005746166713,0.0],[21.19039408772373,49.20007158887103,0.0],[21.190227664636502,49.200153820729255,0.0],[21.18988869029692,49.200267207241396,0.0],[21.189877638280255,49.200270903826706,0.0],[21.189741883938368,49.200316312979986,0.0],[21.18946724841201,49.20040167269503,0.0],[21.18911254281618,49.200499840405236,0.0],[21.18870133175802,49.200615258798265,0.0],[21.188482736565216,49.20067799478663,0.0],[21.18829038453674,49.200750856610235,0.0],[21.187971498371642,49.200898613479175,0.0],[21.1878040198507,49.200994035812364,0.0],[21.1876380212057,49.2011046355351,0.0],[21.18756598142411,49.20117047227446,0.0],[21.18752282868839,49.20121981426694,0.0],[21.1875156480116,49.20122802523503,0.0],[21.187501429385907,49.201244278782056,0.0],[21.187469891826904,49.20132286407507,0.0],[21.187471816907923,49.201390581364166,0.0],[21.18749460320041,49.20146398397422,0.0],[21.187553796987512,49.201546619132,0.0],[21.187630178607478,49.201624594230864,0.0],[21.187716458631584,49.20170186698004,0.0],[21.187790721116926,49.20176837574478,0.0],[21.187795100517203,49.20177299438849,0.0],[21.187852534153325,49.20184595944011,0.0],[21.187935188336425,49.20199792375755,0.0],[21.188017576433698,49.20218935615527,0.0],[21.188047376112216,49.20227393448499,0.0],[21.18804878304787,49.202281935214295,0.0],[21.18802439768278,49.20239871942438,0.0],[21.188022327793256,49.20240467362614,0.0],[21.187961543470895,49.20250642031858,0.0],[21.187897028770916,49.20258512709237,0.0],[21.187864660457834,49.20262461698886,0.0],[21.187720119150352,49.20273026327968,0.0],[21.187398761949574,49.202959517995026,0.0],[21.187313332016185,49.20312704135872,0.0],[21.187237967769533,49.20324076303694,0.0],[21.187238123501803,49.203242080384534,0.0],[21.18724489014318,49.20329970883524,0.0],[21.18726744125168,49.203349571959414,0.0],[21.187317857086928,49.20343583575615,0.0],[21.18738136751384,49.203496384043994,0.0],[21.187477328720387,49.20358786677902,0.0],[21.187693617658514,49.203837679832105,0.0],[21.187901606201915,49.20404629255087,0.0],[21.188289521832534,49.20446923674164,0.0],[21.18856406987084,49.204813151404004,0.0],[21.188758951321578,49.20503056093393,0.0],[21.188765603260737,49.205028842744596,0.0],[21.18884109516939,49.20500049717089,0.0],[21.18904956906713,49.205182247150745,0.0],[21.189215131416784,49.205294863662026,0.0],[21.18918926535271,49.20532187545922,0.0],[21.18920381450213,49.205330639512965,0.0],[21.189237419981378,49.20535088084533,0.0],[21.18921696481369,49.20536314049774,0.0],[21.189211999250936,49.20536611753459,0.0],[21.189196766673735,49.20537524702177,0.0],[21.18899548837204,49.20538215288342,0.0],[21.188815580666184,49.20538652068396,0.0],[21.188652063360966,49.205121814921306,0.0],[21.18862195432827,49.205086043245394,0.0],[21.188703998818855,49.20504474740309,0.0],[21.18851543132445,49.20482982289603,0.0],[21.188241636516143,49.20448685249835,0.0],[21.18785508974525,49.204065399241074,0.0],[21.187645875557457,49.20385542853018,0.0],[21.18743075410713,49.20360696428026,0.0],[21.187336131802592,49.203516757429995,0.0],[21.187272250382414,49.203455850971515,0.0],[21.187266837204874,49.203449102613,0.0],[21.187216181486786,49.20336243522402,0.0],[21.187192263124942,49.20330992877548,0.0],[21.187190161698854,49.20330246900382,0.0],[21.187184004005932,49.20325001948288,0.0],[21.187183396425397,49.20324484149086,0.0],[21.187187620777557,49.20322643810714,0.0],[21.187262030391473,49.20311415311472,0.0],[21.18727230678807,49.20309400302063,0.0],[21.187346702419322,49.202948120285505,0.0],[21.187351877887814,49.2029408136119,0.0],[21.18735833810295,49.20293518716379,0.0],[21.187627452291125,49.202743205746565,0.0],[21.187679250202876,49.202706254452714,0.0],[21.187819410210704,49.202603809547966,0.0],[21.187909222619187,49.202518567524095,0.0],[21.187970037537486,49.202393735287785,0.0],[21.187993893858458,49.202282025220015,0.0],[21.187964094199987,49.202197447774886,0.0],[21.1879633219223,49.20219525601591,0.0],[21.18788237155844,49.2020077131544,0.0],[21.187800840289523,49.201858051411016,0.0],[21.187746423078863,49.20178961386975,0.0],[21.18767216062064,49.20172310507735,0.0],[21.187584892596796,49.20164494719791,0.0],[21.187505650043548,49.201564050828715,0.0],[21.187442125528108,49.201475371686186,0.0],[21.18741703148265,49.201394533461986,0.0],[21.1874148720189,49.201318543220644,0.0],[21.187450195323105,49.2012305239632,0.0],[21.18746802894117,49.2012101378019,0.0],[21.18751975306081,49.201151008765116,0.0],[21.187595886405465,49.20108141083117,0.0],[21.187766388439616,49.20096781888669,0.0],[21.187782173297304,49.200958825651284,0.0],[21.187937564936327,49.2008702794091,0.0],[21.188260742873496,49.20072053196263,0.0],[21.188457924554612,49.20064585831568,0.0],[21.18861717265319,49.20060015584436,0.0],[21.188679521911205,49.200582261750185,0.0],[21.18880384781104,49.20054736565159,0.0],[21.18891583748901,49.20051593145112,0.0],[21.189003395984788,49.20049135582123,0.0],[21.18909107089521,49.2004667459484,0.0],[21.189232536405758,49.20042758917536,0.0],[21.18944479599862,49.20036883581385,0.0],[21.18971763135072,49.20028403128987,0.0],[21.19019845556916,49.20012320310406,0.0],[21.190347691584307,49.20004945845779,0.0],[21.19033382816276,49.19992435340015,0.0],[21.19013139819742,49.19962398117538,0.0],[21.19022914223637,49.19951750326386,0.0],[21.190435965798354,49.19936284625399,0.0],[21.19042146608666,49.199323470742684,0.0],[21.190407127130843,49.19928453053256,0.0],[21.19039568673751,49.199259448285616,0.0],[21.19028194140398,49.199010064956504,0.0],[21.19017340197553,49.198794342809734,0.0],[21.190070509690102,49.19862777816534,0.0],[21.190042301464334,49.19858211329032,0.0],[21.18989458199018,49.198373820751385,0.0],[21.18979062195471,49.198226593906355,0.0],[21.189657277145173,49.19810967008465,0.0],[21.18960772405415,49.198073963101585,0.0],[21.189581506456594,49.198055069966955,0.0],[21.18955528750825,49.198036176783525,0.0],[21.18950199434289,49.198001658473835,0.0],[21.18936211420561,49.19794148716161,0.0],[21.189267795139397,49.197906594709046,0.0],[21.18912790468982,49.197854843252266,0.0],[21.188873374386144,49.19776749427178,0.0],[21.1886412827623,49.19771011246843,0.0],[21.188589988631282,49.19768911313203,0.0],[21.188095033665654,49.19762576844007,0.0],[21.18765822036295,49.1976169937011,0.0],[21.18757902070057,49.19760980689905,0.0],[21.187521955469528,49.19760047286265,0.0],[21.187512306166305,49.19759832653884,0.0],[21.187169108093137,49.19752197987449,0.0],[21.186856020104724,49.19742913980165,0.0],[21.186327513111667,49.197283332937204,0.0],[21.18616358882921,49.1973195078839,0.0],[21.18613451096399,49.19732624617462,0.0],[21.185985908067124,49.19736068165665,0.0],[21.18589611616163,49.19738148811491,0.0],[21.18584394150685,49.19738578905639,0.0],[21.18559062299136,49.19740667214412,0.0],[21.185399868450876,49.19742239618264,0.0],[21.1853996948479,49.19742232775151,0.0],[21.185269743889677,49.197371329034006,0.0],[21.18518682589077,49.1974167053476,0.0],[21.184896561374313,49.1975859974215,0.0],[21.18460671503047,49.19776062207919,0.0],[21.184311188403345,49.197923577681166,0.0],[21.18408934082039,49.198061793896194,0.0],[21.183833362912544,49.1982212720702,0.0],[21.18382827191558,49.19822374984674,0.0],[21.183824378546575,49.19822564476783,0.0],[21.183815043831828,49.198230188369486,0.0],[21.183583435002163,49.19834247558916,0.0],[21.183365525519072,49.19846890647472,0.0],[21.18326283628316,49.19852252497108,0.0],[21.183251075690823,49.19852846462663,0.0],[21.18297929560305,49.198665717685884,0.0],[21.182931041168633,49.198687664948096,0.0],[21.182842155559698,49.19872809130529,0.0],[21.182763179652284,49.19876381288989,0.0],[21.182658351299416,49.19880239820252,0.0],[21.18264786081891,49.19880598201793,0.0],[21.182636797032288,49.19880976127884,0.0],[21.18259791438437,49.198818927387165,0.0],[21.182587994215638,49.19882059986848,0.0],[21.182413081406708,49.19883891047792,0.0],[21.1823228421305,49.1988403639532,0.0],[21.182307902952065,49.19883925287921,0.0],[21.182300356806476,49.19883869225014,0.0],[21.182227595464596,49.19883328278017,0.0],[21.18221832705556,49.198832056221775,0.0],[21.182147946990817,49.198818005288146,0.0],[21.18194624436721,49.1987539029219,0.0],[21.18193846721604,49.19875089009857,0.0],[21.181842844403832,49.198706051276744,0.0],[21.18174672004898,49.19864631452109,0.0],[21.181660896039784,49.198592977584276,0.0],[21.181584051306324,49.198552247549706,0.0],[21.181404306378028,49.19843306953223,0.0],[21.181303314726645,49.198357431245654,0.0],[21.181287762831445,49.19834538860979,0.0],[21.18119057356973,49.19825232399041,0.0],[21.18105966706681,49.19807916343684,0.0],[21.180963809580575,49.19790941658477,0.0],[21.180891552454863,49.197703657841345,0.0],[21.180872246392976,49.19763680136058,0.0],[21.18082670810642,49.197544276050145,0.0],[21.180761519267314,49.197452022580414,0.0],[21.180726164324334,49.19740830675135,0.0],[21.180520917538153,49.19719461712054,0.0],[21.180515576997923,49.19718736383416,0.0],[21.18048611878359,49.197127533928466,0.0],[21.180394219072944,49.19717324117732,0.0],[21.180324748514643,49.197193965416666,0.0],[21.18024620882596,49.19721622194666,0.0],[21.17988800744802,49.19707952270166,0.0],[21.179796114787294,49.19689465263763,0.0],[21.17969095079496,49.19689713369437,0.0],[21.179578712902526,49.19689347471633,0.0],[21.179476481694582,49.196890140983285,0.0],[21.179466243281947,49.196889168340434,0.0],[21.179396128159716,49.196877997364794,0.0],[21.179003747578275,49.196815479766535,0.0],[21.178992205705196,49.19681271273426,0.0],[21.178981892477378,49.19680833312667,0.0],[21.17869595639763,49.196607936998994,0.0],[21.178554581188582,49.19650862652727,0.0],[21.178421701118513,49.19646028383489,0.0],[21.178354381665663,49.19644942105834,0.0],[21.17820027663617,49.19642060707763,0.0],[21.17780904323036,49.19634745459461,0.0],[21.1776143593028,49.196311052399004,0.0],[21.177478499270414,49.19629231686344,0.0],[21.17726726558961,49.19626318693578,0.0],[21.17693806481419,49.196222798147524,0.0],[21.1766930812469,49.19617905624215,0.0],[21.17644988664266,49.1961321254161,0.0],[21.17612879523085,49.19607631712455,0.0],[21.175881455125435,49.195998604174825,0.0],[21.175610007086075,49.195873208478446,0.0],[21.17560326276784,49.19586556983522,0.0],[21.175429161918373,49.19590020785787,0.0],[21.175335341115126,49.19584430208889,0.0],[21.175171720232907,49.195746804513135,0.0],[21.175162936810686,49.195741570408885,0.0],[21.175163413879375,49.19567229710242,0.0],[21.17516504229266,49.19543554520095,0.0],[21.175499195498166,49.195308878446745,0.0],[21.175604758878308,49.195083526374404,0.0],[21.175702300141687,49.1948587316108,0.0],[21.1757036141407,49.194855703008194,0.0],[21.17588872463991,49.19463600017634,0.0],[21.175916068977596,49.194618287955976,0.0],[21.176134517335257,49.194476788345185,0.0],[21.17634453901326,49.19439644873887,0.0],[21.17641427763548,49.19436977141384,0.0],[21.176471002648608,49.19435205634271,0.0],[21.17656459784044,49.19432282683395,0.0],[21.17671170308544,49.19427807703992,0.0],[21.1767210490134,49.194275830786054,0.0],[21.177669735728987,49.194109858992036,0.0],[21.17773252799745,49.193988929686164,0.0],[21.177745215480247,49.19388312700765,0.0],[21.17777862882544,49.19380084764571,0.0],[21.177844026115192,49.1937384629065,0.0],[21.17788310644923,49.19370118302147,0.0],[21.178039224444003,49.19361130244216,0.0],[21.17805683433106,49.19348236255418,0.0],[21.177942040633635,49.19340446442691,0.0],[21.177749233460982,49.19329764966984,0.0],[21.177656610929127,49.19324633546065,0.0],[21.177425979931357,49.1931025881731,0.0],[21.17728797709092,49.19302232509872,0.0],[21.177254090230935,49.19300261562902,0.0],[21.177039025624563,49.192874987379845,0.0],[21.1768899459678,49.192759118816404,0.0],[21.176841274605636,49.19271406046977,0.0],[21.17683646773876,49.19270864028554,0.0],[21.17679573512924,49.1926518169368,0.0],[21.176791786775684,49.19264418928374,0.0],[21.176785577047294,49.192601090144244,0.0],[21.1767869842623,49.192567261067126,0.0],[21.17678889595047,49.19252127963326,0.0],[21.176791101914308,49.192513356572995,0.0],[21.176823683720976,49.19244248677249,0.0],[21.17682852469281,49.19243508363618,0.0],[21.176875931873425,49.192387060373825,0.0],[21.176890353811757,49.19237723378707,0.0],[21.17708333829681,49.19228806026311,0.0],[21.17718639975544,49.19224043719817,0.0],[21.177867851085928,49.1919255467575,0.0],[21.17799098837069,49.191855554069804,0.0],[21.178192080256913,49.191741252744194,0.0],[21.178237838091285,49.191686330415095,0.0],[21.17825524199696,49.19166138157564,0.0],[21.178288188494214,49.191614524211055,0.0],[21.178279937194457,49.19144818029134,0.0],[21.178085814172192,49.19122447564313,0.0],[21.177964177000582,49.191084300150926,0.0],[21.17761538327954,49.19074591415156,0.0],[21.177377437407973,49.190771823337954,0.0],[21.177209258424057,49.190634277324726,0.0],[21.1771103199447,49.19056114724901,0.0],[21.1771079532188,49.19051674596234,0.0],[21.177015367518887,49.19028343029635,0.0],[21.177065744364633,49.190282116377645,0.0],[21.17727582910593,49.190276632748024,0.0],[21.177576934972894,49.19018868162336,0.0],[21.177686698409822,49.19015569640446,0.0],[21.17781438869566,49.1900591020341,0.0],[21.17788293283253,49.19022513062908,0.0],[21.177890338081056,49.19022504263268,0.0],[21.177992214482206,49.1902309885245,0.0],[21.178001380074285,49.19023207633061,0.0],[21.17809307736482,49.19024832989802,0.0],[21.178102532068927,49.19025063481831,0.0],[21.17821721155081,49.190286776911435,0.0],[21.179254507661174,49.19084646026591,0.0],[21.179483151693084,49.19092436387393,0.0],[21.18012414644301,49.19106601468443,0.0],[21.18109997892617,49.19141752000127,0.0],[21.181524844911262,49.19170391748589,0.0],[21.182131632088854,49.19211599228488,0.0],[21.182456310013393,49.19224279886351,0.0],[21.182676126957375,49.192264697344456,0.0],[21.183053325044945,49.19232268951323,0.0],[21.183288153538452,49.19232282228776,0.0],[21.18358571187966,49.19231280628123,0.0],[21.183736199045732,49.19231449618931,0.0],[21.183817935257917,49.19224656099821,0.0],[21.18380979434073,49.19221921694467,0.0],[21.18380927673664,49.19221305327932,0.0],[21.183810158930005,49.19220569643287,0.0],[21.18380080656909,49.19202471152497,0.0],[21.183747215166193,49.191875493716466,0.0],[21.18371900420189,49.19085340551956,0.0],[21.183675826816426,49.19058010416566,0.0],[21.183162287889257,49.18986028379147,0.0],[21.183142383401428,49.18891353809701,0.0],[21.182838242083584,49.18794719383358,0.0],[21.182832550897267,49.18792911095447,0.0],[21.182943982605618,49.187586458388964,0.0],[21.183131771439427,49.18715310789774,0.0],[21.183296343899446,49.187030613055306,0.0],[21.183434494004256,49.18702864725489,0.0],[21.183683414402985,49.18708311192275,0.0],[21.183903567987276,49.18714134634754,0.0],[21.18405958741537,49.187199913150074,0.0],[21.184259942529554,49.18728554499076,0.0],[21.184403778841308,49.18736474268969,0.0],[21.184500741294286,49.187451814779585,0.0],[21.18464542603282,49.18751936564844,0.0],[21.184834106104958,49.18752058505155,0.0],[21.185015003617053,49.18748187291493,0.0],[21.185193362991036,49.18742907407071,0.0],[21.185554988584187,49.18740300534865,0.0],[21.185721669918863,49.18736384848471,0.0],[21.18579070983938,49.187295964218016,0.0],[21.185798832345675,49.187233183432824,0.0],[21.185776664898814,49.18719513759859,0.0],[21.18572877430516,49.187167962900155,0.0],[21.185630795148867,49.187143894410866,0.0],[21.185484590017357,49.187146335193326,0.0],[21.18531892306802,49.1871715161466,0.0],[21.185193023853692,49.18718859844051,0.0],[21.185060864449994,49.18719381222136,0.0],[21.184939532147563,49.187197029570655,0.0],[21.184879967369042,49.18718349733648,0.0],[21.184804494542956,49.18714378829702,0.0],[21.184716332608733,49.187082671370895,0.0],[21.18463916864041,49.18701722831156,0.0],[21.184608878840013,49.186943908806356,0.0],[21.184554560935666,49.18685816801295,0.0],[21.18449025945061,49.186713748771304,0.0],[21.184455571776887,49.18660293960238,0.0],[21.184400069583972,49.18648447699698,0.0],[21.184322063243652,49.18633262614473,0.0],[21.184293465475736,49.18628504135951,0.0],[21.184286991629147,49.18624376096831,0.0],[21.18406050897066,49.186235403589265,0.0],[21.183876767025076,49.18621889119503,0.0],[21.18367523631314,49.186211561503285,0.0],[21.183739137161268,49.18603873728803,0.0],[21.183997254981705,49.18594591304862,0.0],[21.1842028506737,49.18592145856144,0.0],[21.184177504829133,49.18577269015978,0.0],[21.183919745415427,49.185708579172,0.0],[21.183760400603557,49.18566894576124,0.0],[21.183740448305112,49.18566398284941,0.0],[21.18337849738624,49.18563296762043,0.0],[21.18287826774188,49.18573023331191,0.0],[21.182171905161066,49.186012535931404,0.0],[21.18187188551318,49.18621927039384,0.0],[21.181243567492707,49.18665221634628,0.0],[21.180553414068015,49.18688650125898,0.0],[21.180545420067837,49.186889214924534,0.0],[21.180183370655993,49.18765424784638,0.0],[21.18016306648634,49.18803530480798,0.0],[21.180089035414465,49.18826191608523,0.0],[21.179913793805994,49.18845628806599,0.0],[21.179834367775605,49.1884626716669,0.0],[21.179655734010648,49.18847702948544,0.0],[21.179534590111007,49.188431056161434,0.0],[21.17934890408271,49.1883605868407,0.0],[21.17928659352111,49.1883369411837,0.0],[21.178908450610603,49.18814129637758,0.0],[21.178539133688723,49.18804900120489,0.0],[21.177824642662998,49.18787614393783,0.0],[21.17698080249096,49.187546470059395,0.0],[21.176245114944113,49.187246189764956,0.0],[21.176069205862156,49.187249688770756,0.0],[21.175483904778538,49.187549062860015,0.0],[21.175137504129264,49.187826653592026,0.0],[21.17500541225906,49.18803740192599,0.0],[21.174898738947014,49.18832528462802,0.0],[21.17482299018488,49.188438783687666,0.0],[21.17473254377988,49.18857430547039,0.0],[21.174678980503476,49.188614739050024,0.0],[21.174285292705072,49.18891191867263,0.0],[21.174100914817704,49.18905109721922,0.0],[21.173759043169124,49.1892757135112,0.0]],[[21.205955843854035,49.226614976245436,0.0],[21.205905911672172,49.22654708377755,0.0],[21.20582627524277,49.22656117861303,0.0],[21.205774011765516,49.22654979913093,0.0],[21.205801025778456,49.2265133765382,0.0],[21.205814253337323,49.22649554185171,0.0],[21.20572217391528,49.226360449138966,0.0],[21.205765380898434,49.226192464105566,0.0],[21.206053811625043,49.226432845051036,0.0],[21.206332648797716,49.22655500414397,0.0],[21.206247186302953,49.22656603715339,0.0],[21.205987389999162,49.22664629047978,0.0],[21.205955843854035,49.226614976245436,0.0]],[[21.20184531190617,49.22477436599886,0.0],[21.201590295595963,49.224739613659004,0.0],[21.20150755029265,49.224728338138,0.0],[21.20116978929615,49.224682309299446,0.0],[21.20134732449953,49.22461453042447,0.0],[21.20128282027604,49.22438411773092,0.0],[21.20141948135048,49.224450318677846,0.0],[21.20152796349437,49.22449967983399,0.0],[21.201788354482925,49.2245793761348,0.0],[21.201869667160956,49.224601747659484,0.0],[21.20198535855676,49.22461105436205,0.0],[21.202154495037263,49.22465169000542,0.0],[21.202231266690422,49.224670134139174,0.0],[21.2024546182304,49.22467746117434,0.0],[21.20252657473525,49.224678307406194,0.0],[21.202740471059215,49.22470880368698,0.0],[21.20288850352254,49.224713397961594,0.0],[21.203026286520924,49.224683633560105,0.0],[21.203071344755823,49.22467390022019,0.0],[21.203077298309733,49.22473428199443,0.0],[21.20308113083515,49.22475760223797,0.0],[21.203275174027457,49.224768576675565,0.0],[21.20369612388856,49.22479975573067,0.0],[21.203524950580935,49.224986483942985,0.0],[21.20320743536873,49.22501973916867,0.0],[21.20279785973801,49.22500195235986,0.0],[21.202360276012456,49.22494267400099,0.0],[21.20220477155788,49.22489184958709,0.0],[21.20184531190617,49.22477436599886,0.0]],[[21.189511447599397,49.20558855235253,0.0],[21.18945409398275,49.205524141016404,0.0],[21.189470433157506,49.20552518580766,0.0],[21.189607172043676,49.20554657133599,0.0],[21.18968477753941,49.205553163829045,0.0],[21.19000868503638,49.20555960810138,0.0],[21.190027028961932,49.205560781892636,0.0],[21.190151046639485,49.205521864078555,0.0],[21.190658183998718,49.20536271678153,0.0],[21.19089247382013,49.205147704442375,0.0],[21.19097442586645,49.2051837959169,0.0],[21.190741196405206,49.205422539129124,0.0],[21.19050902367018,49.20563165605394,0.0],[21.190539174014944,49.205638197270815,0.0],[21.19077323578636,49.20572316775153,0.0],[21.190938395003446,49.20577080635787,0.0],[21.191380331499108,49.20634087786271,0.0],[21.19107993144108,49.206346482552625,0.0],[21.191045127047868,49.20614075857786,0.0],[21.19068976451109,49.20585014001526,0.0],[21.190529599992043,49.20598218563685,0.0],[21.190636642769558,49.20635475043023,0.0],[21.191045179780293,49.20660119360447,0.0],[21.190938918298336,49.20676627081313,0.0],[21.190214383709705,49.20636262489705,0.0],[21.18956973973474,49.205811429469364,0.0],[21.18956633007421,49.20573357405748,0.0],[21.189511447599397,49.20558855235253,0.0]],[[21.173159293216973,49.19715326969797,0.0],[21.173091772566245,49.19692917196077,0.0],[21.173259882129106,49.19689821879868,0.0],[21.173600524960772,49.19701363050222,0.0],[21.173576608725078,49.197045812400006,0.0],[21.173425539931998,49.197249086599875,0.0],[21.173159971836938,49.197153514196465,0.0],[21.173159293216973,49.19715326969797,0.0]],[[21.18061416969308,49.21045751172703,0.0],[21.180579368875232,49.21035143245244,0.0],[21.180444478058515,49.20994026497649,0.0],[21.180451132404162,49.20991490712145,0.0],[21.180791272393346,49.21007811481019,0.0],[21.180892937464186,49.21012694927913,0.0],[21.180898898396414,49.21012981265578,0.0],[21.181646997263098,49.21048915576387,0.0],[21.18202147287572,49.21066902862031,0.0],[21.182643536848108,49.21096782044596,0.0],[21.18293103030772,49.21110590786619,0.0],[21.183135465627924,49.21120409957833,0.0],[21.183566397772825,49.21141107885894,0.0],[21.183837022804546,49.2115410604336,0.0],[21.184857311683647,49.21203109154833,0.0],[21.184906971129053,49.21205487569973,0.0],[21.18547890608028,49.21232955260088,0.0],[21.18554635688455,49.21236194727935,0.0],[21.185559863794612,49.21236843411401,0.0],[21.1855929931631,49.21238434413314,0.0],[21.185834274211846,49.21250021931943,0.0],[21.185920061494414,49.21254141886759,0.0],[21.18663591813933,49.21288520159141,0.0],[21.186636473129166,49.21288546825165,0.0],[21.18682651424388,49.2129767326096,0.0],[21.187291769431326,49.21320016056402,0.0],[21.18756345899262,49.21333063137599,0.0],[21.187667378592497,49.21338053525897,0.0],[21.18769282141224,49.21339275366942,0.0],[21.187116969529534,49.21390493043854,0.0],[21.18702396332098,49.21389519012689,0.0],[21.186961250405524,49.21390349707373,0.0],[21.186868227260227,49.21396018968179,0.0],[21.186763268924448,49.213997696880135,0.0],[21.186687596460132,49.214000918581924,0.0],[21.1865238096356,49.21405945621557,0.0],[21.186348145917602,49.21407909396095,0.0],[21.186232989069836,49.21410755076816,0.0],[21.18616291667617,49.214123847488814,0.0],[21.186112251712128,49.21413563088918,0.0],[21.18608799959783,49.214141272261756,0.0],[21.18607770107508,49.21414366788467,0.0],[21.185874348822594,49.21414533769711,0.0],[21.18565495321264,49.21418348865179,0.0],[21.185640821923162,49.214185945633844,0.0],[21.185575510032386,49.21419408077425,0.0],[21.185449155608193,49.21418942040919,0.0],[21.185404780931343,49.214204419873546,0.0],[21.18528721452669,49.21427925077649,0.0],[21.185196578246455,49.214333315991574,0.0],[21.185102220369856,49.214359178903386,0.0],[21.18499646333679,49.214354710482354,0.0],[21.184823265968234,49.21430069677807,0.0],[21.18466488334775,49.2143037683055,0.0],[21.18458069733696,49.214257752321615,0.0],[21.184439039944436,49.214246221129066,0.0],[21.184288646023727,49.21433217951844,0.0],[21.18424486925125,49.2144107511541,0.0],[21.184198241371416,49.21443972385448,0.0],[21.18409717973436,49.214436840544366,0.0],[21.184020566141623,49.214449213195415,0.0],[21.183951323724198,49.21444147134239,0.0],[21.18386369090069,49.21440128858071,0.0],[21.183794715963135,49.21440309797465,0.0],[21.183711973103637,49.214369369070624,0.0],[21.18361566549268,49.21432756510673,0.0],[21.18350169569163,49.21432454850577,0.0],[21.18334439413695,49.214363749927145,0.0],[21.183189500637795,49.21442652057091,0.0],[21.183125846172533,49.214436417370784,0.0],[21.182864727750673,49.21455213543599,0.0],[21.182804109192144,49.21455618461948,0.0],[21.18261241327786,49.21459971269775,0.0],[21.18243000490576,49.21458924753492,0.0],[21.182408739931947,49.21458307538836,0.0],[21.18232436649961,49.214558584630616,0.0],[21.18209371558179,49.214570918253905,0.0],[21.18191214083267,49.21448855331885,0.0],[21.181703848443703,49.21439506099168,0.0],[21.18155640144375,49.2143288780816,0.0],[21.181282740522125,49.21420604257372,0.0],[21.180913044648086,49.21403242281143,0.0],[21.18088695689012,49.21402017104065,0.0],[21.180083411234314,49.21364279137724,0.0],[21.1796472622327,49.21343795193228,0.0],[21.179688926888495,49.213283869088514,0.0],[21.179959831527306,49.21228200112004,0.0],[21.180086132309373,49.21181490400727,0.0],[21.1801054868902,49.21174331881659,0.0],[21.180149180013156,49.21163287878602,0.0],[21.180155770444024,49.21161622029825,0.0],[21.180178937933825,49.21155766038528,0.0],[21.18061416969308,49.21045751172703,0.0]],[[21.187084340602226,49.225584121625616,0.0],[21.187152227464324,49.22550342720233,0.0],[21.187210731542645,49.22540157655152,0.0],[21.18728448857894,49.22520913609616,0.0],[21.187437233239,49.22524115280527,0.0],[21.187744522449766,49.2253055612649,0.0],[21.187769623083902,49.22538265993061,0.0],[21.187455414722695,49.225402904164014,0.0],[21.18744508990156,49.22540356898164,0.0],[21.187084340602226,49.225584121625616,0.0]],[[21.193874578710115,49.22490280776116,0.0],[21.194162268603076,49.22495794577981,0.0],[21.194324059586876,49.2250045207815,0.0],[21.194447803163246,49.225131044113645,0.0],[21.194433558077865,49.22522936686452,0.0],[21.194260303080927,49.225385480827775,0.0],[21.193748569298833,49.225317080387605,0.0],[21.193705575587884,49.2252049466909,0.0],[21.193828476043613,49.22495594279535,0.0],[21.193874578710115,49.22490280776116,0.0]],[[21.195766411248517,49.20431106070917,0.0],[21.196287102654075,49.20462756183099,0.0],[21.19753524057992,49.20467105561826,0.0],[21.197527809232778,49.20476795540312,0.0],[21.19753205426728,49.20485540704411,0.0],[21.196528275691648,49.20513107180991,0.0],[21.196655721156294,49.2054142774526,0.0],[21.196649900745015,49.2054565225525,0.0],[21.196620468222616,49.205670145781305,0.0],[21.196612261342157,49.20572970569175,0.0],[21.19659603899243,49.20573063066194,0.0],[21.19612706767564,49.20575737553624,0.0],[21.19616003352456,49.206036201609734,0.0],[21.195669552587173,49.20614058265106,0.0],[21.195680101233496,49.206221939956436,0.0],[21.195639940059625,49.20622823150107,0.0],[21.195507887712957,49.206232592394976,0.0],[21.195424591771797,49.206235341843794,0.0],[21.19529847284825,49.206187004298656,0.0],[21.195256799115207,49.206130089236176,0.0],[21.195058166425408,49.206069875820106,0.0],[21.194935769584113,49.20602107124004,0.0],[21.195147123177048,49.20599024614605,0.0],[21.1948536534352,49.205722492593644,0.0],[21.194752431075816,49.205630138097625,0.0],[21.195281264675483,49.205540621900155,0.0],[21.19594554598713,49.205480354837285,0.0],[21.19617522510762,49.205293811772556,0.0],[21.19641762307952,49.20493228903663,0.0],[21.196352278210757,49.20479232705255,0.0],[21.195876535849358,49.204699424073105,0.0],[21.19523729184536,49.204683693637726,0.0],[21.194938074340698,49.20484036498377,0.0],[21.195404069625578,49.204875835897525,0.0],[21.194803845784026,49.20519876596638,0.0],[21.19465539429824,49.205184843872175,0.0],[21.19468171424932,49.20504447095112,0.0],[21.194537253037154,49.20488736902747,0.0],[21.19476151810743,49.204811557838795,0.0],[21.194870144214214,49.2046099051123,0.0],[21.194549485907327,49.204579592250475,0.0],[21.1945462277443,49.204575262640994,0.0],[21.194462674266767,49.20446422223837,0.0],[21.195766411248517,49.20431106070917,0.0]],[[21.189924454737298,49.206988415908825,0.0],[21.18989173015743,49.207051879181414,0.0],[21.189714985076982,49.20706801815075,0.0],[21.18970845697559,49.20698744695042,0.0],[21.189706097805356,49.20695831778039,0.0],[21.189583390008927,49.206891838657384,0.0],[21.189941920911362,49.20684313271854,0.0],[21.190113747972884,49.20675176108792,0.0],[21.190371165536277,49.206701815527495,0.0],[21.19074820923551,49.206970914965794,0.0],[21.190735375348737,49.20697027392708,0.0],[21.190536732630992,49.20696035454872,0.0],[21.19035464403927,49.20696262971231,0.0],[21.190055871671664,49.20698510818093,0.0],[21.189924454737298,49.206988415908825,0.0]],[[21.19092326459625,49.212461828606564,0.0],[21.190758581886033,49.21241565137827,0.0],[21.190788959796517,49.21232006701156,0.0],[21.19149224954594,49.21235747060801,0.0],[21.191395377594855,49.212518435038255,0.0],[21.19092326459625,49.212461828606564,0.0]],[[21.19308304096655,49.21281710550061,0.0],[21.192816580667465,49.21274778162904,0.0],[21.19223415450046,49.21267526271822,0.0],[21.192158293443022,49.21258408232392,0.0],[21.192166704004464,49.212583534011955,0.0],[21.192029741376928,49.21239727206733,0.0],[21.192087021878546,49.21240143656187,0.0],[21.192503310747185,49.21245161125431,0.0],[21.192881135430028,49.21250011179561,0.0],[21.19315654096869,49.212555358623504,0.0],[21.193412454704365,49.212598041756024,0.0],[21.193460489830212,49.2127251001842,0.0],[21.19352622553569,49.21290012352083,0.0],[21.19328673618572,49.21285516131021,0.0],[21.19308304096655,49.21281710550061,0.0]],[[21.190716557508203,49.22601201843084,0.0],[21.19042019409901,49.22589799058467,0.0],[21.190417810115484,49.22589707286722,0.0],[21.190634511388645,49.22578537314651,0.0],[21.19106179581821,49.22600227890031,0.0],[21.19091652277084,49.22606470633613,0.0],[21.19079689286994,49.22611186279373,0.0],[21.190716557508203,49.22601201843084,0.0]],[[21.197491699787324,49.20910263767067,0.0],[21.197615581086758,49.2087633478934,0.0],[21.197752537171006,49.20874511008051,0.0],[21.197825072572584,49.209480691751025,0.0],[21.198221923001686,49.20960746171675,0.0],[21.19835066111427,49.209648586436586,0.0],[21.198527838456826,49.20985164953043,0.0],[21.198529353231976,49.2098533862711,0.0],[21.198448933007402,49.209985557862275,0.0],[21.19835257887604,49.209991619693604,0.0],[21.197971886259836,49.209970821690135,0.0],[21.1980023986699,49.20981285588268,0.0],[21.197554878249814,49.20962988805068,0.0],[21.197617870512666,49.209396372616695,0.0],[21.197491699787324,49.20910263767067,0.0]],[[21.214499539280723,49.20789765683637,0.0],[21.214215554557796,49.20792230904994,0.0],[21.214001381727826,49.20794054709005,0.0],[21.213810600392407,49.2079567929147,0.0],[21.213799580362142,49.20795797222727,0.0],[21.213414578003157,49.20799919443597,0.0],[21.21339543997937,49.208001243140316,0.0],[21.213307785897896,49.208010629059885,0.0],[21.2132413003081,49.208004917931326,0.0],[21.213096999375622,49.20798338592425,0.0],[21.213257904667255,49.20778916479139,0.0],[21.213296687651603,49.20764398393259,0.0],[21.213823334671215,49.2078390786034,0.0],[21.214499539280723,49.20789765683637,0.0]],[[21.21160520853224,49.21312803048434,0.0],[21.211665318572514,49.21315234338504,0.0],[21.2117169807174,49.21316209075739,0.0],[21.21173400034039,49.21316530214279,0.0],[21.211921485072597,49.213200673346975,0.0],[21.21220964036908,49.21325503870824,0.0],[21.211896099451344,49.21333459498136,0.0],[21.21179784433734,49.213332954933826,0.0],[21.211598234142116,49.213224499450455,0.0],[21.21160520853224,49.21312803048434,0.0]]],[[[21.16770937409504,49.231123416576935,0.0],[21.167584762607884,49.23120280414085,0.0],[21.167392057809348,49.23137128697755,0.0],[21.167296957321934,49.2314944980624,0.0],[21.167259077244488,49.231569545487204,0.0],[21.167155537090157,49.23177466955819,0.0],[21.166992986410893,49.232035384324426,0.0],[21.166957201008127,49.23216004796932,0.0],[21.167897242799437,49.23113338249792,0.0],[21.167892104067782,49.23113214755815,0.0],[21.16770937409504,49.231123416576935,0.0]]],[[[21.15045636092949,49.243929040087366,0.0],[21.15051247324481,49.2442134707722,0.0],[21.149996133335733,49.24497230023182,0.0],[21.150111563817624,49.24497323272217,0.0],[21.150244986620823,49.24502874372937,0.0],[21.150239380521114,49.245198706219604,0.0],[21.15029050832457,49.245326345062786,0.0],[21.150341793480532,49.24532075745976,0.0],[21.150406081449834,49.245518215366836,0.0],[21.150425951266733,49.245579064450666,0.0],[21.15056371167492,49.24572347269321,0.0],[21.150700453224914,49.245866767530146,0.0],[21.15082087861198,49.246084355809685,0.0],[21.150842495134626,49.24612329564049,0.0],[21.150881989404745,49.24616594783567,0.0],[21.150921483742106,49.24620860001668,0.0],[21.150862218058062,49.24632286160532,0.0],[21.150867195837428,49.24634696369587,0.0],[21.15093931089767,49.24669617280474,0.0],[21.150743614024815,49.24713291756455,0.0],[21.15092549944423,49.24750043400947,0.0],[21.150927732695664,49.24755021538108,0.0],[21.150945106929463,49.24793756106237,0.0],[21.15115974784881,49.24809632840532,0.0],[21.151799653545602,49.24856965402961,0.0],[21.151876375115794,49.24865058590589,0.0],[21.151979482451544,49.24875935380642,0.0],[21.15198423147471,49.248764363387814,0.0],[21.15218368320623,49.2489747635651,0.0],[21.15234433356714,49.2491128449055,0.0],[21.152476383731525,49.24922634664991,0.0],[21.152598324509693,49.2493311565952,0.0],[21.152775882097572,49.24948376892599,0.0],[21.152871829420807,49.24956623544043,0.0],[21.152971326702783,49.2496514501896,0.0],[21.152974051543858,49.24959701870249,0.0],[21.152991376505664,49.24950804105178,0.0],[21.153015842661635,49.24945123615389,0.0],[21.153050584595608,49.24940279409209,0.0],[21.153063837812496,49.249388252180985,0.0],[21.15321016536267,49.24931544503455,0.0],[21.153680296922886,49.249170704060056,0.0],[21.15386136423205,49.2491115308948,0.0],[21.153993624638822,49.24905856482339,0.0],[21.154177744840993,49.24898483097594,0.0],[21.15436714067951,49.24894092435222,0.0],[21.154467385641116,49.24891768606728,0.0],[21.15475943514263,49.24885162349999,0.0],[21.15477829944163,49.24884735624177,0.0],[21.155041049957244,49.24878791937634,0.0],[21.155287632997034,49.248733900772145,0.0],[21.155390558536425,49.24870246681026,0.0],[21.155641186506823,49.24862592103195,0.0],[21.155817421584626,49.248528485791674,0.0],[21.156048821552172,49.24840055013065,0.0],[21.1561289918339,49.24833583308072,0.0],[21.156013934214375,49.24794094715023,0.0],[21.155974624430485,49.24780603204628,0.0],[21.155888371479165,49.24750999737507,0.0],[21.155877126276984,49.24745300152471,0.0],[21.156216072539777,49.247545933714335,0.0],[21.156105420802348,49.247369418437984,0.0],[21.156336827915705,49.24739976320673,0.0],[21.156690462629992,49.247439572820404,0.0],[21.156844622342124,49.24751562259813,0.0],[21.157000942798653,49.24764620849514,0.0],[21.157060422896482,49.247599896375945,0.0],[21.15716622091999,49.247544680552586,0.0],[21.157170737239138,49.24754260792357,0.0],[21.157592085747417,49.247349232862454,0.0],[21.15764094811555,49.24732496957904,0.0],[21.15749811012924,49.24717924984292,0.0],[21.158116633979354,49.24688598632716,0.0],[21.15805985462305,49.246696413237586,0.0],[21.158033447536376,49.246404373459214,0.0],[21.157948440921153,49.24600435145836,0.0],[21.1578991014877,49.24582887762543,0.0],[21.15804222220217,49.2458657058975,0.0],[21.15809539762769,49.2457328615315,0.0],[21.158356780610745,49.24573268189705,0.0],[21.158340116124116,49.245675264983184,0.0],[21.158235818451132,49.24559539067443,0.0],[21.15805363251582,49.24554958502699,0.0],[21.15811513874103,49.245478499524936,0.0],[21.15839945358002,49.24533073458802,0.0],[21.15837121278787,49.24517972840826,0.0],[21.158786161610106,49.244628157632995,0.0],[21.158465366127757,49.24463468578529,0.0],[21.15834854364078,49.244637062053876,0.0],[21.15825606812235,49.24474055006076,0.0],[21.157486065381672,49.24520748020262,0.0],[21.15747120392565,49.24520420476564,0.0],[21.157438382621077,49.24519509090984,0.0],[21.157116689984345,49.24503367804275,0.0],[21.157026960651134,49.244933730166565,0.0],[21.15697139148819,49.24487183026147,0.0],[21.15696115430632,49.2447579607627,0.0],[21.156947756998452,49.24443876567369,0.0],[21.157009015044355,49.24432690725692,0.0],[21.157017099344458,49.244316351597966,0.0],[21.156863065215962,49.24427183066442,0.0],[21.15660080579247,49.244199429149425,0.0],[21.156143360622593,49.244073141737616,0.0],[21.15593330023134,49.24401514916439,0.0],[21.155752638268716,49.24399307007935,0.0],[21.154966723875088,49.24389702075267,0.0],[21.154680518628503,49.24386204061672,0.0],[21.15441715253546,49.24382029978702,0.0],[21.15399960210141,49.24375412133275,0.0],[21.153408443735714,49.2436604234956,0.0],[21.153155313758177,49.243602184015,0.0],[21.153001594936764,49.24356681739623,0.0],[21.152778222998172,49.24348469610312,0.0],[21.152641815180445,49.24343454656171,0.0],[21.15229880600365,49.243308440078955,0.0],[21.152244869023892,49.24328860966943,0.0],[21.15193854092311,49.24315231153031,0.0],[21.151794787603514,49.2430883484451,0.0],[21.151441399281072,49.24293110859204,0.0],[21.151316429218287,49.24284765766619,0.0],[21.151175098428613,49.2427532799937,0.0],[21.151005515241774,49.24264003596822,0.0],[21.150797682410374,49.24250124728101,0.0],[21.15063795172544,49.24252322669498,0.0],[21.150383730220188,49.242596245313365,0.0],[21.150291176548418,49.24277067396909,0.0],[21.15013619381027,49.24291523030381,0.0],[21.15002365661743,49.24289368399101,0.0],[21.150030592562167,49.243154963204816,0.0],[21.15045636092949,49.243929040087366,0.0]],[[21.157196133863263,49.247087758112585,0.0],[21.157258772128955,49.24730200478654,0.0],[21.157077929066006,49.24739528327005,0.0],[21.156983717294455,49.24744387831317,0.0],[21.156851704776003,49.24723745696122,0.0],[21.156718000774916,49.24718831136622,0.0],[21.156739958022868,49.24708947940602,0.0],[21.15707483550304,49.246936271638575,0.0],[21.157196133863263,49.247087758112585,0.0]]],[[[21.1602148068159,49.245158390586724,0.0],[21.160089479319414,49.24515633195519,0.0],[21.160076354276985,49.24526411953765,0.0],[21.15990388869611,49.24553226603298,0.0],[21.15996118484586,49.245546852766125,0.0],[21.160188430903194,49.24561949044834,0.0],[21.16024208752868,49.24547424663404,0.0],[21.160248899798603,49.245158950252,0.0],[21.1602148068159,49.245158390586724,0.0]]],[[[21.159474430523414,49.244614149771564,0.0],[21.159194144689433,49.24527425784092,0.0],[21.159135001583277,49.245482951601886,0.0],[21.159052047064492,49.245993898918954,0.0],[21.159036062316854,49.246092356985145,0.0],[21.159030927477854,49.246134036183115,0.0],[21.15896716506911,49.24665166228328,0.0],[21.159113127264,49.246602380576306,0.0],[21.15916610127358,49.246585037794084,0.0],[21.15929661598825,49.2465423086549,0.0],[21.15929521094192,49.246414184071426,0.0],[21.159433493126,49.24618658869847,0.0],[21.159539253283395,49.246052023351155,0.0],[21.159608485350176,49.246076011240625,0.0],[21.159612294035064,49.246175251831446,0.0],[21.159616455961302,49.24628371255242,0.0],[21.159622289053925,49.246435684681174,0.0],[21.159752298706728,49.24639311924163,0.0],[21.15985521386531,49.24636395334793,0.0],[21.159832653785486,49.24629460045596,0.0],[21.159788335602318,49.245938084925484,0.0],[21.15984466585814,49.24582259308323,0.0],[21.15988473897221,49.24574043123216,0.0],[21.159831947182578,49.24571065455393,0.0],[21.159688341348645,49.245733816112846,0.0],[21.15960420267768,49.24569142021413,0.0],[21.159651432851696,49.2454745547871,0.0],[21.15975683865905,49.24520442058458,0.0],[21.1598389491764,49.24493014598434,0.0],[21.159879632499795,49.24479424331418,0.0],[21.159935917803054,49.244606232564024,0.0],[21.15990851053405,49.24460531283415,0.0],[21.159474430523414,49.244614149771564,0.0]]],[[[21.18451373685395,49.1781634713955,0.0],[21.184363293656478,49.17822388800194,0.0],[21.18423339021513,49.17832324615389,0.0],[21.184077331991467,49.17834536496002,0.0],[21.18403935103971,49.178375624187154,0.0],[21.18377367542678,49.17864369589979,0.0],[21.183409109206043,49.17917280219699,0.0],[21.18305491067111,49.179872581813015,0.0],[21.183002173295762,49.17997677054534,0.0],[21.18300144925267,49.18028903371626,0.0],[21.183107195286997,49.18053449415914,0.0],[21.18326250132734,49.18108055487445,0.0],[21.18325543609867,49.181106725674525,0.0],[21.183031755379805,49.18193524789651,0.0],[21.183111068178313,49.18193376776246,0.0],[21.1831843705742,49.18182456527748,0.0],[21.183410321872437,49.181832836410706,0.0],[21.183420641220284,49.18189964008176,0.0],[21.183453807937802,49.18204245081453,0.0],[21.183595698815864,49.182129809263586,0.0],[21.183453266984984,49.182267937348556,0.0],[21.183242961128386,49.18226373782983,0.0],[21.183205623414718,49.18220118640546,0.0],[21.183065821784545,49.18208943401921,0.0],[21.18301268840779,49.18209244027517,0.0],[21.183163390425346,49.18262666223626,0.0],[21.18326107721345,49.18297294504532,0.0],[21.18336820843306,49.1833527043433,0.0],[21.183398970086465,49.18346174684141,0.0],[21.18424862381387,49.18406441229125,0.0],[21.184400045354682,49.18418796823533,0.0],[21.184364013621924,49.18436445532614,0.0],[21.184116942449197,49.18513200713829,0.0],[21.184182962434726,49.185440410129345,0.0],[21.184217009391727,49.185599462324994,0.0],[21.184497975753715,49.18558020873925,0.0],[21.184642276062178,49.185604491954614,0.0],[21.184724415930017,49.185511589977914,0.0],[21.184788643093402,49.18540564650566,0.0],[21.18480125499013,49.185299704059055,0.0],[21.184899149487403,49.185253730087695,0.0],[21.184924726758556,49.18524171853079,0.0],[21.184971750985806,49.1852196333516,0.0],[21.185073229579057,49.18517607835179,0.0],[21.185164082228727,49.18521113620692,0.0],[21.1852518988064,49.18518648748088,0.0],[21.185332241010805,49.1851970510749,0.0],[21.185401139208125,49.18522981303199,0.0],[21.185469922026048,49.18533185040397,0.0],[21.18539985572938,49.185382832540306,0.0],[21.185392499605637,49.18541643724361,0.0],[21.18523695204869,49.185493751490824,0.0],[21.185134187916525,49.18552115640469,0.0],[21.18511153190223,49.18559617379277,0.0],[21.185033759256168,49.185651747501794,0.0],[21.184904049020833,49.18573315357618,0.0],[21.185186481412174,49.18577465676839,0.0],[21.185543122910303,49.18591847751585,0.0],[21.185886313221065,49.186054676584355,0.0],[21.186204721693127,49.186104760809805,0.0],[21.1868630221586,49.18602636396281,0.0],[21.18722062225174,49.18601548274608,0.0],[21.18735823966335,49.18601129387898,0.0],[21.187478873283432,49.18602747426368,0.0],[21.187926157837257,49.18608746190436,0.0],[21.18793545952661,49.18608870983093,0.0],[21.18825803966652,49.18611731356283,0.0],[21.188682992609394,49.18603910176945,0.0],[21.189169784169597,49.18590547344358,0.0],[21.18977416432208,49.18568212248956,0.0],[21.190120478611746,49.185554137651046,0.0],[21.190323763438666,49.1854873088991,0.0],[21.190587697929658,49.18540053919799,0.0],[21.190727447578027,49.185359613427316,0.0],[21.190957082244047,49.18527293612763,0.0],[21.191096675174304,49.18522024388353,0.0],[21.19175277512545,49.18518703265396,0.0],[21.19224276328958,49.185082928260144,0.0],[21.192306573533926,49.18511201220788,0.0],[21.192237472135833,49.18512702193356,0.0],[21.19194975844282,49.18518952037479,0.0],[21.19174985815562,49.18523294218326,0.0],[21.191650655070937,49.185243515512795,0.0],[21.191086506521906,49.185303645989755,0.0],[21.190743272075686,49.18543302404623,0.0],[21.19104496619096,49.185768480753374,0.0],[21.191303928333053,49.18607019766179,0.0],[21.191482077769667,49.18616461942128,0.0],[21.191844861673825,49.1863568976204,0.0],[21.191952483013555,49.18641393772759,0.0],[21.192001159536535,49.186440383511695,0.0],[21.19232229659045,49.18661485200662,0.0],[21.192654355163977,49.186795252674045,0.0],[21.19299242960854,49.186947713745944,0.0],[21.193362380882007,49.1871145497632,0.0],[21.19393577524617,49.18726183387977,0.0],[21.194101360401405,49.18730436586176,0.0],[21.19489517691587,49.187401149605314,0.0],[21.194983775979303,49.18741195168802,0.0],[21.195350532817866,49.18752627282706,0.0],[21.195519243762046,49.18757886073562,0.0],[21.196251562827065,49.18791392867058,0.0],[21.196261157577982,49.18791777401014,0.0],[21.196761301494192,49.188118213065366,0.0],[21.19702939160071,49.18822565104407,0.0],[21.197291566198928,49.18829663261783,0.0],[21.197745294832863,49.18841947189176,0.0],[21.197801750154486,49.188434755097354,0.0],[21.197932490708414,49.188456627314025,0.0],[21.198237266253972,49.18850761220668,0.0],[21.198374134013797,49.18853050714772,0.0],[21.198377401546963,49.188531054358094,0.0],[21.198630168112746,49.18857333717551,0.0],[21.198719865148856,49.18858834198793,0.0],[21.19882029637667,49.18860984145302,0.0],[21.199184030254177,49.188687708638675,0.0],[21.199185434119904,49.18868800884193,0.0],[21.199623563504275,49.18878180127283,0.0],[21.19967912759256,49.18882385832236,0.0],[21.199714592592883,49.18884749543753,0.0],[21.199919198212267,49.189114364679234,0.0],[21.200129147166116,49.18946212114182,0.0],[21.200240941758274,49.18969209629532,0.0],[21.20043650107561,49.19009438516514,0.0],[21.200441488760934,49.19010464578691,0.0],[21.200446920132876,49.1901158167937,0.0],[21.200447486770447,49.19011698305528,0.0],[21.20046780483053,49.19015877691524,0.0],[21.200715426983944,49.19071005071288,0.0],[21.200843885362552,49.19099602283956,0.0],[21.200923093424226,49.19125532457965,0.0],[21.200967048969844,49.19139694640482,0.0],[21.20094336770816,49.191397418609235,0.0],[21.200919106125717,49.19139790068218,0.0],[21.200847563355627,49.19118002563899,0.0],[21.200788402858066,49.19099985923825,0.0],[21.200741362512034,49.190895139508584,0.0],[21.200660797937324,49.19071578237163,0.0],[21.200617775470246,49.19062000485065,0.0],[21.200484169164564,49.19032256229794,0.0],[21.200464001524328,49.19027766294087,0.0],[21.200415333517206,49.190169318638546,0.0],[21.20039520237099,49.19012790325906,0.0],[21.200384326785322,49.19010553023393,0.0],[21.20038357595077,49.19010398646588,0.0],[21.200318990552482,49.189971128344894,0.0],[21.200197291535904,49.18972077918812,0.0],[21.20018665987258,49.18969890972529,0.0],[21.200100291480812,49.189521235007106,0.0],[21.20007743372162,49.189474212985715,0.0],[21.199880600106383,49.1891481861827,0.0],[21.199869070528948,49.18912908748092,0.0],[21.19966942727026,49.18886868999556,0.0],[21.19963822326817,49.18884789042054,0.0],[21.199590470738478,49.188838655250784,0.0],[21.199187945253787,49.18874491642411,0.0],[21.198870484333444,49.18867098609755,0.0],[21.19870094714909,49.18863150338713,0.0],[21.198509975933664,49.18859928285379,0.0],[21.198366019039998,49.188574994667384,0.0],[21.19822058477206,49.18855045600917,0.0],[21.197904814793198,49.188497177507,0.0],[21.197770850164368,49.188474573945804,0.0],[21.197006433598354,49.18827331986374,0.0],[21.1969736899738,49.18826469813871,0.0],[21.196725429805454,49.18816094396596,0.0],[21.196200131045288,49.18794140476798,0.0],[21.195963571529965,49.1878343635308,0.0],[21.195453057986462,49.187603356764,0.0],[21.19496871614857,49.18744542049558,0.0],[21.19415889423872,49.18735869112572,0.0],[21.194094217470358,49.18735176413266,0.0],[21.19408490148414,49.18734936310629,0.0],[21.19332993839082,49.18715476871113,0.0],[21.192973423915465,49.18699424111208,0.0],[21.19261150425557,49.186831276369176,0.0],[21.191897646464188,49.18644670712098,0.0],[21.191853414808094,49.18642366120782,0.0],[21.191804421781047,49.18639813450793,0.0],[21.191232805104786,49.18610029967025,0.0],[21.191210176797675,49.18607407018435,0.0],[21.1909724716309,49.18579853986439,0.0],[21.190690187069567,49.18551433516605,0.0],[21.190623328750167,49.18544701997431,0.0],[21.1901760951959,49.185605293351436,0.0],[21.189211076098083,49.185949610601156,0.0],[21.18869886399211,49.18607776627624,0.0],[21.188253983289698,49.186150494662954,0.0],[21.188078008864284,49.18614220606931,0.0],[21.187914694607123,49.18613451371117,0.0],[21.18735591201669,49.18604902992384,0.0],[21.18686072668195,49.18606365181043,0.0],[21.186202425789126,49.18614204774575,0.0],[21.185852977851855,49.18608442338196,0.0],[21.18550684600389,49.185949033524004,0.0],[21.185177751199934,49.1858059815554,0.0],[21.184905558148127,49.185765367799775,0.0],[21.184913748313896,49.185940308721065,0.0],[21.1850557999967,49.18607289985676,0.0],[21.184751296448074,49.18612689370584,0.0],[21.184482568494232,49.18612268085412,0.0],[21.184325267531346,49.186136092910466,0.0],[21.184347279404026,49.186276451837706,0.0],[21.184374065534165,49.18632114799752,0.0],[21.184452072079104,49.186472997917434,0.0],[21.184508023944804,49.18659238014157,0.0],[21.18454356165694,49.18670508195778,0.0],[21.18460639211277,49.18684619739499,0.0],[21.18465955569529,49.186930115217216,0.0],[21.18468927391843,49.18700090618734,0.0],[21.18475807825342,49.187059260193216,0.0],[21.184841780390354,49.18711728339803,0.0],[21.184906910066466,49.18715155188697,0.0],[21.184947693573292,49.18716081693242,0.0],[21.185058646486585,49.187157874247276,0.0],[21.185185777707247,49.187152851914576,0.0],[21.18530652882002,49.18713647765577,0.0],[21.185472195594784,49.18711129761794,0.0],[21.1854831929321,49.18711037964527,0.0],[21.185629398024172,49.18710793796653,0.0],[21.185641640360178,49.187108635994655,0.0],[21.185748032050526,49.18713428310741,0.0],[21.185758983061458,49.1871379358121,0.0],[21.185764689602472,49.187140769503344,0.0],[21.185814353655662,49.18716899695928,0.0],[21.185822282957155,49.187175149756676,0.0],[21.185827924259133,49.18718230420029,0.0],[21.185850105311687,49.18722037115324,0.0],[21.185853164789094,49.187228148088494,0.0],[21.185853511142906,49.18723619954082,0.0],[21.185845387008417,49.18729900368203,0.0],[21.185841996469634,49.18730875603819,0.0],[21.18583636751975,49.18731591526409,0.0],[21.18576732626345,49.187383799514436,0.0],[21.185759409057088,49.18738995921579,0.0],[21.18574959837557,49.187394808540894,0.0],[21.185740183411774,49.18739770776415,0.0],[21.185573499303942,49.18743686367036,0.0],[21.185561541345596,49.187438715795764,0.0],[21.185208014008367,49.1874642028106,0.0],[21.18503203397472,49.18751606501335,0.0],[21.18485113641788,49.187554776277835,0.0],[21.18483910134368,49.18755640357272,0.0],[21.184644882610783,49.1875553308611,0.0],[21.1846361346426,49.187554813828626,0.0],[21.184624334105035,49.18755257033093,0.0],[21.184613589869056,49.18754866111502,0.0],[21.18446473014902,49.1874789535099,0.0],[21.18445642107105,49.18747302011474,0.0],[21.184363384369533,49.18738947422737,0.0],[21.184227191345588,49.18731448501558,0.0],[21.18403094400152,49.18723060984759,0.0],[21.183879554207206,49.18717378092709,0.0],[21.18366444415285,49.1871168796154,0.0],[21.18342615872762,49.18706474276956,0.0],[21.18332160992444,49.18706622930369,0.0],[21.183211638496445,49.187148083516504,0.0],[21.183181162515467,49.187170768555674,0.0],[21.182997268538056,49.187595131543425,0.0],[21.18288861784944,49.18792923170523,0.0],[21.183196126300867,49.18890627010339,0.0],[21.18319725336576,49.18891304155074,0.0],[21.18321699439884,49.1898520547209,0.0],[21.1837255370305,49.190564868269455,0.0],[21.183730411230037,49.19057639906085,0.0],[21.18377387236931,49.19085275464265,0.0],[21.183801977913646,49.19187099832009,0.0],[21.183854225069872,49.19201647068452,0.0],[21.18385565397219,49.192023494590785,0.0],[21.183865107567936,49.19220650991196,0.0],[21.18386412944758,49.19221416623293,0.0],[21.183884683497784,49.19228294539604,0.0],[21.18387879891708,49.192363912532315,0.0],[21.183832480590965,49.19243889036419,0.0],[21.183810376319332,49.192461836076056,0.0],[21.183774222102414,49.19249616104486,0.0],[21.18360556316905,49.19261695569043,0.0],[21.18341739782432,49.19268183871629,0.0],[21.183407482582357,49.19268659729063,0.0],[21.183397205866555,49.19268958287484,0.0],[21.18315421903693,49.19273805611251,0.0],[21.182923405118757,49.19276255570912,0.0],[21.18256488235297,49.19277368908698,0.0],[21.182326339342634,49.1927626706438,0.0],[21.182317370983306,49.19276175319391,0.0],[21.182025484901335,49.19271542375864,0.0],[21.181787146559113,49.19267564358396,0.0],[21.181666838780266,49.19270915762547,0.0],[21.18163054723862,49.19274359111725,0.0],[21.18163652609109,49.192802160805996,0.0],[21.181659334908144,49.19289682250198,0.0],[21.181790479154117,49.192994196739804,0.0],[21.182019159042998,49.19312773955885,0.0],[21.182284753535143,49.19323682665148,0.0],[21.18249623947208,49.193313462324085,0.0],[21.182693352907144,49.19338488846513,0.0],[21.183065369522602,49.193505524042834,0.0],[21.183360363127605,49.193601180855936,0.0],[21.183661661298654,49.19368504207858,0.0],[21.18413556688237,49.1938169442822,0.0],[21.18477324870157,49.19405961316554,0.0],[21.18484034883167,49.19408514780461,0.0],[21.184840484506537,49.19408517094334,0.0],[21.185004047962483,49.194112378356,0.0],[21.185248523189795,49.19403644904521,0.0],[21.185036019852863,49.194048110424305,0.0],[21.184976294777584,49.19405689951104,0.0],[21.18510493373006,49.194007414058426,0.0],[21.185218305668005,49.19394170296198,0.0],[21.185328607515768,49.19383742212423,0.0],[21.185508075291573,49.19375068939128,0.0],[21.18560903377743,49.19357302107044,0.0],[21.185590206401994,49.193387769266224,0.0],[21.185849649977758,49.19336624162818,0.0],[21.18590479357531,49.19340545839832,0.0],[21.185977904780717,49.19345745511168,0.0],[21.185995198408484,49.19363027754085,0.0],[21.18619997744928,49.19373128607082,0.0],[21.18627305809755,49.193875639825514,0.0],[21.18625702326868,49.193975166618145,0.0],[21.18598398778413,49.19405705835253,0.0],[21.186021107213378,49.194085002045234,0.0],[21.186227850165334,49.19424063576667,0.0],[21.186402325851613,49.194371976889414,0.0],[21.18660883859392,49.19445463217365,0.0],[21.18703918526877,49.19463155883334,0.0],[21.18726258730656,49.1947077757019,0.0],[21.18745070899016,49.19478481466556,0.0],[21.18762809180956,49.19484805407737,0.0],[21.187793480500794,49.19487437005493,0.0],[21.188097622568367,49.19488962434955,0.0],[21.188684571811844,49.194931005991414,0.0],[21.189295942461143,49.19503517069072,0.0],[21.18935204408178,49.195041658087504,0.0],[21.18937231203654,49.195045263216144,0.0],[21.190783380641015,49.195296277238086,0.0],[21.190833405081733,49.19530718808142,0.0],[21.190892591526868,49.19524262258261,0.0],[21.19095879033689,49.19518969728494,0.0],[21.19104098884533,49.19515064742219,0.0],[21.191105354358037,49.195115152225824,0.0],[21.191245932085714,49.195150247652954,0.0],[21.19137406706155,49.19526345454374,0.0],[21.19140168438604,49.19534225424802,0.0],[21.191479206691803,49.195327431326994,0.0],[21.19158445471296,49.195442509442856,0.0],[21.19163298752242,49.1955318484099,0.0],[21.192671866017662,49.19582389601079,0.0],[21.19278871975459,49.195845436329414,0.0],[21.193210236189575,49.195923134016326,0.0],[21.19327071447756,49.19592883935377,0.0],[21.193960854195897,49.195993942199046,0.0],[21.19397931689374,49.19599589335313,0.0],[21.1940124499005,49.19599939583333,0.0],[21.19446607632042,49.19609909278391,0.0],[21.194476610770412,49.19610324022015,0.0],[21.194803857626685,49.1962673585852,0.0],[21.195984481792983,49.19698076008485,0.0],[21.19605183072416,49.19702145500053,0.0],[21.196395978682293,49.197191754741816,0.0],[21.196512949931154,49.197246951375526,0.0],[21.19652446443568,49.19725238487347,0.0],[21.197759980986,49.197835381225325,0.0],[21.19810086106216,49.19794737806639,0.0],[21.19888585472899,49.197945570951475,0.0],[21.19889521265561,49.19794607520631,0.0],[21.19949220942687,49.19801234092407,0.0],[21.19976887488479,49.19805719244776,0.0],[21.19977526078645,49.19805850535741,0.0],[21.19978617736184,49.19806220506108,0.0],[21.19990672228217,49.1981150372239,0.0],[21.199986022267105,49.198149793453844,0.0],[21.199995410036752,49.19815499215928,0.0],[21.200001394559102,49.19815995367212,0.0],[21.200006946127612,49.1981671396126,0.0],[21.200103327006055,49.19833676075413,0.0],[21.200106298602574,49.19834457676564,0.0],[21.200321247658724,49.19949422431285,0.0],[21.200347159207578,49.19957054761156,0.0],[21.200443032210178,49.19985294760332,0.0],[21.200607340856322,49.20011001702018,0.0],[21.201299472805616,49.200560186358594,0.0],[21.201678951744935,49.2007293231815,0.0],[21.201797041055652,49.20078195706539,0.0],[21.20231321650902,49.200932272694565,0.0],[21.202477214377605,49.20097641594166,0.0],[21.202633124101066,49.2010229507524,0.0],[21.202821030243083,49.201079035193786,0.0],[21.203949680958242,49.201176586606564,0.0],[21.20592055325621,49.201614463386456,0.0],[21.206494644667718,49.20174200303006,0.0],[21.20728466445381,49.201917510033304,0.0],[21.207504865295405,49.20187138155763,0.0],[21.207564448084103,49.201858899127174,0.0],[21.208095604467488,49.201758033081866,0.0],[21.20815107749485,49.20175324467132,0.0],[21.2084412532063,49.20172819157337,0.0],[21.208793679510496,49.201720061943576,0.0],[21.208932673013983,49.20172953495803,0.0],[21.209055505668058,49.20173790554046,0.0],[21.209103438289247,49.20173471213117,0.0],[21.20925276460105,49.201724763031024,0.0],[21.209369298689083,49.20169952309448,0.0],[21.20978911937363,49.2016085934486,0.0],[21.21024141618305,49.2015884628913,0.0],[21.210374192660172,49.20159906752224,0.0],[21.210682983907038,49.20164364356935,0.0],[21.21106897506516,49.20174497452098,0.0],[21.211367115927874,49.2018314771074,0.0],[21.211733919505015,49.20191651033876,0.0],[21.212082495907715,49.20196636571677,0.0],[21.212239537142068,49.20198283273944,0.0],[21.21264476049937,49.202071576083455,0.0],[21.212773262675185,49.20210413611971,0.0],[21.212931049988377,49.202133792303584,0.0],[21.213068233644407,49.20212660668059,0.0],[21.213159080342958,49.20211206841728,0.0],[21.213297687271886,49.202089886302204,0.0],[21.21355577369696,49.202059491729635,0.0],[21.213730620311267,49.202013733555006,0.0],[21.21391267019882,49.2019488675401,0.0],[21.214010141842103,49.20192851777529,0.0],[21.214119323618007,49.201905723627384,0.0],[21.21422790425271,49.20189193422439,0.0],[21.21439631568411,49.201895240302036,0.0],[21.214468695146483,49.20190108125339,0.0],[21.214702754741843,49.20191996739645,0.0],[21.21485208988182,49.20190553481677,0.0],[21.214987742442506,49.2018792453865,0.0],[21.21527823189355,49.20180248933836,0.0],[21.21542135338589,49.201793579941615,0.0],[21.2158612287657,49.20178241781513,0.0],[21.216077154192647,49.20177194778452,0.0],[21.216439788627692,49.20174315106225,0.0],[21.21656205369829,49.2017412178617,0.0],[21.216714587919633,49.20176308276109,0.0],[21.216901117451798,49.20179743215768,0.0],[21.217060986280693,49.2018385803265,0.0],[21.21723079322995,49.20186288443897,0.0],[21.2173352971036,49.201864120675154,0.0],[21.21732508388937,49.20188549382563,0.0],[21.217319443439546,49.20189729812126,0.0],[21.21723049124257,49.20189885270942,0.0],[21.217219080106144,49.20189802450057,0.0],[21.217049273108216,49.20187371947346,0.0],[21.216883614504606,49.20183157034784,0.0],[21.2167012877368,49.20179799455669,0.0],[21.2165567756523,49.201777279774696,0.0],[21.216443762249163,49.20177906617375,0.0],[21.216083756818477,49.20180765439029,0.0],[21.215865277988147,49.2018182884884,0.0],[21.215425014023943,49.20182948182515,0.0],[21.21529136291273,49.201837802097465,0.0],[21.215003307678412,49.20191373692905,0.0],[21.214860098995437,49.20194111851016,0.0],[21.214708337198747,49.20195574875758,0.0],[21.214696046758398,49.201955665446455,0.0],[21.214463714774762,49.20193691828381,0.0],[21.21446198699893,49.20193677929048,0.0],[21.21439213009086,49.20193114243883,0.0],[21.214232358216524,49.20192800565635,0.0],[21.214132922513794,49.201940633337436,0.0],[21.214015486521046,49.20196515150138,0.0],[21.213934305467486,49.201982099649975,0.0],[21.213750977989342,49.20204713589377,0.0],[21.213576131277442,49.2020928940984,0.0],[21.213565483468837,49.20209489233946,0.0],[21.21330906499659,49.20212509102841,0.0],[21.213172102178465,49.2021470089992,0.0],[21.213072607761923,49.20216245966296,0.0],[21.212928037022465,49.20216970642273,0.0],[21.212915916775415,49.20216836703621,0.0],[21.212758129427073,49.202138709934246,0.0],[21.212626154337823,49.202105425714066,0.0],[21.212226413418595,49.2020178819171,0.0],[21.212070791424004,49.20200150654583,0.0],[21.211715613450735,49.20195041955045,0.0],[21.21134880972115,49.20186538536491,0.0],[21.211047649047966,49.20177812304658,0.0],[21.21066676466298,49.201678133103464,0.0],[21.21036494790446,49.201634563496455,0.0],[21.210239941850006,49.20162457861995,0.0],[21.20979976016834,49.20164417095049,0.0],[21.209386523565353,49.20173367357197,0.0],[21.209292534774807,49.20175403116158,0.0],[21.20926999077747,49.20175891356794,0.0],[21.209258316912273,49.20176054654775,0.0],[21.209084706706616,49.20177211312925,0.0],[21.209061057840152,49.20177368906654,0.0],[21.209049828055235,49.2017736803459,0.0],[21.20892699531449,49.20176530975777,0.0],[21.208926438937624,49.20176527180669,0.0],[21.208791797984524,49.20175609484839,0.0],[21.208445812626554,49.20176407669295,0.0],[21.208147088219214,49.20178986666643,0.0],[21.208106891639186,49.201793337353344,0.0],[21.207588656113245,49.20189173523123,0.0],[21.207776122861635,49.20193727727357,0.0],[21.207918649238728,49.20195100549426,0.0],[21.208119533675028,49.202006615723334,0.0],[21.208184271727337,49.20216877266866,0.0],[21.20953651750047,49.20255332767845,0.0],[21.20954457671155,49.20255594494546,0.0],[21.211187710532535,49.20320446097153,0.0],[21.21227581939451,49.203562347839615,0.0],[21.213469111373875,49.20379395909204,0.0],[21.214122460165846,49.20383660629392,0.0],[21.21429495151105,49.20372846349344,0.0],[21.214355445088067,49.203721435692195,0.0],[21.214761922600342,49.20362921714827,0.0],[21.21492148129174,49.203554111474105,0.0],[21.21501007168556,49.203490944188324,0.0],[21.21508170434654,49.20347060043539,0.0],[21.215109205675923,49.2034896135461,0.0],[21.215140639546096,49.203497255694465,0.0],[21.215169928050656,49.20349434971221,0.0],[21.215220772801608,49.20347705067319,0.0],[21.21525489496795,49.20347863402322,0.0],[21.215291217513442,49.203480318755346,0.0],[21.215380166322838,49.203493321412424,0.0],[21.21541553338087,49.20351901683759,0.0],[21.21560466727553,49.203583687634605,0.0],[21.21586294252756,49.20365197439209,0.0],[21.21610725086168,49.203702454953294,0.0],[21.216276366728373,49.20371625983893,0.0],[21.21650083811697,49.20376893268606,0.0],[21.216561077515795,49.203799734164356,0.0],[21.216937864469468,49.20386258779199,0.0],[21.2171919984477,49.20394442888707,0.0],[21.21748510375636,49.20396021833535,0.0],[21.217798531316134,49.20397887687541,0.0],[21.21791427893367,49.20398693872222,0.0],[21.21800175466147,49.203984151405876,0.0],[21.218108825961,49.20398073933466,0.0],[21.218178397889687,49.204055699728265,0.0],[21.218193184351993,49.204129414559674,0.0],[21.218359105819847,49.20405504655107,0.0],[21.218761368072062,49.20440867870022,0.0],[21.21856758847897,49.20451385176363,0.0],[21.218689441741947,49.20460805623521,0.0],[21.21967141364419,49.2052173917693,0.0],[21.219822496187483,49.205305184238426,0.0],[21.220083122832122,49.20545662942531,0.0],[21.2200921797686,49.20546339778264,0.0],[21.220098442154036,49.20546631253455,0.0],[21.220170758105944,49.20549997055537,0.0],[21.22022279830478,49.205536596449065,0.0],[21.220628289592423,49.2058219693968,0.0],[21.220929689515813,49.20592540897718,0.0],[21.221138562364747,49.20603185151022,0.0],[21.221458013088178,49.206208137009334,0.0],[21.221551184932547,49.20625955249294,0.0],[21.221476849494422,49.20607755195949,0.0],[21.221608349554458,49.20609250579579,0.0],[21.22167564773883,49.20607369934428,0.0],[21.22198136715798,49.20610753536081,0.0],[21.222827867907686,49.206286073490354,0.0],[21.222900064520132,49.20617622955161,0.0],[21.22322578430075,49.20625100865118,0.0],[21.223674050119502,49.20634685313017,0.0],[21.22396739391349,49.2064095584938,0.0],[21.224121969879135,49.20639020481609,0.0],[21.224234125584083,49.20639906750029,0.0],[21.22444955395942,49.206416158322504,0.0],[21.224671657850273,49.20643021321334,0.0],[21.224890484733525,49.20644398742007,0.0],[21.22506096680746,49.206421252582956,0.0],[21.22530341627899,49.20638885753091,0.0],[21.22538223619611,49.20637832423228,0.0],[21.225502780877164,49.206362238685415,0.0],[21.225559624804816,49.206334016606185,0.0],[21.22558370182623,49.20632206695489,0.0],[21.225442516552665,49.206181873421514,0.0],[21.224842907678514,49.20558618720285,0.0],[21.224759190189957,49.205503023451435,0.0],[21.224758359755263,49.20550119746976,0.0],[21.22467008008703,49.20539909265023,0.0],[21.224502768083916,49.20520579025339,0.0],[21.224325013515514,49.205012526231904,0.0],[21.2245173720591,49.204943387331454,0.0],[21.224411938804785,49.20481118470614,0.0],[21.22427742778722,49.204642521163485,0.0],[21.22426634309415,49.20442406414123,0.0],[21.224344815819254,49.20425932133817,0.0],[21.223917126314923,49.20392529485726,0.0],[21.224436361078137,49.20355343035634,0.0],[21.224269972381844,49.203288140586004,0.0],[21.2250799240796,49.20255256898764,0.0],[21.225100468356903,49.2024100737425,0.0],[21.225720454915223,49.201683398809685,0.0],[21.225745824028984,49.20148902114246,0.0],[21.225944565074983,49.20139775190247,0.0],[21.226112807611734,49.20094132669577,0.0],[21.226309770208246,49.20075411867244,0.0],[21.22643717159905,49.20063302678934,0.0],[21.22667984820367,49.20040241305529,0.0],[21.226823350301803,49.2003227611413,0.0],[21.22694238275898,49.200256758052554,0.0],[21.226985140915744,49.20021456140991,0.0],[21.2270388826736,49.20016152602278,0.0],[21.22711606568731,49.20008535800925,0.0],[21.227493704256368,49.19971267506588,0.0],[21.227569959553094,49.199555603500755,0.0],[21.227677631122543,49.19933405691576,0.0],[21.22768263475805,49.19932367914263,0.0],[21.2274888756495,49.199049268777785,0.0],[21.227953704826678,49.19836271697448,0.0],[21.228559794735965,49.197438008413314,0.0],[21.22861407305457,49.19733823008944,0.0],[21.22865805598462,49.19725748904367,0.0],[21.2290603891129,49.19670439503516,0.0],[21.229500342113912,49.196302610029804,0.0],[21.229505752686684,49.19628081157259,0.0],[21.229320519974642,49.19622532802383,0.0],[21.229129298379807,49.19638409636017,0.0],[21.228986965455444,49.19646965776071,0.0],[21.228818302199095,49.196487821032285,0.0],[21.228616444153534,49.19647260367105,0.0],[21.228119100433023,49.19638332381797,0.0],[21.227827333449472,49.196302838486204,0.0],[21.227759299876134,49.19629168543098,0.0],[21.2274464243093,49.19624039354821,0.0],[21.226870850608535,49.19614251201939,0.0],[21.226453786749406,49.19607351046929,0.0],[21.22614714622046,49.196058594609035,0.0],[21.22568085045363,49.19601523325122,0.0],[21.225634397318636,49.19601091379865,0.0],[21.22524212158288,49.19599102685094,0.0],[21.224786747349164,49.195967937942314,0.0],[21.224444531100865,49.19592662260578,0.0],[21.223751674725218,49.19581055169874,0.0],[21.22299413473497,49.19568266797884,0.0],[21.22249064412854,49.19559296399759,0.0],[21.222098723444883,49.19544806178008,0.0],[21.22159198308177,49.19518425257294,0.0],[21.22120237958543,49.194954402730936,0.0],[21.220968703037943,49.19478798237336,0.0],[21.220933164736785,49.194771492915606,0.0],[21.220507319805524,49.19473880230408,0.0],[21.220307666170736,49.194473408005905,0.0],[21.220005816562278,49.19417553022534,0.0],[21.220066851888316,49.1941532980694,0.0],[21.219978036797844,49.19405478417367,0.0],[21.219882776951803,49.19394911976888,0.0],[21.21987631010204,49.193941947054846,0.0],[21.219814096312362,49.193885277533205,0.0],[21.21971459543915,49.19387871099977,0.0],[21.2196540455241,49.193874713996465,0.0],[21.219508726346525,49.19395414788503,0.0],[21.21915862406174,49.194167968561395,0.0],[21.21895130811613,49.194292538680756,0.0],[21.218668916130298,49.19445332317938,0.0],[21.218593174264427,49.19448966039638,0.0],[21.218427161963838,49.19456930207113,0.0],[21.218357933904276,49.194598568867704,0.0],[21.21815308258043,49.19468517116333,0.0],[21.217943073520868,49.19475436606764,0.0],[21.21766551158977,49.194806978382935,0.0],[21.217599449576763,49.19481431693802,0.0],[21.217374825094193,49.1948392720094,0.0],[21.21709189660418,49.19484012647121,0.0],[21.216869767344534,49.194835732497715,0.0],[21.21658926037003,49.194822608749654,0.0],[21.216264071880794,49.1947839327955,0.0],[21.215884837137757,49.19472617396602,0.0],[21.215506490176587,49.1946244393313,0.0],[21.21504735813285,49.19448623995576,0.0],[21.214777485970373,49.194360070473174,0.0],[21.21451259991909,49.19415768277444,0.0],[21.21436234112889,49.194054874930806,0.0],[21.214124102893773,49.193925309055366,0.0],[21.213718359081742,49.193681695770245,0.0],[21.213684603481383,49.1936589047683,0.0],[21.21355885603522,49.193574000588015,0.0],[21.21350055094036,49.1934876765581,0.0],[21.213481603543965,49.193365446534116,0.0],[21.21349973068406,49.19327596110946,0.0],[21.213507042576133,49.193239864924905,0.0],[21.21351135689559,49.19315372357589,0.0],[21.213356485622022,49.19298866741316,0.0],[21.213201405287258,49.192845767169,0.0],[21.213030583928703,49.1927360372541,0.0],[21.212837311409125,49.19267119819608,0.0],[21.212504268312745,49.19257995705304,0.0],[21.212226466409984,49.192528549098554,0.0],[21.21183905983431,49.19245659732186,0.0],[21.211517047344817,49.19242003042262,0.0],[21.210773628834424,49.19237236071916,0.0],[21.210248600312003,49.19235869389262,0.0],[21.21018042813535,49.19235372920211,0.0],[21.210074809569612,49.192346035709704,0.0],[21.209886010016096,49.192332283716766,0.0],[21.209875470467153,49.192331056839365,0.0],[21.209858426168633,49.19232754439554,0.0],[21.209834845215514,49.192321750794534,0.0],[21.209753281131807,49.19231663990336,0.0],[21.20989394208456,49.192203914840036,0.0],[21.209895034210717,49.192178349069046,0.0],[21.209897524852362,49.19212000209263,0.0],[21.210044479194444,49.19209497677195,0.0],[21.210056810597646,49.192075557490114,0.0],[21.210092685756873,49.19201906443415,0.0],[21.21016885982004,49.19197420680071,0.0],[21.210329029506582,49.19187988448084,0.0],[21.210383152552307,49.19184817292216,0.0],[21.21042989985798,49.19182078411549,0.0],[21.21065717232633,49.191687624643386,0.0],[21.21094886330825,49.1915505061963,0.0],[21.21115976064154,49.19139052852675,0.0],[21.211406280482855,49.19125752750502,0.0],[21.211602649436234,49.19123841169344,0.0],[21.211995321476138,49.19122342625624,0.0],[21.21250371960091,49.1911426852223,0.0],[21.212706802693024,49.191106287568715,0.0],[21.212990588602196,49.19104157641938,0.0],[21.213333815073753,49.190885170291224,0.0],[21.213465658182887,49.19079540836601,0.0],[21.213557589698524,49.190732819484374,0.0],[21.213954356710595,49.19046945995957,0.0],[21.214364858991612,49.19016939883959,0.0],[21.213665053002885,49.1902888863569,0.0],[21.21294965733277,49.19045055503878,0.0],[21.21255398513183,49.19046944919825,0.0],[21.212359118270147,49.19040989773019,0.0],[21.21198063345566,49.19044541504349,0.0],[21.211972843371335,49.19044611890997,0.0],[21.211635569220377,49.1904981295199,0.0],[21.211391008481627,49.19059485094158,0.0],[21.210262441546366,49.19078062767722,0.0],[21.210158893959147,49.190797671673735,0.0],[21.209685607616958,49.19073835986218,0.0],[21.20967737299023,49.19073519247773,0.0],[21.209455252916158,49.1906497272352,0.0],[21.209332215705704,49.19059615119942,0.0],[21.209089862775258,49.19049061561222,0.0],[21.208990120103643,49.19046236455954,0.0],[21.208609536054354,49.19035456378972,0.0],[21.20851666087797,49.19032825633379,0.0],[21.20822511864771,49.19024442656957,0.0],[21.207985435706334,49.19017550836224,0.0],[21.207886730064597,49.19015569988556,0.0],[21.207676770475025,49.190113564512664,0.0],[21.20748553651757,49.19010346232734,0.0],[21.207415973603897,49.190107474506235,0.0],[21.207373518343505,49.190134822426415,0.0],[21.20731903255585,49.19016991959063,0.0],[21.207249039915364,49.19027146415028,0.0],[21.207244943029295,49.19038003085594,0.0],[21.20731150508528,49.19070399554104,0.0],[21.207302976602726,49.190940945268686,0.0],[21.207237758137534,49.19106870299489,0.0],[21.207181313366082,49.191126976023185,0.0],[21.207136060175824,49.19117369384968,0.0],[21.207008904538963,49.19124127505096,0.0],[21.20688959512151,49.19128799361424,0.0],[21.206867580895562,49.191296613265244,0.0],[21.206783213103797,49.19132101159562,0.0],[21.206659283358245,49.19131753767306,0.0],[21.206632770139343,49.19131679342533,0.0],[21.20569620000953,49.191290518845676,0.0],[21.205333834889977,49.19126107924132,0.0],[21.205161084882914,49.19124704337879,0.0],[21.205048622268002,49.19123651865377,0.0],[21.20443861737856,49.19117943141626,0.0],[21.204136279969813,49.19115505800844,0.0],[21.20401209109579,49.19114504590317,0.0],[21.20396540044765,49.191172501515894,0.0],[21.20392519338197,49.19119614444711,0.0],[21.203972961815676,49.19129573075002,0.0],[21.20414931889686,49.191581671521305,0.0],[21.204378421343296,49.19180705855234,0.0],[21.204506927559166,49.19193347958118,0.0],[21.20495114564635,49.19223766998679,0.0],[21.2051928706454,49.192410565074894,0.0],[21.205268674524575,49.19254672606053,0.0],[21.205329869350223,49.192656645750404,0.0],[21.20540193112184,49.19273393127219,0.0],[21.205513595086405,49.19285369348154,0.0],[21.20597264494471,49.1931077218745,0.0],[21.206339934369183,49.193342751916205,0.0],[21.20654409556572,49.193424360111145,0.0],[21.206714272784467,49.193492382082844,0.0],[21.20696660872413,49.19358568946733,0.0],[21.20725095537793,49.193690831992875,0.0],[21.207429636849472,49.193763871450514,0.0],[21.20766652353733,49.19384528361975,0.0],[21.207666776848303,49.19384537069284,0.0],[21.20774110717572,49.19387091711001,0.0],[21.207952698459415,49.19398929187561,0.0],[21.208136574769618,49.19411041474568,0.0],[21.208269064235633,49.19421912266117,0.0],[21.208382076216083,49.194330833514755,0.0],[21.208397076758988,49.19436346336438,0.0],[21.20845104640593,49.194480855440666,0.0],[21.2084881951281,49.194593518426636,0.0],[21.208600042989097,49.19493273046126,0.0],[21.208638960128106,49.195117889206756,0.0],[21.20867030893825,49.195331668861215,0.0],[21.208677765984326,49.19538538576765,0.0],[21.208678633775442,49.19539163118727,0.0],[21.20870774403065,49.195601338246355,0.0],[21.20906644969015,49.19589146572107,0.0],[21.209036037835524,49.19602304526516,0.0],[21.20893894955305,49.196038001370106,0.0],[21.209209395925953,49.196221844978005,0.0],[21.209237261643743,49.19624078730513,0.0],[21.20913238674623,49.19628861837853,0.0],[21.20927023229316,49.1965330629841,0.0],[21.20920120030231,49.196555537839664,0.0],[21.2086956130551,49.19672013677637,0.0],[21.208056340391817,49.19685644695856,0.0],[21.207871818009846,49.19689579118553,0.0],[21.207539500904897,49.19678948188539,0.0],[21.207640715206875,49.19677763897688,0.0],[21.20785710380914,49.19673911318475,0.0],[21.20807582033337,49.19667007162871,0.0],[21.20812127545811,49.19665080556783,0.0],[21.208075560728993,49.196619446788475,0.0],[21.207909433257,49.19636917252073,0.0],[21.208145133856828,49.19628556047386,0.0],[21.208557504834868,49.196033192206926,0.0],[21.20867737190378,49.19591940054336,0.0],[21.208669802391224,49.19572498855554,0.0],[21.208630034559157,49.195438524907864,0.0],[21.208629610091897,49.195435461902775,0.0],[21.208623977395728,49.195394890323406,0.0],[21.20861566532649,49.19533501840631,0.0],[21.20858443832564,49.19512206618093,0.0],[21.208545958761736,49.19493899231701,0.0],[21.208502923390636,49.19480847071227,0.0],[21.208430853799975,49.19458989685455,0.0],[21.20839786784319,49.194489856670366,0.0],[21.208356236013856,49.194399303745115,0.0],[21.208331863017886,49.19434628830813,0.0],[21.208224667908,49.194240325461784,0.0],[21.20809556027968,49.19413439323456,0.0],[21.20791536834044,49.19401569805199,0.0],[21.207710162915863,49.193900895188264,0.0],[21.20768103329427,49.19389088452651,0.0],[21.207404151399725,49.1937957255283,0.0],[21.207400124804412,49.19379419543804,0.0],[21.20712477816784,49.19367908469822,0.0],[21.206990106550617,49.193622783428616,0.0],[21.206686493916866,49.19352340870848,0.0],[21.20630604785718,49.19337133668108,0.0],[21.205935725794255,49.193134365240475,0.0],[21.205471400917805,49.192877418413,0.0],[21.2053156096603,49.192710330013114,0.0],[21.205280191442007,49.192672342680325,0.0],[21.20522591772793,49.19257485608956,0.0],[21.20514505170306,49.19242960174306,0.0],[21.20491108826945,49.192262258608146,0.0],[21.204463938739128,49.1919560596387,0.0],[21.204327043706538,49.19182138531483,0.0],[21.20410054182461,49.19159855805205,0.0],[21.20392126779688,49.19130788433353,0.0],[21.203862247366853,49.191184838853964,0.0],[21.203931678176946,49.19114401027877,0.0],[21.203994021254708,49.19110735095694,0.0],[21.20410093367165,49.1911159697246,0.0],[21.20444584743331,49.19114377502238,0.0],[21.205023502992518,49.19119783542473,0.0],[21.20516834027657,49.1912113904445,0.0],[21.205314924070823,49.19122329992141,0.0],[21.20570075692867,49.19125464622033,0.0],[21.20663511685987,49.191280858515796,0.0],[21.20677277113744,49.19128471864416,0.0],[21.206842336950807,49.19126460063632,0.0],[21.206977389204447,49.19121171717073,0.0],[21.20709453676968,49.19114945624968,0.0],[21.2071306939966,49.19111212794598,0.0],[21.207187840772477,49.191053130456964,0.0],[21.207248309793446,49.19093467565051,0.0],[21.207256541627768,49.1907059840863,0.0],[21.207189977239636,49.19038199948217,0.0],[21.207192474855614,49.19031581915979,0.0],[21.20719445613684,49.19026329404917,0.0],[21.207273248863356,49.19014898140307,0.0],[21.207343834276493,49.1901035147336,0.0],[21.20739155013585,49.190072776041795,0.0],[21.20748533405371,49.19006736731591,0.0],[21.20763126491692,49.19007507683497,0.0],[21.207687129171205,49.190078026626765,0.0],[21.207845118166638,49.19010973363325,0.0],[21.20800455607951,49.19014172930783,0.0],[21.20821448435568,49.19020209200327,0.0],[21.20853856881482,49.190295279296954,0.0],[21.208631771041826,49.19032167879619,0.0],[21.20911613923337,49.190458876656876,0.0],[21.20917328592309,49.19048376084507,0.0],[21.209376194493412,49.19057211842203,0.0],[21.20948434963115,49.19061921527711,0.0],[21.209705217524434,49.19070419785777,0.0],[21.210157288824277,49.19076085091874,0.0],[21.210279675818946,49.19074070545199,0.0],[21.21137764071339,49.190559966656345,0.0],[21.21161435993046,49.19046445072145,0.0],[21.211962789389545,49.19041071983064,0.0],[21.211972996001226,49.19040979736605,0.0],[21.212268156171913,49.19038209975635,0.0],[21.21243388351591,49.19037805775046,0.0],[21.212485108319495,49.190392594591906,0.0],[21.212579836502975,49.190419478327065,0.0],[21.21292497703219,49.19041378307521,0.0],[21.213645601255113,49.19025578719838,0.0],[21.214463895884613,49.19011458276342,0.0],[21.214461027312637,49.19015297792808,0.0],[21.214442120531558,49.19016679742376,0.0],[21.21399433075037,49.19049411606591,0.0],[21.213596881441063,49.190757928995474,0.0],[21.213369588488362,49.19091267434874,0.0],[21.2130157309572,49.191073925625155,0.0],[21.212723073502694,49.191140659347916,0.0],[21.212517420301676,49.191177517539515,0.0],[21.21200344215097,49.19125914440361,0.0],[21.211608285261118,49.19127422482713,0.0],[21.211429400894595,49.19129163821641,0.0],[21.211198236309176,49.19141635623006,0.0],[21.210986133068115,49.19157724810023,0.0],[21.210691548924803,49.19171572628899,0.0],[21.210466839141255,49.19184738451471,0.0],[21.21036565335604,49.19190666867654,0.0],[21.21035335453115,49.19191391211966,0.0],[21.21020997037607,49.191998351217414,0.0],[21.210138585941095,49.19204038759941,0.0],[21.21013371879824,49.19204805220072,0.0],[21.210111127966243,49.19208362609251,0.0],[21.210099158664516,49.192098027237655,0.0],[21.21009880476266,49.19210074294596,0.0],[21.2101353934025,49.192122685794224,0.0],[21.210226452984376,49.19217729694014,0.0],[21.21023534265612,49.1921796510009,0.0],[21.210351692636664,49.19221046437156,0.0],[21.210407607921088,49.19225842927943,0.0],[21.210311134865204,49.192316459672874,0.0],[21.210298588889383,49.192324005118124,0.0],[21.210778973308884,49.19233656464171,0.0],[21.211522391293833,49.19238423431261,0.0],[21.211848429615326,49.192421158171456,0.0],[21.21251918062958,49.19254534307457,0.0],[21.212858477057416,49.19263801291112,0.0],[21.2130555893161,49.19270402047042,0.0],[21.213068997022027,49.1927103508298,0.0],[21.213239818441547,49.192820079791446,0.0],[21.213246125548253,49.192824919176886,0.0],[21.213403231391766,49.19296982648894,0.0],[21.21355810276057,49.19313488259085,0.0],[21.21356155431632,49.193139189743675,0.0],[21.213565230718274,49.19314687506343,0.0],[21.213566205420015,49.19315490341649,0.0],[21.213561891194626,49.19324104476735,0.0],[21.213554132253645,49.19328069455732,0.0],[21.21355314524652,49.1932855646199,0.0],[21.21353685295986,49.19336600326161,0.0],[21.213554267287083,49.193478349446906,0.0],[21.213605066304922,49.19355356316117,0.0],[21.213756616440918,49.19365588817154,0.0],[21.214160182804815,49.19389819165761,0.0],[21.214401973742977,49.19402999548392,0.0],[21.21455425475609,49.194134265666555,0.0],[21.214814793931865,49.19433333206202,0.0],[21.21507499392986,49.194454978428475,0.0],[21.21552836633214,49.194591444842054,0.0],[21.215901572648264,49.19469179609326,0.0],[21.216275190490887,49.19474869965035,0.0],[21.216596135068645,49.194786871610184,0.0],[21.216872550143883,49.19479980305329,0.0],[21.217092598449597,49.194804156962,0.0],[21.217370082184946,49.19480331863472,0.0],[21.21759027844162,49.19477885584826,0.0],[21.217653262420846,49.194771858692235,0.0],[21.217922954798574,49.19472073859675,0.0],[21.21812580532138,49.194653902291066,0.0],[21.21832818454564,49.19456834433201,0.0],[21.218396055354066,49.19453965221148,0.0],[21.21856075747064,49.19446063710705,0.0],[21.218634653963296,49.19442518714662,0.0],[21.21891422170199,49.19426602756321,0.0],[21.21912153763053,49.19414145750834,0.0],[21.219473576810454,49.19392652657695,0.0],[21.21962430142743,49.19384448815546,0.0],[21.21964066415218,49.19383983229621,0.0],[21.219656186396804,49.19383895373358,0.0],[21.21972009364927,49.193842924888926,0.0],[21.21974162996,49.19384434494764,0.0],[21.219819595822653,49.193849491460185,0.0],[21.219829447137894,49.1938507456586,0.0],[21.219842743016297,49.193854598937314,0.0],[21.219852441189154,49.19385954635726,0.0],[21.219858949917512,49.19386455272396,0.0],[21.21992739766308,49.19392790973655,0.0],[21.220114837233975,49.194135818798635,0.0],[21.220188387283425,49.19421740092013,0.0],[21.22035883525652,49.194391926735335,0.0],[21.220466119967018,49.194462688591386,0.0],[21.220599869891103,49.194550906285436,0.0],[21.220755582530483,49.19464503345671,0.0],[21.221005153451788,49.19476082490882,0.0],[21.22124101598259,49.19492880163905,0.0],[21.221627442486046,49.19515677894613,0.0],[21.22212946541115,49.19541813151931,0.0],[21.222132161445003,49.19541912848275,0.0],[21.22251164799025,49.19555943370378,0.0],[21.2229025346284,49.1956290752285,0.0],[21.22300817967706,49.1956478973967,0.0],[21.223765316132855,49.1957757127728,0.0],[21.22445631269396,49.19589147145339,0.0],[21.224793855044485,49.19593222391505,0.0],[21.225251836217883,49.19595544367221,0.0],[21.22564037533528,49.19597514237477,0.0],[21.225689579182973,49.195979717742574,0.0],[21.22569831857185,49.19598053023327,0.0],[21.22615303935523,49.19602281425097,0.0],[21.226462600660106,49.19603787242399,0.0],[21.22688446010956,49.19610766731555,0.0],[21.22746179349113,49.19620584791319,0.0],[21.227660910191265,49.19623709147242,0.0],[21.227772618276056,49.196256792959,0.0],[21.22784065180499,49.196267946006756,0.0],[21.227883167372546,49.196279609219324,0.0],[21.228137073454437,49.196349257183755,0.0],[21.228626891751233,49.19643718692043,0.0],[21.228816963474724,49.19645151607942,0.0],[21.228961923533653,49.19643590409813,0.0],[21.22908895075033,49.19635954418563,0.0],[21.229269137345323,49.196209938011904,0.0],[21.229184596677943,49.196184614017206,0.0],[21.229248506098678,49.19611703105101,0.0],[21.229293304382235,49.19607299178393,0.0],[21.229436981530686,49.195964257695984,0.0],[21.229546535129852,49.195897139120646,0.0],[21.229663896882414,49.19583953656452,0.0],[21.229808269847148,49.19580135694263,0.0],[21.22981880471425,49.19572482357193,0.0],[21.2298309538822,49.195636552126786,0.0],[21.22984130226344,49.19556137227175,0.0],[21.22984754037034,49.19551655565139,0.0],[21.230450779434708,49.194630336692136,0.0],[21.230490458471582,49.1945720415629,0.0],[21.23082542336162,49.1940799279806,0.0],[21.22969560801298,49.1940258465042,0.0],[21.229473837044864,49.19420717001092,0.0],[21.229328927203433,49.19432564829774,0.0],[21.227766742579327,49.194148847413274,0.0],[21.22610029172686,49.19375636452963,0.0],[21.225811757508737,49.19357257484843,0.0],[21.22573687369865,49.19352487507236,0.0],[21.225434825566982,49.19294614123867,0.0],[21.225511333269523,49.192911923556544,0.0],[21.225566063369694,49.192887447041166,0.0],[21.225620069473862,49.19272859698804,0.0],[21.225566950015256,49.19236667171457,0.0],[21.22337264371964,49.1912764140205,0.0],[21.223144615257105,49.190222362209695,0.0],[21.22311703586922,49.1901826981252,0.0],[21.223018276612457,49.19004067310544,0.0],[21.221703722191137,49.18976854347496,0.0],[21.221315137694074,49.18971337574806,0.0],[21.220496202705885,49.18959710592092,0.0],[21.220459513710104,49.18957702036276,0.0],[21.21945470504679,49.18902693161192,0.0],[21.21932179876342,49.18895416894951,0.0],[21.219260963406107,49.1889063785479,0.0],[21.219391378375004,49.188765928930465,0.0],[21.221128243569815,49.18817263869882,0.0],[21.221269175988994,49.18817626462729,0.0],[21.221685756625483,49.18818698171611,0.0],[21.22180252385686,49.18819608062736,0.0],[21.223204140306372,49.18826907638781,0.0],[21.22333492174474,49.18828698278999,0.0],[21.2242202737328,49.18840819424849,0.0],[21.22422629983891,49.18840901943978,0.0],[21.225084382236318,49.18845864133429,0.0],[21.22589419338429,49.188426891242806,0.0],[21.226989657125554,49.18838393244125,0.0],[21.227155899012594,49.188071619194545,0.0],[21.227229847190593,49.18793269525594,0.0],[21.227483034471327,49.187524167142634,0.0],[21.227525314193525,49.187520610412946,0.0],[21.228089713128895,49.18749936043451,0.0],[21.22854392288629,49.1874822585591,0.0],[21.23057318821782,49.1875928826638,0.0],[21.231845967264427,49.187526237664386,0.0],[21.23205256991413,49.18744269947123,0.0],[21.232358380938887,49.187319045547255,0.0],[21.233000116178637,49.18734997304672,0.0],[21.233135776012812,49.186946096663476,0.0],[21.232979296097934,49.186847297315396,0.0],[21.232951965894934,49.186830072232155,0.0],[21.232824118326043,49.186757180466685,0.0],[21.232793343459488,49.186726706616135,0.0],[21.23277769630067,49.186644218279696,0.0],[21.232674840006236,49.18661926555003,0.0],[21.23265031521037,49.186614574489475,0.0],[21.232251352994748,49.186538256818714,0.0],[21.232024764740977,49.18656305398943,0.0],[21.231817029220313,49.186478157755595,0.0],[21.23179352413473,49.186468881805745,0.0],[21.231761984589827,49.186380142436455,0.0],[21.231654330817552,49.18633973788561,0.0],[21.23165111241731,49.186330996985326,0.0],[21.231651322641746,49.18633955517546,0.0],[21.231654453120107,49.18644335329871,0.0],[21.23153485893129,49.18652158544785,0.0],[21.23148548509891,49.18656471385928,0.0],[21.231481327760907,49.186660995957006,0.0],[21.23149630473438,49.186712587702495,0.0],[21.23106873260264,49.18671534738979,0.0],[21.2307371718061,49.18670062881843,0.0],[21.230304486515966,49.18661194886937,0.0],[21.229886642673637,49.186496358396084,0.0],[21.228558307082476,49.18559345427167,0.0],[21.22838146710973,49.18547324775997,0.0],[21.228523398846033,49.185275172314235,0.0],[21.228586429248175,49.18518718709059,0.0],[21.228613864958238,49.18519334339338,0.0],[21.22858978553841,49.185182518733015,0.0],[21.228694494209268,49.18518871494787,0.0],[21.228863005145186,49.18519868529078,0.0],[21.2289876856551,49.18520604624317,0.0],[21.228751712429684,49.18504612267252,0.0],[21.22865241890734,49.18499676141959,0.0],[21.228492987334654,49.18489147408038,0.0],[21.228309014795794,49.18476265405714,0.0],[21.22811674881898,49.1846078335665,0.0],[21.22797986873335,49.18450981236798,0.0],[21.227851970048185,49.18443205210554,0.0],[21.227607645934846,49.18431379347568,0.0],[21.227496285839646,49.184271560123115,0.0],[21.227333743849588,49.18423260950466,0.0],[21.227103848472943,49.1842022027278,0.0],[21.226952495595704,49.18419294187721,0.0],[21.226789692863356,49.18417864747067,0.0],[21.22659559556329,49.18419079324429,0.0],[21.22650237258234,49.18421679351651,0.0],[21.22650987309849,49.184167213293414,0.0],[21.226316130510416,49.18421210654469,0.0],[21.226242180751573,49.184239543968204,0.0],[21.22587284284788,49.18437657566522,0.0],[21.22530894582761,49.18464093319856,0.0],[21.224720496408057,49.1848741039037,0.0],[21.224648320651564,49.184902703268,0.0],[21.224634069522864,49.18490835032124,0.0],[21.223917062780775,49.18519245204447,0.0],[21.22333707545946,49.18540526231224,0.0],[21.223131080405704,49.18544733077851,0.0],[21.222130333402788,49.18540967030667,0.0],[21.221987852482435,49.18539128647888,0.0],[21.22156988065344,49.18533735468142,0.0],[21.22092363189994,49.18518820932432,0.0],[21.22059805018191,49.18502754507521,0.0],[21.2201183274138,49.18477442947082,0.0],[21.220028395639254,49.184726978434334,0.0],[21.22000942702147,49.184716970670415,0.0],[21.219992824780803,49.18471217072842,0.0],[21.21940485988608,49.184542188505,0.0],[21.218443580889886,49.18434566077053,0.0],[21.217746739595196,49.1843006154157,0.0],[21.215758125679336,49.18430642755972,0.0],[21.215304714043718,49.18423919362953,0.0],[21.215021152047722,49.18415536941878,0.0],[21.214833293197753,49.18409983518547,0.0],[21.21427165636727,49.18386703207622,0.0],[21.214269303441174,49.18386578176977,0.0],[21.213916805919986,49.18367843612611,0.0],[21.21362121621035,49.18337834018062,0.0],[21.213359110872045,49.1829740272863,0.0],[21.213351853984904,49.182962834581964,0.0],[21.213311076613127,49.182959089762676,0.0],[21.213183743079846,49.182965041605215,0.0],[21.213135441847246,49.18299697864579,0.0],[21.213108829140936,49.18301457406022,0.0],[21.213034538590183,49.18315074767186,0.0],[21.21296834856286,49.183249923110786,0.0],[21.21282203593123,49.183389508949745,0.0],[21.21273156024265,49.183510539400004,0.0],[21.212665154008796,49.183610984462426,0.0],[21.212660194022078,49.18361848694599,0.0],[21.212659607020655,49.18361946707492,0.0],[21.21222198663151,49.184350042763285,0.0],[21.211615957431178,49.18522483520492,0.0],[21.21160464814368,49.1855225014948,0.0],[21.211598156886478,49.185693313449285,0.0],[21.211592753210322,49.1858355041807,0.0],[21.210940724694943,49.185829737783486,0.0],[21.210773249972636,49.185796713427365,0.0],[21.21042375686305,49.185696810626915,0.0],[21.209970117228888,49.18551017183514,0.0],[21.209791928784668,49.18541514705221,0.0],[21.209548945303776,49.18528556841122,0.0],[21.209089700742375,49.18517669094175,0.0],[21.208656882669345,49.185819790686764,0.0],[21.208648964771065,49.18585180538646,0.0],[21.208517055170777,49.18609736538162,0.0],[21.208466078059523,49.186192261825795,0.0],[21.2084589966911,49.18622794373988,0.0],[21.2084537966667,49.18625415184768,0.0],[21.208358426413835,49.18625469769214,0.0],[21.208200733181936,49.186269855210746,0.0],[21.208101428870386,49.18628544169855,0.0],[21.20807652993643,49.186289348650604,0.0],[21.20795678239838,49.18596318503734,0.0],[21.208182989612563,49.18564307327935,0.0],[21.20810510564128,49.185543794076054,0.0],[21.20796672340332,49.18536739649719,0.0],[21.20815244698815,49.18525243554408,0.0],[21.208120417837087,49.185188374522724,0.0],[21.208004723244464,49.1851685285646,0.0],[21.207620497664482,49.185203837284625,0.0],[21.20725060427126,49.185033388976464,0.0],[21.207211965358788,49.18492014209618,0.0],[21.20708859166974,49.184896538098,0.0],[21.207079587199722,49.184973126379994,0.0],[21.20698672464588,49.1850289154775,0.0],[21.206944914710512,49.184821992128754,0.0],[21.206904522936334,49.184622078448065,0.0],[21.206955283940832,49.18463725083951,0.0],[21.206962571201295,49.18463942946017,0.0],[21.207097020340626,49.18435656464033,0.0],[21.20741701278688,49.18368333133966,0.0],[21.207591796191284,49.18360671964798,0.0],[21.20764706914737,49.183550991942134,0.0],[21.20756120609017,49.18349288531385,0.0],[21.20722729390656,49.18346791784799,0.0],[21.207097618763008,49.18339165483525,0.0],[21.207167550967405,49.18328750964584,0.0],[21.207290317260096,49.18327001894117,0.0],[21.20748590680981,49.1832586131427,0.0],[21.207476899043073,49.18319012589546,0.0],[21.207461140847627,49.18310653009215,0.0],[21.207267915913615,49.18315385587719,0.0],[21.207112059358117,49.18316842948438,0.0],[21.207014118397908,49.18322438144187,0.0],[21.20678550323862,49.18323198910638,0.0],[21.20679260871737,49.183065312385764,0.0],[21.206805613940322,49.18289186020359,0.0],[21.20662202793385,49.18291942673602,0.0],[21.206536647281435,49.18298407776015,0.0],[21.20639409758336,49.18247801989575,0.0],[21.206285448643662,49.182074888974086,0.0],[21.206283181205137,49.18207424608176,0.0],[21.206212229784636,49.182072727411864,0.0],[21.205852798813346,49.18206503155787,0.0],[21.20547062396509,49.182116545713626,0.0],[21.204816644191645,49.182252342513266,0.0],[21.204596047577233,49.18235198873257,0.0],[21.204290734242097,49.182523721363786,0.0],[21.20352013879777,49.18307635538381,0.0],[21.203475352725935,49.183108472516786,0.0],[21.20306475246225,49.183340307931594,0.0],[21.20301108307394,49.18336321901542,0.0],[21.202481527790443,49.18358928441891,0.0],[21.202036421935418,49.18371727157716,0.0],[21.201810197391698,49.18378231892171,0.0],[21.20162834485752,49.18378016298565,0.0],[21.201627229402124,49.18378014903,0.0],[21.20142789654857,49.18377778449302,0.0],[21.201355491538713,49.18377692443374,0.0],[21.201319925405784,49.1837962735243,0.0],[21.20089733631292,49.18402617906234,0.0],[21.20077837138707,49.18405328742109,0.0],[21.200451645654155,49.18412773490035,0.0],[21.200412763319484,49.184071418841526,0.0],[21.200396704472098,49.18404815994931,0.0],[21.200283254217794,49.18394133834799,0.0],[21.200261583770743,49.183920934171304,0.0],[21.200243675285922,49.18390407218693,0.0],[21.20022892192134,49.18389018081112,0.0],[21.200143100964592,49.18374771120259,0.0],[21.200212130468202,49.18370025871129,0.0],[21.200222875568848,49.183702299499245,0.0],[21.201416618234063,49.183693124118534,0.0],[21.20155068876301,49.183706964659734,0.0],[21.201641494943804,49.183716338827246,0.0],[21.201753434551318,49.1837278936116,0.0],[21.20195070579495,49.183666464001014,0.0],[21.2019911864471,49.183653857773024,0.0],[21.202218169146814,49.18358317500888,0.0],[21.202874356931492,49.183367792209616,0.0],[21.203399954921966,49.18307246434521,0.0],[21.20423522350891,49.18250516401192,0.0],[21.204549524951453,49.182323088261484,0.0],[21.204790671614457,49.18222218972635,0.0],[21.205435148589306,49.18207916658717,0.0],[21.205826846962605,49.18202317710195,0.0],[21.206207700700716,49.182037990502174,0.0],[21.20628475908241,49.18204098778066,0.0],[21.20626523412004,49.18195729190767,0.0],[21.206351186898218,49.181946632835064,0.0],[21.206555644784842,49.18195297677295,0.0],[21.206500803525735,49.181836949105936,0.0],[21.206493573935735,49.181830859076065,0.0],[21.205766345919674,49.18160494112267,0.0],[21.205668707441472,49.181569384601175,0.0],[21.205479615252585,49.181500522031584,0.0],[21.205272226880325,49.181447155190924,0.0],[21.20522081201868,49.18143732140463,0.0],[21.20502891178955,49.181418159913676,0.0],[21.204948988804638,49.181410178465306,0.0],[21.20481283688419,49.181420700282466,0.0],[21.204658693473597,49.18142449068499,0.0],[21.204652009237975,49.18142465493266,0.0],[21.204261694258342,49.18138307128579,0.0],[21.20391791149582,49.181382026966496,0.0],[21.203631613709593,49.18141176144942,0.0],[21.202883568857843,49.18150914548415,0.0],[21.202508018497383,49.18151889293009,0.0],[21.202237860994412,49.18151046642475,0.0],[21.20182052564599,49.18145874952458,0.0],[21.201747775874043,49.18144682714017,0.0],[21.2013961530039,49.18137688257806,0.0],[21.200820783797724,49.18123431053812,0.0],[21.200817154960706,49.181233410974365,0.0],[21.20074607275062,49.181218906691775,0.0],[21.200425187250953,49.18116523498527,0.0],[21.199971281777664,49.18109540035741,0.0],[21.19926388081771,49.181002790683735,0.0],[21.19921874913073,49.180984121459694,0.0],[21.199130060484183,49.18093840064074,0.0],[21.1989041608202,49.1808219464914,0.0],[21.19901684315262,49.1807991926676,0.0],[21.199159789226762,49.18071513721716,0.0],[21.199225916529592,49.18085033411513,0.0],[21.19931629917762,49.18085354874014,0.0],[21.199388304590656,49.180821156958956,0.0],[21.19959641932658,49.18075514189598,0.0],[21.199541061004766,49.18061857868825,0.0],[21.19938634181609,49.18049071947583,0.0],[21.199053175605915,49.18026387099598,0.0],[21.19892762668926,49.18033106552352,0.0],[21.1988119098412,49.180440569990445,0.0],[21.198702080762274,49.18054328000264,0.0],[21.19873552147549,49.18065459556844,0.0],[21.198713220334664,49.1807234479649,0.0],[21.19845553965145,49.18057319034156,0.0],[21.196746896895764,49.17957680132239,0.0],[21.19674397516111,49.179575450121675,0.0],[21.196753226677764,49.179569183627095,0.0],[21.196776717946207,49.179542110043464,0.0],[21.19706869685899,49.17920561997975,0.0],[21.197193965063935,49.17904867657987,0.0],[21.19740623516677,49.17868868055937,0.0],[21.197433592291024,49.178700722119494,0.0],[21.197718370705935,49.17882606532302,0.0],[21.198024264658784,49.17913498843286,0.0],[21.19810906550576,49.179433009620865,0.0],[21.19854881738024,49.179647582048,0.0],[21.198591271657044,49.179668296393515,0.0],[21.198635417770046,49.179672520332744,0.0],[21.19894723785338,49.179702353564394,0.0],[21.198946832038434,49.17949616237157,0.0],[21.198935444827892,49.17940835275457,0.0],[21.19875105988415,49.179059199579356,0.0],[21.19867581820677,49.178872983345045,0.0],[21.19878937875168,49.17878962677187,0.0],[21.198930362579585,49.17870138055456,0.0],[21.19892973220637,49.178660468377316,0.0],[21.198948288093717,49.17850061595693,0.0],[21.199015794909954,49.178346484389465,0.0],[21.197617161063036,49.17764077750333,0.0],[21.197672102330316,49.177416426878885,0.0],[21.19775072609405,49.176935918407985,0.0],[21.197761867130296,49.1768678351599,0.0],[21.197580735407943,49.17692807141536,0.0],[21.195763497192868,49.17753238459876,0.0],[21.195744308308484,49.17809934348045,0.0],[21.195540051697456,49.17818085164217,0.0],[21.195430059128622,49.17836721770634,0.0],[21.195174136321544,49.178643936661004,0.0],[21.19485674243618,49.178511044169454,0.0],[21.194891570641968,49.17817823820116,0.0],[21.194758073823504,49.17802295366544,0.0],[21.194814249320586,49.17782760110357,0.0],[21.19481665957773,49.17781595638293,0.0],[21.194430659797423,49.177652217977986,0.0],[21.194397981382597,49.17765324028117,0.0],[21.19063455834869,49.177830497337155,0.0],[21.190103015765846,49.17780652862668,0.0],[21.188552745812085,49.17773660620103,0.0],[21.18710129135207,49.17781727255331,0.0],[21.186892692749936,49.177828948947855,0.0],[21.18586959065955,49.17778404579277,0.0],[21.185629561818185,49.17778618333936,0.0],[21.18532211635222,49.17777403785322,0.0],[21.1849993413685,49.17787221896782,0.0],[21.184923151275754,49.178036453073126,0.0],[21.18485209421588,49.17825063802045,0.0],[21.184620045798756,49.178308506284935,0.0],[21.18451373685395,49.1781634713955,0.0]],[[21.203381926767488,49.19408016632574,0.0],[21.203072305678578,49.19400167266404,0.0],[21.202810466662935,49.193885301982306,0.0],[21.20274012085962,49.19382111102903,0.0],[21.202638176939818,49.193728084859494,0.0],[21.202949726990244,49.19363261502572,0.0],[21.203404726669078,49.193714976995146,0.0],[21.20393981031088,49.19399867712688,0.0],[21.204437412138553,49.19410360208322,0.0],[21.20449248385374,49.19427283843072,0.0],[21.2037608977935,49.19417838407885,0.0],[21.203381926767488,49.19408016632574,0.0]],[[21.186182038265645,49.18600771198438,0.0],[21.18580176067149,49.18588219503815,0.0],[21.18573395930483,49.185852505791864,0.0],[21.185900772366253,49.1857790145366,0.0],[21.18586642077835,49.185693817300574,0.0],[21.185800691558427,49.18561030185256,0.0],[21.185773459294143,49.18560153558252,0.0],[21.185568394542347,49.18553028310432,0.0],[21.18561847845953,49.185419485014265,0.0],[21.18578015277157,49.185335838583875,0.0],[21.185998453814502,49.18542224645161,0.0],[21.186126679047938,49.18552985345995,0.0],[21.186597526809884,49.18555606595039,0.0],[21.18667972064333,49.18566119994651,0.0],[21.187048022608955,49.18571314465766,0.0],[21.18690966261734,49.185823768372806,0.0],[21.18668395836239,49.185817690832145,0.0],[21.186681525118015,49.185824249437694,0.0],[21.1866299641978,49.185963244897714,0.0],[21.186387690248086,49.18601531629302,0.0],[21.186182038265645,49.18600771198438,0.0]],[[21.186038869524506,49.18442631393981,0.0],[21.186078127535634,49.184496720854,0.0],[21.18595443177499,49.18456711978664,0.0],[21.185731512202736,49.18466194225137,0.0],[21.185529507886024,49.18471761800964,0.0],[21.185408559618306,49.18459551983055,0.0],[21.185600589797037,49.184406219456115,0.0],[21.18586030780046,49.184358907245475,0.0],[21.18607348686775,49.184256551949204,0.0],[21.186127373491107,49.1843382619495,0.0],[21.186038869524506,49.18442631393981,0.0]],[[21.1861328753412,49.17932225093918,0.0],[21.18598502630344,49.17922252147304,0.0],[21.186072514594557,49.17919059478969,0.0],[21.18617472165223,49.17915329673858,0.0],[21.186283096773423,49.179113747924504,0.0],[21.18634354448933,49.17916962706909,0.0],[21.186437582351967,49.17925656016395,0.0],[21.186494661628274,49.179309324701876,0.0],[21.18641297484472,49.17931224346474,0.0],[21.186295678959027,49.17931643466886,0.0],[21.186220111708142,49.179319134675836,0.0],[21.1861328753412,49.17932225093918,0.0]],[[21.185836223417745,49.186700799631396,0.0],[21.185670905895524,49.186659667405685,0.0],[21.185633033050483,49.18652952364561,0.0],[21.18574117793765,49.18637118634556,0.0],[21.185809702620332,49.18639472721333,0.0],[21.18595100297969,49.18642620496257,0.0],[21.18595445388864,49.18643214688939,0.0],[21.18599642039764,49.18652371118402,0.0],[21.185836223417745,49.186700799631396,0.0]],[[21.187469485946643,49.18690284853267,0.0],[21.18746663463451,49.18687466507621,0.0],[21.18759077088739,49.18666943553005,0.0],[21.187670664086546,49.18670207535678,0.0],[21.187807578913276,49.18672281948464,0.0],[21.188115167787085,49.18676208874437,0.0],[21.18822967896909,49.186776707231296,0.0],[21.188211209144097,49.18689541022867,0.0],[21.188206150125573,49.18692792900782,0.0],[21.188067412483303,49.18705396280461,0.0],[21.187804899424304,49.187192951913424,0.0],[21.18774349809726,49.187210347152515,0.0],[21.18766280104697,49.1872332070077,0.0],[21.18762599671797,49.187260893545165,0.0],[21.187563072826315,49.18730822614703,0.0],[21.187491734990434,49.187300365735766,0.0],[21.187494147644806,49.187146630977516,0.0],[21.187487773473666,49.18708362301405,0.0],[21.187469485946643,49.18690284853267,0.0]],[[21.1921071210641,49.18952718972478,0.0],[21.191867414920168,49.189280931256,0.0],[21.19197457509155,49.189268788772864,0.0],[21.191977537521204,49.18918683393189,0.0],[21.192247552105,49.189299804461776,0.0],[21.192376618597866,49.18926140363901,0.0],[21.192415986535075,49.18917208667444,0.0],[21.192265043781273,49.18906498429903,0.0],[21.192237885883824,49.189015242062574,0.0],[21.1926740176768,49.18902184470918,0.0],[21.193192119466794,49.1890368920514,0.0],[21.193151281237668,49.18914236347299,0.0],[21.19308086976221,49.18920826374951,0.0],[21.192868502355065,49.18928261494674,0.0],[21.192613560286613,49.189231546922706,0.0],[21.192568743814725,49.18928156246543,0.0],[21.192481021824953,49.18937946103497,0.0],[21.19227486820375,49.18942845791345,0.0],[21.192211627368803,49.1895441344838,0.0],[21.1921071210641,49.18952718972478,0.0]],[[21.220318023448733,49.18502180866923,0.0],[21.22008219041986,49.18511950822895,0.0],[21.220110473267443,49.18484943154158,0.0],[21.220318023448733,49.18502180866923,0.0]],[[21.206661664042947,49.1834244035408,0.0],[21.206842064216207,49.18346844492561,0.0],[21.206916159885772,49.1834940941274,0.0],[21.207093759356436,49.18355557231296,0.0],[21.206806971540203,49.18413927279723,0.0],[21.206767674927104,49.183944785130656,0.0],[21.20666723523112,49.18344766283294,0.0],[21.206660667062064,49.183424346499066,0.0],[21.206661664042947,49.1834244035408,0.0]],[[21.205963452560773,49.20146469477578,0.0],[21.205892020271445,49.2015863456363,0.0],[21.20555700910778,49.201509698560535,0.0],[21.205628983879738,49.20138815472869,0.0],[21.205963452560773,49.20146469477578,0.0]],[[21.218930390744628,49.18906287468292,0.0],[21.218990707658392,49.189397019255274,0.0],[21.218876752926782,49.18940109328879,0.0],[21.21873432339426,49.18940904059618,0.0],[21.21872227734671,49.189409955371744,0.0],[21.218707269592077,49.1891968708124,0.0],[21.218930390744628,49.18906287468292,0.0]],[[21.222499856556794,49.19480534686933,0.0],[21.2225560000384,49.1948400195,0.0],[21.22269812900544,49.19490040593353,0.0],[21.223068801222855,49.19499160234752,0.0],[21.22300614464593,49.19509900982321,0.0],[21.22298641418335,49.19513283247155,0.0],[21.222960555011856,49.195177160011816,0.0],[21.22288281983455,49.19515526860978,0.0],[21.222490169539377,49.195044688831146,0.0],[21.22228416316624,49.194986672497734,0.0],[21.222345039800153,49.19492934334449,0.0],[21.22235029665524,49.19492439267977,0.0],[21.222385544647917,49.19489119795086,0.0],[21.222416540454415,49.19486200911347,0.0],[21.222485876571334,49.1947967135148,0.0],[21.222499856556794,49.19480534686933,0.0]],[[21.224936697188475,49.195015594807835,0.0],[21.22500805132024,49.1951927698165,0.0],[21.225034453179912,49.195241137649624,0.0],[21.22497239545874,49.19525568836897,0.0],[21.224881581399192,49.19527697870929,0.0],[21.224540630962196,49.195304901284985,0.0],[21.224556801399412,49.19523826583672,0.0],[21.22463092957692,49.19521311471723,0.0],[21.22484376217964,49.19513419852247,0.0],[21.224936697188475,49.195015594807835,0.0]],[[21.221051018254837,49.204550192865625,0.0],[21.221267585458133,49.20481972547721,0.0],[21.22123512737076,49.20488764507186,0.0],[21.22090080111674,49.204778307172475,0.0],[21.220718923185093,49.204706565459134,0.0],[21.220747074742984,49.20460004554789,0.0],[21.221051018254837,49.204550192865625,0.0]]],[[[21.188777456960704,49.17685366041201,0.0],[21.188159235220077,49.17686777750245,0.0],[21.18812382466293,49.17687324536636,0.0],[21.1881198404194,49.17687426074965,0.0],[21.187712759721204,49.17697793012851,0.0],[21.18769994816536,49.17698119250148,0.0],[21.187674357396947,49.17698753640995,0.0],[21.187701351284712,49.176998353749624,0.0],[21.188146051623022,49.17714351342171,0.0],[21.188502490263108,49.17718866806746,0.0],[21.188656747114926,49.17720820929733,0.0],[21.189133853834313,49.17714261887698,0.0],[21.189338331282084,49.17711450820997,0.0],[21.18971876360326,49.177143786759586,0.0],[21.190033549645655,49.17705257892656,0.0],[21.19040526503376,49.17690429661361,0.0],[21.19043625588489,49.176888749297184,0.0],[21.19005671838805,49.176857587988636,0.0],[21.190056049569577,49.17685753292931,0.0],[21.189774743094283,49.17683443381055,0.0],[21.18928757811142,49.17681546440244,0.0],[21.188777456960704,49.17685366041201,0.0]]],[[[21.193655235583503,49.177423132684865,0.0],[21.193655066672484,49.17742307611237,0.0],[21.19362386713146,49.17741257841475,0.0],[21.193236000774405,49.177355308019834,0.0],[21.192693950416356,49.17707241156082,0.0],[21.192240544238786,49.1770195773841,0.0],[21.191681742153413,49.17705122811694,0.0],[21.191549909804476,49.177039570684585,0.0],[21.191549238567543,49.17703951105755,0.0],[21.191543386617713,49.17705759478589,0.0],[21.191460759942885,49.17728590215091,0.0],[21.19158073282281,49.17753702494328,0.0],[21.193613052849006,49.17742538459724,0.0],[21.193655235583503,49.177423132684865,0.0]]],[[[21.196065826310345,49.17713670930944,0.0],[21.195937246990145,49.177218060095335,0.0],[21.195992679325688,49.177201251157015,0.0],[21.198718326698167,49.176349212346665,0.0],[21.1988148977474,49.17625663777464,0.0],[21.199074094325603,49.176043546149984,0.0],[21.199032323451167,49.17605980643698,0.0],[21.19855533961759,49.17624548066802,0.0],[21.198516447842337,49.17626061955853,0.0],[21.19826153985479,49.17633938189997,0.0],[21.197874639576305,49.176420609020596,0.0],[21.197425687041207,49.17661171043207,0.0],[21.197071215477393,49.17674856291852,0.0],[21.197006476540587,49.17677355726899,0.0],[21.196262524685384,49.17706077234002,0.0],[21.196065826310345,49.17713670930944,0.0]]],[[[21.198856167562926,49.17973609117983,0.0],[21.19842692421388,49.17968548643282,0.0],[21.198210483748806,49.179562421207194,0.0],[21.19811092749926,49.1794767219418,0.0],[21.198066448284727,49.17949914872255,0.0],[21.198158473155083,49.17974015246833,0.0],[21.19826643502968,49.17982090094566,0.0],[21.198636155169464,49.179863770416404,0.0],[21.199117330883187,49.1798808922241,0.0],[21.199354521431783,49.179889711773754,0.0],[21.19907355232126,49.1798017678416,0.0],[21.19895065470667,49.17976330084459,0.0],[21.198856167562926,49.17973609117983,0.0]]],[[[21.208041241704805,49.183791773050984,0.0],[21.20747835016941,49.1847769015459,0.0],[21.20748100415545,49.18477757530534,0.0],[21.207503950683176,49.18478339215066,0.0],[21.20783378591255,49.18486701206687,0.0],[21.207844487178548,49.18486928662588,0.0],[21.208455031071434,49.183872938160405,0.0],[21.20837593447832,49.18385399976382,0.0],[21.208154074641193,49.18380088012299,0.0],[21.208041241704805,49.183791773050984,0.0]]],[[[21.20993220359271,49.184421208337824,0.0],[21.210060978239653,49.184217478073535,0.0],[21.210062638496762,49.18421483256192,0.0],[21.21020419299161,49.183989268956005,0.0],[21.21027832050175,49.183912437103615,0.0],[21.210295245216976,49.18389489575865,0.0],[21.21030787007712,49.183881811210455,0.0],[21.21053829224131,49.183642983906196,0.0],[21.210130942919328,49.18365215504749,0.0],[21.209864569848452,49.183650368718254,0.0],[21.209621095498576,49.18376070784158,0.0],[21.2086893429116,49.18508058952409,0.0],[21.208769771543512,49.18510429495823,0.0],[21.209089700742375,49.18517669094175,0.0],[21.209322411550303,49.184967307365234,0.0],[21.209686016464424,49.18467115111559,0.0],[21.20993220359271,49.184421208337824,0.0]]],[[[21.211403174703737,49.1844324195826,0.0],[21.211371773167386,49.18425864640862,0.0],[21.211259148850154,49.18415302038975,0.0],[21.211180551830545,49.184168721742125,0.0],[21.210703038751237,49.18413952381496,0.0],[21.210711666657083,49.18419525393199,0.0],[21.21092307714363,49.18433489082637,0.0],[21.21066182580499,49.18459381074358,0.0],[21.21079640290437,49.184723220272296,0.0],[21.210953391255035,49.18488168566022,0.0],[21.211208909255006,49.184841602512854,0.0],[21.211482095916345,49.18465806613794,0.0],[21.211403174703737,49.1844324195826,0.0]]],[[[21.21791522002193,49.18411937003905,0.0],[21.21750126082134,49.18416048755219,0.0],[21.217417562085807,49.1841535421817,0.0],[21.216893682602016,49.18415225620097,0.0],[21.216632864509275,49.18414132861263,0.0],[21.216441242281256,49.18413825885537,0.0],[21.21618173958385,49.18408609274794,0.0],[21.215982053357273,49.184068938546154,0.0],[21.2159620834301,49.184067222256395,0.0],[21.2156963906992,49.18403389438544,0.0],[21.215545503233383,49.1840018366544,0.0],[21.21548480420488,49.18402278214174,0.0],[21.215412372413006,49.184061622083384,0.0],[21.215282522290682,49.18407586296447,0.0],[21.21513379595871,49.184062130162495,0.0],[21.214867744996027,49.18398542440801,0.0],[21.214674651170228,49.18391097684319,0.0],[21.21453648377072,49.1838473575148,0.0],[21.21439995902142,49.18376096542555,0.0],[21.214326100155933,49.1836263026839,0.0],[21.214281894524394,49.18356330950581,0.0],[21.214120916493112,49.18342972978707,0.0],[21.21404172535045,49.18332079029698,0.0],[21.213977825856556,49.18324121142405,0.0],[21.213935042580967,49.183061861946065,0.0],[21.213880745999248,49.18299399120485,0.0],[21.21379635917336,49.182957143583515,0.0],[21.21378222391514,49.182948462774156,0.0],[21.213706338721522,49.18290186193416,0.0],[21.213619765141544,49.182798757139814,0.0],[21.213473311388004,49.18259127571042,0.0],[21.21346794602131,49.18259375519963,0.0],[21.213450849912043,49.18260165509863,0.0],[21.21336891483822,49.18265540728994,0.0],[21.2133509696788,49.18267259066509,0.0],[21.213388338648517,49.18274071157221,0.0],[21.213548676164542,49.182973263140376,0.0],[21.21367560561928,49.183157360384335,0.0],[21.21359011436523,49.18318365928022,0.0],[21.213715565632253,49.183364877760006,0.0],[21.21398916016455,49.18362909575245,0.0],[21.214350275625964,49.18380888266421,0.0],[21.21488660783886,49.18404981390181,0.0],[21.215355961095707,49.184177855762,0.0],[21.21576756829533,49.18425540897963,0.0],[21.217734774084906,49.18424173298671,0.0],[21.21782462922292,49.184248336550546,0.0],[21.217836603412014,49.18415851701735,0.0],[21.218092513509294,49.18419298756817,0.0],[21.21838670999962,49.184143861027366,0.0],[21.218397663961245,49.184081652006725,0.0],[21.218401492206887,49.184059907525636,0.0],[21.21830362266603,49.184068514557595,0.0],[21.218258860913558,49.18407245020973,0.0],[21.217961423939464,49.1841172443966,0.0],[21.21791522002193,49.18411937003905,0.0]]],[[[21.301248117880913,49.1195526789315,0.0],[21.30074425585832,49.1197206131831,0.0],[21.300454596603785,49.11981798522705,0.0],[21.300154943817663,49.11991871596881,0.0],[21.29990950233922,49.12000122123365,0.0],[21.29922774965691,49.120126316512504,0.0],[21.299205799409087,49.120132136736174,0.0],[21.298758196513866,49.12025081309469,0.0],[21.29843008366472,49.12043513224583,0.0],[21.29884989264559,49.12088964822273,0.0],[21.299651306156267,49.122141651942925,0.0],[21.300466375335127,49.122920665575386,0.0],[21.30064397029187,49.12332697467998,0.0],[21.300995149122418,49.12365986252598,0.0],[21.301157639828208,49.12390638376542,0.0],[21.301281356752938,49.12409921158775,0.0],[21.30127273596557,49.12399196191527,0.0],[21.301574105476373,49.12404212895457,0.0],[21.30163636961506,49.124005473074966,0.0],[21.301732913230737,49.12394863556114,0.0],[21.301816689572025,49.12393334761667,0.0],[21.302044311834678,49.12399856468261,0.0],[21.30216157020192,49.123931637002514,0.0],[21.302345646596628,49.123826567725835,0.0],[21.3029630042037,49.1237518951054,0.0],[21.303082182604328,49.123772074765974,0.0],[21.3032134867108,49.123794307879386,0.0],[21.303352251762274,49.12386511682949,0.0],[21.303541273128836,49.123823753884224,0.0],[21.303939424427945,49.12387072088564,0.0],[21.304334150960848,49.123786698651585,0.0],[21.304288183687355,49.12372445726833,0.0],[21.30508976004839,49.123209582718715,0.0],[21.305664940484174,49.122842508541034,0.0],[21.306140124569396,49.12269976932652,0.0],[21.306482575039908,49.122596898283575,0.0],[21.306934114657444,49.12242222766262,0.0],[21.307438651711486,49.122178223530526,0.0],[21.307573651708314,49.12184699054239,0.0],[21.308048631581325,49.121629276093635,0.0],[21.30809474003616,49.12126304235598,0.0],[21.308397508790655,49.12101152063762,0.0],[21.308719035483836,49.12074440941731,0.0],[21.30890306038959,49.12066801789618,0.0],[21.309045327233683,49.12060896087243,0.0],[21.309069344667975,49.120598990292244,0.0],[21.309152181850777,49.12047762925827,0.0],[21.309123842828612,49.12038701427243,0.0],[21.30906490427401,49.12019855344213,0.0],[21.309507380400174,49.11991792038811,0.0],[21.30955324499039,49.11978203059859,0.0],[21.30987060739698,49.119458822490444,0.0],[21.30987980310062,49.11945357128244,0.0],[21.310240463544748,49.11924760163379,0.0],[21.31035131846529,49.11918429149811,0.0],[21.310645726022496,49.11911645697666,0.0],[21.310864968241116,49.11906594098056,0.0],[21.310614351915834,49.11882406468453,0.0],[21.31050681999129,49.118561932682496,0.0],[21.310427254377718,49.11845070117251,0.0],[21.30970241306644,49.11857887656172,0.0],[21.309511620194908,49.11861263307045,0.0],[21.30936876106287,49.11857924419605,0.0],[21.309221928556088,49.11854492503563,0.0],[21.308613942206584,49.11724446238797,0.0],[21.30817404809376,49.116338123387564,0.0],[21.308108933618943,49.116153705757156,0.0],[21.308070183536078,49.11604395971137,0.0],[21.307919355922866,49.11561677913469,0.0],[21.307937224214637,49.11561227792347,0.0],[21.307897270890177,49.115532757075194,0.0],[21.307882138667782,49.11543353153938,0.0],[21.307856195099394,49.11526341123487,0.0],[21.307827279939445,49.11507380895671,0.0],[21.307968115492443,49.1149211645951,0.0],[21.308256731508273,49.11490106656468,0.0],[21.30831471703887,49.11489702887175,0.0],[21.30876060837536,49.11486597698507,0.0],[21.309291627912458,49.11468118697156,0.0],[21.3093022738732,49.11456915384683,0.0],[21.309318256280665,49.114400959632206,0.0],[21.309555690811692,49.11423865483428,0.0],[21.309641735589775,49.11417983546363,0.0],[21.309643030060176,49.11417897438261,0.0],[21.31009932282735,49.11400371613176,0.0],[21.310644988864105,49.113895426068666,0.0],[21.311050160875823,49.113837173413366,0.0],[21.31164026282773,49.11387757697707,0.0],[21.31226386876946,49.113962375991775,0.0],[21.31269087273248,49.1140016335019,0.0],[21.312912141900163,49.11393575572812,0.0],[21.31305359048207,49.11380346784362,0.0],[21.313206381693263,49.113642843712285,0.0],[21.313322533698518,49.11352073762813,0.0],[21.313397771909678,49.113442982531325,0.0],[21.313192619306648,49.11347649140149,0.0],[21.313085090218983,49.11348468027903,0.0],[21.312754493115072,49.11350999309067,0.0],[21.3127668187929,49.11319089719939,0.0],[21.31276612133526,49.1130598128547,0.0],[21.312770333385867,49.11279394168659,0.0],[21.31273965578055,49.11123386636742,0.0],[21.3127393766516,49.11121965521119,0.0],[21.312563371138456,49.11122159476948,0.0],[21.312465803703766,49.11123030128781,0.0],[21.311997239085883,49.111272114250106,0.0],[21.31156548696006,49.111314714840574,0.0],[21.311451023474454,49.11132602342988,0.0],[21.31058033175119,49.11154710657581,0.0],[21.310072341216532,49.11169731034323,0.0],[21.31006515492446,49.11176525277361,0.0],[21.31005800089027,49.111832891021244,0.0],[21.310119096981214,49.111896697136636,0.0],[21.310142867034937,49.11196745989814,0.0],[21.310114153195215,49.1120258633622,0.0],[21.310033578180157,49.112063778928665,0.0],[21.310004544436826,49.1123382511821,0.0],[21.309655717248138,49.11242902888588,0.0],[21.30913900375461,49.11256349265756,0.0],[21.309107875653158,49.112571593050895,0.0],[21.30898408455911,49.112418517158126,0.0],[21.307911153705003,49.11268091353389,0.0],[21.307834494627603,49.1126996608503,0.0],[21.30782589996252,49.11271354729446,0.0],[21.30775207506305,49.1128328257593,0.0],[21.307738530523014,49.11285195015043,0.0],[21.30753206082136,49.112998110647005,0.0],[21.3067328282848,49.11319477115317,0.0],[21.306705875810408,49.11320367852196,0.0],[21.306671580073836,49.11320975352397,0.0],[21.306657309180842,49.11321967328755,0.0],[21.306052703841267,49.1134192215664,0.0],[21.30593171928162,49.11345915198773,0.0],[21.30540036084174,49.113594047445225,0.0],[21.305265574033406,49.113697542763795,0.0],[21.304935275445768,49.1139511251528,0.0],[21.304883968022875,49.11399053154518,0.0],[21.30462696489313,49.11433557571784,0.0],[21.30456424041423,49.114419785445975,0.0],[21.30440861314211,49.11459906832464,0.0],[21.304318381409004,49.11470301500456,0.0],[21.304141448706083,49.114906773363565,0.0],[21.304126715614352,49.11493108239537,0.0],[21.303879533791264,49.11534056418521,0.0],[21.303871939797137,49.115353026866394,0.0],[21.303945657806818,49.11555122266057,0.0],[21.30382585618229,49.11568532422304,0.0],[21.30344562144953,49.1157845448942,0.0],[21.303398753596543,49.11586225193482,0.0],[21.303484469522626,49.116120041674044,0.0],[21.303514217493376,49.11644257086717,0.0],[21.30329024980402,49.11678488120824,0.0],[21.303119814186743,49.11728273918749,0.0],[21.30350524893355,49.117422220828225,0.0],[21.30355533915706,49.11749488903616,0.0],[21.303685472289672,49.117683679151504,0.0],[21.303719189949792,49.117900828908425,0.0],[21.303585563928788,49.11816668507337,0.0],[21.30348280541456,49.118371127433356,0.0],[21.303420345294114,49.118416947255035,0.0],[21.303066279045897,49.118455656571456,0.0],[21.30292330160779,49.11876936010298,0.0],[21.302795730921506,49.11906797194297,0.0],[21.30273654690069,49.11920650295563,0.0],[21.30262315720966,49.119460069983965,0.0],[21.302207127891855,49.119406213897726,0.0],[21.30212044133581,49.11939499135962,0.0],[21.301757755810723,49.119282682108796,0.0],[21.30084560171687,49.119000216989015,0.0],[21.301248117880913,49.1195526789315,0.0]]],[[[21.219165310994814,49.184131556596455,0.0],[21.219139031543556,49.184105404580976,0.0],[21.21909803626176,49.184080798626375,0.0],[21.21899463085569,49.184051666589696,0.0],[21.218950811106456,49.18405005136691,0.0],[21.218806063356872,49.184063821935446,0.0],[21.21876165007458,49.184059615547945,0.0],[21.218684164766202,49.1840350485065,0.0],[21.218710142907423,49.184058495250845,0.0],[21.219095993983455,49.18418646258842,0.0],[21.21925080797942,49.184237804759704,0.0],[21.219253762442616,49.184351896841456,0.0],[21.219245759617277,49.18445667613176,0.0],[21.219457485416928,49.18449979556621,0.0],[21.220063293208472,49.18467641620144,0.0],[21.220084079601637,49.18468696445203,0.0],[21.220182044452407,49.18473667569169,0.0],[21.220651548727844,49.1849749173744,0.0],[21.22097488085724,49.18512866963777,0.0],[21.221592450772985,49.185275578270726,0.0],[21.22214074776035,49.185348869430356,0.0],[21.2231298808875,49.18537995985364,0.0],[21.223312777360732,49.185345909784346,0.0],[21.223866359495734,49.185143176476,0.0],[21.22452192413276,49.18487908492877,0.0],[21.22459290772457,49.184850488441214,0.0],[21.224584361513863,49.18484890670649,0.0],[21.22436528457824,49.18486560761751,0.0],[21.224067980804644,49.18499255881891,0.0],[21.223774495815224,49.18514007134333,0.0],[21.22359079921311,49.18519745900278,0.0],[21.223352084883725,49.185239591265656,0.0],[21.22302833830113,49.18531071201851,0.0],[21.222898739497015,49.18531040955279,0.0],[21.22283030606966,49.18529879151943,0.0],[21.222730494447852,49.1852563044859,0.0],[21.22267549260835,49.18521468668945,0.0],[21.22262528324008,49.18519062830578,0.0],[21.222538916741787,49.185164793088944,0.0],[21.22242133498684,49.18516116065116,0.0],[21.222194327055036,49.18519765698456,0.0],[21.222018305483203,49.18523674092212,0.0],[21.22192790325558,49.185226296165744,0.0],[21.221706365428943,49.18515568537122,0.0],[21.221548330277777,49.18512316902928,0.0],[21.221269879919717,49.185106544568825,0.0],[21.221105408533685,49.18508806246527,0.0],[21.220979949305345,49.185050852996895,0.0],[21.220934089315573,49.18502810301835,0.0],[21.22084306861543,49.18497303582358,0.0],[21.22061385675544,49.18480945200295,0.0],[21.220562230172867,49.18476641704174,0.0],[21.220518224681808,49.18471493441593,0.0],[21.220496541038155,49.184671060584314,0.0],[21.220451612863037,49.184630058193086,0.0],[21.220374568849603,49.18458608623181,0.0],[21.22023571165155,49.18450683437877,0.0],[21.220181339352386,49.18449309736768,0.0],[21.219923356513526,49.18449633208715,0.0],[21.219883563046235,49.18449683201638,0.0],[21.2197274289108,49.18446939131588,0.0],[21.219605465301523,49.18442296960826,0.0],[21.2195476777829,49.18437783976956,0.0],[21.219396408673713,49.18423506750168,0.0],[21.219363196458783,49.184212851949866,0.0],[21.219205868657546,49.1841567107101,0.0],[21.219165310994814,49.184131556596455,0.0]]],[[[21.220301110244776,49.20610018458619,0.0],[21.220445941451388,49.20597216294854,0.0],[21.22058811290597,49.20584647865646,0.0],[21.22020811360324,49.205579045277524,0.0],[21.22018707991763,49.20558790395525,0.0],[21.22015737943717,49.205605493928616,0.0],[21.220153163010934,49.205610133696425,0.0],[21.220150856013493,49.205619262249414,0.0],[21.22014829697388,49.20562939211591,0.0],[21.220151541394223,49.205674449147686,0.0],[21.220189285536698,49.20579159007506,0.0],[21.22029532933141,49.20608674182205,0.0],[21.220301110244776,49.20610018458619,0.0]]],[[[21.221278977031083,49.207539166094875,0.0],[21.221362549162013,49.20766292950275,0.0],[21.22136564592018,49.20766886821246,0.0],[21.221397874089174,49.207754463323404,0.0],[21.221432865143964,49.20788266187651,0.0],[21.221493359501416,49.20805416082889,0.0],[21.221493996270368,49.20804660909782,0.0],[21.221535955060162,49.2075493818372,0.0],[21.22156144197452,49.20724860657799,0.0],[21.22155027817149,49.20723763966339,0.0],[21.221501788358967,49.207189782785996,0.0],[21.2213329474158,49.20699489826393,0.0],[21.22132559111812,49.20698638939565,0.0],[21.221221663347343,49.206838339516516,0.0],[21.220926311763023,49.20668518724776,0.0],[21.2207153282019,49.206575778851416,0.0],[21.22031812054013,49.20613974915379,0.0],[21.22048886193769,49.20653687172629,0.0],[21.220536995850566,49.20663768373929,0.0],[21.220691263373514,49.20683469565983,0.0],[21.220909859890313,49.20703944313508,0.0],[21.22103610253814,49.20718314972371,0.0],[21.221040277420254,49.20718911184758,0.0],[21.221132616276883,49.20736082334696,0.0],[21.22117910618417,49.20742428981305,0.0],[21.221278977031083,49.207539166094875,0.0]]],[[[21.269746626118636,49.21686181262067,0.0],[21.26947139948542,49.21706508133774,0.0],[21.269263685019162,49.21721848522883,0.0],[21.270315931172124,49.21773541171029,0.0],[21.270668171032245,49.21790844808374,0.0],[21.270692611787897,49.21775937575838,0.0],[21.270370691983373,49.21687416589391,0.0],[21.270189805366723,49.21687058558884,0.0],[21.269746626118636,49.21686181262067,0.0]]],[[[21.268185982587436,49.21851302391853,0.0],[21.26712421539221,49.218719372938935,0.0],[21.267068466083042,49.21872650188414,0.0],[21.267066130762274,49.21872680064423,0.0],[21.266664365443717,49.21877817314924,0.0],[21.266599235100177,49.21883327007474,0.0],[21.26670615124652,49.21888969202531,0.0],[21.266751832710554,49.2189221418291,0.0],[21.267065497182475,49.219144946853305,0.0],[21.26724367344174,49.219297768311264,0.0],[21.267329891157694,49.21937731439305,0.0],[21.267477350915676,49.21951336001016,0.0],[21.26753303559676,49.219594540541664,0.0],[21.267562252831492,49.219662307649386,0.0],[21.267563097558398,49.21967718763194,0.0],[21.26756694373359,49.21974500496107,0.0],[21.26755698448649,49.21984520551689,0.0],[21.26754649478123,49.21988267843647,0.0],[21.26748230417868,49.22005072977029,0.0],[21.267447593026425,49.220141600964965,0.0],[21.267404830918853,49.220302789261545,0.0],[21.26739820265566,49.220427800378936,0.0],[21.267399941904785,49.22049840423478,0.0],[21.26735967158918,49.22098852009475,0.0],[21.267390066911865,49.221183499461574,0.0],[21.267331494705445,49.2217908099736,0.0],[21.26729718747893,49.22195993506899,0.0],[21.267238248864977,49.222175347328225,0.0],[21.26723191852419,49.222233743991566,0.0],[21.267234344537634,49.22232241487698,0.0],[21.267255199047042,49.22239735952035,0.0],[21.267322539233394,49.22259589901276,0.0],[21.267332324917874,49.222662884665084,0.0],[21.267334009405328,49.22274153139556,0.0],[21.26732101112529,49.22282211232481,0.0],[21.267286706737487,49.22292109535369,0.0],[21.267194179240974,49.223071893681244,0.0],[21.26714685939416,49.22316736449322,0.0],[21.26695886682167,49.223543433148066,0.0],[21.266877962388406,49.22381974013186,0.0],[21.266889852426356,49.223959430849845,0.0],[21.266932502109754,49.224050042690806,0.0],[21.26700847796769,49.224183351743505,0.0],[21.26718030208899,49.22436483474088,0.0],[21.26731152533222,49.224483156088276,0.0],[21.267326487597508,49.22449988591357,0.0],[21.267279105208143,49.224518064739,0.0],[21.267265509040115,49.22450286269107,0.0],[21.267133634178762,49.224383790508604,0.0],[21.266961811532322,49.224202307485704,0.0],[21.266869184048875,49.22403744560579,0.0],[21.266837080188246,49.223969373559044,0.0],[21.266835025070854,49.22396143282478,0.0],[21.26682313518511,49.22382174210112,0.0],[21.26682382890644,49.22381370154106,0.0],[21.26690668028873,49.22353224119398,0.0],[21.267075535414673,49.22319445841289,0.0],[21.267094673274872,49.22315617172266,0.0],[21.267143229762947,49.22305848106075,0.0],[21.267191564849945,49.22297970470783,0.0],[21.267234125535513,49.22291034066653,0.0],[21.26726674446435,49.222816221968934,0.0],[21.267279057593505,49.22273988865074,0.0],[21.267277450493456,49.22266485386293,0.0],[21.26726820013086,49.22260153371636,0.0],[21.267201595481232,49.22240515895831,0.0],[21.267180324397554,49.222328863985965,0.0],[21.267179745303924,49.22231231603972,0.0],[21.267177016403938,49.22223438816779,0.0],[21.267184199407325,49.22216900175605,0.0],[21.26724291912316,49.22195439117497,0.0],[21.26727681524522,49.22178730229093,0.0],[21.267334980724904,49.22118419747412,0.0],[21.26730484129655,49.2209865866561,0.0],[21.26734500915288,49.22049772698011,0.0],[21.267343327024147,49.220426552368586,0.0],[21.267349956859,49.220301540397735,0.0],[21.26739349537391,49.22013544207685,0.0],[21.26742903794931,49.22004199931566,0.0],[21.267492803210978,49.21987506292364,0.0],[21.267502399966343,49.21984077811302,0.0],[21.267511969194207,49.219744502013306,0.0],[21.26751038754122,49.21971662934199,0.0],[21.26743022492745,49.21981481580258,0.0],[21.26739924785875,49.21980874242817,0.0],[21.26733836389409,49.21958003658684,0.0],[21.267434714711328,49.21953895936236,0.0],[21.26742946996289,49.219531312049384,0.0],[21.267330399077817,49.21943990993985,0.0],[21.267199457734996,49.21931910223202,0.0],[21.26702340566744,49.21916810345884,0.0],[21.26671146798955,49.2189465247683,0.0],[21.266665787900493,49.2189140749909,0.0],[21.266660192553395,49.218909372131606,0.0],[21.266605099959545,49.218878307796494,0.0],[21.26641684963752,49.218968455721324,0.0],[21.26629454688278,49.21904359534907,0.0],[21.26616737469156,49.21913886760269,0.0],[21.266057288077384,49.21918733818663,0.0],[21.26586042672256,49.2192466824232,0.0],[21.265561661840337,49.21931193139829,0.0],[21.265448463128052,49.21935580036923,0.0],[21.26528680034975,49.21945227366295,0.0],[21.265093402639522,49.21958383143964,0.0],[21.265007258290222,49.21968260804356,0.0],[21.264834371049947,49.21986436681244,0.0],[21.264720764171052,49.21996230542332,0.0],[21.264627315029465,49.22004283073933,0.0],[21.264462536060726,49.22013470086989,0.0],[21.264275605162634,49.22022364002198,0.0],[21.264163275660792,49.22030358892608,0.0],[21.264069867228383,49.220359326769604,0.0],[21.26397602239329,49.22039702484047,0.0],[21.263783706800396,49.22044073117401,0.0],[21.263621963712673,49.22048987633471,0.0],[21.263472192518186,49.220564175857014,0.0],[21.263428357404226,49.22059779717965,0.0],[21.26319817014641,49.22075128661454,0.0],[21.26281445380516,49.221096518304584,0.0],[21.26247894828422,49.22129529176398,0.0],[21.26203296667987,49.22178410887848,0.0],[21.26143525131356,49.22207145924649,0.0],[21.260843438680144,49.22266459249076,0.0],[21.260564562313572,49.22231590861949,0.0],[21.260541054854162,49.22228651635961,0.0],[21.260263082215705,49.22245237987125,0.0],[21.25882963789055,49.22330766893646,0.0],[21.25784436838284,49.223377651845944,0.0],[21.25734072635902,49.223055028950256,0.0],[21.256701788803394,49.22335194751315,0.0],[21.256605740900962,49.22339658030399,0.0],[21.256083457477217,49.22339150021061,0.0],[21.256073222967764,49.22339007465263,0.0],[21.25587254338503,49.22336213782846,0.0],[21.255547305015583,49.223316860064244,0.0],[21.25547316215491,49.2233929957441,0.0],[21.255034485406984,49.22394811916002,0.0],[21.254802991584054,49.224426944091164,0.0],[21.254723495374595,49.22461858703765,0.0],[21.254638757667774,49.22487794201481,0.0],[21.25457922094077,49.224889893039084,0.0],[21.254449855773693,49.22516219418785,0.0],[21.254085119282593,49.2259462376388,0.0],[21.254749957674417,49.22648318301494,0.0],[21.255420689364673,49.2268123674475,0.0],[21.25621767272283,49.22708266753789,0.0],[21.256620751397186,49.227196891239146,0.0],[21.25686611135209,49.2273239809107,0.0],[21.257211383658134,49.227502821366365,0.0],[21.258061186000447,49.22796960779362,0.0],[21.258589280405307,49.22825264476159,0.0],[21.25909602723449,49.22819287671846,0.0],[21.259770247034126,49.22805495836001,0.0],[21.260101482608402,49.22803951310838,0.0],[21.260375585719217,49.22805049585836,0.0],[21.260750839768622,49.22808086130615,0.0],[21.26140001087202,49.22807656179142,0.0],[21.261676157933184,49.22798448477091,0.0],[21.261845121586916,49.22792814753429,0.0],[21.262005940647935,49.22787452472757,0.0],[21.262891244854472,49.22763051377272,0.0],[21.263617735282235,49.227464644180934,0.0],[21.26395430853848,49.227358614467214,0.0],[21.264365657123935,49.22720220640264,0.0],[21.264925830168767,49.226953300687605,0.0],[21.265264139918873,49.22680304036175,0.0],[21.265268240003007,49.22680121929387,0.0],[21.26531270505849,49.22678147059424,0.0],[21.265535881689274,49.22665524076041,0.0],[21.265841671213607,49.22648228098639,0.0],[21.266641622522027,49.22611006707349,0.0],[21.266924438412765,49.225951892144096,0.0],[21.267385033198103,49.22571137059239,0.0],[21.268303795977573,49.22530883288846,0.0],[21.26858566000457,49.225216156628534,0.0],[21.26893742743044,49.22504288540244,0.0],[21.26952998984253,49.22469133733595,0.0],[21.270259245090166,49.22447591462078,0.0],[21.270315194255065,49.2244362615649,0.0],[21.270776300299087,49.224109458843216,0.0],[21.269933481294004,49.223543691637545,0.0],[21.270328502111383,49.22315002678195,0.0],[21.27045912611621,49.22295931208449,0.0],[21.270685425366747,49.22262890749972,0.0],[21.27106174717138,49.22197767609975,0.0],[21.27135353871888,49.221787358600196,0.0],[21.27171706827287,49.222166322687286,0.0],[21.272077815044597,49.22229792849733,0.0],[21.272424879954464,49.22226987854349,0.0],[21.27291284945646,49.221956448310706,0.0],[21.2731396468084,49.22159545877937,0.0],[21.2732674440741,49.221392133362244,0.0],[21.273324457889203,49.22130133284433,0.0],[21.272532988695527,49.22110639038529,0.0],[21.27252546256325,49.221104000942155,0.0],[21.27188098608787,49.22090407676971,0.0],[21.27106353703317,49.22055647579904,0.0],[21.270953258445154,49.220493526904406,0.0],[21.270821714244857,49.22041849750104,0.0],[21.27066738282526,49.219992703757065,0.0],[21.270608206354613,49.21984291567826,0.0],[21.271042900323476,49.219435783977296,0.0],[21.27129932750161,49.219120078896395,0.0],[21.27102485008671,49.21911117827219,0.0],[21.270923611778354,49.2183323404027,0.0],[21.270614826735013,49.21823381851889,0.0],[21.270646852264495,49.21803848918308,0.0],[21.2703626939081,49.21790264854185,0.0],[21.269133185241873,49.217314865257585,0.0],[21.26898297135001,49.21742580198724,0.0],[21.26854603066403,49.2176401344848,0.0],[21.268474540769244,49.21775479574821,0.0],[21.268063930030472,49.21832576100392,0.0],[21.268185982587436,49.21851302391853,0.0]],[[21.268085395790507,49.21965338818732,0.0],[21.269207592667566,49.21938292837611,0.0],[21.269573915818693,49.220080100041635,0.0],[21.269332429894078,49.22013588157183,0.0],[21.26865524780383,49.22029230044055,0.0],[21.26835022960974,49.22036275341048,0.0],[21.268294574943432,49.220375608104966,0.0],[21.268213640654416,49.220396815298294,0.0],[21.2678322678858,49.21971439268906,0.0],[21.268085395790507,49.21965338818732,0.0]],[[21.264641495523527,49.225408390640354,0.0],[21.26550502643263,49.225267312199946,0.0],[21.265815884988637,49.22606202126148,0.0],[21.264968855292846,49.22621099407823,0.0],[21.264641495523527,49.225408390640354,0.0]],[[21.26717451310286,49.224534513084095,0.0],[21.26744612020776,49.224752443533674,0.0],[21.266237259706763,49.22521713192871,0.0],[21.26579537637826,49.224781238481995,0.0],[21.266913797340116,49.224325319509695,0.0],[21.26717451310286,49.224534513084095,0.0]],[[21.26771975080489,49.22391541309014,0.0],[21.26891679290561,49.22344871218449,0.0],[21.269455328475026,49.22409577129019,0.0],[21.268268733797473,49.224544883408086,0.0],[21.267984054460868,49.224218469763485,0.0],[21.267933657275975,49.22416068369553,0.0],[21.26771975080489,49.22391541309014,0.0]]],[[[21.250942668065182,49.22078236453914,0.0],[21.250965443813172,49.2208387097286,0.0],[21.25111152386212,49.22105122931258,0.0],[21.25139596392286,49.22096195043646,0.0],[21.251430076309493,49.220890460422716,0.0],[21.251236244896038,49.220873469174336,0.0],[21.25126206679467,49.22071981919919,0.0],[21.25144375775892,49.22063849086961,0.0],[21.25167624667431,49.22067666604398,0.0],[21.25162592406019,49.22091465042211,0.0],[21.251665265806405,49.22092874527783,0.0],[21.25179893364738,49.2211175076929,0.0],[21.25162317007359,49.22119375217662,0.0],[21.251644119551433,49.22128532918608,0.0],[21.25153044286862,49.22142106745839,0.0],[21.25137860290682,49.221436879452966,0.0],[21.251518483254937,49.22163764962036,0.0],[21.25163891327936,49.22153409257102,0.0],[21.25171841198516,49.22141470773958,0.0],[21.251906654802,49.221266066684805,0.0],[21.25216842718417,49.22128233639142,0.0],[21.252159128343237,49.22146157243421,0.0],[21.252006963082895,49.221574366148296,0.0],[21.251754279628294,49.22174343022225,0.0],[21.251646067985632,49.2217768928145,0.0],[21.25182672300926,49.22197187266569,0.0],[21.251972249240982,49.22204007088485,0.0],[21.25210747691181,49.22210359146882,0.0],[21.252262201249547,49.22188080225712,0.0],[21.252189250006904,49.221765705659074,0.0],[21.252433975914744,49.221622439485344,0.0],[21.252616134146788,49.22164783792579,0.0],[21.252716250792087,49.22179073531183,0.0],[21.252447579118602,49.22184531397908,0.0],[21.252406738323696,49.22198588411054,0.0],[21.252333136895672,49.222178791833585,0.0],[21.25255388739246,49.222369404252994,0.0],[21.252906359752775,49.22249040718809,0.0],[21.253116783444334,49.22236723789756,0.0],[21.253232402018288,49.2222157662237,0.0],[21.253181059877676,49.22214661577523,0.0],[21.25308890824894,49.222074258440934,0.0],[21.253241317809994,49.222046086290796,0.0],[21.25323337056438,49.22183368739581,0.0],[21.25332223052902,49.2217670257137,0.0],[21.253330646100906,49.22176071213813,0.0],[21.25354611422013,49.22198974431539,0.0],[21.25368586915846,49.22213888832568,0.0],[21.25398361474793,49.22255362856238,0.0],[21.254317810228986,49.22303369457395,0.0],[21.254419201829844,49.22303471096393,0.0],[21.255100800138933,49.22278866741789,0.0],[21.255219199678606,49.22271631609437,0.0],[21.25576176026124,49.22207246362629,0.0],[21.257170748023057,49.220921667970636,0.0],[21.257672076274325,49.22059169407559,0.0],[21.258855626960077,49.219622031338716,0.0],[21.259333350551,49.2191619759018,0.0],[21.259600362411504,49.21901323753077,0.0],[21.259599152356362,49.21865196496266,0.0],[21.258639675715983,49.21910971997113,0.0],[21.25783827642707,49.21911906719811,0.0],[21.25756529337114,49.21889054135836,0.0],[21.25701886164892,49.21882774419293,0.0],[21.256311753224416,49.218863819586005,0.0],[21.255205746602446,49.2193640535781,0.0],[21.254424534912328,49.22047003708176,0.0],[21.253038750271823,49.22068416929487,0.0],[21.25219261387161,49.220744229265996,0.0],[21.251827342515593,49.22084749179661,0.0],[21.25161764221853,49.22045601302942,0.0],[21.251514950598143,49.22026430112605,0.0],[21.251388470534348,49.22001251602297,0.0],[21.250729820482967,49.22005401008274,0.0],[21.250656734720927,49.220074967744615,0.0],[21.250030086769797,49.220254665245484,0.0],[21.250086365948107,49.22035170421183,0.0],[21.250247948870523,49.2206303088204,0.0],[21.25037131940769,49.22078921001807,0.0],[21.250942668065182,49.22078236453914,0.0]]],[[[21.298752500588666,49.250081489933336,0.0],[21.2989258502738,49.25029638620246,0.0],[21.299028114430858,49.25042315924337,0.0],[21.29924792337828,49.25061218505374,0.0],[21.299476800808232,49.250837962322024,0.0],[21.299683884415355,49.25104223532554,0.0],[21.300156613732515,49.25140492609067,0.0],[21.300158605761442,49.251406454308515,0.0],[21.30087122387235,49.25194535042373,0.0],[21.300916345859157,49.251968333775274,0.0],[21.301282921120837,49.25215505030567,0.0],[21.30128457622899,49.252155994061724,0.0],[21.301613654377213,49.25234369599305,0.0],[21.301736498682644,49.25242131433984,0.0],[21.301749755729585,49.252429691125336,0.0],[21.30180289175902,49.25247926406458,0.0],[21.301840464222504,49.25251431663973,0.0],[21.302305696421964,49.25285218384258,0.0],[21.3032537030111,49.25299616464563,0.0],[21.30418778940585,49.25313599774611,0.0],[21.304225313028805,49.25311322109125,0.0],[21.304253715259655,49.2530959823708,0.0],[21.30436757340048,49.252990276090195,0.0],[21.304375401388096,49.252983009630796,0.0],[21.30440912051249,49.25295170396418,0.0],[21.304385000949384,49.2529354741792,0.0],[21.304299373705096,49.252911458349686,0.0],[21.30422630024034,49.25282313333959,0.0],[21.30416598866496,49.252699967065695,0.0],[21.304095660141563,49.25262667380101,0.0],[21.304029662593262,49.25254313004769,0.0],[21.303931178151625,49.252482392259694,0.0],[21.30382462931605,49.252339207378746,0.0],[21.303750564754758,49.252205448539954,0.0],[21.303534766542747,49.25211430276675,0.0],[21.303373605555898,49.252069048462175,0.0],[21.303103708847193,49.25194888894178,0.0],[21.303011789623994,49.251846772876114,0.0],[21.302835849760257,49.251826581325425,0.0],[21.302771329632844,49.25178106975631,0.0],[21.30270830219504,49.25176014391126,0.0],[21.302617220420867,49.251728036715456,0.0],[21.302513650222906,49.251696502371054,0.0],[21.302456340011197,49.25167358945802,0.0],[21.302428515614235,49.251652773894605,0.0],[21.30234676220691,49.2516034415129,0.0],[21.302257510135405,49.25148815732473,0.0],[21.30217450496766,49.25140176528745,0.0],[21.301969617211576,49.251286297657494,0.0],[21.301926891840317,49.25123195045784,0.0],[21.30187169162988,49.25118126570028,0.0],[21.301830703938816,49.25111751246315,0.0],[21.301785304490558,49.251086600953094,0.0],[21.30177219221443,49.251044299549925,0.0],[21.30174563517118,49.25100750356962,0.0],[21.301683021788484,49.2509752868554,0.0],[21.30159673781947,49.25095267485113,0.0],[21.30153613365061,49.25090916820873,0.0],[21.301500893437424,49.25086223949471,0.0],[21.301448644735796,49.250818918298556,0.0],[21.301283807475247,49.250746752607924,0.0],[21.301256225658662,49.25068638032682,0.0],[21.30122405091294,49.25064122633019,0.0],[21.30121070157996,49.25062249083575,0.0],[21.301201468699702,49.25058782597729,0.0],[21.30116544860766,49.25049013853417,0.0],[21.301135775186207,49.250459473550244,0.0],[21.301028956153186,49.250426480548505,0.0],[21.30095589961545,49.25039275739992,0.0],[21.300906770387986,49.25028882888457,0.0],[21.300760174786383,49.25017884627727,0.0],[21.30072994156112,49.25013178935004,0.0],[21.300664844742222,49.25004337027584,0.0],[21.300585046499492,49.250014169911296,0.0],[21.300554746063096,49.2499924167918,0.0],[21.300556485128865,49.249903159656,0.0],[21.300571563331147,49.24988277612584,0.0],[21.300573864726726,49.24985009842244,0.0],[21.300549564960438,49.249807687792135,0.0],[21.300458753104724,49.249736128439174,0.0],[21.300419136044976,49.249670585104575,0.0],[21.30032173820715,49.24948640577585,0.0],[21.300215201113772,49.249386703732746,0.0],[21.3001076124356,49.249303147646685,0.0],[21.299995211993004,49.24916766332151,0.0],[21.299979561268966,49.24914879876847,0.0],[21.299852029894904,49.2490816346239,0.0],[21.29975284999155,49.249048540585605,0.0],[21.299708905434006,49.24893077287254,0.0],[21.29966412104024,49.248850440890294,0.0],[21.29962130248165,49.24877796235568,0.0],[21.299589383597045,49.24870173263154,0.0],[21.29957432961492,49.248596036321764,0.0],[21.299558246590934,49.2485676011902,0.0],[21.299531070466436,49.248519550608684,0.0],[21.299460837273546,49.24847461063413,0.0],[21.299416592537014,49.24845404196699,0.0],[21.29938235969659,49.24843812583884,0.0],[21.299359482223604,49.24842233202101,0.0],[21.29842123874837,49.249251957330486,0.0],[21.298349087283512,49.24931575521378,0.0],[21.29820319738565,49.24944475122036,0.0],[21.29811449762348,49.24952317927449,0.0],[21.29841703960635,49.249740392352685,0.0],[21.29841932341086,49.249742032030134,0.0],[21.2986661217615,49.24991922216537,0.0],[21.298683816405465,49.249931927000205,0.0],[21.298752500588666,49.250081489933336,0.0]]],[[[21.324319527254385,49.11088797295898,0.0],[21.32390716428094,49.11097522021981,0.0],[21.32379346247583,49.11106827434919,0.0],[21.323707192534233,49.11113887889635,0.0],[21.32338073945092,49.11140604546644,0.0],[21.323361520130845,49.111705039841326,0.0],[21.32362280982875,49.112075301541964,0.0],[21.32328273350245,49.11218758546538,0.0],[21.322993796261255,49.112286193036624,0.0],[21.322790466560086,49.11241753098203,0.0],[21.322722060604,49.1126000051328,0.0],[21.322834400693495,49.112827344406305,0.0],[21.322784213056025,49.11317707604987,0.0],[21.322399013065947,49.113202934891135,0.0],[21.322264787020227,49.11341286388803,0.0],[21.321469362234733,49.11354600729108,0.0],[21.32142101927868,49.11369830006937,0.0],[21.32139616928691,49.11387155230926,0.0],[21.321513640721953,49.11427871904072,0.0],[21.321467558473827,49.114269385031136,0.0],[21.321038096493496,49.11418240295218,0.0],[21.32063655014155,49.114173197467196,0.0],[21.320225325006326,49.1142574063605,0.0],[21.319935806841528,49.114330694979884,0.0],[21.31993785175078,49.11448594426306,0.0],[21.319682741315788,49.114496536100276,0.0],[21.319785803403423,49.11466616921138,0.0],[21.319680582844466,49.114749236638104,0.0],[21.319743640445445,49.11490708144002,0.0],[21.319774890351596,49.114985306805465,0.0],[21.319579950955323,49.11515919950457,0.0],[21.319396512900568,49.11537844594512,0.0],[21.319399918086134,49.1154141046058,0.0],[21.319410532559978,49.11542318267484,0.0],[21.320104591476685,49.116016787604806,0.0],[21.32014071832619,49.1159790612087,0.0],[21.320279540130482,49.11604641868686,0.0],[21.32020650865691,49.116103952160785,0.0],[21.320251361624262,49.11614231201722,0.0],[21.32019888231273,49.11617115772252,0.0],[21.320093786664987,49.11622884494262,0.0],[21.319335569123712,49.11664520467308,0.0],[21.31894377118995,49.11673170482658,0.0],[21.318834317779547,49.11672417763773,0.0],[21.318914663523984,49.116785197811716,0.0],[21.319005425007276,49.116854181941875,0.0],[21.318998066729826,49.11686053603193,0.0],[21.318994041768097,49.1168640109678,0.0],[21.318990544060462,49.1168669661859,0.0],[21.31898587626502,49.11687096636095,0.0],[21.319036145085047,49.11688751335239,0.0],[21.31956624602493,49.117125813318395,0.0],[21.32006333316481,49.11728120296495,0.0],[21.320554067736822,49.11735286489827,0.0],[21.321809653520862,49.11739236007691,0.0],[21.322321796296972,49.11739507665065,0.0],[21.322709752658305,49.11741466771521,0.0],[21.322967477724657,49.117527918478686,0.0],[21.32317528423321,49.117594028857816,0.0],[21.323379792929323,49.11764110227301,0.0],[21.323656031272318,49.117648039322376,0.0],[21.323745212516034,49.11764313427934,0.0],[21.32386823749803,49.11761706156206,0.0],[21.323877222068898,49.1176156934137,0.0],[21.324135318746176,49.11759116365849,0.0],[21.324527975129573,49.11750881987533,0.0],[21.324603044826944,49.11749308423207,0.0],[21.324531609125597,49.117480378994046,0.0],[21.324552568971225,49.11742351184348,0.0],[21.3250406971746,49.11730842174952,0.0],[21.32541456963505,49.117269855583295,0.0],[21.32572225711875,49.11720900276808,0.0],[21.32574075849072,49.117205238010435,0.0],[21.325649721652383,49.11727848679419,0.0],[21.32560055647354,49.11731804453422,0.0],[21.32556089318982,49.117334225520906,0.0],[21.325545959756678,49.11734031364725,0.0],[21.325436261487162,49.11738502926135,0.0],[21.3254510132206,49.11740622108008,0.0],[21.324673622367307,49.11758940484215,0.0],[21.324488433101084,49.117598005581925,0.0],[21.324431889786787,49.11759931955189,0.0],[21.324147667135573,49.11762633297706,0.0],[21.32388507396423,49.11765129016957,0.0],[21.32375606077644,49.117678632105715,0.0],[21.323657277327673,49.11768406668189,0.0],[21.32337054169684,49.117676865296026,0.0],[21.323168101495853,49.11763603092097,0.0],[21.322931820997628,49.11757509433653,0.0],[21.32264971547184,49.117443737272104,0.0],[21.322319167641904,49.1174346943404,0.0],[21.321799317643208,49.11742058400177,0.0],[21.320556836287153,49.117393725203584,0.0],[21.320043893001017,49.11731410358724,0.0],[21.319549473489225,49.11715978434284,0.0],[21.318966453292052,49.11688991493647,0.0],[21.318607660774425,49.11672383306052,0.0],[21.318415326444338,49.11660129030385,0.0],[21.31811641790459,49.11645357294702,0.0],[21.317869716819896,49.11635351516305,0.0],[21.317479429376768,49.11622419752309,0.0],[21.317156758434148,49.116094755066385,0.0],[21.31700328425637,49.11598724191954,0.0],[21.316956171588618,49.11597853132882,0.0],[21.31694042960943,49.11601343323994,0.0],[21.316758707751664,49.11621184398415,0.0],[21.316860553824654,49.116700819591685,0.0],[21.31708434442157,49.11711677521769,0.0],[21.317140016811926,49.11759346651267,0.0],[21.316790786780217,49.11763389292824,0.0],[21.31671072874517,49.11762761034545,0.0],[21.316054439199686,49.11771918288877,0.0],[21.31556461262997,49.11778750461663,0.0],[21.31555189696663,49.11778892171625,0.0],[21.31526020250013,49.11782036660811,0.0],[21.314430382939417,49.11794313647881,0.0],[21.314354024462396,49.118147347722385,0.0],[21.314472946173584,49.118315665224486,0.0],[21.31468449547407,49.11868687791947,0.0],[21.31517113641715,49.12025018365099,0.0],[21.31510089771933,49.12047004524432,0.0],[21.314993869302604,49.12068843879073,0.0],[21.314965766380023,49.12088625623108,0.0],[21.315002759577084,49.121065152941654,0.0],[21.315171802083807,49.12134434701754,0.0],[21.31535141709922,49.121548876409314,0.0],[21.31605015868022,49.1219275681594,0.0],[21.316164023438724,49.12197024654867,0.0],[21.31635861337871,49.12205487370898,0.0],[21.316519256496562,49.122140548195205,0.0],[21.316706588265998,49.1223093914807,0.0],[21.31677198071661,49.12241370985504,0.0],[21.3168114552536,49.12248648736535,0.0],[21.31689601835782,49.12264239578609,0.0],[21.316970384742522,49.122949880017956,0.0],[21.316985416317475,49.12306652380975,0.0],[21.317093741648748,49.12390713699787,0.0],[21.317106235887387,49.124004096236646,0.0],[21.317199582347108,49.12429827946189,0.0],[21.317206708916082,49.124320737804744,0.0],[21.3173448632401,49.12458693528279,0.0],[21.3175299350197,49.12482159987591,0.0],[21.317735290732724,49.125029060197,0.0],[21.31792750227403,49.12516753173074,0.0],[21.318094223029355,49.125244925123894,0.0],[21.318377881466713,49.12531134754139,0.0],[21.318729487276745,49.12534467647548,0.0],[21.31961097695433,49.12542822703274,0.0],[21.319838149997118,49.12542068603073,0.0],[21.320358979206482,49.12540339326754,0.0],[21.32162857669206,49.12513122330527,0.0],[21.321924182272184,49.12502660674243,0.0],[21.322233779014415,49.12482177340625,0.0],[21.322391535292887,49.124630825125536,0.0],[21.322536684412587,49.12448486511413,0.0],[21.322895524196905,49.12436828555294,0.0],[21.323311432544457,49.124373321718984,0.0],[21.323383607398895,49.124382765849276,0.0],[21.32440337254326,49.12435928731155,0.0],[21.32446757741333,49.124568787097246,0.0],[21.324564249113358,49.12458867847709,0.0],[21.32485976980195,49.12455610194936,0.0],[21.325270673546623,49.12451080456187,0.0],[21.325710761583654,49.12445822906849,0.0],[21.326866951934623,49.12446821234492,0.0],[21.327228920633917,49.1244108534829,0.0],[21.327484648775144,49.12433698091559,0.0],[21.327919603144736,49.124171093569025,0.0],[21.32835974008799,49.12388555063281,0.0],[21.32876532090336,49.12365099641338,0.0],[21.329514305700762,49.12343440127572,0.0],[21.330143335728287,49.12328981425168,0.0],[21.331059323884556,49.123032314360856,0.0],[21.331511042971254,49.1229069737236,0.0],[21.331855455312844,49.12283953280504,0.0],[21.332401606831507,49.122813517726286,0.0],[21.332566685827427,49.12279056460186,0.0],[21.33256700908799,49.122790531088775,0.0],[21.332358849497552,49.12240131708221,0.0],[21.332327424133844,49.12235341852036,0.0],[21.332422259865,49.12232534981912,0.0],[21.332498901047046,49.12230266647329,0.0],[21.33254083583317,49.122420349800095,0.0],[21.33272790391178,49.12261322762043,0.0],[21.33300258161271,49.122455042359796,0.0],[21.33304241908516,49.12212583032599,0.0],[21.3328906887352,49.122031742310305,0.0],[21.33300870797049,49.121903778846104,0.0],[21.333199426107125,49.12195063486695,0.0],[21.333408705783814,49.12192412891693,0.0],[21.333504396782565,49.121912008590385,0.0],[21.333585109341392,49.121969896217436,0.0],[21.333724375600333,49.122100047524206,0.0],[21.333953121326005,49.122110290179194,0.0],[21.333961046889332,49.12215170039619,0.0],[21.33379988390911,49.12224299570938,0.0],[21.33378525894219,49.122474084513165,0.0],[21.333772638248778,49.122466896576036,0.0],[21.33371174593421,49.12245278866408,0.0],[21.333692164787486,49.122503996904,0.0],[21.333255689460383,49.12249479716348,0.0],[21.333109132142066,49.1225257516732,0.0],[21.332954183133076,49.122609088590025,0.0],[21.332971996742852,49.12264499574158,0.0],[21.33296003521746,49.12274963184762,0.0],[21.33307230902017,49.12273794694404,0.0],[21.334179871959893,49.12277403536733,0.0],[21.334398190445928,49.12280389370366,0.0],[21.334637754920735,49.12285563177925,0.0],[21.33501271978752,49.12287137142819,0.0],[21.33549123869117,49.12295403378187,0.0],[21.33615203896704,49.123034593656584,0.0],[21.33638810968968,49.12306561009719,0.0],[21.336848733596966,49.123105874049955,0.0],[21.337250214761262,49.123101246353684,0.0],[21.33752648297942,49.1231202330678,0.0],[21.337537341115148,49.12315712561492,0.0],[21.3375426809947,49.12317526676905,0.0],[21.33681946975483,49.12551901299882,0.0],[21.33686131815278,49.12553061887397,0.0],[21.337127804761376,49.12555831367184,0.0],[21.33713091054464,49.12557676958035,0.0],[21.33739349176113,49.1255521385688,0.0],[21.3376014650417,49.125468622838895,0.0],[21.33781244294203,49.125403018627146,0.0],[21.337895672100252,49.125357983094204,0.0],[21.338006238376188,49.12523140300122,0.0],[21.33814637002807,49.1250524195713,0.0],[21.338389229766157,49.12491089677893,0.0],[21.33872204440233,49.1247617146159,0.0],[21.338707141948387,49.12474524600814,0.0],[21.339023150667273,49.12481222580221,0.0],[21.339272249614407,49.124796008551456,0.0],[21.33942390983094,49.124729346337226,0.0],[21.339978065687262,49.12470479595003,0.0],[21.340409306802496,49.12459177043149,0.0],[21.340497591345358,49.124654275671645,0.0],[21.34060630834825,49.124731247092484,0.0],[21.3413143334861,49.124612097341725,0.0],[21.34181711086971,49.12452749147011,0.0],[21.34197210682765,49.12445813539724,0.0],[21.342414326867654,49.12412363568725,0.0],[21.34300497471749,49.12451971910188,0.0],[21.34303878902523,49.12454233339077,0.0],[21.343125934730313,49.124600838284366,0.0],[21.343289303498935,49.12440886184095,0.0],[21.343743876086183,49.12420056607722,0.0],[21.34409971402361,49.124144232476795,0.0],[21.34414764098392,49.12406033175585,0.0],[21.343320272061213,49.12350783099912,0.0],[21.34341745849786,49.12345944011622,0.0],[21.34385215030324,49.122808218665995,0.0],[21.344203587976644,49.12248306013856,0.0],[21.34448528171658,49.12223403930797,0.0],[21.344597223078377,49.12216638894811,0.0],[21.3449182999604,49.121972347234,0.0],[21.34542701939631,49.121791677652816,0.0],[21.3457077956648,49.121599245428406,0.0],[21.345868377433103,49.12159549241117,0.0],[21.346093471036877,49.12158664704139,0.0],[21.346187525686602,49.12158295045067,0.0],[21.346473709169196,49.12157170304411,0.0],[21.34659447262233,49.12156695681234,0.0],[21.34660461741736,49.12158679281907,0.0],[21.34791755783683,49.12238923684837,0.0],[21.348594304854277,49.12268568125332,0.0],[21.34875838292757,49.122757552692214,0.0],[21.349007124384695,49.12286650977762,0.0],[21.349519894105665,49.12309111637906,0.0],[21.349011627501174,49.12279425340409,0.0],[21.348804940242882,49.12267353200152,0.0],[21.34899558071223,49.12243195376275,0.0],[21.349051229432305,49.122143408842184,0.0],[21.34909050979586,49.121909014546354,0.0],[21.349195551068686,49.12169341549154,0.0],[21.34925881639519,49.1216167766479,0.0],[21.34931767254688,49.12154547991426,0.0],[21.349328190994985,49.12153273825165,0.0],[21.350136709301513,49.12008314569168,0.0],[21.35001892459976,49.12004371832457,0.0],[21.349695933657706,49.11991012022102,0.0],[21.349900266396666,49.11958566143154,0.0],[21.34893575417738,49.11922172346877,0.0],[21.349206716262906,49.11884416346359,0.0],[21.34982709859997,49.11806828117045,0.0],[21.349808464636528,49.118062561892195,0.0],[21.349695662072264,49.11794448913256,0.0],[21.350009685436188,49.11777739108957,0.0],[21.350086516136802,49.117638507997384,0.0],[21.350108393201346,49.11756821376914,0.0],[21.350116170840057,49.11754707478842,0.0],[21.34963300301686,49.117100796578114,0.0],[21.349613611671476,49.117104254962754,0.0],[21.349602734460213,49.117106194178305,0.0],[21.349602728054162,49.11710614808005,0.0],[21.349600642816895,49.117092361439305,0.0],[21.349590320204,49.1170240911259,0.0],[21.349617573676333,49.11692759867378,0.0],[21.34979553457487,49.1167954578185,0.0],[21.349866751324114,49.11671161997863,0.0],[21.3498885306563,49.116583279243685,0.0],[21.35002263639001,49.11633389150464,0.0],[21.35006397703467,49.1162913775722,0.0],[21.350053113172542,49.11617753514622,0.0],[21.350046972791464,49.11611318195062,0.0],[21.350262873438403,49.11576379822959,0.0],[21.35024364332008,49.115227637573575,0.0],[21.350160226430976,49.11504016894486,0.0],[21.350187926013163,49.11489364196046,0.0],[21.350191459778088,49.11481291406662,0.0],[21.350306233153184,49.11462280833093,0.0],[21.350424342170342,49.11431509450077,0.0],[21.350432552092766,49.1142937037507,0.0],[21.350425701886948,49.114261102450534,0.0],[21.35040006549109,49.11413907977382,0.0],[21.35026420240121,49.11400041064987,0.0],[21.350231267751052,49.11396679509247,0.0],[21.350197934658283,49.1139748917726,0.0],[21.350171982292565,49.11393915860275,0.0],[21.35014848621089,49.11390680583771,0.0],[21.349807440303135,49.11343791222117,0.0],[21.349975831715508,49.11294281776873,0.0],[21.349932342182687,49.112416463961594,0.0],[21.349916672824275,49.11235557353233,0.0],[21.34986114200477,49.112139794546785,0.0],[21.349629446123846,49.11166021201846,0.0],[21.349251543352356,49.11103287197041,0.0],[21.34875669001215,49.11076380787947,0.0],[21.348448022126245,49.110675108396286,0.0],[21.34787851226279,49.11037941545096,0.0],[21.347690246359665,49.11029052979033,0.0],[21.347321198986663,49.10999487972873,0.0],[21.34695785767871,49.10982272006257,0.0],[21.346739565527795,49.109665980484856,0.0],[21.34669546090206,49.10963431097534,0.0],[21.34647660769304,49.109529836159496,0.0],[21.346121373971044,49.10944147884457,0.0],[21.345454930061383,49.10927570896071,0.0],[21.3448626052307,49.10907419338073,0.0],[21.344426325603333,49.108902185449246,0.0],[21.3442337468435,49.10878075878275,0.0],[21.34415604072341,49.10870996705497,0.0],[21.343998267815206,49.10856623350401,0.0],[21.343778890123296,49.10818683347931,0.0],[21.343692317421812,49.107827965828925,0.0],[21.34370941946584,49.10757507748256,0.0],[21.34372418122122,49.10735679181282,0.0],[21.344121940211043,49.106603470043034,0.0],[21.344308172469457,49.10595049116941,0.0],[21.34431947827891,49.105261675432374,0.0],[21.344175494838442,49.104762018744665,0.0],[21.344130460048348,49.10445660216492,0.0],[21.3439741495202,49.10409321939023,0.0],[21.34392235518014,49.10381375151066,0.0],[21.34389194840006,49.103649688121926,0.0],[21.34392999406313,49.10300235876668,0.0],[21.343902534796314,49.102985154994634,0.0],[21.343876003430786,49.102968429035876,0.0],[21.34357709836381,49.102753626031316,0.0],[21.3432035218287,49.10233666532016,0.0],[21.343101015267425,49.102458629756704,0.0],[21.342669657746832,49.102971322762286,0.0],[21.342526483949726,49.10326048861853,0.0],[21.342549801309005,49.1033847763058,0.0],[21.342432533085447,49.103482355630284,0.0],[21.342210902363874,49.10346582274413,0.0],[21.341854128589947,49.10365228072614,0.0],[21.341539132393173,49.103748351907676,0.0],[21.34101395425472,49.1040164523975,0.0],[21.340826235184043,49.10420256576111,0.0],[21.340553955715993,49.1042796604546,0.0],[21.340246131032576,49.10434542796187,0.0],[21.33999462047343,49.10427740823893,0.0],[21.33973481659885,49.10425774856141,0.0],[21.339555903079976,49.10430712021347,0.0],[21.339475838759974,49.104365935874306,0.0],[21.33947572462596,49.1043660197715,0.0],[21.339399268801163,49.10437327221579,0.0],[21.339397590453522,49.104342166851126,0.0],[21.33948105603749,49.104273464131786,0.0],[21.339433601005524,49.10399146619141,0.0],[21.33887902248819,49.10395235573595,0.0],[21.33884434412745,49.103936464814396,0.0],[21.33877498123184,49.10390477276799,0.0],[21.338717779654626,49.103759215092424,0.0],[21.338328265578788,49.10370038092094,0.0],[21.33832080336565,49.10369925727493,0.0],[21.338283358900206,49.103679772746425,0.0],[21.3381981842592,49.10364085563666,0.0],[21.338159514397137,49.10362322377559,0.0],[21.33815526323066,49.10361337483378,0.0],[21.33811361659127,49.10351824186402,0.0],[21.338112711484357,49.10348193874003,0.0],[21.33809455508817,49.1034729335071,0.0],[21.338111827275995,49.10333680819534,0.0],[21.337439694503367,49.103267164126756,0.0],[21.337053136500217,49.10331184130381,0.0],[21.33673425312874,49.10338879100941,0.0],[21.336378423567623,49.103399640951615,0.0],[21.336269375919507,49.10390927950962,0.0],[21.33623893460002,49.104058537480995,0.0],[21.33610131800225,49.10473328213523,0.0],[21.336081560828806,49.10496750223308,0.0],[21.336042053358355,49.1054358750681,0.0],[21.335954797365922,49.10551364343217,0.0],[21.33591954428584,49.1055060158089,0.0],[21.335907936272925,49.105503486853024,0.0],[21.335894153877387,49.105500484061224,0.0],[21.335698896818958,49.10538058210262,0.0],[21.335437609910397,49.10533683363042,0.0],[21.335317000426755,49.10521205817334,0.0],[21.335101816622185,49.105205246796935,0.0],[21.33498318773556,49.1052787434421,0.0],[21.334863415258937,49.10542385766231,0.0],[21.334619644133536,49.105601350250296,0.0],[21.334389845306752,49.10587953806819,0.0],[21.334004613131125,49.106340386086366,0.0],[21.333919880805038,49.10666955164695,0.0],[21.333770319171276,49.107091017935026,0.0],[21.3341578952139,49.10728249152202,0.0],[21.334172058139014,49.107352857846344,0.0],[21.334152681840628,49.10742050824569,0.0],[21.334053194450306,49.10766218597089,0.0],[21.334434701500456,49.10792125772718,0.0],[21.335163460698638,49.10822044235447,0.0],[21.33509772430895,49.108517052301124,0.0],[21.33448764803994,49.10880598366624,0.0],[21.33454607271899,49.10909353355314,0.0],[21.334750533145336,49.10937303919689,0.0],[21.3347711858351,49.11014850831752,0.0],[21.33478142060296,49.11015969702306,0.0],[21.334846620250516,49.110230972840725,0.0],[21.334851032444575,49.11032301838667,0.0],[21.334853893075838,49.11038268587901,0.0],[21.334831407592798,49.11050686336985,0.0],[21.334954604697497,49.11064782894183,0.0],[21.334902426454654,49.11071395605421,0.0],[21.334978660823896,49.11073172464495,0.0],[21.335040322444193,49.110746084987404,0.0],[21.33515527020154,49.110877531502496,0.0],[21.335545222874817,49.110974194759144,0.0],[21.335553798276525,49.111182115915895,0.0],[21.335531628115852,49.111207311835635,0.0],[21.335372757397767,49.11138786479316,0.0],[21.335378410008214,49.11159641936967,0.0],[21.335335210286356,49.11167801745674,0.0],[21.335037128314767,49.11224105077522,0.0],[21.335159002866725,49.112269007692966,0.0],[21.33492056505995,49.112876034521975,0.0],[21.335219819986094,49.112857460374435,0.0],[21.33522928582634,49.11344887364878,0.0],[21.335231446455953,49.11358342132405,0.0],[21.33525235255552,49.113641658225404,0.0],[21.33551813486974,49.11421095890365,0.0],[21.3355318929384,49.114275371653626,0.0],[21.335418962138387,49.114191694192996,0.0],[21.335522385216052,49.11439039645046,0.0],[21.335530721466245,49.11440657886988,0.0],[21.33537061497083,49.11447478264836,0.0],[21.335286360809185,49.11448548975886,0.0],[21.334780141182225,49.11454988947442,0.0],[21.334787901732685,49.11455660315011,0.0],[21.334749019021267,49.114559668363995,0.0],[21.33408277467662,49.114544476882735,0.0],[21.333984251054698,49.114542230608755,0.0],[21.33388157078478,49.11453987132935,0.0],[21.33305961264354,49.11465654607936,0.0],[21.33207662546343,49.11482104354325,0.0],[21.331555415892613,49.114815037360344,0.0],[21.330901197006643,49.11478928506142,0.0],[21.33060499759433,49.11474015806137,0.0],[21.33020150052545,49.114786467292014,0.0],[21.328448289180063,49.11454713684902,0.0],[21.327925496594375,49.114607138801794,0.0],[21.325341971146283,49.11430735161076,0.0],[21.325219861108167,49.11437713394738,0.0],[21.324768958707864,49.11431470139164,0.0],[21.324858780130075,49.11328908814721,0.0],[21.324865999594227,49.11320664499144,0.0],[21.324971913756958,49.113142947351044,0.0],[21.325208484648698,49.11296261396591,0.0],[21.325238096428933,49.11294004152136,0.0],[21.32535253976049,49.112880277948804,0.0],[21.32562829368169,49.11273627333937,0.0],[21.32587114598277,49.112702704796085,0.0],[21.326042650515163,49.11275430747359,0.0],[21.326211802168814,49.11270790167454,0.0],[21.32653253674403,49.112701877191114,0.0],[21.326760525517724,49.11261007134281,0.0],[21.328971523039666,49.11319362379468,0.0],[21.330114557696433,49.11345568015292,0.0],[21.331114561099575,49.113627467999855,0.0],[21.331364367156226,49.11373821240197,0.0],[21.33150703779921,49.11402487164482,0.0],[21.331931348470718,49.113984763425336,0.0],[21.33278011883327,49.11381570221783,0.0],[21.33292541502113,49.11368251620995,0.0],[21.33311779160568,49.11355650379363,0.0],[21.33341883353657,49.11352808608197,0.0],[21.333874623572157,49.11353014260099,0.0],[21.333618074265114,49.11338616606673,0.0],[21.33323849905213,49.11326037326754,0.0],[21.333003363358824,49.113307239748956,0.0],[21.33238965440907,49.11318045315332,0.0],[21.33213833458126,49.113111163278006,0.0],[21.331772563630295,49.11309046699683,0.0],[21.33096054155648,49.112818557953986,0.0],[21.33062327383933,49.11260716133873,0.0],[21.329942481262123,49.11234125335367,0.0],[21.329478213695786,49.112187431209556,0.0],[21.32892115919581,49.11178507798633,0.0],[21.328794427970173,49.11163994796161,0.0],[21.32862730813821,49.11160216325072,0.0],[21.328478584597597,49.11158572514349,0.0],[21.328313214461907,49.11143232298818,0.0],[21.32765839224243,49.11126439887131,0.0],[21.32754214413014,49.111364334541186,0.0],[21.32718797411668,49.11125215632063,0.0],[21.326919391393456,49.1111199554322,0.0],[21.326793824830762,49.11109179232416,0.0],[21.32658361116735,49.11104464174335,0.0],[21.326243285011337,49.1109683065002,0.0],[21.3254674686895,49.11073453221114,0.0],[21.32518246520837,49.11074153831322,0.0],[21.32441753150507,49.110871343884796,0.0],[21.324319527254385,49.11088797295898,0.0]],[[21.32029142205628,49.11730427252202,0.0],[21.320040074208475,49.117231354456415,0.0],[21.320060822465415,49.11719543268122,0.0],[21.31984878771381,49.117105515222924,0.0],[21.31954650288512,49.11699424644548,0.0],[21.319293277123954,49.116934502428485,0.0],[21.31934772491423,49.116893204203635,0.0],[21.31957902886501,49.11695462859692,0.0],[21.320092888367462,49.11714472895194,0.0],[21.320141555709135,49.11706445972733,0.0],[21.32039297804557,49.117134318417136,0.0],[21.32032014587141,49.117256257729615,0.0],[21.32029142205628,49.11730427252202,0.0]],[[21.34102085945602,49.11149943624387,0.0],[21.34095523707787,49.11177973646504,0.0],[21.340923906210953,49.1118812732372,0.0],[21.340879619499123,49.111873378780025,0.0],[21.340832448977824,49.111863433894925,0.0],[21.3407703407152,49.11184193870188,0.0],[21.34058457733401,49.1118042247238,0.0],[21.340508243623642,49.11178872710864,0.0],[21.34045502310596,49.11178412069918,0.0],[21.3404112822474,49.11178033355422,0.0],[21.340239216888797,49.11179779199037,0.0],[21.340303807426764,49.111769836679606,0.0],[21.340317628520932,49.11176241815916,0.0],[21.340500516264438,49.111664261432566,0.0],[21.340585348045632,49.11160184477726,0.0],[21.34067501794497,49.11156167050826,0.0],[21.340923074468403,49.111517031742494,0.0],[21.34102085945602,49.11149943624387,0.0]],[[21.332191877703345,49.12005510609797,0.0],[21.33221046963477,49.12005818323273,0.0],[21.332213333128788,49.12005865617973,0.0],[21.332262500892575,49.12006679282863,0.0],[21.332374218157256,49.12019715592488,0.0],[21.332412026999535,49.12039082310944,0.0],[21.332502621284455,49.120390650595745,0.0],[21.332433642760417,49.120546423505125,0.0],[21.3324442268619,49.12072200034485,0.0],[21.332385446096517,49.12073362265643,0.0],[21.332267570246312,49.120756928877675,0.0],[21.332112464741808,49.120822281285974,0.0],[21.332021225458114,49.12073638825606,0.0],[21.33217179654915,49.1206364693644,0.0],[21.332219529708727,49.12054101821987,0.0],[21.332226720378912,49.12044580843903,0.0],[21.33216634490798,49.120298343982384,0.0],[21.332191877703345,49.12005510609797,0.0]],[[21.34388149905034,49.1223714067324,0.0],[21.343718504321725,49.12259571277051,0.0],[21.343550570439298,49.12289117100848,0.0],[21.3433872198329,49.1231205589878,0.0],[21.343150647237614,49.12339868668935,0.0],[21.34279370327861,49.123622285075456,0.0],[21.342716232659367,49.12384405398205,0.0],[21.342501157810695,49.12392420116562,0.0],[21.34234487235061,49.12393989889401,0.0],[21.342142814452604,49.12405608473273,0.0],[21.341913307211048,49.124120519407434,0.0],[21.341852936701386,49.1241518174512,0.0],[21.34179256474786,49.1241831154225,0.0],[21.34173167312021,49.12416601619394,0.0],[21.341847496045983,49.12406253007168,0.0],[21.34198725318751,49.123949574546934,0.0],[21.342080549097712,49.12383522852951,0.0],[21.34205488647271,49.12364602485626,0.0],[21.34205068854201,49.12348292804812,0.0],[21.342078525854465,49.123305510296525,0.0],[21.342118320823644,49.123179378267224,0.0],[21.342195596001233,49.12303907459646,0.0],[21.343341114393763,49.12245484519755,0.0],[21.343806377051298,49.122189080213104,0.0],[21.34432253925237,49.12182555929344,0.0],[21.34457369788044,49.121972227974666,0.0],[21.34443518706525,49.122107850381866,0.0],[21.344131771288975,49.1222311951841,0.0],[21.34388149905034,49.1223714067324,0.0]],[[21.33985855854707,49.122966186854505,0.0],[21.33978300225061,49.12296995584195,0.0],[21.33977589853685,49.122908353601225,0.0],[21.33985145480361,49.12290458372008,0.0],[21.33985855854707,49.122966186854505,0.0]]],[[[21.31279758451969,49.1112190139412,0.0],[21.31282507069395,49.112787115977476,0.0],[21.313006324747217,49.11276451436025,0.0],[21.312959829706266,49.11245120466497,0.0],[21.31296681115939,49.112098731558326,0.0],[21.313017224686792,49.11164684049786,0.0],[21.313020712109985,49.11121693811149,0.0],[21.312889003484266,49.111218006191066,0.0],[21.31279758451969,49.1112190139412,0.0]]],[[[21.31599682576387,49.12198222090959,0.0],[21.315289235480158,49.12158885969408,0.0],[21.315103357960307,49.121364067985326,0.0],[21.314926367652003,49.12107302223823,0.0],[21.31487806321114,49.12087938206424,0.0],[21.314921245799702,49.12068165818538,0.0],[21.31500797103009,49.12046139343666,0.0],[21.315077023171728,49.12024869647405,0.0],[21.314595496617656,49.11869661726254,0.0],[21.314390993590102,49.11832858643066,0.0],[21.314337419540074,49.11825912466512,0.0],[21.314193306566864,49.119155918465346,0.0],[21.314195828182626,49.11920683986526,0.0],[21.314156754480532,49.119543761784755,0.0],[21.314098605285118,49.119714298747176,0.0],[21.314043530969528,49.119813258783246,0.0],[21.314009611167606,49.12034712830883,0.0],[21.313782280624615,49.121910875004424,0.0],[21.313655769201326,49.12271001454712,0.0],[21.313534359256284,49.1230871587306,0.0],[21.313599979478422,49.12319404323678,0.0],[21.313643391510347,49.12332498360176,0.0],[21.313698613806928,49.123491549922754,0.0],[21.31367002762335,49.12379611186434,0.0],[21.313728588322864,49.12398232025466,0.0],[21.313736744154266,49.12401148814884,0.0],[21.31378519031219,49.124184762354425,0.0],[21.313770882319396,49.124387226973454,0.0],[21.31376341472769,49.12444561546972,0.0],[21.313728471094638,49.12471882676934,0.0],[21.313743023807014,49.12488714540777,0.0],[21.313747320790963,49.125127526432045,0.0],[21.313604358387124,49.12568860567709,0.0],[21.313687493212605,49.125690301934746,0.0],[21.3138692380648,49.1256940716833,0.0],[21.313864603079338,49.12581320340212,0.0],[21.313635407772647,49.12593474495246,0.0],[21.313543292416842,49.125928096206756,0.0],[21.31350492547717,49.126078436482985,0.0],[21.313507734026814,49.12622953478645,0.0],[21.313507803822123,49.126233259932235,0.0],[21.313553349083982,49.12640557343235,0.0],[21.313624697565977,49.126607020597184,0.0],[21.313720228943346,49.126862755044264,0.0],[21.313916209968564,49.12723736918248,0.0],[21.314072629021325,49.127508981052706,0.0],[21.314108441764123,49.12755535634369,0.0],[21.314289699754926,49.12779007390456,0.0],[21.31440462861866,49.12789021544673,0.0],[21.314594427386194,49.128057335348025,0.0],[21.314751865434307,49.128210606525926,0.0],[21.31493748193609,49.128415946273336,0.0],[21.314986353062746,49.12844944019285,0.0],[21.31537445857933,49.1287154366224,0.0],[21.315402791007184,49.12873485418558,0.0],[21.315525944401262,49.12884691815239,0.0],[21.315548381614963,49.128867334549696,0.0],[21.315671720106664,49.12909636078258,0.0],[21.315806700445034,49.12920016626149,0.0],[21.31591711305576,49.129241543053716,0.0],[21.31603499631342,49.12928571923107,0.0],[21.316245218038887,49.12941006392739,0.0],[21.3163302486733,49.129551429750435,0.0],[21.31646004636867,49.12971367816928,0.0],[21.316638456038387,49.129812211508025,0.0],[21.31686182201447,49.1298906056359,0.0],[21.31714861971535,49.130014135813376,0.0],[21.317293820762565,49.13007703912399,0.0],[21.317469021693746,49.13018734835689,0.0],[21.31755524018213,49.13024976507847,0.0],[21.317607808619357,49.13030582067573,0.0],[21.317632722855645,49.13034499654314,0.0],[21.31775323146256,49.13056749964155,0.0],[21.317784556834606,49.13064209322138,0.0],[21.317808064023694,49.13069994531376,0.0],[21.317816757248043,49.13075316025391,0.0],[21.31783292285097,49.13081947144106,0.0],[21.317872337022038,49.130970624233484,0.0],[21.317880368258912,49.1310137096322,0.0],[21.317898545124272,49.13113844354193,0.0],[21.3179480768262,49.13136565129335,0.0],[21.3179764278181,49.131443754924284,0.0],[21.318046036884905,49.13154834093745,0.0],[21.318130379918685,49.13164290353027,0.0],[21.318282072718805,49.13180406412444,0.0],[21.318315844776777,49.131816350707574,0.0],[21.318557534524604,49.13177726958581,0.0],[21.31884088987953,49.131732781011046,0.0],[21.318948692833796,49.1316388096279,0.0],[21.319303530513597,49.13161960626317,0.0],[21.319560292169246,49.1314237196383,0.0],[21.319334838296964,49.13130315380796,0.0],[21.31959292750571,49.13114907405559,0.0],[21.31967994773828,49.131019198841685,0.0],[21.31976154005104,49.13089742450637,0.0],[21.319955240093496,49.13103071633283,0.0],[21.320027331587315,49.13103549605104,0.0],[21.32033651252096,49.13091580847381,0.0],[21.320419673827622,49.130660056751644,0.0],[21.320812097193926,49.130683926836525,0.0],[21.32104929309596,49.130603028660786,0.0],[21.321096789470612,49.13042775721132,0.0],[21.32154634175274,49.13038781253175,0.0],[21.321860276925538,49.130207774107156,0.0],[21.322277646142258,49.130068831662015,0.0],[21.322362381781574,49.12996129157214,0.0],[21.322413496506197,49.12994696981089,0.0],[21.322657442045834,49.129878619738534,0.0],[21.32267804315131,49.129897345672994,0.0],[21.3226787938911,49.12989802715533,0.0],[21.322715165817424,49.12985266141926,0.0],[21.322860757097427,49.12968561916955,0.0],[21.323119579048523,49.12956990137937,0.0],[21.323695410847293,49.12956984204076,0.0],[21.323921596735403,49.12957970233188,0.0],[21.32408829216273,49.12953790592524,0.0],[21.324358419668346,49.12953135317978,0.0],[21.32439583994107,49.12948062929089,0.0],[21.32471495844365,49.12936563915203,0.0],[21.325053837060523,49.12934683941467,0.0],[21.325073831884787,49.12929028085342,0.0],[21.325247339823385,49.12923338414229,0.0],[21.325537846747466,49.12925516649235,0.0],[21.325718626681663,49.1291844452843,0.0],[21.326150553441007,49.12918851106903,0.0],[21.326467806556746,49.129149344452735,0.0],[21.32684070161953,49.12913642120555,0.0],[21.327223711705088,49.12901974359654,0.0],[21.32745929924182,49.12898721248251,0.0],[21.327533384429028,49.12885909589177,0.0],[21.327577076735004,49.12883500211629,0.0],[21.32775506241533,49.12873685113298,0.0],[21.328135252922017,49.12863889906927,0.0],[21.328366321009725,49.12864556688771,0.0],[21.3283835592189,49.128640047103715,0.0],[21.328516157417795,49.12859758731984,0.0],[21.328600066304947,49.12849181770687,0.0],[21.328789140446045,49.12844960639828,0.0],[21.32908928675542,49.12821296568873,0.0],[21.329257998106602,49.12786850186716,0.0],[21.32941710559108,49.12778191228805,0.0],[21.329470743238296,49.1275593848651,0.0],[21.329866203367633,49.12718301976314,0.0],[21.3301326351499,49.12696354786134,0.0],[21.33028674732129,49.12690723312957,0.0],[21.330562153072083,49.126763641803905,0.0],[21.330711046421555,49.126658201156744,0.0],[21.330763274311597,49.12659963474774,0.0],[21.330778536169205,49.1265825208809,0.0],[21.330832301121102,49.126522226371044,0.0],[21.331091151768824,49.12640591570792,0.0],[21.331169567060357,49.12637067884539,0.0],[21.33139266825893,49.12624937051489,0.0],[21.331568389509297,49.12601466261658,0.0],[21.33179551187721,49.12594388231103,0.0],[21.331952198128278,49.12584857642674,0.0],[21.3323033551813,49.125645143130576,0.0],[21.332340490437996,49.12557073460252,0.0],[21.33244636668461,49.12535858234775,0.0],[21.33248920463324,49.125272744619494,0.0],[21.332583712259552,49.124965297759914,0.0],[21.33267216740477,49.12466594976789,0.0],[21.332791018281362,49.12421367834569,0.0],[21.332887887427212,49.12407913079457,0.0],[21.332995411139432,49.12405758548444,0.0],[21.333350921470245,49.12398634739065,0.0],[21.33343952465231,49.124004037035895,0.0],[21.33310011145757,49.12352668218351,0.0],[21.332599875159968,49.12282603545376,0.0],[21.332415747036432,49.12284877832021,0.0],[21.331872535559913,49.122864079007385,0.0],[21.331523954628253,49.1229322950822,0.0],[21.331091138192377,49.12306585410763,0.0],[21.33016156324314,49.123321507209134,0.0],[21.329538019965515,49.123466078987676,0.0],[21.32879325435117,49.12367919945543,0.0],[21.32838076667861,49.12391642687927,0.0],[21.32829859610349,49.12397006783203,0.0],[21.32794481071434,49.12420101525994,0.0],[21.327572232802602,49.12434810487835,0.0],[21.32750407908061,49.124375010571526,0.0],[21.327172383858883,49.12447225679596,0.0],[21.326970004726466,49.12449443598112,0.0],[21.32687260836418,49.12450510828843,0.0],[21.325711231692793,49.124488848255616,0.0],[21.3252778907455,49.124546937384565,0.0],[21.325178360335848,49.12455929135459,0.0],[21.325123999923626,49.12465885706843,0.0],[21.32511671502208,49.124763275989245,0.0],[21.325203722992434,49.12497041166649,0.0],[21.325024074105137,49.12498115099122,0.0],[21.324942007615178,49.12498385971363,0.0],[21.32477505380514,49.12498606599228,0.0],[21.324733872572736,49.12473570032468,0.0],[21.324593654212425,49.124654733980236,0.0],[21.32445661616814,49.12461764901442,0.0],[21.32443041396647,49.12474523539321,0.0],[21.32406297178801,49.12472754225709,0.0],[21.32401155534932,49.12482570806826,0.0],[21.32378271315708,49.124911891712244,0.0],[21.32373638794353,49.12511125138438,0.0],[21.323021789807807,49.12510438696782,0.0],[21.32281209472622,49.12518339241871,0.0],[21.3228852817636,49.12442855859144,0.0],[21.3226973587334,49.12447997623458,0.0],[21.322580496184575,49.12456062601393,0.0],[21.322478589349373,49.12465495676974,0.0],[21.32231580797066,49.12484323360841,0.0],[21.3220960103535,49.12499194317513,0.0],[21.321983846690028,49.12506782881227,0.0],[21.321787457718994,49.12514450432349,0.0],[21.321671532791743,49.12518976593143,0.0],[21.320384441432896,49.12546888124718,0.0],[21.3195979921107,49.12551002099509,0.0],[21.31923730482293,49.12547679223842,0.0],[21.31836289558617,49.125396231718696,0.0],[21.31806785160544,49.125320014848484,0.0],[21.3178639842391,49.12524231208725,0.0],[21.3177509817831,49.12515890542291,0.0],[21.31765673745021,49.125089344388414,0.0],[21.317616928349548,49.12504890697079,0.0],[21.317419570534312,49.12484843035003,0.0],[21.317402409932576,49.124824455529875,0.0],[21.31725626192606,49.12462027204046,0.0],[21.317130754430586,49.12438597514903,0.0],[21.3171010972847,49.124330608182895,0.0],[21.317002672871304,49.12401015754898,0.0],[21.316892979973453,49.123142852206904,0.0],[21.316869133020248,49.12295430047378,0.0],[21.316781291597486,49.122657122982005,0.0],[21.316700066177884,49.12247482886462,0.0],[21.316685508896246,49.12244215939723,0.0],[21.316614778015555,49.12232786936352,0.0],[21.316454416413954,49.12219305416451,0.0],[21.316288543879793,49.122105691776454,0.0],[21.31609104618554,49.122013595621034,0.0],[21.31599682576387,49.12198222090959,0.0]],[[21.32516087258618,49.12604928641894,0.0],[21.325103466193568,49.12605035183425,0.0],[21.32386383809833,49.12594224639047,0.0],[21.32273490052255,49.1259795016513,0.0],[21.322797490656054,49.1253339957821,0.0],[21.324007313003243,49.125291170343225,0.0],[21.324272246127013,49.125337185007155,0.0],[21.32505272908362,49.125270796120326,0.0],[21.32511134489649,49.125265810046145,0.0],[21.327051067627945,49.1251007889858,0.0],[21.327063554527914,49.12510302732081,0.0],[21.327273089151877,49.125140583269825,0.0],[21.32794049606529,49.12593331757169,0.0],[21.327114953946435,49.126141753620374,0.0],[21.326525604716473,49.12626793565213,0.0],[21.32643102336691,49.1262881861093,0.0],[21.325965760157434,49.12622361928714,0.0],[21.325541553946955,49.126109244867116,0.0],[21.32516087258618,49.12604928641894,0.0]],[[21.313997876893872,49.1233563681168,0.0],[21.31373157770961,49.12331647235588,0.0],[21.313730720263035,49.12331500625483,0.0],[21.3136769723671,49.12321490780533,0.0],[21.31390334042624,49.12315116213039,0.0],[21.31395314842196,49.12324116706049,0.0],[21.31400328842232,49.12333195700378,0.0],[21.314018510315158,49.12335942057235,0.0],[21.313997876893872,49.1233563681168,0.0]],[[21.31375398152817,49.12340788443678,0.0],[21.313984701079523,49.12341529117385,0.0],[21.314063930777326,49.123417860625224,0.0],[21.314035173647664,49.123534824087905,0.0],[21.314026357030436,49.12357065454223,0.0],[21.313994023859426,49.123564278865906,0.0],[21.3139167864767,49.12354889720971,0.0],[21.313760383612692,49.12352608789664,0.0],[21.313760292209476,49.123523474688824,0.0],[21.31375398152817,49.12340788443678,0.0]],[[21.315016962050844,49.12807790246212,0.0],[21.31498934108201,49.1280727493553,0.0],[21.314904521378306,49.12822835023545,0.0],[21.314795564629115,49.12820355207221,0.0],[21.314786928860716,49.12820347184549,0.0],[21.314787146806392,49.12819447687665,0.0],[21.314667234746103,49.12806556069227,0.0],[21.31464567423798,49.128042407047104,0.0],[21.31478021588951,49.127975979812675,0.0],[21.315024593771394,49.12798451646791,0.0],[21.315016962050844,49.12807790246212,0.0]],[[21.315604295025853,49.12857592758063,0.0],[21.315734020996562,49.12851169455681,0.0],[21.31584891170741,49.12861246436457,0.0],[21.315716951657954,49.12867725941378,0.0],[21.31564029867085,49.12860831158576,0.0],[21.315604295025853,49.12857592758063,0.0]],[[21.316475599086626,49.129689392458495,0.0],[21.316290977354893,49.129457891133285,0.0],[21.31632089973599,49.12943799897491,0.0],[21.31637927012713,49.12948008409172,0.0],[21.316455361790663,49.129529635050424,0.0],[21.316477663808183,49.1295441691755,0.0],[21.316793979151118,49.12965586670206,0.0],[21.316767821146605,49.12972196014479,0.0],[21.316750963340812,49.12972568311441,0.0],[21.316660695543597,49.1297454680743,0.0],[21.316565835169463,49.12973675894028,0.0],[21.316475599086626,49.129689392458495,0.0]],[[21.316194086067686,49.128946831763066,0.0],[21.316350616912302,49.12889744882228,0.0],[21.316381819175906,49.12902594125031,0.0],[21.316250220673275,49.129035597246705,0.0],[21.316223540539752,49.12903755519697,0.0],[21.316194086067686,49.128946831763066,0.0]]],[[[21.314496509441714,49.1302228666553,0.0],[21.313182832568238,49.13144150374282,0.0],[21.313191595829846,49.1314474317109,0.0],[21.31320804413377,49.13143407244479,0.0],[21.313589651485554,49.13164156714218,0.0],[21.314762492684125,49.13059904971813,0.0],[21.31500263020939,49.130387283553596,0.0],[21.31504142658183,49.130353071228875,0.0],[21.314869407742545,49.13011600544629,0.0],[21.314632454796662,49.130120297408844,0.0],[21.314621473476183,49.13013955739363,0.0],[21.314607632152406,49.13016383505246,0.0],[21.314579034384497,49.130160706598495,0.0],[21.31463620236621,49.13026128341017,0.0],[21.314496509441714,49.1302228666553,0.0]]],[[[21.31509112816504,49.13084641594396,0.0],[21.31501833471928,49.130912031842314,0.0],[21.31508662765513,49.13092837514795,0.0],[21.315127086855924,49.13093803592421,0.0],[21.315197934943384,49.13095495393983,0.0],[21.31530627496553,49.130980812208186,0.0],[21.315404759417333,49.131004393988164,0.0],[21.31514303411822,49.13124162030507,0.0],[21.314939206500362,49.1311924492576,0.0],[21.314926777591165,49.13118944537868,0.0],[21.31475640202106,49.13114826182523,0.0],[21.313976214724068,49.131851754588276,0.0],[21.314238109220458,49.13199415179343,0.0],[21.314275681211804,49.132006620710996,0.0],[21.314767654073147,49.13216988784658,0.0],[21.315800422836823,49.1311839266227,0.0],[21.315641503514684,49.131024220819086,0.0],[21.315667701956833,49.13101051767352,0.0],[21.315686523892662,49.13099929544268,0.0],[21.315703774084174,49.13098901062277,0.0],[21.315617621514246,49.130857886779914,0.0],[21.315608440253285,49.130843912545195,0.0],[21.315548913379285,49.13074580187246,0.0],[21.315361262903274,49.13061052422986,0.0],[21.315317576594857,49.130648674210214,0.0],[21.31509112816504,49.13084641594396,0.0]]]]}}]}