{"type":"FeatureCollection","name":"tmpxgrfrj7e","features":[{"type":"Feature","properties":{"LC":"Lesy Sabinov","KLC":"PO-SL331","KPL":"SL331","RZP":2024,"RUP":2033,"PSL":1},"geometry":{"type":"Polygon","coordinates":[[[21.146304310210347,49.19865400082958],[21.14544655610082,49.19938151553875],[21.144570580825626,49.200051915458346],[21.144002458846433,49.200380035964244],[21.14361872187953,49.200586230979916],[21.141784293993123,49.201432871666235],[21.141448283738733,49.20162499302806],[21.14108860052343,49.20165702563906],[21.141096931489674,49.20175856432284],[21.14123518385644,49.20214273616641],[21.141175003028053,49.202413694585715],[21.14112059459527,49.20300963716856],[21.140974158381486,49.20346331830683],[21.14057883784678,49.20431955241965],[21.140514439703782,49.204459124203346],[21.14034612797561,49.20473566926311],[21.140172082040504,49.20493326314372],[21.139958813232155,49.20509252849417],[21.139799750175815,49.20528438358828],[21.139704571635416,49.20553974209273],[21.139672070292757,49.20593850612252],[21.13970211861357,49.20647869109332],[21.139625556937197,49.20683204208847],[21.139660315101782,49.207274611079875],[21.1396423992673,49.20760397805286],[21.139467112539858,49.207831329364424],[21.13903152333812,49.208156683537105],[21.138025324872267,49.208520989583434],[21.13776781736989,49.20853805790671],[21.137209055736548,49.20866434370137],[21.13684346022654,49.2087068907298],[21.13657959735648,49.20885500874856],[21.136282081758957,49.20884812330147],[21.1359781901644,49.20878603156526],[21.135626059794692,49.20882855049046],[21.13528989965104,49.20899931582599],[21.134704253343823,49.20935789894202],[21.134260610900267,49.20955325891811],[21.1340393308497,49.20972747487293],[21.133655046154985,49.20995072710923],[21.133147931453728,49.21026326527214],[21.132726059420154,49.21050233963939],[21.13261340262532,49.210684761795754],[21.13231660689865,49.210940036160615],[21.132002644584745,49.21114669424277],[21.131574621012888,49.211295727173884],[21.131246076571752,49.211556565707845],[21.130882060750352,49.21175056357065],[21.13080358906686,49.21180659398702],[21.130561071272158,49.21197968138177],[21.13026421897334,49.21208461078723],[21.129088700868824,49.21240261174156],[21.12888864295935,49.21247504472045],[21.128168785586485,49.212474474776286],[21.12771246041868,49.21253005373714],[21.126961969975582,49.21259818363321],[21.12589946718145,49.21255955238329],[21.125326100113302,49.213442326210604],[21.125303424555735,49.21354837479554],[21.125381587323105,49.21370497292163],[21.125475311046046,49.21398575625701],[21.12591014485934,49.21496360048331],[21.125460640109264,49.2154566302141],[21.125011337174364,49.21583893629745],[21.124544965278847,49.21659717649617],[21.124526031300036,49.2166785871745],[21.124409072155032,49.21679217828175],[21.12409663686292,49.21700696743136],[21.12357509823341,49.21754442812857],[21.12332140733971,49.217745234669465],[21.12296131033874,49.21803016761331],[21.122713845213863,49.218276812245534],[21.122228301424173,49.21860961643366],[21.122037412216336,49.218819615033276],[21.12177417512679,49.219244093459324],[21.121503243419262,49.21953842361693],[21.121213042000342,49.22009879050597],[21.120932554447556,49.22027695628041],[21.120865889199745,49.22033839668362],[21.120715016680567,49.22056091645578],[21.12068755419983,49.220601455429524],[21.12011501423474,49.220853890142116],[21.119250952411495,49.22132563465386],[21.118310457108432,49.22168043584078],[21.117955909699482,49.2216445976958],[21.117504401500526,49.221611529653245],[21.116380348752738,49.22144942099108],[21.115672088812378,49.22124596377376],[21.115095100759174,49.22092730402789],[21.114718897680692,49.220484580806904],[21.11444016312547,49.22012687680155],[21.114195894775325,49.219893870445986],[21.113875910207643,49.21975163013799],[21.113664641809553,49.21971871437788],[21.113532721706797,49.219586865154014],[21.113227362436096,49.21956626004148],[21.112998415042764,49.219473365030126],[21.112626604380612,49.219364761832715],[21.112067465829007,49.21930448162036],[21.111915103375217,49.21919817688355],[21.111515229651694,49.219141881158414],[21.11143889890054,49.21914449345489],[21.111137455829432,49.21918045236093],[21.11080072915729,49.21919368175447],[21.110320165373018,49.21906909616367],[21.110066117897013,49.21892561288408],[21.1096590314265,49.21879247063305],[21.109098910644402,49.21874924916586],[21.108423656717754,49.21876483485625],[21.107884593563796,49.21857310825794],[21.10745335136341,49.21845260215735],[21.107255945304043,49.21848853444065],[21.106738184224252,49.21850417645905],[21.106466949467123,49.218579346133275],[21.10641709645618,49.21864365521492],[21.106192267574755,49.21872867531071],[21.105928394744684,49.21877130959436],[21.10529705226086,49.21896535441606],[21.104778372338952,49.219037673933954],[21.104338318513797,49.219246634314594],[21.10289006487178,49.21926499705632],[21.102721942996972,49.219248921595806],[21.102414476299526,49.21914395794985],[21.10203666205895,49.21906834770401],[21.10179242811882,49.2189114750231],[21.101542552342845,49.21883049242852],[21.101268548949765,49.2187043572779],[21.100937667835055,49.21860755476986],[21.100744415917703,49.218526576917036],[21.100686712333193,49.21838591745961],[21.100346317438827,49.21833022081557],[21.100125850567235,49.21824747295004],[21.100093891484168,49.21811177602404],[21.09976550286703,49.217850394523154],[21.09959984614476,49.21775877238495],[21.099411858795772,49.217610801811986],[21.099238398021367,49.21756313204833],[21.09903521625974,49.21745131569953],[21.098932497908443,49.21728590136739],[21.098755828953994,49.2173127588568],[21.098486722422482,49.21739617043894],[21.098151527901805,49.21746459719473],[21.097936236193814,49.21751920790295],[21.09748927487601,49.21758442304821],[21.097105913501437,49.217589101134465],[21.096749701840825,49.21761120996347],[21.096194527480364,49.21760517408976],[21.09564171227971,49.217465974165066],[21.095593768900837,49.21755797775067],[21.095386049790555,49.217509027193096],[21.095224386291925,49.217343615723564],[21.09501199395718,49.21727993104741],[21.095073212476315,49.217234804854684],[21.094679081955046,49.21715531744929],[21.09449247061828,49.21705734620713],[21.094466047646062,49.216941629622696],[21.093954657183836,49.21683867531934],[21.093806629512763,49.21668954201423],[21.09340678868205,49.21628658756946],[21.093173465629725,49.21608341128736],[21.09310661369278,49.215839015747115],[21.09290353709557,49.21571314741877],[21.09204103830919,49.21571535621176],[21.091649608978912,49.215715976779066],[21.089125160788008,49.21604713564206],[21.089129063910285,49.216064815541976],[21.08852686533168,49.21610720115208],[21.088224188995092,49.216065729660286],[21.088102033163135,49.21601212365796],[21.087809842193284,49.21580254933524],[21.08745818165203,49.215623838584754],[21.087096144548465,49.21548107453409],[21.086804184432868,49.21532741062656],[21.08630692528679,49.21504662391483],[21.085980862690615,49.21491356121956],[21.08582189940101,49.21484869030243],[21.085436513115294,49.214751895758575],[21.0851382849952,49.21460315790771],[21.084984459984735,49.214552314409],[21.084917729590927,49.214533160643356],[21.084804905838386,49.214498215272705],[21.084723915844332,49.21447311274208],[21.084673010848142,49.214457346935234],[21.084246752723956,49.21428964825122],[21.083833085361434,49.214153950626184],[21.08356732557389,49.213876072288116],[21.08312230999692,49.213713079222345],[21.082729691366964,49.213779440100105],[21.08240544694904,49.21370134082201],[21.082192926207366,49.21358829342719],[21.081540604715077,49.213612109590244],[21.08094125128267,49.213423720264345],[21.080698315316482,49.213371991942836],[21.080652596874284,49.213362242421816],[21.08024758650994,49.213175314439596],[21.07982501402411,49.21312403053633],[21.079551946380548,49.21297545487294],[21.0792896970565,49.21288619285242],[21.07907975563789,49.21267266312693],[21.07895343021569,49.212632777031516],[21.07873392228574,49.212609614644755],[21.078316803657376,49.212612245751416],[21.077960905194125,49.21252762556515],[21.077646557513425,49.21241111911461],[21.07731622784111,49.21245677568529],[21.076835078521025,49.2124116114691],[21.076461912131734,49.212425550712105],[21.07576247762759,49.21256485470282],[21.075510183128348,49.21257583291857],[21.07522357755615,49.21263945359481],[21.075065832146226,49.2127255804947],[21.074329534468145,49.2127533191342],[21.074189658160908,49.212787984102434],[21.074141529303034,49.21288015431776],[21.074133625749344,49.212908618640405],[21.074063376557508,49.21311081010342],[21.073988043806764,49.21326161312174],[21.07401112433186,49.21326352545759],[21.073359924755216,49.21378958903195],[21.072927329060313,49.214178366824505],[21.072437296422425,49.21449912660623],[21.07163231573477,49.21479561975529],[21.071128629641787,49.21497567407547],[21.07053834267156,49.215115668900594],[21.0701863863815,49.21531194472528],[21.069604672715755,49.21572967260178],[21.069216722195517,49.21586338919895],[21.0691370748185,49.215901067392686],[21.06904046625978,49.21594684212377],[21.06841223550206,49.21624432218181],[21.068051102095495,49.21643813594598],[21.06750782431804,49.21668937219776],[21.06733971096654,49.21673932495012],[21.067090944317293,49.216820169966084],[21.06684847078609,49.216842789880836],[21.06652133105094,49.21685088876378],[21.0660769596999,49.2169322731743],[21.06572968610189,49.216977892595764],[21.064742703615934,49.217207979124986],[21.064028305020173,49.21753597],[21.063384879893047,49.217848419392084],[21.063142349639673,49.218281462192415],[21.06307341582549,49.21868679118429],[21.062633051056412,49.21912425830763],[21.062225887484608,49.2195587433147],[21.061514605493638,49.21994515806924],[21.06093675179158,49.220187328334326],[21.06038594554262,49.22049194684483],[21.06027692293963,49.22052894183485],[21.059774206750518,49.22068377385476],[21.059397988854776,49.22087806632067],[21.058622596316173,49.2211953258162],[21.058223121364424,49.221424604838454],[21.05816494685547,49.22147989420977],[21.058090194601853,49.22153996003731],[21.057035194535022,49.22212240616875],[21.056778993989994,49.222215594276044],[21.05648247795296,49.22227831121989],[21.05641859591082,49.222332695275725],[21.05609465091318,49.22230512863319],[21.05590213559464,49.222282616200026],[21.0556929434299,49.22224245965164],[21.05532195858866,49.22214963228116],[21.0552047637673,49.22212712092814],[21.054474319088005,49.22143624138553],[21.054213826066224,49.22118673167201],[21.05371666282931,49.220844137203116],[21.05382544788112,49.220580451811955],[21.053662481219362,49.22034273479295],[21.053454000398443,49.2201819602684],[21.053256656192413,49.220037570131915],[21.053213187267836,49.219926781940465],[21.05305707529612,49.2198006492337],[21.053037940525652,49.21966057836629],[21.052916014868387,49.219354325338685],[21.052348582865832,49.21922236726323],[21.05201916798376,49.21915824061306],[21.051435172503826,49.21906922566464],[21.051181810872325,49.219000803877584],[21.051061541988542,49.218814968754096],[21.050958761415828,49.21858675594522],[21.050865399453798,49.21822812763772],[21.050601507464144,49.21783454436737],[21.050481845109868,49.217792051918615],[21.050259631289094,49.217737149197276],[21.049992714904253,49.21776659618464],[21.049783035664223,49.2178553319833],[21.049641561751535,49.21780502080552],[21.049566937394644,49.217690161876504],[21.049438177488597,49.21761523409701],[21.0492567197258,49.217541121781686],[21.049177955425332,49.217402811424186],[21.048921049624873,49.21725396491873],[21.04887899155983,49.21711369115626],[21.048869014848673,49.217080148078736],[21.04864969732751,49.21695592447099],[21.048313237856412,49.21683421099672],[21.047860920349624,49.21674718809328],[21.047667055021964,49.21670463133054],[21.04729544872547,49.216644436366735],[21.04708200508671,49.216653730977804],[21.0468426356638,49.21665327300517],[21.046637705905834,49.216655370165206],[21.046454943757837,49.216696986809396],[21.046259176360987,49.21668875671838],[21.046096404715545,49.216685826182776],[21.04574010659701,49.21671416925241],[21.045471891725363,49.21679361929874],[21.04524707680697,49.21690256329904],[21.044962836530377,49.21693575893761],[21.044501328942722,49.21709429154355],[21.044249550128487,49.21714348183988],[21.04400452722114,49.217181456964134],[21.043911914839466,49.21719943255989],[21.043635242851437,49.21724520412811],[21.04351451085474,49.217218784641005],[21.043326713408792,49.21739797624455],[21.04295172492292,49.2174808024666],[21.042688461254556,49.21747821124423],[21.04228543236452,49.21760108926111],[21.042149139330512,49.21764420577949],[21.04208933513062,49.217771817434325],[21.0416761891152,49.2179448712485],[21.04082581501455,49.218045767362725],[21.040626931348644,49.21816598714607],[21.040289406735546,49.21826577505788],[21.039737494915347,49.21853263235571],[21.039400270241522,49.218673840537605],[21.03924743016032,49.21871578683137],[21.039211861829575,49.21866088604987],[21.038967421609385,49.21871462481485],[21.038980950099468,49.21877745331433],[21.038884147805863,49.21879988057423],[21.038833327152513,49.218724948666775],[21.038600694697866,49.21877519858608],[21.038389631319728,49.2189091540362],[21.03803972099269,49.21894542399706],[21.037370989883104,49.21903391464701],[21.03735400371641,49.21896413151768],[21.037205803103546,49.21893744416282],[21.037036601884026,49.218732358936165],[21.036534655323365,49.218765399516364],[21.036389495219726,49.21869127480731],[21.035699983623697,49.21880554956761],[21.03570327429316,49.21876388322982],[21.03529552380468,49.218814381854884],[21.03512690574985,49.21877964639004],[21.035033773049257,49.2188298284414],[21.035006123038706,49.218844685390216],[21.03499431572924,49.218893547480214],[21.034779643382542,49.21895157554631],[21.03453911859533,49.21845967959659],[21.03442190853105,49.218252407719376],[21.0338907868663,49.21775413077276],[21.033569951947623,49.21762063759435],[21.03324558205718,49.217544736955844],[21.032093782309605,49.21748074533422],[21.03205737583634,49.21747875168944],[21.031914184760005,49.2173896502394],[21.03189834330396,49.21731756245805],[21.032156272560453,49.21700049274522],[21.03222022234296,49.216911012177256],[21.032171489065593,49.216679854892355],[21.03185160667015,49.2162509131245],[21.03144471378735,49.215994607555906],[21.03115551502069,49.21584647056663],[21.030807579195915,49.21566824383039],[21.030099822384237,49.21515862135912],[21.030019264167198,49.215097302451404],[21.029780319831026,49.21491541478952],[21.029559829613863,49.21474754116456],[21.02897694561488,49.214470916479335],[21.028783628702044,49.21440691844374],[21.028544593483055,49.214327838144555],[21.0285176516473,49.214318858913394],[21.028535164256226,49.21427819543021],[21.028534930365204,49.2142359642008],[21.0285154829112,49.21419157731435],[21.0285097209885,49.21411531529252],[21.028482787765803,49.21402828114328],[21.028511670721013,49.213959088304655],[21.028559264532966,49.21388780339375],[21.028605166943336,49.213833388894066],[21.02864899083775,49.213802764448324],[21.02867632570546,49.213763050732965],[21.02870534495144,49.213706556383585],[21.028707385076782,49.21366151820815],[21.02873416577768,49.21358379419133],[21.02875848493967,49.213531288243644],[21.0288047186949,49.21342898900127],[21.02888865254878,49.21329163461532],[21.028963659660832,49.213203145612475],[21.029026071783175,49.21313396316447],[21.029111307141235,49.213050128237626],[21.02927661970072,49.212916051303814],[21.029353269719312,49.21287839190545],[21.029449104534127,49.21284144658301],[21.029542454128723,49.21281009217145],[21.029689449967055,49.212778051952],[21.029834150188233,49.212747287318514],[21.029917425109005,49.212730999878254],[21.0300073538784,49.21271213790355],[21.030118973839738,49.21268993006311],[21.03020270551592,49.21266942591866],[21.030241683814605,49.21264287469195],[21.030264345277345,49.21260859045071],[21.030278131313448,49.21257536797974],[21.030270581002927,49.212542621948735],[21.030247768788094,49.21248822272553],[21.03017431289028,49.212333234460175],[21.03011218556468,49.21223911408943],[21.03002651951321,49.21207661625512],[21.030006199474165,49.21204192434784],[21.030004628491653,49.21201369416298],[21.03001491355844,49.211995842834256],[21.030137941796227,49.21194456660081],[21.030144275729082,49.21194621307796],[21.030256962394844,49.21193529348078],[21.030393343656943,49.211925414487666],[21.03050403025271,49.21189192235592],[21.0306172578125,49.21183033368218],[21.030756319951617,49.211723400177824],[21.030837381505545,49.2116619356388],[21.030886495318708,49.211597721590785],[21.030894962571033,49.21155307247045],[21.030893018167404,49.211482606566214],[21.030850444346612,49.211387952050934],[21.03079897442597,49.21131821633211],[21.030761901961576,49.21125615111678],[21.03074063638262,49.21118496683102],[21.030736744895442,49.2111129971211],[21.030769450794775,49.21106220402109],[21.030780122393516,49.21105012706138],[21.030817541488013,49.21100785992315],[21.03106314431104,49.210865858365715],[21.03115454141787,49.21080761066546],[21.031236377607357,49.210737708356476],[21.031316694859505,49.21066064431505],[21.031427060505713,49.210562410123096],[21.031595082534317,49.210421396099704],[21.031641224405114,49.21036554787218],[21.031667834242004,49.21031176544973],[21.03166239713607,49.210187618746424],[21.03165259922167,49.2101083447508],[21.031642029366076,49.209924972121875],[21.03164805207631,49.209861787520985],[21.031640814205062,49.20982491038323],[21.03165819851564,49.209758674086345],[21.03169537166784,49.20970874624019],[21.031717549896133,49.20968443926375],[21.03172983083791,49.209671064118076],[21.03176551849142,49.209624419027485],[21.031809516947423,49.20957327259563],[21.031841008937953,49.20953666435113],[21.03186609054473,49.20953207806912],[21.031391195420394,49.209274459135976],[21.031389214141363,49.20927340439247],[21.030785040049267,49.20855846255891],[21.030781261280517,49.20855392823919],[21.030318316223426,49.207986452524445],[21.029781701907194,49.20717457941442],[21.029781996460397,49.20717431890904],[21.030138745875114,49.206807441218764],[21.030211722051508,49.2067111430107],[21.030315220979396,49.206574694244935],[21.03032280239676,49.206565307723494],[21.03032964691272,49.20653663098136],[21.030338425975987,49.2065368265115],[21.03036789658115,49.2063255862552],[21.030247698316657,49.20605861108115],[21.03019575646099,49.20597886613653],[21.030159342921017,49.20592267377236],[21.030125371345715,49.205870522115795],[21.030206617716583,49.205646921502705],[21.030505203239795,49.20541463522942],[21.030756215401713,49.20517548924424],[21.03080372749608,49.204666208643154],[21.03080780090472,49.20462150656284],[21.030818776070504,49.204503835176126],[21.03082022037268,49.204488397119725],[21.03083969737606,49.20439089871137],[21.030872171824207,49.20422702132092],[21.031086723615925,49.203553107978315],[21.031195585337965,49.203525318242946],[21.031245466522424,49.20351253578576],[21.031099988298173,49.20345054589562],[21.031088404374962,49.203445667688875],[21.031088661876534,49.20344045436559],[21.031220524672595,49.20345545634352],[21.03103974707922,49.203342532170716],[21.0309685783953,49.20316475041152],[21.03110591314115,49.20296602092883],[21.031294018731572,49.20285338993967],[21.031492829881167,49.202720940258246],[21.031653015026095,49.20257057879001],[21.031712340236865,49.20248932090917],[21.03179497715703,49.202310689139544],[21.03188499564782,49.202063605008284],[21.03211043375151,49.20186431821248],[21.03220231868314,49.20175584960884],[21.032276416141638,49.20154479943802],[21.03238378487438,49.20136246997391],[21.032348494194437,49.20119710915127],[21.032359509391036,49.20100264392754],[21.03235474747725,49.200862313496565],[21.032353306229286,49.200752520926905],[21.03235650686279,49.20058868163959],[21.032398763674692,49.20046788581065],[21.032463585491893,49.200382935060546],[21.03258744822772,49.20019501971412],[21.032594975699052,49.20014277736649],[21.032720001382252,49.1998487551589],[21.03280987069217,49.19959626376659],[21.032896266235436,49.19928802126085],[21.03298669897689,49.19906435743926],[21.03311591166953,49.19887103371829],[21.03315310819014,49.19878437431062],[21.033175821647145,49.19863314319678],[21.03308194849818,49.198405018166405],[21.03305158550169,49.19820722694154],[21.033037420020094,49.197973320320195],[21.03303800943566,49.197823980779056],[21.033056261985635,49.197557457049285],[21.03312311749919,49.19722598166683],[21.033281696511057,49.19697131216442],[21.033393976394162,49.196740255597426],[21.03345735582174,49.196558115801714],[21.033472698262923,49.19648064910013],[21.03349079331664,49.19619620428581],[21.033525963562976,49.1959584095635],[21.0335592496087,49.19578906594457],[21.033615383233403,49.195671781772695],[21.0336828141106,49.1955867352158],[21.033867125322747,49.19539673232166],[21.033940185101613,49.195318980921726],[21.034018386085503,49.195178736130266],[21.034030170209384,49.19516642501043],[21.03408261303707,49.19507792011773],[21.034125740481684,49.19500540775026],[21.034196650652245,49.19484349888771],[21.034239453485576,49.19468994947534],[21.034302534960897,49.194522564401495],[21.034363545881163,49.19434259791414],[21.03444361979915,49.19416667207386],[21.03452165679396,49.19402128998358],[21.034614863302,49.19381157967455],[21.03467837613639,49.19368022020153],[21.03473836546762,49.19360087321769],[21.034919337111113,49.19343488824383],[21.035053045908523,49.1933216549061],[21.035111780395972,49.1932207499501],[21.035115687798292,49.19311644281838],[21.035078678115138,49.192924737936636],[21.035045522690872,49.19276016709445],[21.03491725258625,49.192619964244585],[21.034791214217407,49.192530160209564],[21.034591154918843,49.192440111035154],[21.034443485030998,49.192389306541585],[21.034259223161445,49.19235009667878],[21.034107320436544,49.1923225618243],[21.03398637559152,49.19232340204788],[21.03392538325588,49.192330692469326],[21.033665638629216,49.19235411930091],[21.033435109824964,49.19239263002203],[21.033246373524417,49.19241980490072],[21.03285818759904,49.19243239181706],[21.032497252689218,49.1924043599744],[21.032162355657196,49.19235718721954],[21.031782925861293,49.19229767149155],[21.0316770743758,49.19222616624859],[21.031657971768045,49.19221177038698],[21.03164999556364,49.19216109435239],[21.03170545304172,49.192070887846896],[21.03180258176007,49.191972763618374],[21.031843199763898,49.191811851281],[21.031906554567172,49.19169534280299],[21.03196855076546,49.19144437583974],[21.03197531544168,49.191413085472945],[21.032016398505338,49.191240574373275],[21.031895808950406,49.19079226586195],[21.03177365767689,49.1905931985161],[21.031648434042552,49.190374854730486],[21.0316024560351,49.190312679159746],[21.03158107922176,49.19026120706049],[21.031496228119803,49.19012466283488],[21.031239643624218,49.18986342264202],[21.030506405745225,49.189504566449145],[21.030339522074584,49.18942288108208],[21.02786551678214,49.18922972546434],[21.027541148349282,49.18907115411248],[21.027184648203626,49.18890523326541],[21.02619047896442,49.1884974268834],[21.025829319550976,49.18832603801583],[21.02577721554391,49.188301292816504],[21.02554393964603,49.188234902997635],[21.025009715283385,49.18820480193066],[21.02446837541976,49.188275750503806],[21.024305083993777,49.188297167661375],[21.02396814421114,49.188228476365005],[21.02392364511326,49.1882193733558],[21.023679636914405,49.18816955558636],[21.0233340872007,49.18806592007467],[21.02330131645082,49.18805611880041],[21.02310815849199,49.18799688378655],[21.022759960355803,49.18791188645486],[21.022698599999256,49.187896921405205],[21.02249032620921,49.18786132059287],[21.022368766593456,49.187803428584104],[21.022208590920282,49.18756664723082],[21.021977905402466,49.187151376605264],[21.021977934459628,49.186734806792835],[21.02185434863434,49.186414139196906],[21.02188660775566,49.18626781144615],[21.021911994496673,49.18609983230275],[21.021949292468392,49.18598301879426],[21.021889099506993,49.1856559556629],[21.021755885368957,49.18550198025193],[21.02166487805063,49.1854071808694],[21.021499458368027,49.18524324165125],[21.02125028163177,49.18509889759247],[21.020896472213646,49.185100770323025],[21.02041683941886,49.18507026718163],[21.020157668498793,49.18479351966308],[21.020038821078778,49.18462227473197],[21.01977707098545,49.184280079758224],[21.019810738650605,49.18392537729313],[21.020066820722693,49.183325756777236],[21.020127416202666,49.18304143655579],[21.02011477472471,49.182726816979255],[21.020109407291493,49.182593126322566],[21.020053576107117,49.182539806892414],[21.019883358708128,49.182384981303024],[21.019493633048132,49.182004666955145],[21.019327398962634,49.181849880376504],[21.01919481856687,49.18173661579862],[21.019146165549316,49.18171900227414],[21.01908917389008,49.18169364399219],[21.019032403981896,49.18167621562784],[21.018542700471993,49.18150753768654],[21.01839133176392,49.181455419881495],[21.018134285424694,49.18133547954919],[21.01808680312774,49.18131331220431],[21.01773904162968,49.18115097554056],[21.017192924780126,49.18090248271832],[21.017070752433685,49.1808493358847],[21.01680109663663,49.18070926378404],[21.016588941817425,49.18060771178889],[21.016377000882123,49.18050877726029],[21.01634335043713,49.18051605094385],[21.016325329814002,49.180492954543915],[21.016295631348147,49.18039403069813],[21.016160604502982,49.17994270588878],[21.015967302529106,49.17967269015298],[21.015883066230057,49.179507162048225],[21.015842900666353,49.17931651450812],[21.01580520800907,49.179152957044046],[21.015767404414852,49.17903783264609],[21.01571312169805,49.1789245106307],[21.015664330231516,49.17880218481727],[21.015613834132953,49.17868241417619],[21.01587353922205,49.178776158635344],[21.016149129858416,49.17889941143503],[21.01627444283505,49.17890935712661],[21.016136106381552,49.17862268063518],[21.0161044113907,49.17850487489896],[21.016099541697418,49.17826541319298],[21.01607382283434,49.17807982917958],[21.016035953933645,49.177976406723296],[21.016064661423755,49.17790405926979],[21.016026838251463,49.177630209398636],[21.01603551880018,49.177586467777374],[21.016018303910823,49.177522073303194],[21.016019341745768,49.17740182563236],[21.016038689742388,49.17731710823055],[21.01612076850741,49.17706833279977],[21.01618941886988,49.176992608607286],[21.016220357354253,49.17691619256705],[21.016189334969226,49.17687988689307],[21.01625726004079,49.176676384796934],[21.01639578606398,49.17600648693598],[21.016453874194028,49.17554391382338],[21.016567184347537,49.17539186146221],[21.016574182452516,49.17530881124463],[21.01658480606997,49.17518347477996],[21.016573810240235,49.17506796571374],[21.016722014175905,49.175069295800476],[21.0168012653674,49.174926304195665],[21.01686205525777,49.17487265064131],[21.01688627508835,49.174805108123685],[21.016896990988567,49.174720108612135],[21.016937632628395,49.17449608814078],[21.016941976331,49.17445157456493],[21.016990024605867,49.17439030226676],[21.016977059767292,49.174315152909585],[21.01699301228138,49.174246169918405],[21.017030551928425,49.174151512910434],[21.01706064666622,49.17410603982996],[21.017067358164763,49.17403036276978],[21.017097470595797,49.173850923863476],[21.017148079707848,49.17379027534487],[21.017192376481855,49.17371330504755],[21.017258964793605,49.17360861297608],[21.017289336517177,49.17352695635717],[21.017319450621823,49.173430616233894],[21.017378500398195,49.17333477103071],[21.017424982506498,49.17328686207408],[21.017490040359874,49.173198685639974],[21.017591106480303,49.173104662768644],[21.017672562787666,49.172909074430606],[21.017708666869893,49.17283147627253],[21.017820298196543,49.17273392693607],[21.017885392955144,49.17265970634814],[21.018003945583715,49.17253249253753],[21.018053346810454,49.17247144410739],[21.01812164547058,49.172326113373444],[21.018227941739813,49.17228069758223],[21.018281252694198,49.172218786396066],[21.018336941409455,49.17216172448371],[21.018380078612783,49.17206562932543],[21.0184279158007,49.17193115428352],[21.018423587299324,49.171930292693915],[21.018435025232503,49.17184297582129],[21.018464848267946,49.17167811222007],[21.018543769281393,49.17131696326379],[21.018547627000377,49.17127882597591],[21.018503677058522,49.17126631704346],[21.018455017805408,49.17117118574554],[21.01851721732138,49.170999456567856],[21.01849918709206,49.170936746294224],[21.01842653727065,49.17074710909398],[21.018372363614997,49.17069024098088],[21.018367405202824,49.17055305155071],[21.018412405367144,49.17039444550407],[21.0184283404907,49.17032384119039],[21.018481520582522,49.17017684616286],[21.018527734777802,49.17004925045829],[21.018573546536768,49.16990525591209],[21.018645644617536,49.169816498542126],[21.018862868242465,49.169548816044475],[21.018875740761057,49.16952033632439],[21.018895244447307,49.16947685784049],[21.018912086083883,49.16943950459002],[21.018893670292563,49.169172140753474],[21.018817519348875,49.168929180844884],[21.01876612656691,49.168824867120605],[21.018692457273303,49.168742693903944],[21.018498543372484,49.168569713916575],[21.018254369591467,49.16838419842167],[21.017903360328305,49.168144685518406],[21.017687837495316,49.16796523620401],[21.017455181282664,49.167756506765144],[21.017285689289324,49.16758747325343],[21.0171553828911,49.167446638933775],[21.016976978798183,49.16720879983532],[21.01684077581872,49.16703356049838],[21.01671182624011,49.16683514976124],[21.016638653593276,49.1667429076743],[21.016568909086047,49.16663988372898],[21.016466953741972,49.16648737034286],[21.01639076643296,49.16635892692775],[21.01631922896783,49.16620362592961],[21.016220526713102,49.165887271158795],[21.016178151776053,49.165668010204485],[21.016125503422234,49.165439410339665],[21.016092847848828,49.16520065995569],[21.01603425003575,49.16470348147032],[21.01600776546617,49.164493742730556],[21.015946492658674,49.164270262665326],[21.01566870950971,49.16364761892593],[21.015625440730453,49.1630897192103],[21.015631851682535,49.16295839250032],[21.015644569214686,49.16285608203619],[21.015728334194932,49.16256315578179],[21.01584579064646,49.162260436752035],[21.0161215859615,49.16134455474179],[21.016183009102555,49.161018576645674],[21.016192703070267,49.16088015461247],[21.016207349094838,49.160828324833304],[21.016210214177075,49.16078700388552],[21.016214713586034,49.160684424761996],[21.016222613724388,49.16049372570335],[21.01628446075343,49.160198282106776],[21.01634069702035,49.15994596036662],[21.016360117625005,49.15982586249018],[21.016398842321806,49.15966489082896],[21.016441134683205,49.159532845892734],[21.016477533144347,49.15940610027218],[21.016528310078936,49.15922922667548],[21.016562116322973,49.15914020964558],[21.01659921333911,49.15904220693774],[21.01662987077495,49.15895668826273],[21.016658179632824,49.15889666184681],[21.016678331702362,49.15885365497522],[21.01672036034718,49.15876481655927],[21.016793874654145,49.15861749600126],[21.016853014321438,49.15853470860818],[21.016911092921394,49.15845323699401],[21.017025411808856,49.15825485115332],[21.017087988310315,49.158099700410276],[21.017130610697507,49.15793435429146],[21.017165810974003,49.157817922976555],[21.01717186213923,49.15778886037648],[21.017313110787565,49.157436499596045],[21.017413097278506,49.15719361962274],[21.01750648217693,49.15697258166778],[21.01758143210664,49.1567629155809],[21.01770054405264,49.15651759915916],[21.017938194164245,49.1559495199453],[21.018194416167475,49.15536998273464],[21.018364951839523,49.154969780326454],[21.018493259382883,49.15466471239248],[21.01850259994267,49.15460496630918],[21.018557819339655,49.154465240078665],[21.018714376355977,49.154109866598084],[21.018885580986645,49.15390685495546],[21.019692675681235,49.1532251137749],[21.020503346147077,49.15253394095937],[21.02132529793177,49.151903632631004],[21.02234187174021,49.15125500183694],[21.022676799514088,49.151051926181545],[21.022904275312126,49.1509173688991],[21.023576464135118,49.150503817225946],[21.024083718496936,49.15016924157133],[21.02461417529572,49.14985801857956],[21.02499451464667,49.149520920423406],[21.025089281991228,49.149440371666145],[21.025119438382436,49.14943001113602],[21.025394056525393,49.14896477037439],[21.025563457616077,49.148777716844414],[21.025805143778612,49.14839197962819],[21.025949377311143,49.14806608663813],[21.02593708942148,49.14780621506626],[21.0260566410939,49.1474292795759],[21.026011103181613,49.14728401441011],[21.025954800473553,49.146931235553765],[21.025787554289547,49.14670052316702],[21.025794405244454,49.14663727428075],[21.02576420354694,49.146526901074736],[21.025744653802903,49.14635745432686],[21.025778764019634,49.146070285352366],[21.02575182562091,49.14601646834635],[21.025689794264636,49.14598023357485],[21.025663830692583,49.1458248026127],[21.025813035950716,49.145655996957785],[21.025899468862143,49.145219821068636],[21.02598653989475,49.144896565592546],[21.02600602170809,49.14482418516658],[21.02603578651535,49.144559922447755],[21.026062693507193,49.14445474250223],[21.02609357092656,49.144365987742624],[21.026170926560706,49.14374161950706],[21.02611374118972,49.14341320996146],[21.02604862397823,49.14323660523392],[21.025927092764377,49.142949672642224],[21.025760067485546,49.14258580967018],[21.025604021150375,49.14217125636252],[21.025530594342204,49.14166063233064],[21.025342350463006,49.14176163079014],[21.02513735746794,49.14168886147238],[21.025434538511153,49.141515699525314],[21.025309364876,49.14091110480806],[21.025365014560215,49.14072178227041],[21.02545249133059,49.140552494455626],[21.025453472914162,49.14051237227226],[21.02545583279141,49.14041602514379],[21.02544716559251,49.14036379409532],[21.025425207184867,49.14017185028963],[21.025434952071247,49.1400758340426],[21.025391003698104,49.140070889412655],[21.02539144981207,49.14002696841869],[21.02539157878927,49.140008966254584],[21.0253946309823,49.139727806276255],[21.025414887849482,49.13955281479613],[21.025418978514363,49.139516935468066],[21.02542021932187,49.13950599204969],[21.025459424717365,49.13951195240728],[21.025595118420465,49.139195234352236],[21.02564013669536,49.13919148073483],[21.025647274616713,49.13911356586871],[21.025622074894677,49.138897387760395],[21.025508122774532,49.13860295826488],[21.025495869939164,49.138489388536634],[21.025527698551972,49.13837536587463],[21.02554031244704,49.138330221139356],[21.02550963534624,49.138323998739956],[21.025540487843088,49.138293493843406],[21.025557701547932,49.13826551516048],[21.025856678398416,49.13810096424745],[21.026007572449675,49.13801099162209],[21.026132604838697,49.13793998247023],[21.026225759649513,49.1377517925537],[21.026151270702353,49.13755408428776],[21.02643705522276,49.13663427444469],[21.026492904166457,49.136376983770226],[21.026489468524105,49.13631727061257],[21.026442154904423,49.13611585690934],[21.026190575561504,49.13566028410763],[21.02579921868506,49.13522599091199],[21.025789345503092,49.1352150451198],[21.02578680697956,49.13521595267686],[21.02577528052187,49.13519603979346],[21.025748714194755,49.13515006728543],[21.025613353621324,49.13520354289895],[21.024294637722424,49.135697744410464],[21.023974469507024,49.135814332832695],[21.023358926366353,49.1360389529851],[21.022687247236735,49.13628361552993],[21.02232277053676,49.136412618307624],[21.022184457062455,49.1364578908647],[21.02190416846316,49.136549666447664],[21.02126081619577,49.1367589630233],[21.020755452167116,49.136920003744734],[21.020286386873238,49.13706917327076],[21.01978450723319,49.13723122410606],[21.01977031296776,49.13723022024743],[21.019569860536436,49.137296868414914],[21.018178168789955,49.13771506388966],[21.017133041041966,49.13805769110798],[21.016458742616866,49.13821499247634],[21.015653066085477,49.13840733825349],[21.014390608929038,49.138709432912655],[21.01401784126938,49.13878267966542],[21.01351228758191,49.138898667852224],[21.01295327055954,49.139001290239094],[21.01287782302679,49.13904068652065],[21.012819935394305,49.139071113930406],[21.01154103589458,49.13935256346425],[21.0105382372892,49.139570563861966],[21.00946873223165,49.139772416045986],[21.00939823330219,49.13979000426527],[21.00935375481924,49.139801062013426],[21.00927290099051,49.1398212820841],[21.00916031911408,49.139852707317054],[21.007703020626263,49.140212993465006],[21.007589579663247,49.13998167299187],[21.007559433236015,49.139923424184694],[21.007517547362422,49.13984273260254],[21.007435731271027,49.13957094301807],[21.007405937868878,49.139472010815894],[21.00735391606931,49.13929915334714],[21.00727067233061,49.139127253361494],[21.007224194077434,49.139031195534564],[21.007187559206287,49.13895544759941],[21.007122782828397,49.13870861497836],[21.007096857360732,49.13860935922698],[21.00705813713212,49.138461876592565],[21.007032170897094,49.138363159670895],[21.00699911248369,49.1382368402501],[21.00689647984143,49.13782580680791],[21.006807665504894,49.13750003723087],[21.00677875552814,49.13737331344256],[21.006591386610587,49.13694707742945],[21.006337160393365,49.13620956550387],[21.00625699916091,49.1360567623469],[21.006238080560266,49.136006083709226],[21.0061698092531,49.13576741847195],[21.006129240242174,49.13575960607809],[21.00612774833532,49.13575937710117],[21.005936387063127,49.13572267214469],[21.005936790559705,49.13571737341572],[21.005936811076477,49.135717103988846],[21.005759638111005,49.135708504094964],[21.00567065137968,49.13570585653726],[21.005460274836356,49.13572605853065],[21.004792654447748,49.1357901472727],[21.004769160582807,49.135792347876375],[21.00470019082079,49.13577730122678],[21.004531565096343,49.13575376416264],[21.004154484209845,49.13567657219495],[21.003589488062584,49.13561473235507],[21.003459159901677,49.135645029552656],[21.0031897708867,49.13566176087036],[21.003149578756236,49.13566881529017],[21.002927697288033,49.135695927975604],[21.00276538872211,49.135717342184506],[21.002742935011156,49.13572029677945],[21.00266905194837,49.13573011696432],[21.002602060182134,49.135748536341495],[21.002481592602336,49.13578086667918],[21.00242803466575,49.13579585535885],[21.00236785893215,49.1358130577456],[21.002250717067152,49.135843156123315],[21.002190479646824,49.13585936603035],[21.002133677660225,49.1358755085856],[21.00192322901857,49.13594882162394],[21.001793124351927,49.13599415993745],[21.00117897839247,49.13621520103011],[21.001081839078758,49.13623848211372],[21.00103991470209,49.13624664940147],[21.000964510982538,49.13626200069832],[21.000850406346352,49.13628103328419],[21.0007730659452,49.136292989642854],[21.0006958898681,49.13630279054265],[21.000407038388605,49.13634615677209],[21.000296115769235,49.136363042465376],[21.000195943337385,49.13639729736713],[21.000043011517516,49.13645583948891],[20.9996489637311,49.13660649089205],[20.999564331165868,49.13665647126167],[20.999486597178198,49.136702356516814],[20.999310843079837,49.13680642548318],[20.999271613134855,49.136829626219466],[20.99926270220914,49.13683491564533],[20.99923455957768,49.1368512778175],[20.999065040970976,49.13693295280764],[20.999005060165835,49.13696195433699],[20.998759283932216,49.13708812177739],[20.998635604855785,49.13715167452069],[20.99858261801604,49.13717892484224],[20.99856433062304,49.1371884079008],[20.99808778216655,49.13729799001527],[20.998050684719225,49.13727345257808],[20.997947799821993,49.13729825304445],[20.997938638070114,49.137342788792544],[20.99788208504751,49.13737001168654],[20.997472747644228,49.137467304084296],[20.997410521930668,49.13748434663857],[20.99736848624184,49.13749394953962],[20.997341815270925,49.13750000577109],[20.9972826011639,49.13751354586998],[20.997228828641965,49.137520512222274],[20.997148864489922,49.1375308494802],[20.99701126275514,49.13753407071175],[20.996955582148953,49.137530080164225],[20.99691134446484,49.13752538522321],[20.996850757864145,49.13751376060907],[20.996691876946926,49.137479368362044],[20.996663790837538,49.137473403453356],[20.99644542562853,49.13742733230491],[20.9963450987801,49.137406028173096],[20.99618522614172,49.137372052784954],[20.996020274064545,49.137348894325626],[20.99597198656316,49.1373343422595],[20.99587831397508,49.13730137198472],[20.995745752398182,49.137242183921686],[20.995608356972564,49.13715465622266],[20.995506495055274,49.1371085415862],[20.99543115772759,49.1370744630414],[20.995360391630008,49.13704341580722],[20.995307821818226,49.13702025948808],[20.995148495565708,49.13696298181725],[20.99508561986175,49.136936425409004],[20.99498716012548,49.136890692242375],[20.994904101687997,49.13682835895107],[20.994774989923986,49.136779727045635],[20.994790892688734,49.136751169014225],[20.99480394922501,49.13663770552654],[20.994688930173513,49.13638479991797],[20.994650264625268,49.13629997710209],[20.994634914114965,49.1362620182582],[20.994540220287657,49.13605920934681],[20.99452128015842,49.13600357583548],[20.994452860014295,49.13576039525571],[20.994447682715517,49.13574194812516],[20.99423844511051,49.13549386646601],[20.99376602732634,49.13522254298782],[20.993604725296162,49.13512297200478],[20.993391490042114,49.13494885501014],[20.993130036018815,49.13474857206964],[20.992945977382547,49.13460746604039],[20.992377463397982,49.134414185606914],[20.99231494276497,49.1343812467854],[20.992122579333472,49.13427344876481],[20.991879336447592,49.13410608416388],[20.991828965296563,49.13406499162388],[20.99157246413508,49.1338305647437],[20.99136166944989,49.13351877160182],[20.991171913285868,49.13326385174491],[20.99088247121547,49.13288428408107],[20.990675500908416,49.1325817986846],[20.990468693383452,49.13242796469562],[20.99027435510741,49.13235332078352],[20.98969735280202,49.13205080494027],[20.98906476209534,49.1316858621506],[20.988656524162874,49.1313996125717],[20.988357902446165,49.130993354921685],[20.988174230191614,49.13045655159349],[20.988145698773394,49.13040087076324],[20.988092207151787,49.13018005477924],[20.988070597767166,49.129999814175825],[20.988128196442936,49.12962887889358],[20.988154545082168,49.12952476668944],[20.9882770393951,49.129377994180224],[20.988286489121858,49.129218584302954],[20.988166734421636,49.1287932778512],[20.98798154167566,49.128495284949004],[20.987786162271263,49.128022018893496],[20.987694201588265,49.12759753722236],[20.98761616560181,49.12711121022484],[20.98764188432802,49.126920283938595],[20.987890483442055,49.12620099521618],[20.987797304498205,49.12591800754723],[20.987763817547325,49.125679662951285],[20.987803351760494,49.125458760067666],[20.988150197084092,49.12495248851471],[20.988214502997494,49.12471259401733],[20.988237103635907,49.12459467295053],[20.988245834699796,49.1241612636948],[20.988335440391236,49.12383090748436],[20.988400736428762,49.123543957351906],[20.988395904077574,49.12339010896833],[20.988268862706658,49.12303154699993],[20.98825633155962,49.12288509786723],[20.98825545833093,49.12274047336727],[20.988223322941064,49.12267098823384],[20.988064344282524,49.12236773533455],[20.987917776969496,49.12206903267104],[20.987812350182477,49.12199110007181],[20.987555250909686,49.12189106276271],[20.98689808823828,49.12176667555652],[20.986420851193028,49.121659109798266],[20.986234310755556,49.121608663539845],[20.98603136782129,49.12152877504032],[20.985692821103584,49.12128496362963],[20.985436554475747,49.1211167923657],[20.985223403248707,49.120991098097285],[20.98443879299009,49.120451394022645],[20.984061648494905,49.120224581373776],[20.983742258571123,49.12006044622425],[20.983227409567885,49.11978335020155],[20.982947529175224,49.11964788683136],[20.982759978543296,49.11943524796949],[20.98210239948648,49.11899272401484],[20.98200314750282,49.11892570351738],[20.98200670952628,49.118352746873505],[20.982061713466734,49.11815756508456],[20.98219413128743,49.11786499899752],[20.98222280845747,49.117298993454774],[20.980318032946435,49.11485179811555],[20.98012767756577,49.11461349095892],[20.978850798838977,49.115267563542666],[20.977901593850437,49.11583539169413],[20.97764492535579,49.11452841744865],[20.976592289106605,49.113596153907274],[20.97776024953195,49.112818759644256],[20.977757405983752,49.11281470411291],[20.977206460949713,49.112296078974495],[20.9769907954267,49.11209303349251],[20.976685329176785,49.11180553695505],[20.976509957215903,49.1116404668201],[20.976324994420104,49.111466345854325],[20.97538472993904,49.11055425858253],[20.9752976750802,49.11046980748687],[20.975284009059244,49.11045666053503],[20.975280159005823,49.11045500261615],[20.97398521600447,49.10987250013253],[20.972971570129772,49.109659974379056],[20.972150958222873,49.10950019659382],[20.97172964619497,49.109505610593686],[20.971343581675566,49.109348504028524],[20.970045275825264,49.108935652118916],[20.96966624338397,49.108883484714354],[20.96941129408158,49.10805354998494],[20.9692283345393,49.1079662776361],[20.968517146276568,49.10791066761125],[20.96752055060408,49.10718454863652],[20.9666057305709,49.10690591101092],[20.96611274633384,49.10677360348277],[20.965915810756623,49.10671305331309],[20.965053999613133,49.106624426769855],[20.964696230337744,49.10664731771753],[20.964522704156288,49.10661050073683],[20.963416032573097,49.106291170722365],[20.963360321550308,49.10628626143381],[20.963039890432565,49.10625879473669],[20.96295022606045,49.106247806822],[20.962799629860097,49.106454757255115],[20.962775475194544,49.106451434847266],[20.96272867053712,49.106444839937446],[20.96257660350709,49.1064232278702],[20.962187819634842,49.106368010538596],[20.9603529625649,49.10610758963948],[20.960292734261813,49.10609901745999],[20.95958678130841,49.106018585217214],[20.959038568266884,49.10595554219424],[20.957674768176854,49.10604962054681],[20.956995301264982,49.10606684230638],[20.95605332453924,49.10619472525427],[20.955927553363594,49.106056209611744],[20.9547128795115,49.105742208681626],[20.953932387324663,49.105741107459146],[20.95369901931769,49.10576017804789],[20.952418590549218,49.105864890897664],[20.951742817452562,49.10588220489794],[20.95135417463444,49.10598344079449],[20.951321425056214,49.10599198504464],[20.951212306536192,49.10590083749184],[20.951129969007773,49.10585181822879],[20.94979597351568,49.10626291873129],[20.94868229707887,49.10613130087106],[20.94708981055087,49.105922497205306],[20.946848194473002,49.105895630263085],[20.946825528776404,49.10585886004133],[20.94666979865907,49.10560615785748],[20.94664383423359,49.10561384641442],[20.946797209439058,49.105856205871405],[20.946817447691462,49.10589244504092],[20.9462230138303,49.10582609058189],[20.94579863105266,49.105789890164374],[20.945446074318863,49.105684951973096],[20.945105919570175,49.10565020540922],[20.94263040528671,49.105597833941914],[20.94177370459505,49.105645791461946],[20.94034202698598,49.105547963146414],[20.93699988320459,49.10531942567251],[20.936561935119496,49.105334510284706],[20.93502833147299,49.105711406092496],[20.933637029497692,49.1055262462113],[20.932950241799706,49.10550508680517],[20.931888399617037,49.105421859535014],[20.931770532631315,49.10541917814314],[20.931667322576207,49.105430852808404],[20.931625950897157,49.10543559174865],[20.931259398855172,49.10546366897141],[20.93087965684392,49.10547968881768],[20.930457796993363,49.10548178296344],[20.93010862592181,49.10548909888172],[20.930104508514848,49.10548914119634],[20.930097592729197,49.105489900230324],[20.92957433694243,49.10554388243461],[20.929123405092152,49.10559010842315],[20.928777835620572,49.10562167135829],[20.92851542791018,49.10562954547326],[20.92817490840581,49.10567730261447],[20.928052404791977,49.105683106007156],[20.927880899684443,49.10569123054068],[20.927828601484308,49.105693621499235],[20.927508768220395,49.105697499953],[20.927208016796467,49.10572407602229],[20.92688644587615,49.105790921930804],[20.926512176678667,49.10587058849031],[20.926495859111423,49.105874093782774],[20.92625011439714,49.10594635860185],[20.92618541067998,49.10596544078114],[20.92587071550293,49.10609554163863],[20.92586116999028,49.10609837328276],[20.925696507982686,49.10614724147174],[20.925510746073385,49.10618702900283],[20.92520283017113,49.10625279718162],[20.925035237532686,49.106281127409304],[20.924849296059968,49.10631262430115],[20.9248166422803,49.10631810314463],[20.924594409879262,49.10632776478513],[20.924180362576976,49.106345675011625],[20.924115228058174,49.10635087561074],[20.923692653113328,49.10638497553788],[20.923651801956126,49.10638828851607],[20.923476066644888,49.10641373251812],[20.923466913207175,49.10641504644588],[20.92307889298844,49.10651621102489],[20.922932888798453,49.106554355874046],[20.922868364607478,49.10657110127509],[20.922534968649316,49.10659233944226],[20.921909115244038,49.106632133784956],[20.92166062048714,49.10664793242955],[20.921652897677006,49.10664848383346],[20.921260653495427,49.106673417640245],[20.921181545250953,49.10667841814753],[20.920955987396017,49.106670853927184],[20.92090537709203,49.10666915661949],[20.920792940158538,49.10666538576528],[20.92022733612785,49.10664641516339],[20.920074385916532,49.106590502425206],[20.919986639209615,49.106558476253035],[20.91995023361944,49.10654518973446],[20.91965073264954,49.10643573890666],[20.91957472290654,49.10640797785279],[20.91953617792109,49.10639398914632],[20.9192750867875,49.106298521463394],[20.919099595522145,49.106234467839755],[20.91905332708632,49.10621751863359],[20.918884095072542,49.10617348338054],[20.91880276744306,49.106152386356676],[20.91854242604996,49.10608431411665],[20.918322714382764,49.1060633449017],[20.91828173855243,49.106059448651216],[20.918171332177547,49.106048990389816],[20.91805276783533,49.10603762794766],[20.917832639234113,49.10601673384082],[20.917617284215762,49.10599617962008],[20.917413629719956,49.1059768281103],[20.917185473452296,49.10595512305488],[20.91700932341212,49.10593831484941],[20.916792197888658,49.10591760960287],[20.916664641515844,49.105905493638815],[20.91665157338138,49.10590424453089],[20.916619583461408,49.10590118961899],[20.91656063659192,49.105895608908924],[20.916085145517133,49.1058220179282],[20.916044495720694,49.105815700753354],[20.916039073416734,49.10581488839725],[20.915921452138228,49.10579671239806],[20.915596643734617,49.10574645733925],[20.915465477556978,49.105726115228926],[20.91520598294317,49.105685976063256],[20.915171699117284,49.10568068274621],[20.91483727171245,49.10562893192495],[20.91454498500035,49.1055837280083],[20.914248097252653,49.10553773848864],[20.914241861320832,49.10553680867304],[20.914108309977355,49.10550837131857],[20.913606765989872,49.105401390278296],[20.913541474242884,49.10538749122527],[20.912643034268445,49.10503450577311],[20.911283270593984,49.104414341592786],[20.911055241318948,49.10431024177942],[20.910460469797723,49.103992209179],[20.910441120258813,49.103981834141905],[20.91039662021949,49.10395809773057],[20.91039556804238,49.103957522105745],[20.91033501185545,49.10392514209725],[20.910170322293066,49.103837126707546],[20.909955223997457,49.10372202433356],[20.90920967387292,49.103930510949716],[20.90899579440234,49.10402299046914],[20.908798935904972,49.10419959959192],[20.908796982595657,49.10420178488267],[20.908744706484047,49.10421092101783],[20.90792487164638,49.10421665102043],[20.907450858219644,49.103975148307974],[20.90718425071183,49.10376457509146],[20.906991510990384,49.103559909037614],[20.90697871340632,49.10354642243137],[20.906973319442077,49.10354173885743],[20.906688844581723,49.1033387565973],[20.90668026979825,49.10333441613793],[20.90667048161623,49.10333156551928],[20.906291331988932,49.10325046135278],[20.90627882592171,49.103249049888866],[20.90618396793266,49.10324855764404],[20.905564375003554,49.10324534465671],[20.905165819329724,49.10324065796811],[20.90496910667514,49.1032572639829],[20.904706161703523,49.103187811344796],[20.904251939111848,49.10307067690778],[20.90421281867133,49.103060625280655],[20.90386073147965,49.10298249547009],[20.90345377887778,49.1028922515342],[20.90299348161867,49.10275815977115],[20.902968410529272,49.10275083210028],[20.90252615275769,49.10255089620146],[20.902473034082874,49.10252695618714],[20.902302705398185,49.10244990401137],[20.90226482379247,49.102439803405765],[20.90174741634311,49.10230135069016],[20.901691387361794,49.102279563222],[20.90170723444078,49.10224525158848],[20.902046239304013,49.10182403168414],[20.90276690794832,49.10190234231765],[20.90501748357449,49.101617994641465],[20.905793034924688,49.10116914680866],[20.90746130942295,49.10021910534274],[20.9092145442031,49.09905805432104],[20.909828783331342,49.09843492905458],[20.911710414742956,49.09756178970072],[20.91303431725836,49.09680493736349],[20.914837299253488,49.09579404726337],[20.9166691320718,49.0951600174576],[20.917596836989272,49.094782926236675],[20.920124786559004,49.093731738873636],[20.920340480046892,49.09361156940363],[20.92070437876898,49.09341038360232],[20.920778503848062,49.09337928547229],[20.9210339883584,49.09186789339356],[20.921910408741414,49.0880392620271],[20.92183189172092,49.08715549736941],[20.921635924231058,49.08667684422009],[20.921136572807168,49.0837552194076],[20.920737538604808,49.08282630224187],[20.92024618609966,49.082183944163326],[20.920095862772104,49.08173923268538],[20.920069188603197,49.081236272923206],[20.920179342809437,49.08056196656658],[20.920524610971967,49.07995758825678],[20.9212047681753,49.079090003560424],[20.921968857595637,49.07840837308559],[20.922082025929157,49.07844071232572],[20.922994085426097,49.07807521854208],[20.92357048431363,49.07791762010156],[20.924603954465642,49.077829187341756],[20.925930130109997,49.0775243751103],[20.926837644881065,49.077160321064845],[20.927845414678416,49.076579831275716],[20.92890036762161,49.07631650343464],[20.930924762484732,49.07614090427681],[20.931405314955622,49.07614582350869],[20.93240305575465,49.07601723029878],[20.93345660793036,49.07571311759751],[20.934564960541458,49.07531889799359],[20.9353414355316,49.07521727584555],[20.935713102576358,49.07515920095017],[20.936074811888254,49.075033262412546],[20.936315607222934,49.07500151418254],[20.936317299244717,49.07498851501794],[20.93710059962665,49.07491367121054],[20.93789187596694,49.074905717855486],[20.93836205576659,49.074920526677325],[20.939574033263337,49.07520015564877],[20.940009998407252,49.075269279153574],[20.940616956990944,49.075475477648965],[20.941656498043134,49.07550937213611],[20.942572835655383,49.07542263521787],[20.94375314050392,49.07529859809876],[20.94446296373521,49.075099701012014],[20.945008538995598,49.074816357772015],[20.945016969877617,49.07483140534367],[20.94507862921906,49.074838684037495],[20.945998419515494,49.07509373345708],[20.946217394133644,49.07513677999056],[20.946399554625703,49.07513123830213],[20.946588941833586,49.0750818182276],[20.94702531294497,49.074888465592394],[20.94788792897209,49.07471796148298],[20.9484771773569,49.07468519544438],[20.94920766626105,49.07453422928226],[20.949871226662687,49.07456317747793],[20.95096898469335,49.07460964310341],[20.95160814533269,49.07468485895785],[20.951892637052623,49.07475627731852],[20.951977411226594,49.0747730556183],[20.95291756016857,49.07488178427672],[20.95317614900653,49.074912360184115],[20.95341808086242,49.074908346650695],[20.954321338980908,49.074869883888134],[20.955460293859264,49.07477667752521],[20.956012006113273,49.07487345058099],[20.956200858369368,49.074901970565385],[20.95649165026442,49.07486680159908],[20.95679515405334,49.07480360252215],[20.957151342832915,49.07466670232612],[20.957925007011784,49.07453485538572],[20.958381503973747,49.07455822234336],[20.958869662178255,49.074581559235554],[20.959023658231246,49.07447538977657],[20.959038592739226,49.07456088202374],[20.962015709540353,49.07512590350151],[20.962278445518916,49.07483363083569],[20.962869001633152,49.07499927908987],[20.963275220812214,49.07501888663912],[20.96361594110095,49.07501696064167],[20.96442874852668,49.074609324001926],[20.964515979090873,49.07461023787718],[20.96455855530546,49.074610840385546],[20.96558130666351,49.074698887284654],[20.966256483001207,49.07425038737632],[20.966845453685213,49.07409605906457],[20.96791141604227,49.074012196513],[20.96806657409048,49.07286828132867],[20.96882733630237,49.07276979017915],[20.969340740886814,49.07265688341871],[20.970054997857886,49.072303657677914],[20.970134479647506,49.0716574814089],[20.970475387001596,49.07165815342144],[20.970664067022543,49.07179775064287],[20.970655787357412,49.07186455421688],[20.97084267978265,49.071938184459064],[20.97156697503874,49.07208246918627],[20.97157592340823,49.07209086896803],[20.97210713312147,49.072919160418174],[20.972553665335532,49.073749236389204],[20.97299868679245,49.074097200526815],[20.97362775460604,49.07388969384873],[20.973899617736432,49.07371150656548],[20.974177544014527,49.073529287655425],[20.97476635208743,49.07360180862044],[20.975755535165302,49.07372358970836],[20.9756588904457,49.07285333456836],[20.976227296698564,49.07276283641602],[20.976580882349715,49.072689359066985],[20.976718248138894,49.0726958840878],[20.977483498239263,49.07289442759234],[20.977831404770164,49.07296481782678],[20.978475390550066,49.07310595226248],[20.979223614423844,49.07333192235625],[20.979281139462103,49.073400361285636],[20.97928653604236,49.073406842266714],[20.979470693909477,49.07347703623534],[20.979518472505223,49.07348842962384],[20.980151187363905,49.07363908585961],[20.980292104798014,49.07367264494815],[20.980375682110356,49.073692604096415],[20.980571514005913,49.07373923224964],[20.98092774029204,49.07381384942468],[20.981024318389995,49.07383405760647],[20.981428045423343,49.0739040302051],[20.98160536281539,49.07393473860998],[20.981640800354395,49.07394086139333],[20.9817116685841,49.073953196737236],[20.981755628944736,49.07396077152679],[20.982277433470777,49.074051208626166],[20.982627470799677,49.0741118403944],[20.98297210275297,49.07417148223534],[20.98319945185648,49.07424507723147],[20.983524633325167,49.074422833315154],[20.983887186628372,49.07457967333642],[20.983942904865955,49.074603752027045],[20.984230367441945,49.07472821946847],[20.984638965379034,49.07476331712822],[20.984721614617477,49.07477036717372],[20.9850162398132,49.074867517845476],[20.985565381965284,49.07504869838038],[20.985938885085822,49.075178972094115],[20.98614600758264,49.07520174326839],[20.986609566046358,49.075360556629],[20.9870360188018,49.075538672220105],[20.98709870414784,49.075564869910934],[20.98729726132856,49.075617248458244],[20.987515384507148,49.07561805099158],[20.987890681581042,49.07559225436991],[20.988059923494927,49.075597836235396],[20.988708758520726,49.075661910722175],[20.9889318140646,49.07572013627498],[20.989573838853715,49.0759989876676],[20.990171190395106,49.07629220908844],[20.990361042702087,49.076406600247154],[20.990437023664313,49.07649382856112],[20.99047230477687,49.07653433718669],[20.990645605588053,49.076585517177],[20.991009868916564,49.07677966490689],[20.991173187574628,49.07687364236583],[20.991226483590072,49.07690439023043],[20.991445970513126,49.077113573500185],[20.99171866314264,49.0772541912103],[20.99194431917909,49.07749391877661],[20.992162193864235,49.07784458386164],[20.992503756830803,49.07850868624166],[20.992578013826645,49.07860242869075],[20.992687685644725,49.078672127561134],[20.992817097671523,49.0787184369358],[20.994156594348812,49.078847452969775],[20.994179320676874,49.0788621568058],[20.994193674119007,49.07887163298464],[20.994993566752107,49.079394244300936],[20.99547019004554,49.07966113265704],[20.9957149669322,49.07977273007541],[20.99595638444686,49.079865488965865],[20.99638350238691,49.079904574514835],[20.996492078135944,49.07995100423882],[20.996509460927893,49.07995850896565],[20.996607302463616,49.07996956151095],[20.99662893355834,49.080004036617204],[20.997674570874395,49.08040326161733],[20.99834017933714,49.080677974403734],[20.998600782412012,49.08075830331896],[20.999493668354084,49.080928479222266],[20.9996345785772,49.08095535083571],[20.999705638727733,49.08096894152139],[20.999910857782726,49.08097568831305],[21.000312241529304,49.08093711284754],[21.00048629831895,49.0808851216115],[21.00054155534124,49.080868660737835],[21.000749518475942,49.08069362489305],[21.000986435098575,49.08056851952661],[21.00173541004837,49.08023650330576],[21.00202912158162,49.080132259667714],[21.00232660499173,49.08004326517531],[21.002556875407425,49.07999815986693],[21.002706227996235,49.07996633208461],[21.002961783618197,49.07994735655853],[21.004448964677874,49.07951415221556],[21.00470327729018,49.07937997721437],[21.005521636797614,49.078760483229416],[21.00552192389406,49.07876031258412],[21.00578627210395,49.07848691046293],[21.005771007486707,49.078478576327086],[21.006010481140063,49.0782744945524],[21.006199416021133,49.07806092045829],[21.006416551978962,49.07794325870506],[21.006593344169026,49.077736128172134],[21.006889242028922,49.0774748335982],[21.007107937851053,49.07733840453664],[21.007648976782118,49.07710469003458],[21.00803703175612,49.07687495766618],[21.008249367980824,49.076699512892155],[21.008413798662133,49.07651421301594],[21.008741795387444,49.07627755636075],[21.008985950681982,49.07589796438591],[21.009474647564065,49.07526159950407],[21.00962640783036,49.07494533186333],[21.00979266202883,49.07472506648827],[21.00984406855997,49.07460583535142],[21.009987312664872,49.07427353190863],[21.010487248474863,49.073708929665656],[21.01063059947511,49.073358892171235],[21.01103360017717,49.07289392947899],[21.0113577011333,49.07258177939214],[21.01235406051133,49.071887676456136],[21.013338979694694,49.07088536164483],[21.013386028243726,49.07080713234523],[21.01338953279539,49.07069416335692],[21.013586263928836,49.070324713689224],[21.014048851303226,49.06969503959569],[21.014127655562447,49.06954141077832],[21.014500493665665,49.069292523500934],[21.01473139451969,49.06894210843634],[21.016268641161396,49.06877888963068],[21.017277555113694,49.06878292869377],[21.01868048057521,49.0686940618329],[21.019146439841798,49.06856849392056],[21.019529172171612,49.0685647193193],[21.020032854869402,49.06856697066939],[21.020165691112325,49.068575277255206],[21.02155173075666,49.06859881710457],[21.023031255330157,49.068488003524294],[21.02331472569351,49.0684885350065],[21.023567372901795,49.068488958841016],[21.023893679299533,49.06838338780786],[21.02396410080347,49.06838352815523],[21.024498617736377,49.0684001829205],[21.025664552979496,49.066218116016465],[21.025666391749464,49.065411378679],[21.025759680898265,49.06500594015542],[21.025788899102334,49.064889579800386],[21.02585620205948,49.064818580225165],[21.02600147070993,49.06478920203187],[21.026171095734668,49.06482184247997],[21.026339851742854,49.0648967704102],[21.025522283477756,49.06447274519196],[21.025118358100723,49.064065289253705],[21.02446770621496,49.06367191840824],[21.024344407320676,49.06366086677888],[21.02432991152596,49.06387233419926],[21.023741345548547,49.0635295163355],[21.023683005825777,49.06349474706799],[21.02384789628324,49.063392544778104],[21.02409701666344,49.063370434482856],[21.02427297354254,49.063377264872955],[21.024354667236945,49.06336958043225],[21.02459000874571,49.06329416862078],[21.024660890500876,49.063219325131925],[21.025349456385744,49.062394327528416],[21.025581349508805,49.06216700319781],[21.02589441294515,49.06193341647422],[21.026346319418362,49.06167735348586],[21.028270457374354,49.060657159017346],[21.02881070255666,49.060402980568135],[21.0291817492534,49.06026653459666],[21.029517949033195,49.060152449233364],[21.029861255672913,49.060054891052594],[21.0303280392552,49.059947765579814],[21.031110179493417,49.059801047087625],[21.032551052134266,49.05962493660208],[21.03293968605715,49.0595601795694],[21.03342099287664,49.05944199123912],[21.03401932818833,49.059232629881784],[21.03532137753303,49.05869533627662],[21.03590912175561,49.05853351864702],[21.036516494894016,49.05839475603288],[21.038999103972408,49.057854278987534],[21.03934326761802,49.05777031691928],[21.039467099557665,49.05770142046741],[21.039469364195117,49.057676824940046],[21.039477663334672,49.05758670121305],[21.039504877738366,49.05751826108017],[21.03909837776268,49.057096995574625],[21.038620068606498,49.056817894642734],[21.037834061983194,49.05642451240338],[21.03762552741539,49.05630499874143],[21.037531214449853,49.056233141274184],[21.03749427181509,49.05611444386921],[21.038032640644378,49.056212736978296],[21.040401156185062,49.05664124273502],[21.04416058257595,49.05732137340692],[21.044646697680374,49.057409833217335],[21.044973608496388,49.05746574621169],[21.045059970054048,49.0574996147492],[21.045300292970634,49.05759385768262],[21.04564649021798,49.0577011743527],[21.0459697653191,49.057769030760475],[21.046278203451525,49.057824699827776],[21.04652114266529,49.05784960943454],[21.046829456895644,49.057863227434126],[21.04720587969887,49.057834670667035],[21.049293731594577,49.05752451440841],[21.049866620477438,49.05746289300719],[21.049929120688827,49.057455198252434],[21.050222672707758,49.057415478701905],[21.050420331327878,49.057419463296625],[21.05042268992671,49.0574354757043],[21.050466738950497,49.057432673819804],[21.05055800045397,49.057426902573155],[21.050674043294784,49.05741950462849],[21.050672541704888,49.05740667119953],[21.05060251685699,49.05739782614947],[21.050710709162175,49.057390983678744],[21.050799600071016,49.05738576554215],[21.050928652645453,49.05737842942421],[21.05108579167589,49.05736741291254],[21.05116079194117,49.057362914168124],[21.051277769225262,49.05735401539097],[21.051381944272556,49.057355054885335],[21.051423457431262,49.05735865273625],[21.051557678099307,49.05737552243624],[21.051714510518202,49.057394115992025],[21.05179507217868,49.057410414838955],[21.051858891929825,49.05742527012206],[21.05190303895287,49.05743210440718],[21.05199589010832,49.05744529054136],[21.052220258394946,49.05749128367999],[21.052237445847858,49.0574940920816],[21.052291529316843,49.057516374100736],[21.05252823652903,49.057560426046955],[21.05279292541161,49.05762591262401],[21.0529291869091,49.057639335614816],[21.053155621029642,49.057630473819486],[21.053154676819606,49.05764304780382],[21.05334918300186,49.05764341386432],[21.053423976197493,49.05764349861817],[21.053590227331274,49.057649790445055],[21.053780428665142,49.057636331184895],[21.05443480228886,49.057567696264556],[21.054491564639832,49.057548829042446],[21.05449124632704,49.057578619590586],[21.054594051179375,49.057548640477435],[21.054771180263508,49.057461108963516],[21.054892814090582,49.057395636856945],[21.054910689260637,49.057389283807595],[21.05501257552282,49.05739708834547],[21.05525578737141,49.05744575715695],[21.055577747539253,49.05751300370407],[21.056028622654075,49.057446947300974],[21.05612827494725,49.057435231381966],[21.056481163052165,49.05740615231505],[21.056626351706747,49.05739005941973],[21.05699347828445,49.057328218127985],[21.05739316895633,49.057246813198454],[21.057694247384777,49.057185170849486],[21.05818568595095,49.05705856787539],[21.05847755321353,49.05700463812026],[21.058989906395805,49.05692426573018],[21.059120112761303,49.05689967172274],[21.059252127267165,49.05687288530877],[21.059272731427413,49.05687580330279],[21.059378230063093,49.05685734146521],[21.059473930878184,49.05682703812337],[21.059582214986968,49.0568189300087],[21.059698803729074,49.05681334148852],[21.06012850893341,49.05674991536902],[21.06032769536496,49.05668046614317],[21.060570577531657,49.05660558855128],[21.060672903559933,49.05658009037535],[21.06079496096248,49.05654721788503],[21.06095649900839,49.05652129517457],[21.061311906639293,49.05647490705306],[21.06162749140055,49.05648097854471],[21.061699124564324,49.0565506408872],[21.061774344852367,49.0567735644119],[21.061826303113296,49.05685168325615],[21.061943179334015,49.05702328557814],[21.061957478066287,49.05706831429082],[21.06196000180579,49.05708217091039],[21.061975323940853,49.05721411399887],[21.061991018598253,49.05736668654802],[21.06194458743477,49.057412271107275],[21.06189272331527,49.057510258769966],[21.061852537343558,49.05759133807598],[21.061785508287304,49.05781127904227],[21.061774756260224,49.057867021301426],[21.06177389929432,49.057905887563045],[21.061782749183415,49.0579541611939],[21.061795378966334,49.05805072445825],[21.061795201918525,49.058181085615125],[21.061795949025658,49.05819488474389],[21.06182846135564,49.05820160881707],[21.06184638111658,49.058269622907744],[21.061845093548587,49.058314237301104],[21.06186560774383,49.0588047671675],[21.061810435860288,49.05918093775948],[21.061809220208005,49.05935259010023],[21.061863737185703,49.05967270842728],[21.062012463892287,49.06003918040655],[21.062050431096917,49.06007002945729],[21.062438032792567,49.060162968357226],[21.062609213098092,49.06017489842212],[21.06286780878751,49.060120871300484],[21.06303852380239,49.06001097206086],[21.06299066761588,49.060141411356476],[21.062823659137152,49.06026583559768],[21.06272571262658,49.06027302090341],[21.06238174420633,49.06028890313711],[21.062065296715346,49.06023734027687],[21.06219676163307,49.06045388980022],[21.06241959119283,49.06080052045042],[21.06265677585558,49.06116039947566],[21.06268136590528,49.06119243611272],[21.06269191552386,49.061208893145064],[21.0628326855523,49.061401884167914],[21.06283343159166,49.06140289865439],[21.062846710175716,49.061421334618544],[21.063165091495726,49.06168498340552],[21.06352764346559,49.06197355809519],[21.0636708695807,49.06203869163481],[21.063796459308318,49.062127113170405],[21.063824586111078,49.06216133462628],[21.063892911270862,49.06224970484569],[21.06396157150138,49.062315307724276],[21.06402300390217,49.06237680545431],[21.064315659987574,49.062689586551464],[21.06462800592189,49.06300111266803],[21.065200350856667,49.063441415429814],[21.0666799599379,49.06435822267271],[21.067531555315128,49.065119225496716],[21.067852106654982,49.06544973320486],[21.06829464662099,49.065937233751484],[21.06854269390841,49.06611612486852],[21.06888746930109,49.06631344432253],[21.070550932151377,49.067177612544334],[21.071978618197743,49.06777431723013],[21.073074323435243,49.068202380824346],[21.073286263347416,49.06827619994288],[21.073436375538996,49.068361439329585],[21.073790385106957,49.068593342706215],[21.07403713956356,49.06885050640779],[21.074227353414507,49.0694225764428],[21.074371750226398,49.069716502654664],[21.074590756308528,49.06999671843962],[21.075388194628136,49.07080866736152],[21.075475142669696,49.07088295462815],[21.07587587256045,49.07121809157961],[21.07622987034712,49.07142486720696],[21.07629582214879,49.07153079832134],[21.07629856241875,49.071672145385556],[21.07626884823504,49.07176914167534],[21.0761871679801,49.072263030903606],[21.076157355887236,49.07250083258437],[21.0762260112094,49.07269355067465],[21.0764358743917,49.07287443316383],[21.076706935978272,49.072958793106004],[21.077364017335896,49.07314426881851],[21.077519733992432,49.07318223631005],[21.07776575592205,49.073174315635114],[21.078450489056916,49.072908450447336],[21.0786262195048,49.07286918427445],[21.078820497994,49.07303866652956],[21.07871605185859,49.073696579933696],[21.078505233661055,49.07458811891637],[21.07846362164025,49.0747858370706],[21.07842936895453,49.07498226168011],[21.078381295995758,49.07525737831252],[21.078345053630024,49.07544923726842],[21.07843067520883,49.075620442269006],[21.078558018307888,49.07587716950356],[21.078575416024773,49.07591032089306],[21.078358563983848,49.07622321713384],[21.078176203467976,49.07648707666428],[21.0781327837978,49.07654185755741],[21.07795214783777,49.076744011188026],[21.077778458962868,49.07693936592009],[21.077625479164958,49.077110628972406],[21.077547257691005,49.07720201164661],[21.077502084165218,49.07729679955793],[21.077496937972484,49.07732535363009],[21.07747269958141,49.077497702169694],[21.077462443866793,49.07759838640425],[21.077469720517414,49.077614736301896],[21.07746043669867,49.07763262349236],[21.077443934374866,49.07775273323409],[21.07742129883565,49.077918291036134],[21.077408354220736,49.07801276655199],[21.077404306607704,49.07806332351803],[21.077420509662833,49.07811615331812],[21.07746205281871,49.07817835224253],[21.07759489929995,49.078295259639745],[21.0777301121464,49.07831068836386],[21.077899302369076,49.078388702217865],[21.077909645931463,49.078426398106615],[21.07783486650136,49.07851203983532],[21.0779805537879,49.07872686357311],[21.078029046777985,49.07880062993379],[21.078111127236475,49.07904689642452],[21.078183248356332,49.07912727560131],[21.078401488265666,49.079255124578246],[21.07851285916377,49.07930174545396],[21.078767775862232,49.07938440887052],[21.079525779122477,49.07962920739365],[21.080034353234765,49.07979313797513],[21.08038373322634,49.07990665752913],[21.080760748420907,49.08002637709008],[21.080889812834357,49.08006735282395],[21.081043367610217,49.080110737003174],[21.081312328222033,49.08005294872034],[21.081323494580474,49.08003737260344],[21.081328635469912,49.08004194950793],[21.081389595727615,49.080053364109524],[21.081415694213543,49.08003052579896],[21.08142694759929,49.08003583954859],[21.081577039476876,49.08010729113804],[21.081593054324948,49.08011491879299],[21.081638420444165,49.08007262353352],[21.08168538226881,49.08008061660383],[21.081688753060714,49.080094229621515],[21.081753225364647,49.08010449659133],[21.081864980353593,49.08010926227233],[21.082235606507957,49.08024488679485],[21.0822583616483,49.08027424844552],[21.08227229227547,49.08028225911018],[21.082416767635504,49.080362892045066],[21.082397530781783,49.080380099300605],[21.082453191480383,49.08040745830343],[21.0824723909842,49.0803925906288],[21.082531564405656,49.080427985256456],[21.08267242157788,49.08051120237676],[21.082649710177733,49.08052721755375],[21.08267579424427,49.080543181616996],[21.08269893590922,49.080526910182556],[21.08281671627875,49.080610825368666],[21.08282729797077,49.08079248690583],[21.082792925444416,49.08080497600338],[21.082783537854056,49.080816918210516],[21.082719700165068,49.08108864744188],[21.082711545799725,49.08116311039459],[21.082720731875995,49.081253166132676],[21.082760817445926,49.08137365559535],[21.08284829132419,49.0814854056485],[21.082907002861806,49.08156931152848],[21.082993340397152,49.08169263881215],[21.083075730783477,49.08177514536166],[21.083173652379404,49.081857070934504],[21.083264046564093,49.08191678695108],[21.083366269718365,49.081964909235516],[21.08350200950868,49.082012038467816],[21.083787271949397,49.082085042288725],[21.083953891930506,49.08214081642126],[21.084083908236252,49.08219487331225],[21.084250808669463,49.08229288020106],[21.08442402754543,49.0824127872334],[21.084755937913123,49.082579028925885],[21.085252861278896,49.082780373170074],[21.085947922711647,49.08305425435054],[21.08706605299104,49.08350737772144],[21.087205118741227,49.083572525179235],[21.087458690585986,49.08369212739815],[21.087489607056092,49.0837260714203],[21.087496442544957,49.083733673436],[21.08758057612681,49.08382604564391],[21.08759681907813,49.08383800116045],[21.08758133841962,49.083852628979486],[21.087570627160407,49.08386578944526],[21.087562870618154,49.08387976505311],[21.087560470548404,49.08389175198561],[21.087561775749634,49.0839036778681],[21.087641581406515,49.08427329340868],[21.08764371742372,49.08428326531213],[21.08764779282075,49.084283756326194],[21.087660969492543,49.0842853499249],[21.087671841676432,49.08428659941685],[21.087723809239687,49.08430474398034],[21.087741619813315,49.084411641413425],[21.087775996535797,49.08457218857307],[21.087865451120187,49.08470542491852],[21.087933883778298,49.08480620547725],[21.088102402126683,49.08495818611173],[21.08822577355098,49.08507036393681],[21.088428068657326,49.08524368540742],[21.088659690140126,49.08538211620707],[21.088966472574967,49.08551071557118],[21.088975056932206,49.08551324192632],[21.089059187238227,49.08553205831655],[21.089090149885642,49.085539624551636],[21.089231016148695,49.08557331662757],[21.089320071359133,49.085601473973675],[21.089491238574126,49.085655314819206],[21.089552873709465,49.085672508412905],[21.089611213711933,49.08568977625761],[21.089769366385497,49.08575274206223],[21.089861299001036,49.08579197496992],[21.089893284964116,49.08580605597383],[21.089984273940637,49.08584507842904],[21.090064096938193,49.085883112214],[21.090091270294966,49.085897398811845],[21.0901913295037,49.08595084688656],[21.09025763625345,49.08598079419011],[21.09028645063318,49.08599513340617],[21.090407308556888,49.086049068737196],[21.09082159961924,49.08635775147141],[21.091233568358565,49.08666086620456],[21.091778919327922,49.08707080213515],[21.09211612182954,49.08734171491896],[21.092825231462857,49.08788888152909],[21.093016061563265,49.08808955535822],[21.09325027439087,49.088768776401295],[21.093438814149373,49.08919210880548],[21.093515561899316,49.089196010167555],[21.093463086236518,49.08924177309363],[21.09347272127435,49.08925783719667],[21.09352472239503,49.08933647978116],[21.093602919793586,49.089477632461694],[21.09386179392971,49.089954355717985],[21.094073890317073,49.09034306027245],[21.094129228131656,49.090439545248884],[21.0943053915885,49.09075660423339],[21.09463668888796,49.09136204788308],[21.09494886239319,49.09192978520147],[21.09506078906506,49.092129996384436],[21.095166705942514,49.09232623358425],[21.09520833242527,49.092404362590486],[21.09521968964324,49.09242678373224],[21.09536768551753,49.09268216797912],[21.095510936416115,49.09292947734062],[21.09568954922042,49.093237788989065],[21.095858504263596,49.09352850520474],[21.09602716775865,49.0938157906299],[21.096093137296272,49.09392981050518],[21.096187113583486,49.09409865507861],[21.096297695678047,49.09430602384382],[21.09639377154587,49.09447799643542],[21.096404302517413,49.09449309858247],[21.096418409407462,49.09451911878091],[21.096635978926205,49.09491402400919],[21.096804768302814,49.095205273172716],[21.096916813028123,49.09539486219604],[21.096940941342396,49.09542993611954],[21.097168182178518,49.0957630296933],[21.097169923522973,49.095765426221014],[21.097233119043747,49.09584856642149],[21.09725197032567,49.095873478025425],[21.09728993314573,49.09592348961498],[21.0974599990514,49.09612195845762],[21.097607581785027,49.096290897707355],[21.09774717946208,49.096463992441294],[21.097830409439666,49.09656722005592],[21.09788862999185,49.09665461191658],[21.09792652823719,49.09673874215322],[21.09796458749217,49.09685024632952],[21.097979471460885,49.0969359803472],[21.098026115338794,49.09708143019732],[21.097833330885233,49.09733282986714],[21.097805884348556,49.09740334393505],[21.097673543244134,49.09770295375306],[21.097663398478495,49.09770109839621],[21.097640331146895,49.097747714936254],[21.097606315506663,49.097816218020895],[21.097577597458972,49.09789092268422],[21.097569016128734,49.098000933335655],[21.097562232429528,49.09808858434383],[21.097556179717248,49.0981977756743],[21.097549319945696,49.09832152584314],[21.097544754803124,49.09841807072341],[21.097545585580306,49.098423499063585],[21.097571623139785,49.09858242366654],[21.097574479204315,49.09860304172091],[21.097632122075684,49.098731468266365],[21.097722924514873,49.09895431656866],[21.097740883595414,49.09899864569074],[21.09776622245963,49.099058065885444],[21.09777463659672,49.09908138271242],[21.097940098116034,49.09940664348242],[21.09796052257055,49.09943808733383],[21.098039240999448,49.09954675184125],[21.098236143266323,49.099806847502535],[21.098465438211353,49.10006833989246],[21.09862827653206,49.10018158752875],[21.098801856498405,49.10026096782293],[21.099044219985082,49.10036865791576],[21.099225371969865,49.100466105599715],[21.099249086136968,49.10047910854355],[21.099380281636527,49.10055136943743],[21.099617567135127,49.100720115249075],[21.099636502848316,49.10071252865392],[21.099854738409707,49.10090335148124],[21.100106269679124,49.10117023318395],[21.100131607982394,49.10116690267754],[21.100184281150057,49.101227556960495],[21.100208200440314,49.101254430665456],[21.100194276872354,49.10127946324454],[21.10018747279862,49.101304633609146],[21.100322547872697,49.10145768312948],[21.100370033286172,49.10151249950344],[21.100417328125992,49.10156064763537],[21.10056156600994,49.10163089355988],[21.100711313441646,49.101632443659234],[21.101240448805367,49.10149353214555],[21.101352215962937,49.10145812509847],[21.101839758263427,49.101286550510984],[21.102059736859413,49.10117861975488],[21.10211327033596,49.10115377346624],[21.102197922072804,49.10111236680222],[21.10220896439869,49.10110767835415],[21.102201633599876,49.10109745073288],[21.102205329919663,49.101095678347356],[21.102553219813796,49.10092872744192],[21.10270472772434,49.100856597971514],[21.10279277143578,49.100815659484766],[21.103252973697163,49.10060215206036],[21.103549276057098,49.10045776662679],[21.103594471421076,49.1004362542674],[21.103604132315148,49.10043170158768],[21.104039591548872,49.10022820363512],[21.104101448196936,49.100190928536705],[21.10447945221528,49.10001152062677],[21.104496401773105,49.1000029695057],[21.104567836178333,49.099967800876605],[21.104583201207625,49.099960279440566],[21.104781055430255,49.099867661807124],[21.10488142846278,49.09982126404059],[21.104910136871535,49.0998075969339],[21.104953943279153,49.09978630977629],[21.105037292765072,49.09974575984929],[21.105239706786172,49.09963969291554],[21.105254467588367,49.09963107174651],[21.105345901049144,49.099577635797104],[21.10536266994172,49.09956781838718],[21.10536582556936,49.099565938601366],[21.105493473886483,49.099484490592026],[21.105696418002207,49.0993508911658],[21.105764262032825,49.09930309318172],[21.105773067875038,49.09929527199044],[21.1059080571683,49.09917579605042],[21.105920105068485,49.09916492744201],[21.106176574429742,49.098928784533854],[21.10625558177629,49.09885613499457],[21.106306931253837,49.098808890091995],[21.10656720753091,49.098593484538014],[21.106667956369755,49.098512346399076],[21.106701348000747,49.09848541426159],[21.106810549917785,49.098371595654214],[21.10683182023186,49.098239933385365],[21.107589976368633,49.09726276385298],[21.107675210275577,49.09712819274831],[21.107764735072355,49.0970745140737],[21.107826023931572,49.096974469270236],[21.107901580692715,49.09684652115607],[21.108072476301675,49.096640051901296],[21.108363771706475,49.096385030566175],[21.108625618036918,49.0961425725318],[21.108790432621348,49.09598668416826],[21.10887105205758,49.095979175016836],[21.108902613499136,49.09602321624255],[21.108902970147547,49.09606284009696],[21.10888720280861,49.09610915142002],[21.108862322198814,49.09614337806406],[21.10898608132001,49.096027231549904],[21.108975801664947,49.096019791115744],[21.109004174703884,49.09597172156047],[21.109086106723154,49.095850188275456],[21.10909181224979,49.09584163768167],[21.109119634207673,49.09579174994168],[21.109136958524317,49.09579662439137],[21.109164893627266,49.09571928161356],[21.109167759256973,49.095706499048525],[21.109202321802414,49.09565259515543],[21.109164147125128,49.09557566258988],[21.109183057911988,49.09552206926635],[21.109323957605916,49.09514286669255],[21.109844708974002,49.093819418480145],[21.109855290115775,49.09379499844094],[21.109863402995842,49.09379651780659],[21.109878276949562,49.09375855048518],[21.10988361355253,49.093743866154014],[21.110190083655155,49.093118588479285],[21.110272847527035,49.09291902644629],[21.110314695705885,49.09282961355293],[21.110370408518133,49.092710303607845],[21.110518046740975,49.092610312712026],[21.110571727179757,49.092574033990246],[21.110852559564623,49.09240248970405],[21.11123898003242,49.09216562253149],[21.11156793617322,49.091967973574626],[21.11161973207146,49.09193676589259],[21.111673242121785,49.091904622570276],[21.111767108648497,49.09184765862003],[21.111963072131623,49.09172994182067],[21.11209304251241,49.09165189248996],[21.112302641032755,49.09152587741566],[21.112562341709783,49.091367429527494],[21.112631677888416,49.09132516730027],[21.11291992534005,49.091145842431814],[21.112919673270294,49.09113998255481],[21.112919065581767,49.09112780935664],[21.112972799761774,49.091092611672096],[21.113050015589533,49.091045739016856],[21.113294692947857,49.09080119359183],[21.113603541686917,49.090493333691875],[21.11362799003299,49.090461163027896],[21.11386325016923,49.09017148215981],[21.113916268928474,49.09009772918471],[21.11401559819093,49.089959372198564],[21.11415525454778,49.08975018841724],[21.114096204486177,49.089723817824726],[21.114126167836826,49.08965968284568],[21.1141618868938,49.08958258726649],[21.11425712832572,49.08937711874721],[21.114258134750973,49.089374630047146],[21.114317910582656,49.0892372623471],[21.114355726115104,49.08927087826987],[21.114366419416307,49.08928013202127],[21.11446890089664,49.08935686262795],[21.11448358399992,49.08936777405767],[21.11452174143767,49.08924655226992],[21.114557329240053,49.08927136435648],[21.114563193761708,49.08925507617136],[21.114572952510084,49.08920650198479],[21.114582972841998,49.08913398862843],[21.11458333133108,49.08912913853382],[21.11460193519282,49.08907958595911],[21.11461843857008,49.089051033018016],[21.114630370658062,49.089017562833035],[21.114631586835337,49.089014090507234],[21.114616385991827,49.089010184787334],[21.114649327626402,49.088920576631686],[21.11465923360455,49.088864444759274],[21.114662817060402,49.088858617146116],[21.114732432093394,49.088771708690494],[21.11481702619197,49.0887862894264],[21.114859112800005,49.08878808133995],[21.114928766341762,49.088789671748735],[21.1150188478414,49.08879677487754],[21.11515081287026,49.088806563551366],[21.115245979461424,49.08880977733857],[21.115376087006837,49.0888113139769],[21.11537969041703,49.08881448979975],[21.115558230816262,49.088806136516794],[21.11572409559028,49.08879494818454],[21.116074365897887,49.08876280848819],[21.1161796117904,49.08874833711745],[21.116184040959862,49.08874775804855],[21.116184301193503,49.08874794639839],[21.116189512502554,49.0887516235787],[21.116194600331298,49.08875511676717],[21.116345582401,49.08873571083428],[21.11641641328455,49.088728785202065],[21.116500778603164,49.08872049026701],[21.116511421347933,49.08871929894031],[21.116842640728873,49.08868339888915],[21.116892977421568,49.08868113160049],[21.11700381691639,49.08867629068149],[21.117094584383043,49.08867225057626],[21.117582371816237,49.088650789844706],[21.117593210900566,49.08862466690071],[21.11762242258899,49.088553935170495],[21.118013847869634,49.0885751370339],[21.118393728414283,49.08869329015358],[21.11852674373906,49.088716702675185],[21.11859683892257,49.08872901829028],[21.118896343794933,49.08879032290657],[21.119312515485305,49.08882356190253],[21.119611667425406,49.08883209701943],[21.119627530786968,49.088832602109974],[21.11964394779097,49.0888330347983],[21.11990339694735,49.08885948097328],[21.12000815335464,49.08887019840883],[21.120304927451972,49.08893510352317],[21.12063974298522,49.089084494549155],[21.12098646350597,49.089245336877966],[21.121434477772546,49.08944901395542],[21.121839575646522,49.08961387200768],[21.122140499168484,49.08972481840432],[21.122209889628916,49.08975043345219],[21.122279683802713,49.089776151328714],[21.12229956355933,49.089783535913945],[21.122401535235294,49.08980973731449],[21.122436912464224,49.08981887532219],[21.122575472493633,49.08985452317564],[21.122662776504963,49.08987701670206],[21.122750347482686,49.089899608680916],[21.122922540647526,49.08994388837984],[21.122933699337946,49.08994685415112],[21.12300674593584,49.08996565287052],[21.123150554174032,49.09000263731809],[21.12344628968412,49.09005759797304],[21.123632224265403,49.090092140520014],[21.123704971655748,49.090105707664954],[21.124192413062463,49.09016901393978],[21.124812036732877,49.09021878544079],[21.12634933786865,49.09034192564399],[21.127027908464033,49.09039355860841],[21.12708954234185,49.09041100174936],[21.127396990381577,49.09045219000767],[21.12841247054491,49.090653160788776],[21.1291004475262,49.09068509418582],[21.129686754148338,49.09075556793658],[21.13010874109561,49.09084602952106],[21.130474245793682,49.09096638607713],[21.130783223809534,49.09110979464573],[21.131322498286448,49.09143390399046],[21.1315644612617,49.09156969171827],[21.131900345035838,49.091828195348214],[21.13208473922935,49.09200680849745],[21.132333924423662,49.09227741409177],[21.132465931453396,49.09237063916422],[21.13267641714571,49.09248345899848],[21.133804789484966,49.09300674759476],[21.134263367459493,49.093256170903786],[21.134630165810318,49.09343201101665],[21.134897034441142,49.09352761858659],[21.135343363712003,49.09362117253826],[21.135941626528666,49.093770135648825],[21.136542184945807,49.09391961844881],[21.13934942493758,49.094593902114404],[21.141494037935992,49.09511318746978],[21.1431505583314,49.095514092813545],[21.143272864220627,49.09554370921484],[21.14333007232057,49.09551698047462],[21.143622167514515,49.09564469420099],[21.1437528399161,49.095883615749315],[21.14355932968881,49.095933221552734],[21.143446533274847,49.096003835478314],[21.142799454813233,49.097168112685274],[21.142316876132256,49.09807624510398],[21.141978191989256,49.09868977148487],[21.14194287988895,49.098926233553705],[21.141940947373755,49.09898432938984],[21.141945206733308,49.099083222999155],[21.141946650764638,49.09912333038704],[21.141854776727886,49.09989140837918],[21.1418469147177,49.09997425385393],[21.141819735873693,49.100226907816385],[21.141784244597556,49.1005554609434],[21.141765851970334,49.10072574877976],[21.141718304799706,49.10080382749419],[21.141696195346032,49.10094068799839],[21.141720115948587,49.10109674014989],[21.141685031579115,49.10130764178131],[21.14168198448788,49.101343555855536],[21.14162428177664,49.10202890012739],[21.141619431669355,49.10208564322151],[21.141605708599496,49.102248336472776],[21.14156833578078,49.10260995948136],[21.141555192471568,49.1027423322253],[21.141550731145106,49.10278630388992],[21.14154021643021,49.10289220207727],[21.14152607752401,49.10303066508609],[21.141519948277246,49.103089888419774],[21.141510625006692,49.103181420108804],[21.141504441377595,49.103273141166696],[21.141456482801036,49.103737869152155],[21.14144255933507,49.10383042560038],[21.14143551517547,49.10388529871287],[21.141430765218818,49.10393880400014],[21.14141945395206,49.104068623898165],[21.141412854718233,49.10415853125613],[21.14140434858113,49.104194092506866],[21.141410980712024,49.10426812380243],[21.14143057232063,49.104428990254505],[21.14142336160218,49.10448052711988],[21.141431445832037,49.104570268898634],[21.141431607352132,49.10457180445369],[21.14143658481371,49.104660907766934],[21.14143967018968,49.10471601135788],[21.141445003679518,49.104770375846726],[21.14145047892455,49.1048265453416],[21.141450241617115,49.1049269169569],[21.141457022278225,49.105062440760165],[21.1414623591353,49.10514291291806],[21.14146557312567,49.105192528973426],[21.14146779820884,49.10524067331956],[21.141472464266492,49.1052910555266],[21.141473296644147,49.10534509752647],[21.141474091114194,49.10539778793423],[21.14148617248838,49.1055134036082],[21.14149674250023,49.105614117148164],[21.141516839078452,49.10565976606345],[21.141529635795965,49.10570212311567],[21.141537700499942,49.105724884807984],[21.141559212943083,49.10576058561453],[21.141563247780258,49.10577286679867],[21.141570460343516,49.10577921677839],[21.141631735972023,49.105854166675265],[21.14167704869784,49.10589440157477],[21.141724047623182,49.10593595016768],[21.14177592866051,49.10598197445063],[21.142071599246314,49.106200008910776],[21.142245694494896,49.10632957222852],[21.14232239219109,49.10638124268131],[21.142354919116446,49.10642755469288],[21.142606460730494,49.10667336008569],[21.142791282474427,49.1069258771277],[21.142822281459143,49.1070621666144],[21.14286917711924,49.10728268300078],[21.142928730620724,49.10762783547077],[21.142954621534262,49.10768050926398],[21.14313362781954,49.1078591103372],[21.143205092145816,49.10795598762764],[21.143221637123315,49.10799027057087],[21.143263455427714,49.108076307420355],[21.14327619595778,49.10810263778634],[21.143334324210855,49.10823177263119],[21.143475779089812,49.10857087201378],[21.143530999944645,49.10875834155472],[21.143578379386685,49.10888821662008],[21.143599836304535,49.10894714183133],[21.143845002952908,49.108990364046086],[21.143973478374164,49.10901297147927],[21.14395749212228,49.10928884533138],[21.144003370982865,49.109375640360696],[21.1440302952434,49.10941799351642],[21.144077588612387,49.10953598215605],[21.144102677963,49.10963139250004],[21.14411434889461,49.109676054179296],[21.14411523530501,49.10969948891206],[21.14411665813541,49.109736174396346],[21.144121409834785,49.10978916976748],[21.14411753182764,49.10979904002597],[21.14410692371422,49.109840836718035],[21.1441138341643,49.109883097242005],[21.14412595405069,49.10996837473969],[21.144137613923984,49.11005057681188],[21.14410524406827,49.11014975213174],[21.144110201850136,49.11035696817351],[21.144127243631463,49.1106219126481],[21.14413110751116,49.110685142867226],[21.144133758019393,49.110806041238384],[21.144111899877547,49.11085351398139],[21.144106966101184,49.11091142461689],[21.1441085801388,49.11100906356684],[21.143978272217044,49.11129176591145],[21.14397627810195,49.111300255312884],[21.143965613740416,49.11134655149209],[21.143972561176174,49.11169301016616],[21.143407043347622,49.112113195062484],[21.143186747729814,49.112298974268846],[21.14274616995522,49.11280295990028],[21.142549615684505,49.113106162265744],[21.142109147095777,49.1136570526663],[21.14167177212186,49.11404797360525],[21.141544958417143,49.11416135559791],[21.141408004311764,49.1143512086778],[21.141322435895326,49.1145958025067],[21.14129269653017,49.11482154661547],[21.141208107369415,49.115129369445384],[21.14107880967076,49.1153736599461],[21.14046862803499,49.11617142772392],[21.140289461832737,49.11641864077668],[21.139899284623624,49.11704592673916],[21.139595322893374,49.117388127758495],[21.13919587436206,49.117712001329735],[21.138833397276706,49.11793954604125],[21.138595788731347,49.11844436122182],[21.13869638726556,49.11869547694931],[21.139057806581484,49.11911527449932],[21.139285384735746,49.119480690251656],[21.139574671220032,49.1202458819934],[21.13962323701262,49.120555666974624],[21.139675240401022,49.12218542686625],[21.139562501500066,49.122896662657176],[21.139367051240953,49.12364705258481],[21.13907070282948,49.12417440634697],[21.138831529587257,49.12453774195863],[21.14040693759434,49.12466087546003],[21.140467138124336,49.12455465940363],[21.140465697808214,49.12442299653764],[21.140661176666594,49.12441909791113],[21.14124165906056,49.12444925363232],[21.142768357371615,49.12421566430481],[21.143078108515006,49.12404153561699],[21.14437752993757,49.123631762775496],[21.14457683239096,49.12344855810934],[21.14484821045324,49.12349071344268],[21.14508737134333,49.12341670780746],[21.145044450686857,49.123287515687714],[21.14680507859777,49.123013013293296],[21.147483189298068,49.123415775005185],[21.14803849810799,49.1232671226056],[21.14821307373581,49.12381035418272],[21.148583531217696,49.12458753225648],[21.14854703438245,49.12475985837949],[21.148543509859422,49.12477613167422],[21.148698440891064,49.12491560975608],[21.148700067224805,49.124919622193644],[21.148750991623118,49.12504456392687],[21.148983639389524,49.1253832893233],[21.14909709577743,49.12546357160509],[21.14908564065105,49.125524427034954],[21.14950172561041,49.12593384868798],[21.149661053778072,49.126223085401286],[21.149895938651945,49.12632547367811],[21.149881468927497,49.12646680629466],[21.14994264539873,49.12654174687792],[21.150160903999975,49.1266576537902],[21.150192799839736,49.12684393134322],[21.150148278447897,49.126884298133426],[21.150238083173267,49.12707591376183],[21.150256571268216,49.127349722486265],[21.15017840274233,49.1274804929239],[21.149996167101794,49.12838948528365],[21.149985573480112,49.12864455142591],[21.149798887450896,49.12905997698685],[21.149901249570213,49.12924874797115],[21.1498564951561,49.129339071098975],[21.14986842884276,49.12952444858796],[21.14980940355945,49.129888176798495],[21.149959120254668,49.13024138660514],[21.149909453725495,49.130308868520366],[21.150030212330275,49.13038514856751],[21.149980633866214,49.130466407075865],[21.149991961668956,49.130633850408614],[21.150123988722694,49.13100198591418],[21.150226792963352,49.13115295987404],[21.150404838834124,49.13129559446113],[21.15059135095234,49.13181894007183],[21.150450565671,49.13184555739411],[21.14944878707445,49.13203496124741],[21.147259340286663,49.13244892614679],[21.1458122141586,49.13272245474207],[21.14509587469807,49.13285791027417],[21.14530198963425,49.132937611899756],[21.14552514056052,49.13307870811702],[21.145693299205448,49.13328684589073],[21.145727798748798,49.13374418175495],[21.145611544965796,49.13424419895451],[21.145210953374704,49.13487783367816],[21.14490385997564,49.135484262670566],[21.14490487488818,49.13582008748738],[21.14493537827007,49.1358886597974],[21.14494905556514,49.13591916017952],[21.145096782995125,49.136041219337535],[21.145127321052808,49.1360831453217],[21.14531140981705,49.13633607856036],[21.1453296858255,49.1363712253841],[21.145439030602056,49.136580746034824],[21.145619374747145,49.13689972856533],[21.145793310521135,49.13710597735505],[21.145925484714386,49.13730172440484],[21.14596026036375,49.13735323653133],[21.145973496649756,49.13736544779187],[21.146023217326782,49.13741149024317],[21.14614552942385,49.13752473293672],[21.14635766785088,49.13764792397851],[21.146463730866635,49.137709609168816],[21.146492155401628,49.13772238998138],[21.146709327963595,49.137819992219114],[21.146725397447927,49.1378272514569],[21.146745989408625,49.137836453979936],[21.146787029876556,49.137854944509584],[21.146839636358028,49.13787100943819],[21.147072989819844,49.137942564560134],[21.14734274992333,49.13801535854432],[21.147507280839026,49.138086180464775],[21.147614218350526,49.138132227843805],[21.147718901373402,49.13817721368231],[21.148129939967692,49.13837041689346],[21.148423224581432,49.138504177152285],[21.14852834563143,49.13860310074016],[21.14851993521748,49.13866729289902],[21.14850528929109,49.13878098182325],[21.148499454964035,49.138995326188315],[21.148496744127037,49.13909219706658],[21.14849189725586,49.13914146757744],[21.148476075377697,49.13930301242361],[21.1484558663157,49.139500068520285],[21.148455452872177,49.13950383650271],[21.148447271536135,49.139521853290496],[21.14839483973262,49.13963813073671],[21.148366906516305,49.13971782114065],[21.148375767215843,49.13973358499376],[21.148374383044505,49.13975433697515],[21.148353587976274,49.13979842288879],[21.14826083447569,49.139925671091156],[21.148227423775882,49.13997151942549],[21.148201954678733,49.14000636532588],[21.148166102941204,49.1400649200871],[21.14813545212507,49.14011616694878],[21.148121792218728,49.14016398897425],[21.148121007185143,49.140176567630895],[21.148119845399982,49.140196156309464],[21.148116019001684,49.14025770234098],[21.14812815796058,49.14035414161578],[21.148141669226064,49.14040192093428],[21.14816084770673,49.1404379058493],[21.148192877105423,49.14048014792951],[21.148325056390117,49.1406405119445],[21.148448327396892,49.14077079654471],[21.14848248377205,49.14079339028679],[21.148515458333804,49.14080964500977],[21.14893903533469,49.14182048182132],[21.148945471892127,49.14183562896547],[21.148909203624758,49.14184744811338],[21.148304652351584,49.14204361957741],[21.148095526321377,49.14229448970946],[21.14792714559924,49.1425604192214],[21.147577182492423,49.142780106221885],[21.147400366237918,49.143065574192484],[21.146838448906298,49.14350335972851],[21.146083768952398,49.14402283020765],[21.145892160108417,49.14426659786569],[21.145569388531293,49.144536201374585],[21.14518872126858,49.14491029454146],[21.14509846247881,49.145124853109664],[21.14498167049236,49.14524656851489],[21.14484349191608,49.14545961338116],[21.144801781719114,49.14547260983504],[21.144766348041664,49.14548796511493],[21.14460459689908,49.14555847651562],[21.144454891371907,49.14562378668996],[21.144183305465102,49.14579408610843],[21.144143393308564,49.14581623162239],[21.143970144424518,49.14591248609346],[21.14377767349534,49.14612102383253],[21.14357542882689,49.14624958073078],[21.143563191286063,49.146257386310474],[21.143347402195047,49.146411531998645],[21.143092777226688,49.14653762279145],[21.14300641334191,49.14667281135707],[21.142969521455644,49.14673043161048],[21.142868880865056,49.146839511920746],[21.142777043241548,49.14693896764228],[21.142589154233416,49.14708499130348],[21.142502790756485,49.14712484349589],[21.14237907313663,49.14718188005656],[21.142335176994678,49.147202188618685],[21.14181830001703,49.14746645790391],[21.141583835305063,49.147603805829334],[21.141452928549324,49.14777548566156],[21.141334048039106,49.147897401833134],[21.141288641460665,49.147943859453456],[21.141209894720195,49.148083608848836],[21.14119846463033,49.14810656387098],[21.141197184539042,49.14810904409107],[21.141163057514678,49.14817755421368],[21.14111074671652,49.14828248956734],[21.141040019500426,49.14839152392555],[21.141039706072764,49.148392054164034],[21.14089626621303,49.14861285075816],[21.140893315019177,49.14861752875574],[21.14093291976651,49.14871915843],[21.140993980963326,49.1488668388764],[21.14093713558267,49.14901853362847],[21.140725085084473,49.14925786644521],[21.140546120945586,49.14939615716219],[21.14037346847567,49.149562464829636],[21.14032435942976,49.14960511403628],[21.140238160636407,49.14967998951345],[21.140092068238417,49.14980419493466],[21.139922264542435,49.149931701437005],[21.139839465584984,49.15013956057111],[21.139833847889637,49.150215993895074],[21.139824031735436,49.15034955012027],[21.139750176262375,49.150609366182714],[21.139743303160195,49.150732752657134],[21.139688722603783,49.150810608277496],[21.13957833141244,49.15093450184654],[21.139297047211823,49.15112221915934],[21.139213109436795,49.15119428469669],[21.139033178560506,49.151343705834115],[21.138935558910173,49.15152345803786],[21.138805748873455,49.15167995579547],[21.138725144464857,49.1517981290714],[21.138706058162064,49.152003591757946],[21.138624236324667,49.15216817918821],[21.138592317198192,49.15223270739294],[21.138498508845117,49.15255283826433],[21.138630656790024,49.152917117298],[21.13863677548332,49.15292163203867],[21.138682453720147,49.15295557590167],[21.138850877613706,49.15308036628044],[21.13892623757075,49.15313622465652],[21.13896137954275,49.153162273052196],[21.138981517286336,49.15318145509486],[21.13922241585424,49.15341071518052],[21.139285295535704,49.15352433443131],[21.139508706543783,49.153928048430075],[21.139478202710713,49.15399946345753],[21.139449319009717,49.154067508783655],[21.139405523090605,49.15417037210573],[21.139364536847108,49.154266752482265],[21.13930861176137,49.15439831009338],[21.139260979096235,49.154510414574254],[21.139207053238234,49.15463717404715],[21.13922058020027,49.15471268234048],[21.13926928662262,49.154981775704535],[21.139263141744117,49.15541261875291],[21.139259959865466,49.15564073024488],[21.139740557033267,49.155914299188474],[21.139980947175683,49.15647375047653],[21.14012879678153,49.15662282455164],[21.140227971919206,49.15672264650413],[21.140260554678775,49.15675554533038],[21.14047914810986,49.15720456622527],[21.14081337640335,49.15778354616062],[21.140967380392784,49.158119793949844],[21.1409922309163,49.15822617799982],[21.141019167010057,49.15834154036727],[21.140901318349044,49.15843225063463],[21.141725125534247,49.159204409830906],[21.142029105607573,49.16030384906973],[21.14209212425879,49.160531621044115],[21.142226588862034,49.16101821931253],[21.142422361572056,49.16172605305588],[21.142457158973933,49.16185219596418],[21.14233672307226,49.16299079632566],[21.142528537093593,49.16312478078067],[21.142579984473315,49.163160705340594],[21.142834347949343,49.16333834647802],[21.142857722060615,49.163354659040024],[21.14288369791173,49.163356109800034],[21.14343293517466,49.16338606251507],[21.144515820330874,49.16324885562802],[21.14475648269584,49.1631738127058],[21.145037042514325,49.16308634533079],[21.146002089536854,49.162968450632206],[21.14641984252859,49.162870816483114],[21.146722277958876,49.16286118600651],[21.146886430436663,49.16278111364675],[21.147270353852207,49.16280961260815],[21.147521881306773,49.16275291175765],[21.148009968395456,49.1627873954165],[21.148314791010602,49.1628743415729],[21.14882940560095,49.16297951690845],[21.149493260033715,49.16321921019079],[21.150020610823592,49.16350275833182],[21.15017641118396,49.163677004823434],[21.150228522168348,49.16391180879324],[21.150804189619866,49.16468813451467],[21.1510301127343,49.1648965482624],[21.151438473820257,49.165284906696776],[21.15248003151635,49.16639584728295],[21.153515876540578,49.16642712769073],[21.154793635782568,49.16628939052205],[21.155183426031385,49.16620065687922],[21.15539524211416,49.16615205104969],[21.156182469529167,49.1659713083985],[21.157155250084678,49.16577992520498],[21.15801645439375,49.165610500628866],[21.158478493524665,49.16559613762286],[21.159088655079252,49.165666281705334],[21.16233089714783,49.165747769118795],[21.163141088672067,49.16579527962051],[21.163193441822262,49.16579836464203],[21.163848291333252,49.16594280577012],[21.164044206430844,49.166337316875456],[21.16405898709336,49.16636613822809],[21.164558549134476,49.167370095045115],[21.16501562019257,49.1679409664502],[21.165395278795824,49.16869224107256],[21.165912946547927,49.1695579433278],[21.166114951992185,49.16977916736278],[21.166981022078154,49.170657148561766],[21.167388813946598,49.1710706331445],[21.167720450199916,49.17131239500322],[21.167998733456262,49.17137468819998],[21.168036002605795,49.171403944252724],[21.168058592334603,49.171421757099736],[21.168111317055327,49.1714631108196],[21.168419587090114,49.171705307784556],[21.168727962983397,49.17213241271756],[21.16895088685194,49.17273346027376],[21.16919212422001,49.17328115811297],[21.169402044817968,49.17348461895645],[21.169846528267986,49.173789056576304],[21.170312564104076,49.174136928376484],[21.171575073684764,49.17464533270774],[21.17230888620731,49.17458235470895],[21.173048300385954,49.174574370930884],[21.175113775017138,49.17590331639944],[21.17543213772475,49.17622268687915],[21.176001204818473,49.1767517314141],[21.17676052661635,49.17698938482717],[21.177141002793352,49.17754033834695],[21.17790483115994,49.177680451401855],[21.17890356756257,49.177773892676605],[21.179799599124603,49.17821087653913],[21.181173717427903,49.17922083643199],[21.181129671700553,49.18008150290082],[21.18129072662681,49.180085545691064],[21.181306788383615,49.18009504973124],[21.181206915166094,49.1801995039997],[21.181119120966763,49.18051363488948],[21.18108234953001,49.18085690670428],[21.18071813457119,49.18182423410585],[21.180730299831932,49.18208369513822],[21.18057112291188,49.18238605240212],[21.18054464739579,49.182378113255666],[21.180084459002405,49.18223859995167],[21.179900788864103,49.18218289678529],[21.179415213332256,49.182139449923405],[21.17888237554491,49.182151056517604],[21.178485870552358,49.18237253276257],[21.17804328262086,49.18261957286142],[21.177407962853856,49.182007180651006],[21.177313603582615,49.18190178461429],[21.176930926316984,49.18175406063433],[21.176447849825493,49.181710319309225],[21.175704450295985,49.18157173838569],[21.175622305003717,49.181557014591306],[21.173778550308967,49.18112435554633],[21.172279759126894,49.18111954370647],[21.17204935262573,49.18253583799742],[21.171849246816056,49.18263597460891],[21.17145428822948,49.18270389959338],[21.171206292521823,49.182892016177135],[21.17163105074977,49.18299363614358],[21.17186243117567,49.18311440246396],[21.172351182584062,49.18315014821857],[21.172493163867205,49.18312209781547],[21.1728031797014,49.18306087108828],[21.172911130246316,49.18316057516552],[21.172693763985396,49.18324315855991],[21.17269852491162,49.183251319597105],[21.17279014439171,49.183405515427395],[21.17309202017966,49.18364065387326],[21.173104884338105,49.183650689050616],[21.173272660386193,49.183781253203],[21.17368831914715,49.18406820459003],[21.173634910558913,49.18423010124579],[21.173865247436996,49.184425638343434],[21.17407912581604,49.18443431526028],[21.17418231315228,49.18419799884116],[21.17388650864212,49.18405658593506],[21.173974558009085,49.1840317962131],[21.174130187371084,49.183987967236284],[21.174137945463535,49.183896568295786],[21.174365019553875,49.18394274673199],[21.174270902409784,49.18412056325814],[21.174381240757914,49.18415363464397],[21.174274203009222,49.18448993448669],[21.174420178057016,49.184533393680134],[21.17481713145043,49.18455698255064],[21.17501390209551,49.18456863305363],[21.175007365205175,49.18466214069496],[21.174776549718963,49.18505749141665],[21.17467427582614,49.18507769552401],[21.1746518462379,49.18515936296452],[21.17463190476432,49.185167290760006],[21.17460676266609,49.1851768561814],[21.174082398237978,49.185375141525085],[21.17386051194157,49.18547441975785],[21.173675980062818,49.18557180648989],[21.17335538849711,49.185734609034746],[21.17292540847074,49.185936025039936],[21.172557649181055,49.18615424190729],[21.172242884665504,49.1865177019205],[21.17183231644031,49.18722312231982],[21.171291590926632,49.187837412896876],[21.170500255410182,49.188343654293504],[21.169682552324623,49.18864444534801],[21.16919858397507,49.188858649970435],[21.169007535180054,49.189005517511774],[21.168936857374497,49.18911393830755],[21.16891841183928,49.18943446695437],[21.16901202459006,49.189742034550456],[21.16918494314999,49.189984841943456],[21.16933342192965,49.190218150840415],[21.169465695921026,49.19071498456266],[21.16955833448658,49.190877856348564],[21.169787654520256,49.19105365391993],[21.169872532381454,49.1912928003704],[21.169868100072055,49.191643474959974],[21.169606357467362,49.19253134485438],[21.16955729460606,49.192750089502496],[21.16939357060565,49.19291194766178],[21.169116167525868,49.19335543015779],[21.169072891906325,49.19365105425683],[21.168784437789544,49.19426279972779],[21.168596515761486,49.19475985818295],[21.168432781509537,49.19512120224037],[21.16812240308785,49.19573198885949],[21.16800586366356,49.19585130422586],[21.167765687224062,49.196038489934445],[21.16769889116274,49.196076635074505],[21.167712089902636,49.196087761474345],[21.167708669571436,49.19608945465553],[21.167694407260157,49.196096659269],[21.16769284070065,49.196097420340855],[21.16750647748471,49.19619096025535],[21.167171523312422,49.19626705712039],[21.166932914104834,49.19636498915287],[21.166615688154558,49.196427777175934],[21.166493176078045,49.19646516437042],[21.166213362845472,49.196514091225964],[21.16588582560412,49.196571332631926],[21.165231236123233,49.1964760778515],[21.164950015155767,49.19643520608514],[21.164409331041828,49.19642228964543],[21.16413840138801,49.196432331001844],[21.16385746781475,49.196316117507415],[21.163403314119968,49.19620373783784],[21.163197483124016,49.19617261018059],[21.162470508518997,49.196120618050706],[21.162060311903286,49.196126641495724],[21.161663686614183,49.19609735111485],[21.161036073532774,49.196215641062985],[21.159785810986303,49.19657011565187],[21.159521843659903,49.19659197795555],[21.158585021686545,49.196909028349026],[21.158383693734503,49.19709975770179],[21.157653240096995,49.19763177883338],[21.157182926412805,49.19787706420969],[21.156725675393652,49.197923269958146],[21.15654079157212,49.198029982935296],[21.155768292878356,49.19839476030484],[21.15414984670956,49.19883265830606],[21.15383058399808,49.19888715647877],[21.153544079893226,49.19883393817485],[21.152986258494085,49.19860842805701],[21.152644906340115,49.198537006756034],[21.15164717506006,49.19839468327388],[21.15142490995629,49.19835158458968],[21.150575431291365,49.19827261522143],[21.149811010109406,49.19824763233367],[21.14910669814367,49.19830582893052],[21.148420317244142,49.19845658944302],[21.14819566335564,49.198505952315465],[21.14786679619089,49.19855085928302],[21.147017282976314,49.1986669416702],[21.14631796421973,49.19861959271582],[21.146304310210347,49.19865400082958]]]}},{"type":"Feature","properties":{"LC":"Lesy Prešov","KLC":"PO-SL330","KPL":"SL330","RZP":2024,"RUP":2033,"PSL":1},"geometry":{"type":"MultiPolygon","coordinates":[[[[21.221902130473772,49.159900481301584],[21.221120788991822,49.160449298601876],[21.220666184518354,49.160932239131895],[21.22010577760242,49.16127723648709],[21.219936992566506,49.16137580863472],[21.219575656511537,49.16149876109159],[21.219200017570078,49.16172893347796],[21.218943131564863,49.16182522882693],[21.218684470689297,49.16191183662071],[21.218389830047922,49.16204063000487],[21.218155316263033,49.1621750641554],[21.218037274600217,49.16228942709053],[21.217924006462773,49.16232409019004],[21.217680478976334,49.16231097229449],[21.21681399748182,49.1626054327822],[21.216321718283385,49.16269749618108],[21.21478387937415,49.163132470254205],[21.214604747668467,49.16319911772453],[21.214140145753436,49.16329364987366],[21.21393825800796,49.16329315674183],[21.213195123285352,49.163277333292015],[21.212567923732824,49.16345278984682],[21.212364788303855,49.16342578947773],[21.21166284736306,49.163426896553716],[21.211172041664778,49.16340114823572],[21.210327918870963,49.1636169478241],[21.209966249806293,49.16375345441796],[21.20960008657229,49.16397317916579],[21.209471051302668,49.164007435318226],[21.209060190826783,49.164055093883064],[21.208613081900165,49.16427410500892],[21.20839529043306,49.16444450737529],[21.20816342946415,49.16471475526543],[21.20802239390909,49.16479922887366],[21.207842908320153,49.16502465100362],[21.20764598928102,49.16515303025202],[21.207500203408262,49.16520818932715],[21.206716281448912,49.165895827926896],[21.206299517094756,49.166353966284724],[21.205996497183865,49.166626502256726],[21.204838257133243,49.16767402112771],[21.20465940990183,49.167943478626476],[21.204515718409116,49.16811392524763],[21.20407892186534,49.168601771187674],[21.203773833647354,49.1689063749662],[21.203521796174684,49.16924242282578],[21.203290606533884,49.16946470214112],[21.203239411693133,49.16956141375438],[21.20324573980663,49.16965433123374],[21.203384617006552,49.16999523152446],[21.20345359518175,49.17017111348847],[21.203476814564137,49.17039697541601],[21.2034259849555,49.17056652480252],[21.20320869585758,49.17080723992601],[21.203032791442524,49.171189582011166],[21.203006562937205,49.171501227301206],[21.202799682576792,49.17193787908228],[21.20277131631514,49.172111906994104],[21.202822052771158,49.17236923077733],[21.202980811596532,49.172949932333175],[21.202814501030367,49.173150011232195],[21.202406478061498,49.17337570690077],[21.20213361624123,49.173722087582256],[21.201566514299312,49.174148263166],[21.200879996116704,49.174465580593896],[21.200150965531815,49.17509718349047],[21.199809386077302,49.17537768845567],[21.199403546597612,49.17577583117179],[21.19907414742153,49.176043479982205],[21.19851649441487,49.176260548687026],[21.198261583818123,49.176339309146975],[21.1978746795607,49.176420534343556],[21.19742572174198,49.176611632890115],[21.19606584790045,49.17713662325786],[21.19559485533194,49.17743460373422],[21.195263454730014,49.17754176389648],[21.194817494128777,49.17781630523605],[21.19407934180746,49.17750318435927],[21.193886849739737,49.1775010605702],[21.19362385964561,49.177412571576625],[21.19323599061403,49.177355300198286],[21.19269393751651,49.17707240365422],[21.19224052866456,49.17701956849403],[21.19168172123008,49.17705121725981],[21.191081274787916,49.17699811639626],[21.190596549529484,49.17690189894132],[21.189774708798964,49.17683441803567],[21.189287541207065,49.176815446745806],[21.188777414707396,49.17685364078807],[21.18815918761794,49.17686775591115],[21.188123777126076,49.17687322287687],[21.187699896649427,49.17698116808725],[21.187231901013757,49.17709718759823],[21.18690253360449,49.177215820654126],[21.18570910211898,49.17741344023876],[21.184712829993206,49.17775106508974],[21.18402487777928,49.17803484543987],[21.183722837993933,49.17816458570497],[21.183208873763398,49.178646440243504],[21.18288481102777,49.17889773931257],[21.182679945432135,49.1790147587622],[21.182227342439838,49.17935494250484],[21.181934095160965,49.17973377163697],[21.18163610471593,49.17995302445226],[21.181306788383615,49.18009504973124],[21.18129072662681,49.180085545691064],[21.181129671700553,49.18008150290082],[21.181173717427903,49.17922083643199],[21.179799599124603,49.17821087653913],[21.17890356756257,49.177773892676605],[21.17790483115994,49.177680451401855],[21.177141002793352,49.17754033834695],[21.17676052661635,49.17698938482717],[21.176001204818473,49.1767517314141],[21.17543213772475,49.17622268687915],[21.175113775017138,49.17590331639944],[21.173048300385954,49.174574370930884],[21.17230888620731,49.17458235470895],[21.171575073684764,49.17464533270774],[21.170312564104076,49.174136928376484],[21.169846528267986,49.173789056576304],[21.169402044817968,49.17348461895645],[21.16919212422001,49.17328115811297],[21.16895088685194,49.17273346027376],[21.168727962983397,49.17213241271756],[21.168419587090114,49.171705307784556],[21.168111317055327,49.1714631108196],[21.168058592334603,49.171421757099736],[21.168036002605795,49.171403944252724],[21.167998733456262,49.17137468819998],[21.167720450199916,49.17131239500322],[21.167388813946598,49.1710706331445],[21.166981022078154,49.170657148561766],[21.166114951992185,49.16977916736278],[21.165912946547927,49.1695579433278],[21.165395278795824,49.16869224107256],[21.16501562019257,49.1679409664502],[21.164558549134476,49.167370095045115],[21.16405898709336,49.16636613822809],[21.164044206430844,49.166337316875456],[21.163848291333252,49.16594280577012],[21.163193441822262,49.16579836464203],[21.163141088672067,49.16579527962051],[21.16233089714783,49.165747769118795],[21.159088655079252,49.165666281705334],[21.158478493524665,49.16559613762286],[21.15801645439375,49.165610500628866],[21.157155250084678,49.16577992520498],[21.156182469529167,49.1659713083985],[21.15539524211416,49.16615205104969],[21.155183426031385,49.16620065687922],[21.154793635782568,49.16628939052205],[21.153515876540578,49.16642712769073],[21.15248003151635,49.16639584728295],[21.151438473820257,49.165284906696776],[21.1510301127343,49.1648965482624],[21.150804189619866,49.16468813451467],[21.150228522168348,49.16391180879324],[21.15017641118396,49.163677004823434],[21.150020610823592,49.16350275833182],[21.149493260033715,49.16321921019079],[21.14882940560095,49.16297951690845],[21.148314791010602,49.1628743415729],[21.148009968395456,49.1627873954165],[21.147521881306773,49.16275291175765],[21.147270353852207,49.16280961260815],[21.146886430436663,49.16278111364675],[21.146722277958876,49.16286118600651],[21.14641984252859,49.162870816483114],[21.146002089536854,49.162968450632206],[21.145037042514325,49.16308634533079],[21.14475648269584,49.1631738127058],[21.144515820330874,49.16324885562802],[21.14343293517466,49.16338606251507],[21.14288369791173,49.163356109800034],[21.142857722060615,49.163354659040024],[21.142834347949343,49.16333834647802],[21.142579984473315,49.163160705340594],[21.142528537093593,49.16312478078067],[21.14233672307226,49.16299079632566],[21.142457158973933,49.16185219596418],[21.142422361572056,49.16172605305588],[21.142226588862034,49.16101821931253],[21.14209212425879,49.160531621044115],[21.142029105607573,49.16030384906973],[21.141725125534247,49.159204409830906],[21.140901318349044,49.15843225063463],[21.141019167010057,49.15834154036727],[21.1409922309163,49.15822617799982],[21.140967380392784,49.158119793949844],[21.14081337640335,49.15778354616062],[21.14047914810986,49.15720456622527],[21.140260554678775,49.15675554533038],[21.140227971919206,49.15672264650413],[21.14012879678153,49.15662282455164],[21.139980947175683,49.15647375047653],[21.139740557033267,49.155914299188474],[21.139259959865466,49.15564073024488],[21.139263141744117,49.15541261875291],[21.13926928662262,49.154981775704535],[21.13922058020027,49.15471268234048],[21.139207053238234,49.15463717404715],[21.139260979096235,49.154510414574254],[21.13930861176137,49.15439831009338],[21.139364536847108,49.154266752482265],[21.139405523090605,49.15417037210573],[21.139449319009717,49.154067508783655],[21.139478202710713,49.15399946345753],[21.139508706543783,49.153928048430075],[21.139285295535704,49.15352433443131],[21.13922241585424,49.15341071518052],[21.138981517286336,49.15318145509486],[21.13896137954275,49.153162273052196],[21.13892623757075,49.15313622465652],[21.138850877613706,49.15308036628044],[21.138682453720147,49.15295557590167],[21.13863677548332,49.15292163203867],[21.138630656790024,49.152917117298],[21.138498508845117,49.15255283826433],[21.138592317198192,49.15223270739294],[21.138624236324667,49.15216817918821],[21.138706058162064,49.152003591757946],[21.138725144464857,49.1517981290714],[21.138805748873455,49.15167995579547],[21.138935558910173,49.15152345803786],[21.139033178560506,49.151343705834115],[21.139213109436795,49.15119428469669],[21.139297047211823,49.15112221915934],[21.13957833141244,49.15093450184654],[21.139688722603783,49.150810608277496],[21.139743303160195,49.150732752657134],[21.139750176262375,49.150609366182714],[21.139824031735436,49.15034955012027],[21.139833847889637,49.150215993895074],[21.139839465584984,49.15013956057111],[21.139922264542435,49.149931701437005],[21.140092068238417,49.14980419493466],[21.140238160636407,49.14967998951345],[21.14032435942976,49.14960511403628],[21.14037346847567,49.149562464829636],[21.140546120945586,49.14939615716219],[21.140725085084473,49.14925786644521],[21.14093713558267,49.14901853362847],[21.140993980963326,49.1488668388764],[21.14093291976651,49.14871915843],[21.140893315019177,49.14861752875574],[21.14089626621303,49.14861285075816],[21.141039706072764,49.148392054164034],[21.141040019500426,49.14839152392555],[21.14111074671652,49.14828248956734],[21.141163057514678,49.14817755421368],[21.141197184539042,49.14810904409107],[21.14119846463033,49.14810656387098],[21.141209894720195,49.148083608848836],[21.141288641460665,49.147943859453456],[21.141334048039106,49.147897401833134],[21.141452928549324,49.14777548566156],[21.141583835305063,49.147603805829334],[21.14181830001703,49.14746645790391],[21.142335176994678,49.147202188618685],[21.14237907313663,49.14718188005656],[21.142502790756485,49.14712484349589],[21.142589154233416,49.14708499130348],[21.142777043241548,49.14693896764228],[21.142868880865056,49.146839511920746],[21.142969521455644,49.14673043161048],[21.14300641334191,49.14667281135707],[21.143092777226688,49.14653762279145],[21.143347402195047,49.146411531998645],[21.143563191286063,49.146257386310474],[21.14357542882689,49.14624958073078],[21.14377767349534,49.14612102383253],[21.143970144424518,49.14591248609346],[21.144143393308564,49.14581623162239],[21.144183305465102,49.14579408610843],[21.144454891371907,49.14562378668996],[21.14460459689908,49.14555847651562],[21.144766348041664,49.14548796511493],[21.144801781719114,49.14547260983504],[21.14484349191608,49.14545961338116],[21.14498167049236,49.14524656851489],[21.14509846247881,49.145124853109664],[21.14518872126858,49.14491029454146],[21.145569388531293,49.144536201374585],[21.145892160108417,49.14426659786569],[21.146083768952398,49.14402283020765],[21.146838448906298,49.14350335972851],[21.147400366237918,49.143065574192484],[21.147577182492423,49.142780106221885],[21.14792714559924,49.1425604192214],[21.148095526321377,49.14229448970946],[21.148304652351584,49.14204361957741],[21.148909203624758,49.14184744811338],[21.148945471892127,49.14183562896547],[21.14893903533469,49.14182048182132],[21.148515458333804,49.14080964500977],[21.14848248377205,49.14079339028679],[21.148448327396892,49.14077079654471],[21.148325056390117,49.1406405119445],[21.148192877105423,49.14048014792951],[21.14816084770673,49.1404379058493],[21.148141669226064,49.14040192093428],[21.14812815796058,49.14035414161578],[21.148116019001684,49.14025770234098],[21.148119845399982,49.140196156309464],[21.148121007185143,49.140176567630895],[21.148121792218728,49.14016398897425],[21.14813545212507,49.14011616694878],[21.148166102941204,49.1400649200871],[21.148201954678733,49.14000636532588],[21.148227423775882,49.13997151942549],[21.14826083447569,49.139925671091156],[21.148353587976274,49.13979842288879],[21.148374383044505,49.13975433697515],[21.148375767215843,49.13973358499376],[21.148366906516305,49.13971782114065],[21.14839483973262,49.13963813073671],[21.148447271536135,49.139521853290496],[21.148455452872177,49.13950383650271],[21.1484558663157,49.139500068520285],[21.148476075377697,49.13930301242361],[21.14849189725586,49.13914146757744],[21.148496744127037,49.13909219706658],[21.148499454964035,49.138995326188315],[21.14850528929109,49.13878098182325],[21.14851993521748,49.13866729289902],[21.14852834563143,49.13860310074016],[21.148423224581432,49.138504177152285],[21.148129939967692,49.13837041689346],[21.147718901373402,49.13817721368231],[21.147614218350526,49.138132227843805],[21.147507280839026,49.138086180464775],[21.14734274992333,49.13801535854432],[21.147072989819844,49.137942564560134],[21.146839636358028,49.13787100943819],[21.146787029876556,49.137854944509584],[21.146745989408625,49.137836453979936],[21.146725397447927,49.1378272514569],[21.146709327963595,49.137819992219114],[21.146492155401628,49.13772238998138],[21.146463730866635,49.137709609168816],[21.14635766785088,49.13764792397851],[21.14614552942385,49.13752473293672],[21.146023217326782,49.13741149024317],[21.145973496649756,49.13736544779187],[21.14596026036375,49.13735323653133],[21.145925484714386,49.13730172440484],[21.145793310521135,49.13710597735505],[21.145619374747145,49.13689972856533],[21.145439030602056,49.136580746034824],[21.1453296858255,49.1363712253841],[21.14531140981705,49.13633607856036],[21.145127321052808,49.1360831453217],[21.145096782995125,49.136041219337535],[21.14494905556514,49.13591916017952],[21.14493537827007,49.1358886597974],[21.14490487488818,49.13582008748738],[21.14490385997564,49.135484262670566],[21.145210953374704,49.13487783367816],[21.145611544965796,49.13424419895451],[21.145727798748798,49.13374418175495],[21.145693299205448,49.13328684589073],[21.14552514056052,49.13307870811702],[21.14530198963425,49.132937611899756],[21.14509587469807,49.13285791027417],[21.1458122141586,49.13272245474207],[21.147259340286663,49.13244892614679],[21.14944878707445,49.13203496124741],[21.150450565671,49.13184555739411],[21.15059135095234,49.13181894007183],[21.150404838834124,49.13129559446113],[21.150226792963352,49.13115295987404],[21.150123988722694,49.13100198591418],[21.149991961668956,49.130633850408614],[21.149980633866214,49.130466407075865],[21.150030212330275,49.13038514856751],[21.149909453725495,49.130308868520366],[21.149959120254668,49.13024138660514],[21.14980940355945,49.129888176798495],[21.14986842884276,49.12952444858796],[21.1498564951561,49.129339071098975],[21.149901249570213,49.12924874797115],[21.149798887450896,49.12905997698685],[21.149985573480112,49.12864455142591],[21.149996167101794,49.12838948528365],[21.15017840274233,49.1274804929239],[21.150256571268216,49.127349722486265],[21.150238083173267,49.12707591376183],[21.150148278447897,49.126884298133426],[21.150192799839736,49.12684393134322],[21.150160903999975,49.1266576537902],[21.14994264539873,49.12654174687792],[21.149881468927497,49.12646680629466],[21.149895938651945,49.12632547367811],[21.149661053778072,49.126223085401286],[21.14950172561041,49.12593384868798],[21.14908564065105,49.125524427034954],[21.14909709577743,49.12546357160509],[21.148983639389524,49.1253832893233],[21.148750991623118,49.12504456392687],[21.148700067224805,49.124919622193644],[21.148698440891064,49.12491560975608],[21.148543509859422,49.12477613167422],[21.14854703438245,49.12475985837949],[21.148583531217696,49.12458753225648],[21.14821307373581,49.12381035418272],[21.14803849810799,49.1232671226056],[21.147483189298068,49.123415775005185],[21.14680507859777,49.123013013293296],[21.145044450686857,49.123287515687714],[21.14508737134333,49.12341670780746],[21.14484821045324,49.12349071344268],[21.14457683239096,49.12344855810934],[21.14437752993757,49.123631762775496],[21.143078108515006,49.12404153561699],[21.142768357371615,49.12421566430481],[21.14124165906056,49.12444925363232],[21.140661176666594,49.12441909791113],[21.140465697808214,49.12442299653764],[21.140467138124336,49.12455465940363],[21.14040693759434,49.12466087546003],[21.138831529587257,49.12453774195863],[21.13907070282948,49.12417440634697],[21.139367051240953,49.12364705258481],[21.139562501500066,49.122896662657176],[21.139675240401022,49.12218542686625],[21.13962323701262,49.120555666974624],[21.139574671220032,49.1202458819934],[21.139285384735746,49.119480690251656],[21.139057806581484,49.11911527449932],[21.13869638726556,49.11869547694931],[21.138595788731347,49.11844436122182],[21.138833397276706,49.11793954604125],[21.13919587436206,49.117712001329735],[21.139595322893374,49.117388127758495],[21.139899284623624,49.11704592673916],[21.140289461832737,49.11641864077668],[21.14046862803499,49.11617142772392],[21.14107880967076,49.1153736599461],[21.141208107369415,49.115129369445384],[21.14129269653017,49.11482154661547],[21.141322435895326,49.1145958025067],[21.141408004311764,49.1143512086778],[21.141544958417143,49.11416135559791],[21.14167177212186,49.11404797360525],[21.142109147095777,49.1136570526663],[21.142549615684505,49.113106162265744],[21.14274616995522,49.11280295990028],[21.143186747729814,49.112298974268846],[21.143407043347622,49.112113195062484],[21.143972561176174,49.11169301016616],[21.143965613740416,49.11134655149209],[21.14397627810195,49.111300255312884],[21.143978272217044,49.11129176591145],[21.1441085801388,49.11100906356684],[21.144106966101184,49.11091142461689],[21.144111899877547,49.11085351398139],[21.144133758019393,49.110806041238384],[21.14413110751116,49.110685142867226],[21.144127243631463,49.1106219126481],[21.144110201850136,49.11035696817351],[21.14410524406827,49.11014975213174],[21.144137613923984,49.11005057681188],[21.14412595405069,49.10996837473969],[21.1441138341643,49.109883097242005],[21.14410692371422,49.109840836718035],[21.14411753182764,49.10979904002597],[21.144121409834785,49.10978916976748],[21.14411665813541,49.109736174396346],[21.14411523530501,49.10969948891206],[21.14411434889461,49.109676054179296],[21.144102677963,49.10963139250004],[21.144077588612387,49.10953598215605],[21.1440302952434,49.10941799351642],[21.144003370982865,49.109375640360696],[21.14395749212228,49.10928884533138],[21.143973478374164,49.10901297147927],[21.143845002952908,49.108990364046086],[21.143599836304535,49.10894714183133],[21.143578379386685,49.10888821662008],[21.143530999944645,49.10875834155472],[21.143475779089812,49.10857087201378],[21.143334324210855,49.10823177263119],[21.14327619595778,49.10810263778634],[21.143263455427714,49.108076307420355],[21.143221637123315,49.10799027057087],[21.143205092145816,49.10795598762764],[21.14313362781954,49.1078591103372],[21.142954621534262,49.10768050926398],[21.142928730620724,49.10762783547077],[21.14286917711924,49.10728268300078],[21.142822281459143,49.1070621666144],[21.142791282474427,49.1069258771277],[21.142606460730494,49.10667336008569],[21.142354919116446,49.10642755469288],[21.14232239219109,49.10638124268131],[21.142245694494896,49.10632957222852],[21.142071599246314,49.106200008910776],[21.14177592866051,49.10598197445063],[21.141724047623182,49.10593595016768],[21.14167704869784,49.10589440157477],[21.141631735972023,49.105854166675265],[21.141570460343516,49.10577921677839],[21.141563247780258,49.10577286679867],[21.141559212943083,49.10576058561453],[21.141537700499942,49.105724884807984],[21.141529635795965,49.10570212311567],[21.141516839078452,49.10565976606345],[21.14149674250023,49.105614117148164],[21.14148617248838,49.1055134036082],[21.141474091114194,49.10539778793423],[21.141473296644147,49.10534509752647],[21.141472464266492,49.1052910555266],[21.14146779820884,49.10524067331956],[21.14146557312567,49.105192528973426],[21.1414623591353,49.10514291291806],[21.141457022278225,49.105062440760165],[21.141450241617115,49.1049269169569],[21.14145047892455,49.1048265453416],[21.141445003679518,49.104770375846726],[21.14143967018968,49.10471601135788],[21.14143658481371,49.104660907766934],[21.141431607352132,49.10457180445369],[21.141431445832037,49.104570268898634],[21.14142336160218,49.10448052711988],[21.14143057232063,49.104428990254505],[21.141410980712024,49.10426812380243],[21.14140434858113,49.104194092506866],[21.141412854718233,49.10415853125613],[21.14141945395206,49.104068623898165],[21.141430765218818,49.10393880400014],[21.14143551517547,49.10388529871287],[21.14144255933507,49.10383042560038],[21.141456482801036,49.103737869152155],[21.141504441377595,49.103273141166696],[21.141510625006692,49.103181420108804],[21.141519948277246,49.103089888419774],[21.14152607752401,49.10303066508609],[21.14154021643021,49.10289220207727],[21.141550731145106,49.10278630388992],[21.141555192471568,49.1027423322253],[21.14156833578078,49.10260995948136],[21.141605708599496,49.102248336472776],[21.141619431669355,49.10208564322151],[21.14162428177664,49.10202890012739],[21.14168198448788,49.101343555855536],[21.141685031579115,49.10130764178131],[21.141720115948587,49.10109674014989],[21.141696195346032,49.10094068799839],[21.141718304799706,49.10080382749419],[21.141765851970334,49.10072574877976],[21.141784244597556,49.1005554609434],[21.141819735873693,49.100226907816385],[21.1418469147177,49.09997425385393],[21.141854776727886,49.09989140837918],[21.141946650764638,49.09912333038704],[21.141945206733308,49.099083222999155],[21.141940947373755,49.09898432938984],[21.14194287988895,49.098926233553705],[21.141978191989256,49.09868977148487],[21.142316876132256,49.09807624510398],[21.142799454813233,49.097168112685274],[21.143446533274847,49.096003835478314],[21.14355932968881,49.095933221552734],[21.1437528399161,49.095883615749315],[21.143622167514515,49.09564469420099],[21.14333007232057,49.09551698047462],[21.143272864220627,49.09554370921484],[21.1431505583314,49.095514092813545],[21.141494037935992,49.09511318746978],[21.13934942493758,49.094593902114404],[21.136542184945807,49.09391961844881],[21.135941626528666,49.093770135648825],[21.135343363712003,49.09362117253826],[21.134897034441142,49.09352761858659],[21.134630165810318,49.09343201101665],[21.134263367459493,49.093256170903786],[21.133804789484966,49.09300674759476],[21.13267641714571,49.09248345899848],[21.132465931453396,49.09237063916422],[21.132333924423662,49.09227741409177],[21.13208473922935,49.09200680849745],[21.131900345035838,49.091828195348214],[21.1315644612617,49.09156969171827],[21.131322498286448,49.09143390399046],[21.130783223809534,49.09110979464573],[21.130474245793682,49.09096638607713],[21.13010874109561,49.09084602952106],[21.129686754148338,49.09075556793658],[21.1291004475262,49.09068509418582],[21.12841247054491,49.090653160788776],[21.127396990381577,49.09045219000767],[21.12708954234185,49.09041100174936],[21.127027908464033,49.09039355860841],[21.12634933786865,49.09034192564399],[21.124812036732877,49.09021878544079],[21.124192413062463,49.09016901393978],[21.123704971655748,49.090105707664954],[21.123632224265403,49.090092140520014],[21.12344628968412,49.09005759797304],[21.123150554174032,49.09000263731809],[21.12300674593584,49.08996565287052],[21.122933699337946,49.08994685415112],[21.122922540647526,49.08994388837984],[21.122750347482686,49.089899608680916],[21.122662776504963,49.08987701670206],[21.122575472493633,49.08985452317564],[21.122436912464224,49.08981887532219],[21.122401535235294,49.08980973731449],[21.12229956355933,49.089783535913945],[21.122279683802713,49.089776151328714],[21.122209889628916,49.08975043345219],[21.122140499168484,49.08972481840432],[21.121839575646522,49.08961387200768],[21.121434477772546,49.08944901395542],[21.12098646350597,49.089245336877966],[21.12063974298522,49.089084494549155],[21.120304927451972,49.08893510352317],[21.12000815335464,49.08887019840883],[21.11990339694735,49.08885948097328],[21.11964394779097,49.0888330347983],[21.119627530786968,49.088832602109974],[21.119611667425406,49.08883209701943],[21.119312515485305,49.08882356190253],[21.118896343794933,49.08879032290657],[21.11859683892257,49.08872901829028],[21.11852674373906,49.088716702675185],[21.118393728414283,49.08869329015358],[21.118013847869634,49.0885751370339],[21.11762242258899,49.088553935170495],[21.117593210900566,49.08862466690071],[21.117582371816237,49.088650789844706],[21.117094584383043,49.08867225057626],[21.11700381691639,49.08867629068149],[21.116892977421568,49.08868113160049],[21.116842640728873,49.08868339888915],[21.116511421347933,49.08871929894031],[21.116500778603164,49.08872049026701],[21.11641641328455,49.088728785202065],[21.116345582401,49.08873571083428],[21.116194600331298,49.08875511676717],[21.116189512502554,49.0887516235787],[21.116184301193503,49.08874794639839],[21.116184040959862,49.08874775804855],[21.1161796117904,49.08874833711745],[21.116074365897887,49.08876280848819],[21.11572409559028,49.08879494818454],[21.115558230816262,49.088806136516794],[21.11537969041703,49.08881448979975],[21.115376087006837,49.0888113139769],[21.115245979461424,49.08880977733857],[21.11515081287026,49.088806563551366],[21.1150188478414,49.08879677487754],[21.114928766341762,49.088789671748735],[21.114859112800005,49.08878808133995],[21.11481702619197,49.0887862894264],[21.114732432093394,49.088771708690494],[21.114662817060402,49.088858617146116],[21.11465923360455,49.088864444759274],[21.114649327626402,49.088920576631686],[21.114616385991827,49.089010184787334],[21.114631586835337,49.089014090507234],[21.114630370658062,49.089017562833035],[21.11461843857008,49.089051033018016],[21.11460193519282,49.08907958595911],[21.11458333133108,49.08912913853382],[21.114582972841998,49.08913398862843],[21.114572952510084,49.08920650198479],[21.114563193761708,49.08925507617136],[21.114557329240053,49.08927136435648],[21.11452174143767,49.08924655226992],[21.11448358399992,49.08936777405767],[21.11446890089664,49.08935686262795],[21.114366419416307,49.08928013202127],[21.114355726115104,49.08927087826987],[21.114317910582656,49.0892372623471],[21.114258134750973,49.089374630047146],[21.11425712832572,49.08937711874721],[21.1141618868938,49.08958258726649],[21.114126167836826,49.08965968284568],[21.114096204486177,49.089723817824726],[21.11415525454778,49.08975018841724],[21.11401559819093,49.089959372198564],[21.113916268928474,49.09009772918471],[21.11386325016923,49.09017148215981],[21.11362799003299,49.090461163027896],[21.113603541686917,49.090493333691875],[21.113294692947857,49.09080119359183],[21.113050015589533,49.091045739016856],[21.112972799761774,49.091092611672096],[21.112919065581767,49.09112780935664],[21.112919673270294,49.09113998255481],[21.11291992534005,49.091145842431814],[21.112631677888416,49.09132516730027],[21.112562341709783,49.091367429527494],[21.112302641032755,49.09152587741566],[21.11209304251241,49.09165189248996],[21.111963072131623,49.09172994182067],[21.111767108648497,49.09184765862003],[21.111673242121785,49.091904622570276],[21.11161973207146,49.09193676589259],[21.11156793617322,49.091967973574626],[21.11123898003242,49.09216562253149],[21.110852559564623,49.09240248970405],[21.110571727179757,49.092574033990246],[21.110518046740975,49.092610312712026],[21.110370408518133,49.092710303607845],[21.110314695705885,49.09282961355293],[21.110272847527035,49.09291902644629],[21.110190083655155,49.093118588479285],[21.10988361355253,49.093743866154014],[21.109878276949562,49.09375855048518],[21.109863402995842,49.09379651780659],[21.109855290115775,49.09379499844094],[21.109844708974002,49.093819418480145],[21.109323957605916,49.09514286669255],[21.109183057911988,49.09552206926635],[21.109164147125128,49.09557566258988],[21.109202321802414,49.09565259515543],[21.109167759256973,49.095706499048525],[21.109164893627266,49.09571928161356],[21.109136958524317,49.09579662439137],[21.109119634207673,49.09579174994168],[21.10909181224979,49.09584163768167],[21.109086106723154,49.095850188275456],[21.109004174703884,49.09597172156047],[21.108975801664947,49.096019791115744],[21.10898608132001,49.096027231549904],[21.108862322198814,49.09614337806406],[21.10888720280861,49.09610915142002],[21.108902970147547,49.09606284009696],[21.108902613499136,49.09602321624255],[21.10887105205758,49.095979175016836],[21.108790432621348,49.09598668416826],[21.108625618036918,49.0961425725318],[21.108363771706475,49.096385030566175],[21.108072476301675,49.096640051901296],[21.107901580692715,49.09684652115607],[21.107826023931572,49.096974469270236],[21.107764735072355,49.0970745140737],[21.107675210275577,49.09712819274831],[21.107589976368633,49.09726276385298],[21.10683182023186,49.098239933385365],[21.106810549917785,49.098371595654214],[21.106701348000747,49.09848541426159],[21.106667956369755,49.098512346399076],[21.10656720753091,49.098593484538014],[21.106306931253837,49.098808890091995],[21.10625558177629,49.09885613499457],[21.106176574429742,49.098928784533854],[21.105920105068485,49.09916492744201],[21.1059080571683,49.09917579605042],[21.105773067875038,49.09929527199044],[21.105764262032825,49.09930309318172],[21.105696418002207,49.0993508911658],[21.105493473886483,49.099484490592026],[21.10536582556936,49.099565938601366],[21.10536266994172,49.09956781838718],[21.105345901049144,49.099577635797104],[21.105254467588367,49.09963107174651],[21.105239706786172,49.09963969291554],[21.105037292765072,49.09974575984929],[21.104953943279153,49.09978630977629],[21.104910136871535,49.0998075969339],[21.10488142846278,49.09982126404059],[21.104781055430255,49.099867661807124],[21.104583201207625,49.099960279440566],[21.104567836178333,49.099967800876605],[21.104496401773105,49.1000029695057],[21.10447945221528,49.10001152062677],[21.104101448196936,49.100190928536705],[21.104039591548872,49.10022820363512],[21.103604132315148,49.10043170158768],[21.103594471421076,49.1004362542674],[21.103549276057098,49.10045776662679],[21.103252973697163,49.10060215206036],[21.10279277143578,49.100815659484766],[21.10270472772434,49.100856597971514],[21.102553219813796,49.10092872744192],[21.102205329919663,49.101095678347356],[21.102201633599876,49.10109745073288],[21.10220896439869,49.10110767835415],[21.102197922072804,49.10111236680222],[21.10211327033596,49.10115377346624],[21.102059736859413,49.10117861975488],[21.101839758263427,49.101286550510984],[21.101352215962937,49.10145812509847],[21.101240448805367,49.10149353214555],[21.100711313441646,49.101632443659234],[21.10056156600994,49.10163089355988],[21.100417328125992,49.10156064763537],[21.100370033286172,49.10151249950344],[21.100322547872697,49.10145768312948],[21.10018747279862,49.101304633609146],[21.100194276872354,49.10127946324454],[21.100208200440314,49.101254430665456],[21.100184281150057,49.101227556960495],[21.100131607982394,49.10116690267754],[21.100106269679124,49.10117023318395],[21.099854738409707,49.10090335148124],[21.099636502848316,49.10071252865392],[21.099617567135127,49.100720115249075],[21.099380281636527,49.10055136943743],[21.099249086136968,49.10047910854355],[21.099225371969865,49.100466105599715],[21.099044219985082,49.10036865791576],[21.098801856498405,49.10026096782293],[21.09862827653206,49.10018158752875],[21.098465438211353,49.10006833989246],[21.098236143266323,49.099806847502535],[21.098039240999448,49.09954675184125],[21.09796052257055,49.09943808733383],[21.097940098116034,49.09940664348242],[21.09777463659672,49.09908138271242],[21.09776622245963,49.099058065885444],[21.097740883595414,49.09899864569074],[21.097722924514873,49.09895431656866],[21.097632122075684,49.098731468266365],[21.097574479204315,49.09860304172091],[21.097571623139785,49.09858242366654],[21.097545585580306,49.098423499063585],[21.097544754803124,49.09841807072341],[21.097549319945696,49.09832152584314],[21.097556179717248,49.0981977756743],[21.097562232429528,49.09808858434383],[21.097569016128734,49.098000933335655],[21.097577597458972,49.09789092268422],[21.097606315506663,49.097816218020895],[21.097640331146895,49.097747714936254],[21.097663398478495,49.09770109839621],[21.097673543244134,49.09770295375306],[21.097805884348556,49.09740334393505],[21.097833330885233,49.09733282986714],[21.098026115338794,49.09708143019732],[21.097979471460885,49.0969359803472],[21.09796458749217,49.09685024632952],[21.09792652823719,49.09673874215322],[21.09788862999185,49.09665461191658],[21.097830409439666,49.09656722005592],[21.09774717946208,49.096463992441294],[21.097607581785027,49.096290897707355],[21.0974599990514,49.09612195845762],[21.09728993314573,49.09592348961498],[21.09725197032567,49.095873478025425],[21.097233119043747,49.09584856642149],[21.097169923522973,49.095765426221014],[21.097168182178518,49.0957630296933],[21.096940941342396,49.09542993611954],[21.096916813028123,49.09539486219604],[21.096804768302814,49.095205273172716],[21.096635978926205,49.09491402400919],[21.096418409407462,49.09451911878091],[21.096404302517413,49.09449309858247],[21.09639377154587,49.09447799643542],[21.096297695678047,49.09430602384382],[21.096187113583486,49.09409865507861],[21.096093137296272,49.09392981050518],[21.09602716775865,49.0938157906299],[21.095858504263596,49.09352850520474],[21.09568954922042,49.093237788989065],[21.095510936416115,49.09292947734062],[21.09536768551753,49.09268216797912],[21.09521968964324,49.09242678373224],[21.09520833242527,49.092404362590486],[21.095166705942514,49.09232623358425],[21.09506078906506,49.092129996384436],[21.09494886239319,49.09192978520147],[21.09463668888796,49.09136204788308],[21.0943053915885,49.09075660423339],[21.094129228131656,49.090439545248884],[21.094073890317073,49.09034306027245],[21.09386179392971,49.089954355717985],[21.093602919793586,49.089477632461694],[21.09352472239503,49.08933647978116],[21.09347272127435,49.08925783719667],[21.093463086236518,49.08924177309363],[21.093515561899316,49.089196010167555],[21.093438814149373,49.08919210880548],[21.09325027439087,49.088768776401295],[21.093016061563265,49.08808955535822],[21.092825231462857,49.08788888152909],[21.09211612182954,49.08734171491896],[21.091778919327922,49.08707080213515],[21.091233568358565,49.08666086620456],[21.09082159961924,49.08635775147141],[21.090407308556888,49.086049068737196],[21.09028645063318,49.08599513340617],[21.09025763625345,49.08598079419011],[21.0901913295037,49.08595084688656],[21.090091270294966,49.085897398811845],[21.090064096938193,49.085883112214],[21.089984273940637,49.08584507842904],[21.089893284964116,49.08580605597383],[21.089861299001036,49.08579197496992],[21.089769366385497,49.08575274206223],[21.089611213711933,49.08568977625761],[21.089552873709465,49.085672508412905],[21.089491238574126,49.085655314819206],[21.089320071359133,49.085601473973675],[21.089231016148695,49.08557331662757],[21.089090149885642,49.085539624551636],[21.089059187238227,49.08553205831655],[21.088975056932206,49.08551324192632],[21.088966472574967,49.08551071557118],[21.088659690140126,49.08538211620707],[21.088428068657326,49.08524368540742],[21.08822577355098,49.08507036393681],[21.088102402126683,49.08495818611173],[21.087933883778298,49.08480620547725],[21.087865451120187,49.08470542491852],[21.087775996535797,49.08457218857307],[21.087741619813315,49.084411641413425],[21.087723809239687,49.08430474398034],[21.087671841676432,49.08428659941685],[21.087660969492543,49.0842853499249],[21.08764779282075,49.084283756326194],[21.08764371742372,49.08428326531213],[21.087641581406515,49.08427329340868],[21.087561775749634,49.0839036778681],[21.087560470548404,49.08389175198561],[21.087562870618154,49.08387976505311],[21.087570627160407,49.08386578944526],[21.08758133841962,49.083852628979486],[21.08759681907813,49.08383800116045],[21.08758057612681,49.08382604564391],[21.087496442544957,49.083733673436],[21.087489607056092,49.0837260714203],[21.087458690585986,49.08369212739815],[21.087205118741227,49.083572525179235],[21.08706605299104,49.08350737772144],[21.085947922711647,49.08305425435054],[21.08596873859085,49.083028724469656],[21.08617512474909,49.08311377240142],[21.086221400031018,49.083072134865944],[21.086345835579404,49.0829600842545],[21.086487207761603,49.08283777407081],[21.086611903697957,49.082718529162754],[21.086877562305553,49.08251189204664],[21.08688977979673,49.08250427186608],[21.087040435239192,49.0823750569034],[21.08717151802115,49.082258357415455],[21.0873501487199,49.08209393869273],[21.087575882073093,49.081885927621556],[21.087590676121998,49.08186578592454],[21.08763093855452,49.08181099042329],[21.0876441780421,49.081793319629874],[21.087681634288508,49.0817651729094],[21.087992856296733,49.081531817555806],[21.089271790943652,49.080621178949784],[21.09023893179586,49.07993099647497],[21.09189742355725,49.07872344144337],[21.09478056545508,49.076653216697395],[21.09530316813545,49.07629085570158],[21.095992901838045,49.07581293957806],[21.097856878204524,49.074451190162634],[21.099635318597176,49.07316229945527],[21.10079224649072,49.07235549405683],[21.101631223411825,49.07171694075668],[21.10244430528485,49.07116308140516],[21.1034041122232,49.070476255834286],[21.10532324292847,49.06911544182064],[21.106865696551097,49.068008776403545],[21.108261553022892,49.066991759064855],[21.10897462891346,49.06649489223341],[21.1094281199889,49.06625450592899],[21.109510425984695,49.06622355406297],[21.109809070208563,49.06611119338401],[21.10988446058914,49.06609037375035],[21.109970315395074,49.06607997156296],[21.110048215426314,49.06605671116166],[21.110199610790318,49.0660086090715],[21.110417654270815,49.06593931761405],[21.110721173689033,49.06582026817436],[21.11095339638254,49.06568705764364],[21.111380048806502,49.065431402585624],[21.111844069080426,49.065120580709596],[21.112285177426017,49.06483234336493],[21.112564764023777,49.064655086922954],[21.112726668871197,49.0645277314093],[21.11291882222877,49.06438594606434],[21.112978573093248,49.064374618656366],[21.11307987679282,49.064355344286724],[21.113217829646015,49.064288803697295],[21.113306572054686,49.06424112923154],[21.113381871164613,49.06419923773495],[21.113634935361524,49.06411566315025],[21.113712107781904,49.06407437140181],[21.113787430161935,49.06403401089709],[21.113852099816388,49.06401914880969],[21.114073915591803,49.06395609324774],[21.114465332167395,49.06378195023551],[21.114539719244384,49.06374867173336],[21.11461133935777,49.06371575506605],[21.11473869473608,49.06366093861913],[21.114869178965396,49.06360271071149],[21.11500648247534,49.06354118904599],[21.1151318915904,49.063490451451024],[21.11528654793266,49.06342399118074],[21.11540163085793,49.06337022309411],[21.11554041130206,49.06330352625785],[21.115647372288215,49.063248418569046],[21.115785240317802,49.06317737096947],[21.11597669098403,49.06308201352216],[21.11607718311085,49.06302543877659],[21.11615674841336,49.06298323149849],[21.116263928348687,49.062928850495574],[21.116328840655704,49.062892117792],[21.116444275335564,49.06283169781327],[21.116434766960825,49.06282131139498],[21.116500389266008,49.06279351411025],[21.116504665069765,49.06279869206386],[21.117030824880406,49.062552852615916],[21.11706141970898,49.062541133888224],[21.117285121822594,49.062437529608005],[21.117368709639766,49.06238905773126],[21.117376578502064,49.0623845370333],[21.117431113774636,49.06235287470526],[21.11744403982008,49.06234851520857],[21.117746263268376,49.062123983391984],[21.11774477657911,49.06211628354642],[21.11787200637112,49.06201851608936],[21.118088318447192,49.06189432830099],[21.118298595396677,49.061785072660676],[21.118519032997998,49.06166992846917],[21.118701193446086,49.06157778192092],[21.118822155685947,49.06151663560388],[21.118993189331007,49.061436017883935],[21.11903733328982,49.061415187334404],[21.11907441547462,49.06139908334774],[21.119441516724233,49.06124017505299],[21.119664431085585,49.06112852884222],[21.119671823250595,49.06112489310229],[21.119937836929385,49.06099355270691],[21.120244397384074,49.06085296992866],[21.12040041538996,49.06077898424915],[21.120467201560686,49.06074834101897],[21.120687683070976,49.06064732891449],[21.120679737294566,49.06063618235878],[21.120834022909897,49.06056709254351],[21.12094834132488,49.06051608587684],[21.12105884761361,49.06046846882424],[21.121176820299468,49.06041991907087],[21.121244597170673,49.06039254800778],[21.12144253504614,49.06033340026537],[21.121528976626383,49.06030743364963],[21.12161069167517,49.06028239681566],[21.12172300321783,49.06024744067499],[21.12179157920005,49.060225946622744],[21.122019722375274,49.06017703264631],[21.122184862409274,49.060148349511195],[21.122255275812535,49.060135376394655],[21.122488441065865,49.06009823511665],[21.122638548209274,49.06007276396559],[21.12276521284531,49.06005122789427],[21.12276801255162,49.06005041672802],[21.122877906186666,49.06002222472793],[21.123095528421917,49.059995210895316],[21.12338479801412,49.05995148095107],[21.12397164375909,49.05987211577746],[21.12434474382769,49.05983780326048],[21.124741232222704,49.05975192706312],[21.125020834604566,49.05971292717932],[21.125222183148395,49.0596966453072],[21.125331792103665,49.05968158617311],[21.12569745940556,49.05961237197108],[21.125770483426408,49.059597409161945],[21.126291219747046,49.05949108194485],[21.126400171052357,49.05947005903361],[21.127456838266507,49.05899319629474],[21.128697657901757,49.05843737070045],[21.128728150490126,49.05842510564333],[21.130995099557147,49.057335046457204],[21.132946291962366,49.05640957677017],[21.13553789362802,49.055225488334315],[21.13765553987389,49.05426003123048],[21.137829359113095,49.053976462615545],[21.13788792199871,49.054135958465714],[21.138003089170002,49.0540412092959],[21.1383979944894,49.053681013275614],[21.138708258585815,49.053428867418575],[21.138760057735993,49.05338936662403],[21.139143970561033,49.05309670096591],[21.139584613048104,49.05276072806192],[21.13961067409973,49.052741567789404],[21.139831319588104,49.052579397802006],[21.140098439206927,49.05238304905997],[21.14034760353131,49.05219990509974],[21.14061515543563,49.05200320886384],[21.140960305828113,49.05174946205723],[21.141308350463166,49.051493555306266],[21.141368140642445,49.051449625148656],[21.141589067865816,49.0512871909686],[21.141733117785236,49.05118128960948],[21.141763077550653,49.05115937149736],[21.144731698090837,49.048989526038596],[21.144833926416222,49.04891587786089],[21.14489980338129,49.04886916777934],[21.145584537309993,49.048384070899374],[21.145614584331547,49.048362784839256],[21.145862622733723,49.04818697677166],[21.145943810891314,49.048129407121955],[21.145990199554205,49.048096304233816],[21.14610466382948,49.048014489551996],[21.146141800608724,49.047988026019404],[21.14616954904005,49.0479681975745],[21.146394772765436,49.04781399351394],[21.147043912573647,49.047369445524],[21.147104920976776,49.04737047502791],[21.147405590460508,49.04737548377034],[21.147488617756565,49.04736010424111],[21.147642740829024,49.04737821278201],[21.147815349754048,49.047405728440246],[21.147871835853135,49.047406794577824],[21.147971916626144,49.04737547895781],[21.14804780161492,49.04733043413577],[21.148140231843687,49.047261424954],[21.14818499827183,49.047227999873094],[21.148218898575777,49.04720269376849],[21.148376817495357,49.04708470959899],[21.14843846926092,49.0469889790745],[21.148443263850425,49.04698147833166],[21.148511865076348,49.0468675118535],[21.148646697192145,49.046765542502314],[21.148823846288714,49.046596219883185],[21.148930345649458,49.046477149472146],[21.148953412421537,49.046450150247985],[21.148969282964135,49.046431656183486],[21.14897427184,49.046425241895335],[21.149042486698978,49.04633899143168],[21.14901718930801,49.04626544934558],[21.149008494989943,49.04624014679681],[21.148961235142316,49.04617851420112],[21.148889859200445,49.0461376357149],[21.148814334194203,49.046058004148975],[21.148877487118366,49.04599788179825],[21.14891987403523,49.04595951974856],[21.14897251154499,49.04591770060839],[21.149037649075886,49.04586601349346],[21.149105290605885,49.04581566589584],[21.149224492985166,49.04572697605783],[21.149337072902043,49.04565392161102],[21.14947323074482,49.045565587497606],[21.1495334771531,49.045518967113054],[21.149583710656607,49.045480042638246],[21.149749071800745,49.04535193890065],[21.149872588086236,49.045241688170755],[21.149947305636996,49.04517508874364],[21.149976167816572,49.04514935285455],[21.150037290954906,49.04509447740808],[21.150145304225113,49.04499769068273],[21.150151847042913,49.0449924958236],[21.150206340269584,49.044945873341405],[21.150267368298977,49.04489603632464],[21.150393626865608,49.044796945160456],[21.150436397875133,49.0447551737046],[21.15048787015462,49.04471988913016],[21.150545962614604,49.04468022234868],[21.150592963870206,49.044646146846056],[21.150639965062176,49.04461207132414],[21.150696170656236,49.04457198473415],[21.1507432820706,49.04453827276763],[21.150794429396054,49.0445018074419],[21.150853811491213,49.044459480447415],[21.150930116248034,49.04438986967174],[21.151010275316512,49.04430687651334],[21.151127235421995,49.044175711076974],[21.151165970521667,49.04412543928985],[21.151221896279505,49.04397866098562],[21.15128312572108,49.04392603900081],[21.151375812139854,49.043866488503454],[21.1514330661513,49.04383264662043],[21.15149301335125,49.04379942996973],[21.15158337673672,49.04374916878585],[21.151654689063406,49.04370847874283],[21.15167040821312,49.04369952248794],[21.151713398439025,49.043677203484215],[21.151785527579317,49.04363095746649],[21.151824476028843,49.04359086533658],[21.15188158164142,49.043534691735516],[21.151920691579427,49.04349613514674],[21.1520529544999,49.043457190372955],[21.152200569811626,49.04345177053199],[21.152536350168944,49.043667459909976],[21.152595605824903,49.04370552263883],[21.15270190889914,49.04367512000834],[21.15281107001761,49.0436318435994],[21.153021634008027,49.04354837648037],[21.153093665725894,49.04349969587745],[21.153189784208426,49.04343061947775],[21.153336855288593,49.04330895558464],[21.15348815701688,49.0432043502822],[21.153643714579555,49.043118334813315],[21.153722037306927,49.04307912533481],[21.1539062585963,49.04298690248339],[21.154059349522065,49.04291026149133],[21.154159702498628,49.04286004375935],[21.154222313737577,49.04282781017566],[21.154391155302438,49.042730509627425],[21.154562663993588,49.042611686478466],[21.154728244646687,49.042482142753],[21.154941673473648,49.04230684487002],[21.155040469528334,49.04223479066267],[21.15511943069774,49.042179305510096],[21.155215794298908,49.04210492370083],[21.155498370593754,49.04191470229505],[21.155650885615362,49.04181211331067],[21.155597432905914,49.04176397214509],[21.15588045589744,49.04160509351592],[21.155828157354613,49.04156365090192],[21.155626365913246,49.04140153486043],[21.155503974690944,49.041297921577964],[21.15536272766733,49.041174987282865],[21.15517217656334,49.04101088441193],[21.154811708964672,49.0407039452892],[21.154717233565037,49.04061939786832],[21.15461886428851,49.04053004599655],[21.15452500164959,49.0404446174641],[21.15436973698899,49.04030368384795],[21.154329799316507,49.04026740218675],[21.154086964180067,49.04005429198315],[21.153840775777386,49.039838374474314],[21.15376192697001,49.039770524560865],[21.153693171735668,49.03970884512588],[21.153477625715073,49.039519642265724],[21.15332486715131,49.039385718291044],[21.15324702860536,49.03931717965868],[21.153205110235334,49.03925742781808],[21.153127550643585,49.03919069845323],[21.152381873221618,49.038543252490896],[21.152362965302036,49.038526540208814],[21.152293647312536,49.03846511211361],[21.152277307706317,49.03845073164589],[21.151920915292223,49.0381353582383],[21.151624331384497,49.03787291915293],[21.150762902750547,49.037125473843304],[21.15070682484319,49.03712460168664],[21.150629793934893,49.036848482423714],[21.150520843276723,49.03635348676706],[21.150517559247852,49.03630476793216],[21.150514656181,49.03626956531332],[21.150482158061912,49.036227125266805],[21.15027093724954,49.03527695647073],[21.150145598318037,49.034710319846816],[21.150124963022765,49.03463674488877],[21.15011423204256,49.034540075778025],[21.150121194444242,49.03444486629541],[21.150140438250336,49.03436895093277],[21.150137824804517,49.034292344581225],[21.15013501431974,49.034218432835836],[21.15011879323953,49.03406577283088],[21.15007413436103,49.033927518519356],[21.150017167879067,49.033807780939405],[21.149970945486952,49.03376580703302],[21.149929688594217,49.03369338059028],[21.149853624680738,49.03353522737287],[21.149787911842825,49.03336659799822],[21.14973444021391,49.03327397910426],[21.149700145667055,49.033199972117984],[21.149691411896935,49.03313217498563],[21.149664735985677,49.03304760550967],[21.149563862890336,49.03283555105302],[21.14946103338653,49.03263153712377],[21.149372376956546,49.03243967487929],[21.14928964514246,49.03224169792005],[21.149268552251637,49.032174410164856],[21.149224361885434,49.0318426098167],[21.14922645284929,49.03173914367898],[21.14924832477931,49.03162730026854],[21.149317102556765,49.031417009000855],[21.149249745594457,49.031315848106736],[21.14928024845685,49.0312956561075],[21.149479981036404,49.03139524114299],[21.14996239578763,49.03165465066993],[21.15007107132628,49.03172254665565],[21.150110012880557,49.03173674185468],[21.15038210775415,49.031914056414045],[21.150846811549243,49.03228849789894],[21.150979511902623,49.03248103076402],[21.151053239235477,49.03259625609934],[21.151331303356727,49.033115322622464],[21.151469958184936,49.033320106661286],[21.151537004600968,49.03342935866063],[21.151618068939836,49.033530410920264],[21.151707093136096,49.03361622985545],[21.151819664875056,49.03374330533264],[21.151954849318752,49.03390944705601],[21.152143990385632,49.03427031305594],[21.15221713666074,49.03444601772821],[21.15225686061172,49.03448139335839],[21.152425694545407,49.034706125284735],[21.15260494718906,49.03491759185641],[21.152730940574642,49.035040948963925],[21.152732015794495,49.03502810896345],[21.152914566678373,49.03464918721858],[21.153083062696442,49.03422084616194],[21.153257582445296,49.03388992513548],[21.153144801662275,49.03380875873883],[21.152317842342388,49.032541600105006],[21.15230731482846,49.03243647505844],[21.152959807889935,49.031528452472564],[21.153150216253138,49.03105677982524],[21.153603317435692,49.03022393042568],[21.15362852883224,49.03016368788286],[21.153935523447693,49.029492143642585],[21.154503442356383,49.02860520973848],[21.15389956690814,49.0284212068054],[21.15403420330337,49.028223616725114],[21.15388445725034,49.028161359208106],[21.15430075246835,49.02768385538785],[21.15447990614681,49.0274783979342],[21.154835084968443,49.02707089459277],[21.15507223531629,49.026764816021036],[21.155523609967823,49.025982771417425],[21.155665579521916,49.025868326894795],[21.155813912844796,49.02569295420542],[21.15586230479687,49.02563578378685],[21.15633856956704,49.02525514617217],[21.156544766212612,49.02507844819326],[21.156724535595476,49.024924322997755],[21.157281211104085,49.0244470992458],[21.157524928640118,49.024200731918214],[21.158096711373798,49.02374513792179],[21.158243359355065,49.023628317398256],[21.158706057342727,49.02325111418118],[21.159734481651512,49.022412625289874],[21.159786212778133,49.022373384227464],[21.160859458302355,49.02155799659032],[21.16073030500543,49.021461285840246],[21.161440845993226,49.02080073770212],[21.161539665050295,49.0207088737463],[21.161948027721586,49.02030266763479],[21.162112980356095,49.02015040862976],[21.162604481779624,49.019696405460884],[21.162553914084917,49.01967653614785],[21.1633426636176,49.019052202804744],[21.164408869971478,49.01812303906471],[21.164879164917007,49.01834887768611],[21.166181672017355,49.0166999892455],[21.164879716688457,49.015981979390354],[21.163596879636106,49.01527445906217],[21.162942154955307,49.01533935303962],[21.16271383728007,49.01520431772652],[21.16272120623623,49.01517268014328],[21.16268138037581,49.01515008832282],[21.163476122829803,49.014797648121295],[21.16527284049475,49.01389653737902],[21.16692950460221,49.01305716177098],[21.16711420077859,49.01293585744506],[21.167406421876787,49.01259511938968],[21.167713858786936,49.01224270591008],[21.168008762263263,49.01190637228009],[21.168251944520343,49.01162062619729],[21.168485048885902,49.01132474950351],[21.16859186961375,49.01101139418161],[21.16855445229168,49.0105379319244],[21.16856596706136,49.010191417958936],[21.168842963469885,49.009310662214496],[21.169015866541976,49.00875090980478],[21.169103953869914,49.00821513642711],[21.169191181110794,49.00753871269187],[21.169233038851083,49.00736015458046],[21.169426076910028,49.007033396517386],[21.169633103586442,49.00679089405846],[21.169967068602347,49.00656417858936],[21.17035591386736,49.00637123850622],[21.170316505145642,49.006335428176605],[21.17042463664997,49.00630497937116],[21.170605137303276,49.00625411996493],[21.170826705234294,49.00619176810623],[21.17086288976242,49.00618156277025],[21.17102620816114,49.0061449268154],[21.171215820543928,49.0061023655365],[21.171286348037526,49.00608657813699],[21.171454399301087,49.00604883006301],[21.171558633228365,49.00602491970904],[21.171922420674395,49.00594129035728],[21.171179611012427,49.00560634506258],[21.170353311680937,49.00523032641728],[21.17045040425262,49.005189807396775],[21.170948508528888,49.00515028868735],[21.171339486009202,49.00511424085291],[21.171782083112888,49.0050363316683],[21.17246996032092,49.00500655522448],[21.1731634152007,49.00489619540358],[21.173253417082858,49.00488732097458],[21.173366707697525,49.00487620760546],[21.17351183664397,49.00486195360073],[21.173986668263005,49.00481493850437],[21.17453082537767,49.00476109719071],[21.17450798006961,49.00478738754926],[21.175000089805746,49.00474550269938],[21.17515213565475,49.004730203613775],[21.175296470572977,49.00471556235666],[21.175425773768374,49.00470251932735],[21.17591721373337,49.00465286725624],[21.17605485140341,49.00463999530572],[21.17608433589417,49.00463723028723],[21.176173341981578,49.0046288625172],[21.176178029599164,49.00462837955884],[21.17621274780982,49.00462514870212],[21.176303821344757,49.004616575687315],[21.176369402325182,49.004610442937505],[21.176475214771216,49.0046005321517],[21.176602384702313,49.004588591190995],[21.17698596161699,49.004552562316285],[21.17796192510571,49.004442852930985],[21.177994711561965,49.00444361213113],[21.17804006518421,49.00444467581623],[21.17805531108762,49.00444389404818],[21.178734281828792,49.004370678325344],[21.178865000632364,49.004356955744825],[21.17900592017635,49.004342202759865],[21.17919171941346,49.004321835961406],[21.17935202604657,49.00430580041911],[21.179597378148923,49.00428127002187],[21.17995303323113,49.00424903673775],[21.18031571590922,49.004216122590634],[21.181014326470507,49.004153142830944],[21.18113115042039,49.004142312895276],[21.181297320220946,49.00412465807685],[21.181555589037323,49.00409557725514],[21.181841456028085,49.00406331014869],[21.182025822593495,49.00404568480193],[21.182079621541845,49.00404161013666],[21.182202946660666,49.004026031521384],[21.182271432398508,49.004017555848876],[21.182514980659246,49.003995213501305],[21.18268637584483,49.00399041437462],[21.182942131116828,49.004011126653914],[21.183574909400278,49.00395011899744],[21.183776991301674,49.00392593407909],[21.184436820180327,49.00383335999189],[21.184981463502137,49.00368360713248],[21.18512763909577,49.00364344391573],[21.185228441867704,49.00361572306195],[21.185411063310983,49.0035654480484],[21.185911180243455,49.00342770997911],[21.18601432910539,49.00339970185638],[21.186467835563974,49.003276346122554],[21.186673728676954,49.00321266389144],[21.18678164839631,49.003177332313044],[21.186877963356853,49.00314541832931],[21.18699917163041,49.00312121590842],[21.187167623624802,49.00307949717847],[21.18741402426607,49.00301951290746],[21.18762078666003,49.002964588880154],[21.187750432312495,49.002931557188106],[21.18790253934123,49.00289634774809],[21.188152331552864,49.00283106655197],[21.188391558822666,49.00276806487897],[21.1886358692772,49.002702881156814],[21.188650243135353,49.00269900981814],[21.188843539117013,49.00264672306826],[21.18884549593104,49.00264615413197],[21.18884647109043,49.00264591457554],[21.189046177228786,49.0025995898521],[21.189072161852728,49.002592210726164],[21.189120210966635,49.00257868016208],[21.189156811743878,49.00256830230376],[21.18940797849178,49.00249720979924],[21.189456866053483,49.00248343526201],[21.189528390059035,49.002463166991134],[21.18958404005829,49.0024656287751],[21.19032682806979,49.00225849377747],[21.19033557840276,49.00225669695093],[21.190357707711794,49.00225153761313],[21.190441323214586,49.002232457363164],[21.190502848332002,49.002217997481885],[21.190756164529773,49.00215876290759],[21.192003674440752,49.001804458660146],[21.19215292183185,49.00177464603957],[21.192496697407282,49.00167916522502],[21.192989716512958,49.001544416875525],[21.193342300629258,49.00146712432847],[21.19347582554691,49.0014295263893],[21.195079867541217,49.000995679157704],[21.195343893231815,49.00094145096818],[21.19538092091625,49.00093270503948],[21.195417948587806,49.000923959098955],[21.19538271309496,49.00088891820808],[21.19531210573608,49.000818832127194],[21.195279979040205,49.00079001013054],[21.195171121800882,49.00069253108419],[21.195050275029946,49.00058297383077],[21.195517192613398,49.0004361463432],[21.19617646167096,49.000259315651626],[21.196802460212957,49.00004858259446],[21.197114635202265,48.99984461034472],[21.198197127523716,48.99947374547355],[21.199240018788718,48.99899909508458],[21.200376513626807,48.998484054218736],[21.201149509211138,48.998313806222406],[21.201301931106954,48.998216921916686],[21.20129722304845,48.99817023155333],[21.201428968447416,48.99822547631829],[21.201601811862158,48.99820214982086],[21.201844184852096,48.99809681749553],[21.201867938545906,48.99807856292164],[21.201895747568678,48.998057193897736],[21.20209041006778,48.997907610540494],[21.202102072785767,48.997890059116756],[21.202216574809025,48.99771744940186],[21.20235510958331,48.997509398654586],[21.202346351816512,48.99746573296065],[21.202324363328493,48.997356925888226],[21.202324983866887,48.99734641219337],[21.202331636483247,48.997295844982354],[21.2023351450668,48.99721295038441],[21.202341990179978,48.99703815320968],[21.202409419379975,48.997038455682414],[21.20252540694818,48.99703892211985],[21.202584496054023,48.997039144441246],[21.202587008402027,48.996990968829245],[21.202595434245612,48.99687968932167],[21.202602501364073,48.996787272908655],[21.202601146056193,48.996758602355335],[21.202594177364816,48.99662361601478],[21.202588674119962,48.996477782214754],[21.202584786716688,48.99641968419156],[21.202566499411365,48.99631837469389],[21.20256190802684,48.99629284414954],[21.202523969320037,48.9960730776251],[21.202498697228304,48.99594148154447],[21.202498186831424,48.995931472730454],[21.202495398106784,48.99587331892809],[21.202492584145585,48.99581741498953],[21.20249058722265,48.995774860393375],[21.202488537065573,48.99576723426111],[21.20248456615391,48.995750185510275],[21.20246134563472,48.995648992179014],[21.20243487695546,48.99553401356308],[21.20241059566841,48.99542855589671],[21.202384732743262,48.995316567007855],[21.202337972242553,48.995205996919005],[21.20229540794275,48.99510555058072],[21.20225120449483,48.99500127199447],[21.202188594570043,48.99488282531659],[21.202176504715457,48.994864533017186],[21.202093068183714,48.99474462642336],[21.20200726218751,48.99463292824806],[21.201873297816135,48.99452314873826],[21.201823201601975,48.99448359497477],[21.201635909513186,48.99432785872354],[21.20150128953439,48.99421580761436],[21.201424509849335,48.99415165427526],[21.201377646831975,48.99409761691585],[21.201329773116466,48.994053810988866],[21.201182023868036,48.993918933300655],[21.20098229313683,48.99373652007946],[21.200934119480422,48.99368739305472],[21.20092188912833,48.99367485788964],[21.200884599037114,48.99365505889121],[21.20057927784315,48.99349320703301],[21.200528543945953,48.993466326438316],[21.200502052363312,48.99345235589131],[21.200458300629535,48.99342920417781],[21.200276318514632,48.99333277840678],[21.200017538218848,48.993252230747814],[21.199793543040386,48.99318258110498],[21.199416747826614,48.99306530872673],[21.199380858750096,48.9930545555788],[21.199348720451304,48.99304490979677],[21.19912657982847,48.99297612693641],[21.1990665758091,48.9929639906602],[21.198751789835846,48.992884212315595],[21.198522613029187,48.99282196054539],[21.198410845976344,48.99279155276562],[21.198387965976817,48.99279011812195],[21.198288851956136,48.99277585993881],[21.198274778185212,48.992769928856134],[21.198023147624188,48.99266430237843],[21.1978674148396,48.992602362197296],[21.197807765551754,48.99257583209065],[21.19759948543891,48.992474259269294],[21.197164654335044,48.992260818842794],[21.197121105586806,48.992232990744256],[21.196895529981838,48.99209243497888],[21.196788470370134,48.992057491223406],[21.19668087787986,48.99202235066367],[21.196669149617108,48.992010460868734],[21.19659879262047,48.99199583918885],[21.196443549265688,48.99192526970558],[21.196293675868972,48.99185801870821],[21.196198380958464,48.99181930073016],[21.19610539287022,48.99177705368356],[21.19601749535116,48.991740097134624],[21.195818383940182,48.99165564233274],[21.19521242169899,48.991366445557766],[21.195163227381794,48.9913429415465],[21.19488855130986,48.99121183019575],[21.194589013277163,48.99106886770102],[21.194554190974554,48.9910490536282],[21.193967585268197,48.99071553157565],[21.193553205802665,48.99041629025561],[21.193796758832505,48.99026023688137],[21.19380940281505,48.990234794532554],[21.1947824858844,48.989423195333394],[21.19590651927563,48.988145736423775],[21.19710754190854,48.98720350171997],[21.197712696984187,48.986412615491304],[21.198359239266793,48.98583098058838],[21.198481628042238,48.98575368873719],[21.198698152119068,48.98564377587426],[21.198712179541975,48.98473386457074],[21.19871339405154,48.98465629952419],[21.19867992431353,48.984304690523444],[21.19870061828138,48.98391327061368],[21.19860126804278,48.983572387900026],[21.198257920254786,48.98310225849137],[21.198182221814484,48.982704676830124],[21.19819524573935,48.98239692206261],[21.19824127151053,48.98207345305748],[21.1982906849441,48.9819913615452],[21.198369389225622,48.9818672420825],[21.198568538687603,48.981603471632894],[21.199136596484216,48.981225453757986],[21.199432497801258,48.98111837877678],[21.200069924358786,48.98082336659126],[21.200270416907287,48.98073059615712],[21.20079103276936,48.9804127580714],[21.201092584519568,48.980048649325425],[21.201210238326386,48.97974443011558],[21.201235175314984,48.97965077041787],[21.201409172862785,48.97899531491863],[21.201420106889977,48.97884351107542],[21.20148665835622,48.97850816803192],[21.201586540971658,48.97842972094279],[21.201903876519047,48.97818043685163],[21.20238701887477,48.97785638168002],[21.20293805753913,48.97758647816636],[21.203707176466523,48.97721849324576],[21.204506929341555,48.976854159610276],[21.204947587487563,48.97655181660095],[21.20504915626702,48.976337659336636],[21.205382068997604,48.97608813201632],[21.205598724448667,48.97543760255772],[21.205702705170694,48.97523927463841],[21.205828181307588,48.97501397856434],[21.205912272428908,48.974915320031116],[21.206851043820702,48.9731914034532],[21.20718561281781,48.97302492772905],[21.207607166942577,48.97274223647692],[21.207995926041704,48.97259419199203],[21.20892453974773,48.97209268398667],[21.20966204551192,48.97168325654317],[21.210209907724053,48.97136658883816],[21.210573642256414,48.97114213489158],[21.210104494214267,48.970570713950444],[21.209693444094363,48.97023949007723],[21.20939146325325,48.96989383634258],[21.209303834407365,48.96955287753257],[21.208903168835217,48.96929615562481],[21.208717616799216,48.968896509394796],[21.20840589999681,48.96845251022717],[21.20826060552612,48.968002711953346],[21.208114796649323,48.96777697359452],[21.20802278258226,48.967685520409546],[21.20811302282429,48.96764565950572],[21.208070330961004,48.96764036814282],[21.20822399729322,48.967498052495166],[21.208333567104194,48.96737758966898],[21.20838696705645,48.96724340321501],[21.208295925598154,48.96698813204173],[21.208245212190107,48.96672538467802],[21.207986545702738,48.96643194052357],[21.20788346347882,48.96623580129599],[21.20784222383584,48.96608858297305],[21.207846886791913,48.96593811361999],[21.207798783475326,48.96579698324399],[21.207772789246523,48.96551186887636],[21.20765576605522,48.96530998329095],[21.207661162460095,48.965231107995635],[21.207611886350996,48.965064463357045],[21.2076387477964,48.96494376436631],[21.207832290715952,48.96464604551477],[21.207936899455667,48.96436626125295],[21.208142223762128,48.96394071101084],[21.208301298492692,48.963702055320404],[21.208371845291566,48.96345478936261],[21.20853643874173,48.96330102050799],[21.208605358097664,48.963135357973734],[21.20870812307378,48.962959136443004],[21.209060525275632,48.96252250237875],[21.20925804963359,48.96234419092334],[21.20944935362982,48.96203739733135],[21.20956376471044,48.96173324984567],[21.209680941300864,48.961632288685145],[21.20991918327308,48.96150944059027],[21.210608221744106,48.961188167900374],[21.211337298417924,48.96076613775277],[21.211448807563844,48.960645012595386],[21.211634452389266,48.96032345536092],[21.211644068086663,48.96021428231532],[21.21155512735623,48.959731671264684],[21.211595393700726,48.959517401033274],[21.21158659061402,48.95918681908693],[21.211480054659507,48.95905593440256],[21.210672426047797,48.958510432039404],[21.21027539789441,48.95815470511268],[21.209984247653725,48.957847648057005],[21.209800059356922,48.95768832505244],[21.20962599302999,48.957599357906666],[21.209596431522577,48.95755603438237],[21.20942512199031,48.957512436293094],[21.20919320570041,48.957387636077705],[21.209158540745513,48.95729166775536],[21.209165147191147,48.95719590492928],[21.209489025813983,48.95695590042969],[21.209748579527428,48.95681202063443],[21.20980839453815,48.956717735214276],[21.20994220506394,48.95633172697145],[21.20983364597134,48.955848502137],[21.209888208434162,48.955572288787764],[21.209900579042433,48.95528395789668],[21.20981292482268,48.95476285246992],[21.209865987937018,48.9545988559269],[21.210035462715187,48.95417299623605],[21.210355759114165,48.95380170904124],[21.21063278280605,48.95353611533112],[21.21076030684196,48.95334977015011],[21.21079735614444,48.95260153999801],[21.211227455591022,48.9520391222683],[21.211175341949684,48.95194819268145],[21.211158624409336,48.95181929367742],[21.211104022678494,48.95171352214038],[21.210940706058047,48.95149984354376],[21.210861350707283,48.951321909552846],[21.210667917448454,48.95106128870815],[21.210686549417296,48.950916025323195],[21.21071867308532,48.95091981669125],[21.210690945374633,48.950849092141056],[21.21102383662262,48.95067517482705],[21.211178114644714,48.950666295404815],[21.211567432753977,48.95060504706119],[21.211801087930827,48.95051293288558],[21.2119746976077,48.95036421235949],[21.21212833410171,48.95023665626219],[21.212271358463855,48.950196005668964],[21.21245759582096,48.9500446167112],[21.212642816429334,48.94998547340077],[21.21272606101578,48.94996069661],[21.21297428657282,48.94980070338495],[21.213218829427106,48.9497377340403],[21.213509584560917,48.94964982459778],[21.21352453847775,48.94964524850167],[21.213675752761187,48.94959899940999],[21.213868696732433,48.94942071900806],[21.214455980701928,48.948962301760055],[21.214553947168024,48.94886181911912],[21.214609339639182,48.94888992046454],[21.21463614778662,48.94890110765026],[21.214993259774978,48.94853392554387],[21.215065335297275,48.94840562898546],[21.2151589211045,48.94774864392361],[21.21541973766598,48.947332731329006],[21.215517593187304,48.94720703702599],[21.21569838508332,48.946877761076344],[21.215747390096507,48.94672804036089],[21.215760006241272,48.946323312103694],[21.215709850162757,48.94559883644103],[21.215751368576466,48.94545248389321],[21.215839082678364,48.945315670700495],[21.216372112212557,48.94502975953109],[21.216605939044193,48.9450091232672],[21.21699500642178,48.94505363192514],[21.217242078871617,48.945134236259136],[21.21736016647898,48.94518382161831],[21.217471459611474,48.94527100683768],[21.217610018726024,48.94554989634612],[21.217758644565613,48.94572646810737],[21.218318273913773,48.94621380425311],[21.218590941043338,48.946395130607584],[21.218948162931557,48.9465790840684],[21.2191424203616,48.94661482981388],[21.220255323316064,48.94666741462539],[21.22063291644956,48.9466242283641],[21.220823379133172,48.94661754091077],[21.220856336107314,48.94649702879486],[21.220886033501742,48.946414406618985],[21.221240467461826,48.94567324368872],[21.221314731852537,48.94511504501159],[21.221306669579363,48.94484390472394],[21.22111534485673,48.94428042770223],[21.220722988378842,48.94403183028558],[21.220518578744496,48.94385740055863],[21.22040975191278,48.94373383411841],[21.22025528000929,48.94364459001478],[21.220146476128427,48.943514992211206],[21.21987042143197,48.94245166228254],[21.21918965891103,48.94154365359617],[21.219065158841115,48.94119444143995],[21.21895199539701,48.94063545884784],[21.21892018586272,48.939839353237346],[21.21834792161972,48.939863156817424],[21.21788798732758,48.93975540980364],[21.217673636076075,48.93953700180903],[21.21769664854498,48.93952862462588],[21.217815763698532,48.93925468524903],[21.217826388574355,48.93905488576266],[21.21795317606125,48.9388207066323],[21.21812413690957,48.9380271230283],[21.218231915347538,48.93770151545731],[21.218522525025065,48.937131856998505],[21.218820876499656,48.93663527036638],[21.21891765924618,48.936216952801175],[21.21912377039614,48.93583093214454],[21.219083064479722,48.93531552294265],[21.219232233877815,48.935039545616135],[21.219275359904003,48.9347521696301],[21.219430927767327,48.93452419528481],[21.21965275375923,48.93434221321986],[21.2196618165708,48.93392747060273],[21.219767044379523,48.93344828651055],[21.21991859441317,48.93307785409697],[21.21994622890565,48.93277775273425],[21.219867567695882,48.932353441562455],[21.219885321762508,48.93193941898287],[21.219959426841108,48.93166966046412],[21.2199483374884,48.93138176951826],[21.219902641427712,48.93104859970593],[21.22007926875883,48.93080300371],[21.220031824447073,48.930438900287136],[21.219602077902234,48.9300843407846],[21.219416785175973,48.92993381763068],[21.21931737125519,48.92958574347055],[21.219180577056118,48.92943915816744],[21.21903787751923,48.92909838059899],[21.218412055812788,48.92831306180047],[21.218479052392937,48.92774959409273],[21.218403671795194,48.927567825926666],[21.21839807281614,48.9269725718262],[21.21839719353597,48.92687801588099],[21.218396712844918,48.92682749564994],[21.218367082252044,48.926821532745116],[21.218349902001403,48.92681532679599],[21.218368625581178,48.9267389357228],[21.21849068924523,48.92646913851462],[21.218537108461845,48.92626928097229],[21.218719915268746,48.92572165764459],[21.219011248290506,48.92500347565106],[21.21920713649105,48.92439512985109],[21.219376144443792,48.92398661887153],[21.219437113896284,48.923549091198744],[21.219784423106855,48.92267077866664],[21.2198455359698,48.922002155142934],[21.21984907627513,48.92147938658818],[21.219845757558186,48.92139024640435],[21.21979283921333,48.92076687260407],[21.219824440276074,48.920773886821635],[21.219831882950157,48.92081877175069],[21.22073060852746,48.92126011209766],[21.22199706608429,48.92154352893135],[21.223093295069678,48.92166490740661],[21.224079970741656,48.92170788128189],[21.224317784845425,48.92175028561021],[21.224778630832233,48.92169599225233],[21.2254642372768,48.92143665980405],[21.226293532958273,48.92123300774859],[21.22654946733363,48.92111356120744],[21.226744504153306,48.92096881767161],[21.226999304743263,48.92076768060332],[21.227149709081534,48.920685470832495],[21.227383118407523,48.92060781647287],[21.22775204329779,48.920459372863164],[21.22832992055299,48.92024664764077],[21.229353544533513,48.920066376577836],[21.22964658154491,48.919987685754165],[21.230287079712756,48.91978355458341],[21.23067189133368,48.919605615664146],[21.23124537615435,48.91949816174246],[21.23145597839487,48.91949109392646],[21.23284871903512,48.91931790902254],[21.23301621131425,48.91926980130163],[21.2333480521954,48.91919275349546],[21.2337442036048,48.919141013243305],[21.233873999439897,48.919060227634326],[21.23399343046696,48.918973449261465],[21.23429324258377,48.91886083684928],[21.234748401208286,48.9188896035316],[21.235052104028405,48.918908278334044],[21.235248372343882,48.91890103008352],[21.235453492771512,48.91888649327973],[21.23580151711045,48.918844869863605],[21.235972754451673,48.91882082096659],[21.236273472865157,48.918931227198854],[21.2368249469266,48.919084501920004],[21.237143853070368,48.91912947918011],[21.2374310378494,48.919190219122115],[21.237767722079447,48.91930398459554],[21.23804241781584,48.919386663175686],[21.238353971671902,48.919498479214596],[21.238848881659656,48.919615604442434],[21.239294693246116,48.919683675521036],[21.239373543182264,48.91968710380041],[21.239695551617658,48.91970201098397],[21.240114476498228,48.91968723373372],[21.240114362732616,48.91984045483583],[21.240114351538185,48.919986477004414],[21.2402147508259,48.91994816849484],[21.240289581626662,48.919919782676516],[21.240404030806314,48.919879837703846],[21.240404494600405,48.91984069064433],[21.24040675107262,48.91961128360782],[21.240495631567782,48.919575499671424],[21.24056408004286,48.919569603022545],[21.240568895440525,48.91956912167742],[21.240601468038903,48.919566347352415],[21.240669127511868,48.91987866882114],[21.24069391955622,48.91995451691708],[21.240767549290673,48.92022327006332],[21.240771820398333,48.920259232482444],[21.240857190237097,48.92118463893799],[21.240885364465036,48.92135502886682],[21.24089239578452,48.92139827865682],[21.240940044815847,48.92165974666106],[21.2409626918798,48.92178495266114],[21.240966054362325,48.921802971770866],[21.240972336369623,48.92183755588264],[21.24101573726498,48.92209538149174],[21.241023039348686,48.9221367490762],[21.241068670815427,48.922392032799415],[21.241092381221602,48.92252150281016],[21.241094568287625,48.922533003707905],[21.241100856866954,48.92256749797597],[21.241141431452807,48.922792106504396],[21.24114348222885,48.922803603187894],[21.241150339462695,48.922841626037226],[21.241161049596997,48.92288309891058],[21.241193094313047,48.92311239522936],[21.241197375481303,48.92319238063445],[21.24119857420462,48.9232907261271],[21.241199307354538,48.92335529746102],[21.241199872827174,48.92339726707392],[21.241198305574944,48.923465368363026],[21.241195203329134,48.923507044586664],[21.24118641492563,48.92360175049498],[21.241179303312908,48.923674811938994],[21.241173412583564,48.92373071613405],[21.24116656940597,48.92380000477666],[21.241163729193932,48.92383799802595],[21.241151947650366,48.92394980640751],[21.24115027065172,48.92397721252748],[21.24112278358312,48.924138860139664],[21.24111945095322,48.92418953183957],[21.241115992548103,48.92424389071936],[21.241113674208854,48.92427838907533],[21.241107368471663,48.924317085465304],[21.241099053442184,48.924382097391224],[21.24109305643207,48.924424134282845],[21.24107726177553,48.92453473832311],[21.241072670578202,48.92457429792548],[21.241069900569983,48.92461130304982],[21.241062782913815,48.924661407650945],[21.24104638979486,48.92476506118642],[21.24104126382205,48.9248082953275],[21.241037179658115,48.924842649085704],[21.241032669430073,48.92487915030198],[21.241010431879616,48.92489790874797],[21.241099922934826,48.924978456601565],[21.241114704669393,48.92499151700857],[21.241126523199235,48.92501934014003],[21.24112580022884,48.92505253739614],[21.241243242808242,48.925250982625045],[21.24138175351686,48.92557575492377],[21.24133240521691,48.92558575347734],[21.241365459764687,48.92563385838953],[21.241468632713772,48.92597527373463],[21.24144461928924,48.92615530391478],[21.24139996023625,48.92638547082957],[21.24133557414358,48.92643974767841],[21.241332421227806,48.92645909586614],[21.24130644574703,48.92662061006971],[21.241300088866797,48.92665426341222],[21.241295374527557,48.926676354158104],[21.24127564985329,48.92677882441473],[21.24125511288299,48.92682167239237],[21.241234416066863,48.926866766076564],[21.241220943809754,48.9269351296279],[21.241215758155082,48.926977281593274],[21.241203230754035,48.92707844377966],[21.241195654407694,48.927148429916166],[21.24117331254362,48.92729151100914],[21.241127303644976,48.927494538291555],[21.241113938648077,48.92760170631788],[21.24109950807726,48.927725766290365],[21.241076587120187,48.927915372865236],[21.241063809888008,48.9280200383137],[21.24105471218955,48.92809411861432],[21.241050433249203,48.92815232319529],[21.24103564934513,48.92825638647642],[21.241013927556576,48.928432976317474],[21.240999644254785,48.92860295402441],[21.240998761327017,48.92863839695081],[21.240993515531127,48.92868522838345],[21.2409835502202,48.92877341592837],[21.240980944242636,48.928800433202866],[21.240974566652685,48.92886892590444],[21.24096720035091,48.92894747095505],[21.240962120017393,48.929015013453295],[21.24095218584952,48.9291257984525],[21.240927558134246,48.92929329586853],[21.24091632545231,48.929439600962375],[21.240908357460444,48.929543874812374],[21.24089982547566,48.92963111633995],[21.240889787236565,48.92972416300525],[21.240880629001136,48.92980868440103],[21.24087113639091,48.92989022460871],[21.240856556580006,48.929979890002535],[21.240844233447767,48.929978338884794],[21.240821926566053,48.93015545071261],[21.240816497104028,48.93020677774294],[21.240802263271416,48.93032805289819],[21.240798687156953,48.9303763763147],[21.24078493915493,48.93049082451025],[21.240766348966478,48.930671382113964],[21.24075895464001,48.93074263416356],[21.24074865584302,48.93084125435051],[21.240781887284374,48.93084660243991],[21.240770307393174,48.93090755223183],[21.240749774591926,48.93101557897755],[21.240733856665535,48.93109908123494],[21.240717868353855,48.931183571599014],[21.240714143786924,48.93120902385103],[21.240750342883693,48.93121491377129],[21.240748212066197,48.931231412685435],[21.240733839584895,48.931345031325435],[21.24073161491261,48.93136476826923],[21.240730244755635,48.931376339265526],[21.240719085265546,48.931471691909934],[21.240714435620756,48.93151205986514],[21.24070249147168,48.9316261136343],[21.24069773743261,48.93166602823272],[21.24068999161497,48.9317902045928],[21.24068255246753,48.93185632376297],[21.24067098562435,48.931959316002626],[21.240561281547315,48.93293612725175],[21.240545611932912,48.933075633184814],[21.240512305438518,48.933372679429986],[21.240493937042263,48.933550092836924],[21.24040592917362,48.93450803847029],[21.240293047052194,48.935473677628586],[21.240252020689816,48.93582729135817],[21.24024852937847,48.9359607816703],[21.240236472348535,48.936410357701924],[21.24025418272132,48.93641495612471],[21.240244155011045,48.93650206123791],[21.240198181533476,48.936502891255664],[21.240131531823163,48.93705322950276],[21.240056960341768,48.937628440033734],[21.23993751895232,48.93809873434198],[21.2396569465709,48.93870160822053],[21.239471481697514,48.93933325828562],[21.23927692309071,48.93986226781871],[21.23926354052859,48.9398985846804],[21.239292388613137,48.940142095474705],[21.239445513015777,48.9406995854424],[21.239661896201568,48.941218968488485],[21.23979196117858,48.94145363338733],[21.240134433412415,48.94206405618927],[21.240413991524655,48.94272132769683],[21.240430878214124,48.942969779712136],[21.24042441456072,48.943260182388244],[21.240305510378295,48.94389361933431],[21.240128762637784,48.944291382725396],[21.23991643762044,48.9444459680306],[21.239643398915337,48.94473722616639],[21.23943270325707,48.944918778651264],[21.238702278535797,48.94564269634895],[21.23838190223448,48.94606104519665],[21.238185467312174,48.946314696807875],[21.237838422894136,48.94673122968843],[21.23766804410584,48.9470929064968],[21.237741895586893,48.947477798254766],[21.237860794359552,48.94765252249894],[21.238043493525083,48.94800990003326],[21.238312677934797,48.94845412425843],[21.238309172456947,48.948480303344795],[21.238441791426574,48.94853733747162],[21.238780739137137,48.948706528246625],[21.238840345190628,48.94873321741359],[21.238923064855758,48.94871749867652],[21.23892832859733,48.94871460048408],[21.2390302577245,48.94865563294068],[21.239039830502772,48.948649807042955],[21.23913314649672,48.94871174746601],[21.23920774058836,48.948762126164134],[21.239437079107507,48.948915864310806],[21.2394946581821,48.9489595052885],[21.23948735071315,48.94896423088968],[21.239387373293734,48.94902650005323],[21.239380065805026,48.949031225647595],[21.239260862006823,48.94909668167636],[21.24061494098005,48.950061005827926],[21.240814125965755,48.950306265424985],[21.2410235784089,48.950620440961366],[21.24129117922317,48.95124681879023],[21.241345951406057,48.951690894192474],[21.241274461098016,48.95306364124806],[21.241286111587016,48.95336846615414],[21.241173754025496,48.953936656171436],[21.241047067115588,48.954375847620966],[21.240993023150388,48.95483150633709],[21.240803406551898,48.955476712137674],[21.24077182420399,48.955639942585506],[21.24068085629482,48.956207082155025],[21.240619531205517,48.95670923874641],[21.240634813293266,48.95735077941479],[21.24050025497255,48.9573973977783],[21.24046593971834,48.957408941452336],[21.240490128512825,48.95746280333532],[21.240505645562212,48.95749830234107],[21.240508933958537,48.95750587598559],[21.24064836132173,48.957498388839035],[21.24065270281444,48.95750077354799],[21.240669466257156,48.95785662022425],[21.240670524523363,48.95788591105358],[21.24067220317275,48.95797175678215],[21.240692814203637,48.95813920975275],[21.24071166485026,48.9583064282904],[21.24072638909101,48.95847784057994],[21.240736543215505,48.95866351572494],[21.240754897674545,48.958828108166315],[21.240761908963776,48.95886019355064],[21.240771455248506,48.958870121036995],[21.24081774023615,48.958963105849044],[21.24084999740958,48.95902270828287],[21.24088459905896,48.95908778460453],[21.240932470388167,48.95917577693798],[21.24099461758867,48.9592859961314],[21.241063444773953,48.95940416370068],[21.241101393146277,48.95947600512552],[21.24119475448751,48.95965281623624],[21.241307291082624,48.95982913901116],[21.241429044245432,48.96003923549323],[21.241545465575815,48.96024358563746],[21.24170871556833,48.9606639107648],[21.241809990978226,48.96086212135609],[21.241655273440347,48.96089029398033],[21.24157202298337,48.96091320081139],[21.241654336028706,48.96099946526537],[21.241710921373784,48.96098239700128],[21.241751012093733,48.96103954016369],[21.241696238487783,48.96105612423212],[21.24200010480447,48.96149087256166],[21.2422992424846,48.96181735406057],[21.24264560437984,48.9621450220794],[21.24283932797982,48.96232952014228],[21.24309537662085,48.96257193658479],[21.24322537872717,48.962547230410124],[21.243380995815144,48.96252376462458],[21.24374976674858,48.96246753464757],[21.243959079667945,48.962725071583456],[21.244541845850403,48.9632046062141],[21.244598220071204,48.963200133453306],[21.245369987869655,48.96383673461948],[21.245402910318074,48.96386403710249],[21.245573050728556,48.964005491134934],[21.24580182755989,48.964185663042045],[21.246232446797027,48.96452491937567],[21.246313109271632,48.964588442913694],[21.246649153482668,48.96485609292119],[21.246801840599353,48.96497774160776],[21.24693474307977,48.96508536655972],[21.247030157693032,48.965162577862195],[21.247163067535038,48.96527011271809],[21.247505811056694,48.965547508983285],[21.247691207776995,48.965697621884466],[21.2481127750064,48.966029929503506],[21.248891434786284,48.9666477211488],[21.24958405235933,48.967208572087145],[21.249959880605378,48.96751911777718],[21.250304390466027,48.96781249329862],[21.250394997006403,48.96788631251119],[21.25063383028064,48.968079386630215],[21.25082963002655,48.96823152458862],[21.250985412689307,48.96835992409897],[21.251172601346937,48.9685081953153],[21.251328043545037,48.96861830891823],[21.25148580818231,48.96876504357559],[21.25155053535456,48.96881438875873],[21.251611726284718,48.96884228933244],[21.251665499995024,48.96886681071364],[21.251679008460492,48.96887298806882],[21.251761968425598,48.9689390086681],[21.251855548887583,48.96901336824301],[21.25192155431876,48.96906590338187],[21.25194278217533,48.96908276109509],[21.252046456892387,48.96916517325835],[21.25216475234074,48.96925928830991],[21.252261696462856,48.969336361733774],[21.25235896091132,48.96941470526041],[21.252459581776833,48.96949585270731],[21.252507046895367,48.96953413324276],[21.25255334789755,48.96957147769169],[21.252640265589168,48.96964149040279],[21.25273273799319,48.969716085146274],[21.25284888484398,48.969809683166645],[21.252947569073953,48.969889240130655],[21.253127358004058,48.9700340392096],[21.253216599340742,48.970106013426886],[21.253330679685938,48.97019792688431],[21.253369352639947,48.97022909469104],[21.253416695449996,48.97026719099124],[21.25342251017746,48.97027196110754],[21.2534105490157,48.97031525474053],[21.25338115609724,48.97042111887272],[21.25335522901709,48.97051475634425],[21.25332802792369,48.970612855811794],[21.253298046791024,48.9707212224973],[21.25328574876531,48.97076540599324],[21.253284287385497,48.970770582421686],[21.25327285647086,48.97081218189929],[21.25324489248145,48.97091331869083],[21.25323250509167,48.97095875976728],[21.253220660919727,48.97100232705238],[21.25320802226402,48.97104938082685],[21.253194904108625,48.971097410110715],[21.2531706213577,48.97118713707863],[21.253147895579552,48.971270340196575],[21.25312627535155,48.97134952624713],[21.25311592429561,48.971387467951864],[21.253105379387723,48.97142621390689],[21.25309390991699,48.97146835232459],[21.253081341172166,48.971514417972884],[21.253059762842426,48.971591084629644],[21.25303765394715,48.97166944541314],[21.253027436675385,48.97170550072343],[21.253017756267564,48.97173977207218],[21.252994560727853,48.97182188041952],[21.252971352358692,48.97190416841549],[21.252951978623642,48.971972890753456],[21.252944645867732,48.971999132174986],[21.25292873185289,48.97205571770331],[21.252905180225085,48.97213898538823],[21.25288489834289,48.97220894010787],[21.2528602702677,48.97229388511766],[21.252849573248774,48.97233091591468],[21.252838869836815,48.97236803653801],[21.252814965967723,48.97245048315158],[21.252804631063444,48.972486264751524],[21.252794127808794,48.97252249129024],[21.252775699838143,48.97258944222165],[21.252756553829535,48.97265880170267],[21.25273539662162,48.972735301210804],[21.252717905847284,48.97279868001332],[21.252698908885012,48.97286786402321],[21.25268529751594,48.972917048385426],[21.25268068726705,48.97293383102604],[21.25267108543919,48.97296891498001],[21.2526620842801,48.973001316698046],[21.252640980324433,48.973078988138994],[21.252623406400936,48.97314353468003],[21.252610824055697,48.973189779907656],[21.252592919753162,48.973255126493484],[21.252582930099486,48.9732918189372],[21.252573127905684,48.97332779695696],[21.252553523476166,48.97339975299276],[21.252536479865416,48.973462605384455],[21.252519480858865,48.97352482897874],[21.252499307469574,48.97359901809589],[21.252481123597008,48.973664446085834],[21.252462796847485,48.973729959700336],[21.252443507148143,48.97379940473276],[21.252435048995086,48.97382993264043],[21.25242662272332,48.97386001140899],[21.25241521591857,48.97390125144988],[21.25240368539968,48.97394230763485],[21.25237909895516,48.97403049468774],[21.252357991630255,48.97410627547195],[21.252339613533334,48.97417250767862],[21.25231691831072,48.97425139042912],[21.252295821054577,48.97432510096214],[21.252275661149326,48.97439523938002],[21.252253677387227,48.97447180339052],[21.25223406705841,48.97453997818753],[21.252211345991235,48.97461922021836],[21.25219956137118,48.97465999849239],[21.252187582868515,48.974701581014024],[21.252167175269612,48.97477135169575],[21.252148785307007,48.974833892527826],[21.252126770379004,48.9749166672054],[21.252109242310105,48.974982475415636],[21.252098082387764,48.9750240831192],[21.252085358755547,48.97507230446867],[21.252068586910475,48.97513516515609],[21.25205282652201,48.97519148522327],[21.2520429509188,48.97522656070087],[21.252033037026912,48.97526217514277],[21.252015757505262,48.97532448005575],[21.25199669872901,48.97539258176368],[21.25198606670682,48.975430604746606],[21.25197544742727,48.975468448073],[21.251966426239907,48.97550111919352],[21.25195781829925,48.97553182250525],[21.251947558403582,48.97557615860946],[21.251936582129268,48.975609399727254],[21.25191667530312,48.975670183388324],[21.251897629339304,48.9757284728705],[21.251891189703525,48.975747899897314],[21.251871800591857,48.97580716907797],[21.251868131169477,48.975818399160104],[21.25184822807181,48.975877202399566],[21.25182915394682,48.975933960598624],[21.25180906964297,48.97599338842245],[21.251797975868183,48.97602635584042],[21.251794500288536,48.97603678167114],[21.251788272177034,48.97605900594308],[21.251771548189822,48.97611925736899],[21.25176184056732,48.976153887874034],[21.251751913536154,48.97618968193629],[21.251732996916832,48.976257697953905],[21.251729183526148,48.97626325209639],[21.25168469307938,48.97632742022291],[21.251679129457038,48.97634606398486],[21.251671360510603,48.976372651999576],[21.251671169770546,48.97646005932026],[21.25167110313085,48.97646869956205],[21.251671001751234,48.976485530907816],[21.251670992870586,48.97651838935111],[21.251681083766115,48.976503395855566],[21.25169124412216,48.97650667934465],[21.25168683241318,48.976516806289766],[21.251750388381726,48.976542348562646],[21.25185497401059,48.976569783664445],[21.251860609607494,48.97657130745832],[21.25187242663969,48.976574371843405],[21.251903451140777,48.976582348477834],[21.25190320731539,48.97658963290727],[21.251903260840542,48.976590804864735],[21.251890780326303,48.97659708254656],[21.251880566094382,48.976602259661384],[21.251874319455208,48.97660548832876],[21.251871491763318,48.97661449371731],[21.25185577427193,48.97666442337694],[21.25181162406423,48.97680467218629],[21.25179696764677,48.97685121358655],[21.25179537585852,48.976856295958825],[21.251802724154146,48.976860663203176],[21.251838152087572,48.976881738801964],[21.252166077838087,48.97710734733243],[21.25228100189456,48.977168318927845],[21.253125070098378,48.97758067073454],[21.253650525252823,48.977821173523715],[21.253676592166073,48.9778046007288],[21.253704300493325,48.97780536297133],[21.25390656735496,48.97793833758071],[21.253947913288098,48.977956983806834],[21.25413427992346,48.97806543261786],[21.254267937446294,48.97814192215357],[21.254526480176136,48.97827977705813],[21.25486165843647,48.97845743758665],[21.255557244562727,48.97879651663638],[21.25571508613343,48.978873387723],[21.255760012375223,48.978895564209495],[21.256133458819292,48.97913732358177],[21.256220375725338,48.97919607974531],[21.25648409920266,48.97939215431491],[21.256648674966804,48.97954187995068],[21.256805157539333,48.9796842447519],[21.257132994563158,48.98006593574881],[21.257365713133822,48.98039654058668],[21.257458333680784,48.980556207151146],[21.257445292565993,48.98082110551089],[21.25748785196288,48.98079954715809],[21.257514089534784,48.980824929668],[21.257554160573036,48.980803744957434],[21.257537999842153,48.98079055514358],[21.2575976196162,48.98078878591569],[21.257605864066356,48.98080560351723],[21.257649861202626,48.98089877910431],[21.257660379196988,48.98092403872584],[21.257866517830973,48.98081370127057],[21.2580129429295,48.980735377922095],[21.258218508661074,48.980625382379145],[21.25831820423135,48.980606208977456],[21.259896884663423,48.9797767830222],[21.259911611762675,48.97978704773989],[21.260051492645836,48.97988397648686],[21.260058530967257,48.97988887379147],[21.260578140670255,48.979608469201715],[21.260641603725833,48.979666321828745],[21.260715362893045,48.9797216997515],[21.26057870778518,48.9797973554526],[21.260581550985926,48.97979969331468],[21.26070431019222,48.97990086686886],[21.260708578192993,48.97990432874326],[21.260324163497497,48.980106513199175],[21.26032854249936,48.98011033858843],[21.26053446052957,48.980259707025134],[21.260540308907924,48.98026402762839],[21.260605088733016,48.980311027845346],[21.260615874774842,48.980319010924404],[21.26093072220055,48.98014898904107],[21.26105107387697,48.980251348595516],[21.260312227332694,48.980641695220584],[21.26038778846077,48.98070640101429],[21.26046603746752,48.98077370991557],[21.26056311681644,48.98085708079725],[21.260681479642283,48.98095856941822],[21.260857726875404,48.98110981703407],[21.260923477530405,48.981166299253424],[21.260974666057137,48.98121018133385],[21.261032296478696,48.98125966250212],[21.261149236356033,48.981360026620656],[21.26127714058698,48.981469729427374],[21.261389099066157,48.98156705964234],[21.261405089758806,48.98156142881573],[21.26151692626736,48.98165083310847],[21.261527928421117,48.98165963292632],[21.2615302576906,48.98166150487146],[21.26163099415274,48.98174156607815],[21.26177314535698,48.98180849435372],[21.26180543980554,48.98182370900332],[21.261910545780694,48.98187491657166],[21.262047251468722,48.98194149734346],[21.26259889404162,48.98164730270764],[21.262612558774006,48.98170155574784],[21.262631577840697,48.98177676838623],[21.26263821362254,48.9818028085944],[21.26270510800343,48.98178523578262],[21.262717787964018,48.98178193383441],[21.262735904916717,48.98177717826546],[21.26281474794472,48.98198295914085],[21.262826407415545,48.98201338453007],[21.26285929914207,48.9821592406811],[21.26285992717282,48.982161960639296],[21.26289508372331,48.98231832891994],[21.263355122461512,48.982066152122144],[21.263393398770685,48.98204518047593],[21.26356655277479,48.9819620887322],[21.26366584499765,48.98190031746929],[21.26371466824899,48.98187525806909],[21.26382466529604,48.98181489526814],[21.263857412293746,48.981794744156424],[21.263900443255288,48.98176842676707],[21.26393908402306,48.98174809629194],[21.263965790378688,48.98173406151127],[21.26397771840103,48.98172785563183],[21.26399987951837,48.98171620209814],[21.26410305465497,48.98166139131666],[21.264382860432434,48.98151297146616],[21.264629985130625,48.98138182359474],[21.264932227790336,48.98122166729306],[21.264939651917,48.98127716902634],[21.264961256336075,48.98142798973644],[21.26498621572572,48.98160871089425],[21.26499113495746,48.98164163007355],[21.264995017029165,48.98166794577731],[21.26500007575499,48.98176460549357],[21.265004652960695,48.98185260823861],[21.26500889445408,48.98193375894284],[21.265012892208816,48.982008690587485],[21.265017548723606,48.98209750596135],[21.265018467314867,48.98211544869196],[21.2650901778737,48.98211098548383],[21.265103801576508,48.98219098343974],[21.265122604944246,48.98230408858212],[21.265146430581858,48.98246992107757],[21.26518197838185,48.982659518875664],[21.265223119754626,48.98287251403211],[21.265229724860053,48.98290287419562],[21.265240238454254,48.982951448782245],[21.265258083717494,48.98303364662416],[21.26526835805977,48.98309526719217],[21.26525638537752,48.98310210199761],[21.26526075341492,48.983127352294034],[21.265270342397223,48.98318706136819],[21.26531450469938,48.98341536290571],[21.265424541492955,48.98392853560377],[21.26542811695481,48.98394565952781],[21.265435534490393,48.98398000557047],[21.265557025960003,48.98396599512368],[21.265649211170647,48.98396215908604],[21.265688584791544,48.983956614226585],[21.26620777590462,48.98388718524617],[21.266237357626885,48.983882780479455],[21.26661464438652,48.98383168651262],[21.2668600469475,48.98381390979002],[21.266986964326648,48.983812127184876],[21.267279067394163,48.98381090431121],[21.26766928335324,48.98382258886158],[21.267806315872246,48.98382669664204],[21.267959903730137,48.983832661720974],[21.26834754579933,48.98384786605204],[21.268425968619752,48.983833613786416],[21.268547497617043,48.983799706385064],[21.268652534979754,48.98375143029761],[21.268765860061002,48.98367685123584],[21.268835448193094,48.98358634898991],[21.268935735961747,48.9834330507753],[21.26900749259941,48.983282839777644],[21.26906543800446,48.98318288858382],[21.269090379357813,48.983151244180334],[21.26913464974469,48.983124782825605],[21.26918253829431,48.98310131297557],[21.269221238161695,48.98308593384784],[21.269276613558254,48.983082318163795],[21.26933881902748,48.98309043449616],[21.26943039580932,48.983108722469225],[21.269497907949003,48.98313077467097],[21.26962374996254,48.983202234768136],[21.269708448727577,48.98326946429288],[21.269743028399546,48.983304641599425],[21.269789199169235,48.983361599160894],[21.269873412489765,48.98348795855913],[21.269882118620778,48.98348669471603],[21.269992745381227,48.983816053479565],[21.270043877567545,48.98399442326073],[21.270084650335658,48.98408326345772],[21.27012358552303,48.98414197982942],[21.27036674855166,48.984361066599455],[21.270399662742612,48.984328855785684],[21.2704909629011,48.98435496632991],[21.270498739209525,48.984357184855895],[21.270675287399396,48.98444666985147],[21.270842053962546,48.98453909598827],[21.27101304248103,48.98462597965636],[21.271185329823172,48.984715783521295],[21.27123592107484,48.984741187741854],[21.2713455594331,48.98479621586806],[21.271357189198746,48.984801973111786],[21.271557958810813,48.98490876201332],[21.27174602334412,48.985007599895084],[21.271926185229514,48.98510601560637],[21.27212289739423,48.98520637772917],[21.27237078058907,48.985335581766556],[21.27242198569935,48.98536199445403],[21.272530071353444,48.98541580357667],[21.2724020121435,48.985733896249016],[21.272293216521618,48.985939960072926],[21.272218198811938,48.98614417648233],[21.27216796192763,48.98629576769466],[21.271804521774637,48.986766448163195],[21.27137187518348,48.98713238434376],[21.270991302447126,48.98737685201247],[21.2708441674027,48.98746525227842],[21.270586243494904,48.98763290217201],[21.27037976536485,48.98776548707044],[21.27011516615899,48.987934642107575],[21.269969843602496,48.988024447169344],[21.269786083540975,48.98814134243815],[21.26941018709808,48.98838135734111],[21.26938983995722,48.98839441780723],[21.269370940282087,48.988406352293914],[21.268416072658862,48.989015013390436],[21.268162732652907,48.98917370642813],[21.26763389321745,48.98951228769989],[21.267461993978007,48.98957543931171],[21.267097037131062,48.98980939080925],[21.26703022633205,48.989868199299515],[21.266899829603897,48.989982764185164],[21.266485443202697,48.99024823783696],[21.266290730788423,48.99037082394024],[21.266212987558134,48.99040625121823],[21.266128753769948,48.990427075933596],[21.266032411296617,48.99042763452685],[21.26597917438109,48.99042024166715],[21.265901988077854,48.9903975311807],[21.26583988417251,48.990364660180575],[21.26579376061549,48.99032633738731],[21.265760646221313,48.990282021650614],[21.26568456047618,48.99012971209286],[21.265729886658377,48.99039000639422],[21.26556974854636,48.990393200612274],[21.26554768975057,48.990393694844265],[21.265433423529966,48.99040783716614],[21.265445728728913,48.99046204787125],[21.2654433034239,48.990531110951416],[21.265426393929953,48.990594148696175],[21.26540582617655,48.990637359350146],[21.265433474662448,48.9907105849817],[21.265440294797923,48.990728258409966],[21.265469907867857,48.99080658550906],[21.265496902829213,48.990877450496654],[21.26550162837673,48.990889928431486],[21.26552365665316,48.990947857970156],[21.265543596695583,48.99100050218795],[21.265576231452044,48.991086393730775],[21.265608279173836,48.99117091692763],[21.265647572850657,48.99127096602472],[21.265667191695552,48.99129722373126],[21.26570472428763,48.99128298010491],[21.265721611127855,48.99133237991431],[21.265741677989887,48.99139096946001],[21.265728655895536,48.991397142036135],[21.265938629109318,48.991857380691336],[21.2662328435136,48.992414723754386],[21.26651979209834,48.99296464134636],[21.266528492213364,48.99298282238747],[21.266635557129593,48.9929777305204],[21.266679302797055,48.992970428598355],[21.266696931526376,48.9929629566821],[21.26671115146156,48.99294565789643],[21.266714546852693,48.99291893520677],[21.266856902456105,48.993116934851],[21.266793280305507,48.993084198048955],[21.26673838587017,48.99308665733326],[21.266772835992995,48.99313533466593],[21.266809892242723,48.99318778274906],[21.26690588205635,48.99332377668476],[21.267024498753546,48.99349188151449],[21.267124848065716,48.993633950249375],[21.267211641269103,48.9937413950854],[21.267230506393787,48.993766729137405],[21.267372810929942,48.99393456886533],[21.267590982907734,48.994172879086165],[21.268025110109246,48.99459001537556],[21.26824217247156,48.99486150841262],[21.26839842218459,48.99506632273046],[21.268432100798904,48.99511047470313],[21.26843647848117,48.99511628015851],[21.26847500155704,48.99516544166253],[21.268581053903432,48.995300481664216],[21.26859460929306,48.99531773089568],[21.268763925462775,48.9955332072249],[21.268845630118754,48.99563725395726],[21.26888403653537,48.9956861416532],[21.268934493880817,48.99575034198626],[21.269061263211054,48.9959116720636],[21.269154663157657,48.996101867816044],[21.269171095674263,48.996097779736736],[21.269151347668487,48.9959920291415],[21.269211621303363,48.99609154850978],[21.26929325402519,48.99624114392163],[21.269326317928556,48.996309492742554],[21.269354254855443,48.99636715199843],[21.269457034723022,48.996579509959936],[21.269424779680243,48.99653648220964],[21.269503136920196,48.99672468671184],[21.269386927139944,48.996742914834364],[21.269403044738773,48.99679553109884],[21.269417397274733,48.99684215186024],[21.269419051258943,48.99684778386984],[21.269434175262276,48.99689703888798],[21.269476509287845,48.99703552865757],[21.269481842724957,48.99705297618604],[21.269497185593575,48.99712816429333],[21.269497493531528,48.99712961407516],[21.26951685865967,48.99722725081216],[21.26953803975184,48.997334035371445],[21.269561843191237,48.99745404343333],[21.26956245907492,48.99745694299632],[21.26956825281742,48.997485297294766],[21.269571916371746,48.9975031438113],[21.269584840421732,48.99756610484911],[21.269608120297235,48.997679975348504],[21.26963334636922,48.99780308767098],[21.269635686120708,48.99781450208561],[21.269640920770033,48.99788559981081],[21.26964339682788,48.99792024412649],[21.26964900291663,48.997995764305145],[21.26965717081381,48.998106651595855],[21.26966415466535,48.99820138866618],[21.26965989376076,48.998226824552866],[21.26965197836522,48.998274924198476],[21.269619243486233,48.99847089080838],[21.26961229958997,48.99851298869862],[21.269621895826162,48.99866172900868],[21.269631892101355,48.99881642301679],[21.26957995999196,48.99912910090308],[21.269542948685544,48.999232663842555],[21.269522139482405,48.99929090140772],[21.26944183913665,48.99951520936652],[21.269407551484708,48.99961120375078],[21.269216569840516,49.00005600879158],[21.269060266673662,49.00029284366374],[21.269039431645524,49.00032434377879],[21.268995002294236,49.00039347106043],[21.26898379095542,49.00041077220038],[21.26894369868543,49.000472740437566],[21.26851325071833,49.00113643927116],[21.26840677359153,49.00128000549345],[21.268250644152552,49.00142142123104],[21.268144191308956,49.00147757644853],[21.268124558558245,49.001509473321526],[21.26769709425312,49.00218100278188],[21.267690051328334,49.00219158977338],[21.267333188918364,49.00272952659226],[21.26729933574597,49.00278061267882],[21.267262078417826,49.0028372659004],[21.266991052930603,49.00324873876764],[21.266886496555475,49.00340757635034],[21.266869361794626,49.00342928701882],[21.26685042971376,49.00345319319021],[21.266806382847115,49.00350909819601],[21.266787450706488,49.00353300435654],[21.26638664790948,49.004003246410576],[21.266435496151235,49.003997450941576],[21.26651139291008,49.00392073629795],[21.266560942207693,49.0038779631313],[21.26648076269261,49.00399199585026],[21.26643333915054,49.0040549990751],[21.266335948108637,49.004184078322545],[21.26624203382968,49.00430849282722],[21.266237200599466,49.004314916389184],[21.266212897894235,49.00434703001311],[21.266118995723502,49.00447126475716],[21.2660156892694,49.004618166994646],[21.265891067163412,49.00479556380649],[21.26574514167117,49.00500327546425],[21.265675752725002,49.00510206444973],[21.26564243641704,49.005149385631384],[21.265396896001455,49.00556001567172],[21.265228066524166,49.00592303347291],[21.265220487993236,49.005945036742744],[21.265204139831365,49.00599233760581],[21.265111364124433,49.00626100177458],[21.26511036979756,49.00626538239444],[21.265027958579154,49.00627167930039],[21.264966234386005,49.006532742755766],[21.26493962401866,49.00694143830734],[21.264927049193098,49.00715962684996],[21.264964568228798,49.00745883997055],[21.26505774090221,49.00794997517116],[21.265156481818945,49.00831416951472],[21.265375137203435,49.008963896919965],[21.26543475416655,49.00897229505985],[21.26547071663844,49.009082863720714],[21.2655206224616,49.00923616991925],[21.265622774759077,49.00955032573762],[21.265669303580335,49.00969335586934],[21.265762930312075,49.00998105386081],[21.26581251093154,49.01013317958117],[21.265971074360138,49.010736953337386],[21.266062104987366,49.011090377426044],[21.26614295099424,49.01134023419234],[21.266201884378734,49.01152073292515],[21.26631071934401,49.011856607540246],[21.266464165621354,49.01232401998863],[21.26662455500169,49.012820991842695],[21.26663882466287,49.012855277084604],[21.266840592088514,49.01330328339514],[21.266914235297318,49.013469378332545],[21.26696871199139,49.01359689706936],[21.267013810974053,49.013719627520516],[21.26704426181683,49.01381148202255],[21.26708171210343,49.01396107479668],[21.26711090224241,49.01410942438037],[21.26712341601853,49.014203340241046],[21.267138345534654,49.014371418034244],[21.267138646928203,49.01437682857267],[21.26714083932612,49.014413534588265],[21.267152144193965,49.01459995585398],[21.267154457170548,49.01463882608158],[21.26715553277657,49.01465650329306],[21.26716920975681,49.01485001887088],[21.267182928768598,49.01497718964305],[21.26719847711893,49.015105586700535],[21.26722261294316,49.01524027814043],[21.267261194633154,49.01540484899064],[21.267299855633674,49.01551801979834],[21.267336269862618,49.01560105451864],[21.267367540429422,49.015660075968896],[21.26741959647924,49.015744489766405],[21.267453386329056,49.0157930557679],[21.2675007275656,49.01585319933584],[21.267501422322294,49.01586852430623],[21.267489775783364,49.01587257881055],[21.26747150485137,49.01598571692809],[21.26769457673407,49.01619095408675],[21.267684552088102,49.016148877107966],[21.26766274345115,49.01606250876222],[21.267659088278712,49.01605420488436],[21.26766803854658,49.01604763723241],[21.267684204369683,49.01604741195292],[21.267749011348332,49.01609863780161],[21.267818823886046,49.01614875653676],[21.267868574458085,49.016182597310305],[21.267936866243392,49.01622519760913],[21.267992949951758,49.01625851201498],[21.268056036849252,49.016291500629926],[21.268116144898222,49.01632016700552],[21.268196833465897,49.016351983905494],[21.268270633542205,49.01637863870732],[21.268355654497896,49.01640725729447],[21.268459852360042,49.01643565256301],[21.268553503004505,49.01645643317197],[21.26871300833362,49.016484630467204],[21.26879199889001,49.01649596004623],[21.26896358939131,49.01651777521539],[21.269225788710486,49.01654920443459],[21.269264326535872,49.01655389452846],[21.26946771258898,49.016580912885466],[21.269559128065573,49.016594602584554],[21.26960083561842,49.01660091991683],[21.269721737369952,49.0166234335669],[21.269856388234558,49.016654739745086],[21.269954419597457,49.01668132458099],[21.27002291393249,49.01670367490913],[21.270123991307315,49.016739444963186],[21.27022021901452,49.01677605680462],[21.270315735439034,49.01681498736416],[21.27039305642261,49.01684994042833],[21.2704413515485,49.01687536349012],[21.27047685994413,49.01689967522538],[21.270757854771254,49.01715699975722],[21.27093334459282,49.01731729427539],[21.271048180651484,49.017415959198466],[21.27120607277891,49.017540606644495],[21.27130571539765,49.01763736627881],[21.271431978162692,49.01776608729901],[21.271487758754088,49.0178327885755],[21.27152348834099,49.017886903818415],[21.271584662730177,49.01797024390483],[21.271661828977905,49.01805002198518],[21.271731661322796,49.01811544238457],[21.27179259360975,49.01815961560158],[21.271864423401915,49.01820646254501],[21.27191983567727,49.01824740617694],[21.271924733432368,49.01825169691537],[21.271950244973976,49.018274172111255],[21.272002945404473,49.01832637548305],[21.27203723631115,49.01836019172099],[21.272070602987494,49.01839352958214],[21.272118698071626,49.01844118103658],[21.272170855647012,49.0184913872499],[21.27219277513299,49.01851240224093],[21.27224194399906,49.01856035652833],[21.272273748395516,49.01859643722105],[21.272278954365426,49.01860217770745],[21.27229990213521,49.01862532348064],[21.27245086956978,49.01879188727825],[21.272544139359404,49.01888980115517],[21.27263242236143,49.018976939978586],[21.272769700915564,49.01911256757535],[21.272847108501463,49.01918316992219],[21.272893972386385,49.01922502199518],[21.272941122197146,49.0192667027433],[21.27305185640532,49.01936154910501],[21.27309469289792,49.01939841683359],[21.273138670026885,49.01944045062295],[21.273167483615513,49.01947625956752],[21.273194198289893,49.019520466357164],[21.273202585027455,49.01954511846831],[21.273203796630696,49.01956865106594],[21.27327319722752,49.019622804515144],[21.273295508111666,49.01964023036973],[21.27331716785549,49.01965718621218],[21.27332508657076,49.01966327961538],[21.27337899623439,49.01970615698884],[21.273409324427078,49.01973021935803],[21.27348423023975,49.01978976214967],[21.27349848593282,49.01980109039817],[21.273535512122155,49.019813654658996],[21.273667076457997,49.01988105028335],[21.273699755145767,49.01990284384445],[21.27371295939976,49.01991161933637],[21.27375600266098,49.01993976103864],[21.27379409712178,49.01996433068684],[21.27381282830252,49.0199762457627],[21.2738701018371,49.02001220401496],[21.273894496537398,49.0200272628428],[21.273928090076044,49.02004773396908],[21.273961343706144,49.020067204464105],[21.273987097905042,49.02008239483391],[21.274047982870076,49.02011567268382],[21.274105993096462,49.02014508176665],[21.274174520311014,49.020178683079635],[21.274247005407457,49.020214385747266],[21.27430123906271,49.02024106871756],[21.27436317565691,49.02027302820096],[21.274423241622838,49.02030628081417],[21.27448115745732,49.02034090804166],[21.274533606833213,49.020373477781476],[21.27457121912671,49.02039713220603],[21.274607681366586,49.02041769076017],[21.274605432436356,49.02045147003156],[21.274690488022923,49.020501059621914],[21.274750948537395,49.020536484610574],[21.274855952237317,49.02059433528134],[21.274916304760783,49.020627416325695],[21.275120550611497,49.020735559505724],[21.27522798149591,49.02079006314786],[21.275429890316097,49.02089255303943],[21.275594447622403,49.020975447420504],[21.275800242255507,49.02107526464246],[21.276049549230407,49.02119468455801],[21.2760745617071,49.0212126424256],[21.276136932330846,49.02124236360804],[21.27615750106138,49.02125928554388],[21.276186872145296,49.021256221524986],[21.276261876878184,49.02124851958142],[21.276276694942915,49.02130424502599],[21.276281671377273,49.02132294133367],[21.27649482132974,49.02141749054471],[21.276567054210595,49.02144130116082],[21.27657094978438,49.02145204259399],[21.276787619579554,49.021518072005726],[21.276818025022028,49.02152944277488],[21.276853243115045,49.02154438127162],[21.27684135277677,49.0215111605588],[21.27715727092234,49.02164296405547],[21.27710450005298,49.02164981500868],[21.27723442351477,49.021703743028894],[21.277376173553264,49.021762713011945],[21.277418141136415,49.021751841289465],[21.277490213049926,49.02173333651002],[21.27755017446814,49.02180691359474],[21.277680086133486,49.02186102076877],[21.277896980076854,49.02195883225558],[21.27809549931183,49.0220551823021],[21.278263577349982,49.02213484929617],[21.278725669914348,49.02233484402036],[21.27882731596061,49.022380255487725],[21.27884814871232,49.022391513636606],[21.278984898906778,49.02244573789774],[21.27905769852095,49.022426624196854],[21.27948413999611,49.022600412110116],[21.279478639611447,49.022674511527924],[21.279498034892914,49.022675103233844],[21.279566260638738,49.02268978754204],[21.279661333576204,49.022721674615454],[21.279938172904735,49.022829412595016],[21.280262819320917,49.02295607208311],[21.280459583608614,49.02303472019302],[21.281622309968206,49.0234863423684],[21.281807256710497,49.02355598576226],[21.281866075058684,49.0235818144844],[21.281972040361108,49.02364175801035],[21.282059325674073,49.02369095963495],[21.28217135919946,49.02374055553116],[21.28224731227376,49.023767986627256],[21.282339493343525,49.023792401535],[21.282429079295945,49.02381673726327],[21.282509888283755,49.02383936505887],[21.28262119242105,49.02387795574241],[21.28289505843166,49.02398532555998],[21.28321327097404,49.024110249862524],[21.283208940972486,49.02408428198891],[21.28330531676559,49.02411134450687],[21.28337779295388,49.02413956907656],[21.28344054492724,49.02416398647151],[21.283637582056674,49.02424083677519],[21.28373577519037,49.024279026826775],[21.283917491235226,49.0243499185346],[21.28396158921718,49.02436710574736],[21.285482124473067,49.02494607480644],[21.28653739455337,49.02535224268393],[21.286487444015922,49.02540455410739],[21.286474151342727,49.02541837262352],[21.28603709367411,49.025235286690645],[21.285724517967132,49.02510982209098],[21.285514392921936,49.02503212686374],[21.28619418872508,49.025346834296926],[21.28650288044815,49.025476950372926],[21.288139513607927,49.026072109954185],[21.288167119043255,49.02608249216426],[21.28822219967235,49.02610316258002],[21.288267412391185,49.026120111918004],[21.28936268275068,49.02654403344921],[21.289382673229923,49.02655175315882],[21.289479286594197,49.02658916983904],[21.290557849099912,49.02698232442251],[21.2908605090356,49.02710117230611],[21.291773021844314,49.02745955911711],[21.292036894751256,49.02755967075209],[21.293221341161203,49.02800894940789],[21.295521090093658,49.02888124348673],[21.298865662000807,49.03016219218767],[21.29905305300191,49.03023278085255],[21.299202375594298,49.03014936131154],[21.299239972800816,49.030163734623606],[21.3033418539579,49.03173091319444],[21.304389767763414,49.032134616033176],[21.304425095830762,49.03214819868868],[21.30438124208591,49.0321879192206],[21.30433753117914,49.032227554044646],[21.304381010287866,49.03224399414427],[21.304449984991436,49.03226975823082],[21.304432378405163,49.032298301173036],[21.30729509382964,49.033367526003694],[21.309653152293485,49.03425650172952],[21.30981915740116,49.03431616314843],[21.309993619211845,49.03437824048031],[21.312287066405332,49.035260524942366],[21.31234923520903,49.03527995714348],[21.31250063720748,49.03532729079429],[21.31255737262834,49.035346108612615],[21.314403568714607,49.03606234266318],[21.31591985482466,49.036607904856666],[21.3163546904001,49.036792334656816],[21.31637853952765,49.036754706638135],[21.316842467937654,49.03698529178585],[21.31777642714626,49.03732781608569],[21.31845070698059,49.03758733484768],[21.318979093355587,49.03781859484418],[21.319062761574845,49.03784983390186],[21.319374363534465,49.03796401176637],[21.31981908670383,49.038116949544715],[21.320335682399982,49.03832111210517],[21.320394264293892,49.03825464441201],[21.320544255319295,49.03831065626032],[21.320573879764602,49.038321721313395],[21.320647165752508,49.038352646205574],[21.32073614221506,49.038390255250896],[21.32085637553516,49.03844104881977],[21.32083428396889,49.03851437777756],[21.32083072444431,49.03852615286937],[21.321004908232286,49.03858082287679],[21.32125975462939,49.038660788239454],[21.321490117094523,49.038744336033346],[21.32173076313816,49.038831613914674],[21.322468739249405,49.03909914862889],[21.324882810556844,49.04000910883414],[21.327063869815394,49.04081550674797],[21.327191006347316,49.040859749729144],[21.327548766055166,49.040991946382114],[21.328827112123964,49.04146418969529],[21.328847555741937,49.04147146575494],[21.32886094100225,49.04145620521725],[21.32929216954753,49.04161301982326],[21.32930626611869,49.04161902475029],[21.329318286378154,49.04162928808609],[21.32940018305595,49.041664516800644],[21.32941136101962,49.0416691737179],[21.329417502819474,49.04167142877968],[21.330133936716333,49.041932863361296],[21.330362279206504,49.04201633186788],[21.330384847083298,49.042024571666836],[21.330446402618474,49.042047125860115],[21.331199102395328,49.04232278608751],[21.33123819907869,49.04234538507821],[21.331383092363676,49.04242778406104],[21.33165440970827,49.04252343330911],[21.33201672249463,49.04261803498576],[21.332140716644044,49.04266820901078],[21.332815902064876,49.04293837885058],[21.333007868272954,49.04302128936165],[21.333062782546936,49.043054714742496],[21.333127628403386,49.04301813492455],[21.33313233124509,49.04301548563255],[21.333769838012145,49.043244730395124],[21.333763177284773,49.043324825710606],[21.333809492985406,49.043330267225826],[21.333857460275453,49.043337558657704],[21.33392401023103,49.04334936879399],[21.333989509409317,49.04336447797592],[21.334035139299658,49.04337782031748],[21.334098300440022,49.04340096077958],[21.334488783048567,49.04354356916054],[21.33449465824952,49.04354572591823],[21.334570049449034,49.04357022345885],[21.334576626615096,49.04357213123417],[21.334941657305357,49.043677066915336],[21.33503124158772,49.043702260231576],[21.33568404567238,49.04395202689437],[21.33587210248262,49.044030224196256],[21.335978713836703,49.044074471219574],[21.336057341985732,49.04399518523431],[21.336094596302154,49.04395759581635],[21.3361118192387,49.04394028925623],[21.336113304238932,49.04393862349324],[21.336142151791744,49.043953081690084],[21.336186141276112,49.04397231505205],[21.33643940947611,49.0440816336573],[21.336458141749485,49.04408597641584],[21.336466519877206,49.04408955842184],[21.33699845466483,49.044321107964805],[21.337155536704536,49.044360296686605],[21.337185012996745,49.04437162287369],[21.337312650570777,49.04442073014169],[21.337365734116432,49.04444113598675],[21.338237587893754,49.04473922581296],[21.338266215390128,49.04469372560532],[21.33830843953904,49.04469895256044],[21.33835536947742,49.04466399305326],[21.33836841889915,49.04466735492647],[21.338436765370115,49.0446848873272],[21.33847752855048,49.04469538140654],[21.33842581490987,49.044734158255956],[21.338736485767686,49.04481755768997],[21.339053315511997,49.04489114904358],[21.33945608810391,49.044965515565174],[21.339508815206468,49.04497528771691],[21.33953238118366,49.044977074357945],[21.339688355206842,49.04498886121098],[21.33996025242753,49.04500943350023],[21.34025729757766,49.045042551047565],[21.340629880994733,49.04507640125684],[21.341149864008607,49.04510944591552],[21.341567932408065,49.04509163611904],[21.341814062523916,49.045094778986396],[21.342003419694926,49.045097120842414],[21.34204434757355,49.04509537630694],[21.342124830572338,49.04509193608929],[21.34234737956123,49.04507177728583],[21.342360883559518,49.045070561466844],[21.34251201733801,49.04505933530684],[21.342508225217497,49.045116022223326],[21.34245096523644,49.04531783480341],[21.34243000750959,49.045355464150134],[21.342396544548063,49.04536409364796],[21.342258636244857,49.04539984029204],[21.34195618894815,49.04547818678126],[21.341863706753863,49.04550458176051],[21.341523536395975,49.045645078822226],[21.341464205222962,49.04566931609654],[21.34141514868303,49.0456895403739],[21.341160144641936,49.045788659874866],[21.340897093343273,49.045899149865754],[21.34062130668685,49.046011598089045],[21.340314818393864,49.046136268024526],[21.340014920460852,49.04625474353372],[21.339717113262708,49.04637859196641],[21.339417808509193,49.04649834403133],[21.339062268777678,49.04664107405116],[21.33870006154537,49.04678513341484],[21.3384051628624,49.04690249464708],[21.338351786483184,49.0469237583868],[21.338210851414377,49.04698722487455],[21.338162909482765,49.04701108194942],[21.338074679292134,49.047055064824065],[21.337988461401086,49.04709964808363],[21.33782036703071,49.04718939470789],[21.337657359061854,49.047280823941286],[21.337431969880434,49.0474028780234],[21.337157519008503,49.04754713449431],[21.33714289439647,49.04755461729917],[21.337091068311274,49.04758114797418],[21.337028730300087,49.04761312438176],[21.336980034774,49.047639928951156],[21.33688693666941,49.047690876290325],[21.33683828464946,49.047717051991434],[21.336740427584367,49.047769476763236],[21.33670400834887,49.04778908808705],[21.33657967205052,49.04785602123192],[21.336547812907945,49.04787306880934],[21.336511834687247,49.04789224322346],[21.336439871926217,49.047930681847824],[21.33632809118207,49.04799033999491],[21.336272964529545,49.048021002096746],[21.336167699972926,49.048079505352504],[21.33608265404778,49.04814068556335],[21.33607112238098,49.0481489811803],[21.3360271578665,49.04818060820915],[21.335901403973804,49.04822454383493],[21.335783278229922,49.0482887819996],[21.335744000260643,49.048310107598454],[21.335697465583326,49.04833535620446],[21.335615063653158,49.04838014234585],[21.335518999332574,49.048432349905475],[21.335417274350302,49.04848915841025],[21.33536342022196,49.04851922818058],[21.335362134117528,49.04851999973602],[21.335317904183334,49.04854360704572],[21.33525988146546,49.04857454185384],[21.33519233422538,49.048610501783436],[21.335043670053203,49.04869047585395],[21.334986951833173,49.048720369484016],[21.334910488119867,49.04876245284592],[21.334875887737436,49.048781488108816],[21.33485814166357,49.0487964383782],[21.33485625957783,49.04881564551203],[21.334868752575364,49.04883294366989],[21.335107221330038,49.048999881018936],[21.33513115534537,49.04900230965816],[21.335203510294317,49.04900952212246],[21.33543439006551,49.049155617104766],[21.335258713483256,49.04924000181809],[21.335840235318464,49.04979548321388],[21.335905582036474,49.049852354246035],[21.33645620505856,49.050215979258866],[21.336498557965985,49.05026477871439],[21.337211381245854,49.05107560789974],[21.33732572786652,49.05117634553351],[21.33740433634003,49.051275021023805],[21.337592537119374,49.05153505245604],[21.337717639100607,49.05173143984666],[21.33783403904625,49.05187760685764],[21.337839912820463,49.05188966519625],[21.33786392968607,49.05193827425951],[21.33789682563442,49.05200497286905],[21.33802661220317,49.052208881660896],[21.33803454186627,49.05222289198186],[21.338121915339446,49.052361076931625],[21.33823570029722,49.05254101126887],[21.3382660604057,49.05259098062386],[21.339067168054004,49.053861366800476],[21.339653210466246,49.054465569677006],[21.34031799605201,49.054973380493635],[21.340534823580647,49.05513902632634],[21.340912838231326,49.055263502386204],[21.342014433238695,49.056342128915816],[21.342067053808712,49.05639312375384],[21.342867688504377,49.05700274403123],[21.342956222696895,49.05708694947068],[21.343045394756203,49.05722716400836],[21.34363468947971,49.0576354756218],[21.343656938885786,49.057676108802056],[21.34369146178115,49.057697755889265],[21.34371030986925,49.05771434294732],[21.344845672511482,49.05860572539147],[21.345050530774884,49.059009816054086],[21.345255450824336,49.05978873468492],[21.34530713049702,49.060043225785584],[21.34470668861756,49.060740167423255],[21.34316839609357,49.06248931766306],[21.34184072318974,49.06401665633975],[21.341649849605872,49.06406873074346],[21.34152277385821,49.0643208408164],[21.34130011940454,49.06458026008609],[21.341181631279827,49.064718396648864],[21.341142437583407,49.064764031126415],[21.341199351347587,49.064794720892145],[21.341119969847362,49.0648845198163],[21.341080963281563,49.064925479045776],[21.341033428867146,49.06491361346181],[21.340604546269702,49.06532582288459],[21.340563152998516,49.065365630271096],[21.33978213730767,49.06594840051889],[21.338327182314096,49.067023159270356],[21.338202398120362,49.06710970517736],[21.338030116039935,49.06722921334596],[21.3379365743729,49.06729788213577],[21.337809388340318,49.067391376916504],[21.337250853219153,49.06780166872163],[21.336977226337925,49.068046860005886],[21.336936516418067,49.06806886350832],[21.33674876553265,49.0681703529492],[21.336682007134915,49.06820642793798],[21.33602755213413,49.06868378056519],[21.335823638055178,49.06883249244779],[21.335565547864295,49.06901360508165],[21.33436597966162,49.06986877780696],[21.334334570701465,49.06990870273789],[21.334168444380772,49.06996105819393],[21.33421988895873,49.07005468854772],[21.332342312131523,49.071353799280836],[21.33267416618356,49.07163327063942],[21.331398904291927,49.0724798420725],[21.33103741283872,49.072661801092096],[21.330340470935592,49.07306682554947],[21.329779682049264,49.073442720594585],[21.32940287295744,49.07377958302448],[21.32900728185879,49.074148015831796],[21.328770872122035,49.0746329414697],[21.32840051534986,49.07456798149182],[21.327957831007087,49.0749631708563],[21.32784442209201,49.07515536775337],[21.32779285824473,49.07524257403316],[21.327430721928867,49.07548445428833],[21.327411175104896,49.07549754917526],[21.32708637119357,49.075618488383945],[21.325914365620573,49.0762074210642],[21.325225800051054,49.07653615506404],[21.324212487295178,49.07712615444188],[21.324000633051458,49.07719710412886],[21.323902087422137,49.07724265776999],[21.323730099017475,49.07734712255333],[21.322908313101113,49.077840885923074],[21.32262329594182,49.077913591800986],[21.32219959258099,49.07815738436026],[21.321757805649074,49.078322496528585],[21.321159312107042,49.07865959096673],[21.320878626767673,49.07884683447994],[21.320397361361593,49.07918475518738],[21.319888147194355,49.07957746248896],[21.319290173096277,49.080044097809676],[21.31866999100492,49.08052050306138],[21.3185451231203,49.08062296003662],[21.317399433807545,49.08147932566466],[21.317154648615123,49.081785835217616],[21.316930317608733,49.0821663246847],[21.316520657722098,49.08290048320563],[21.31580651921546,49.08406537106597],[21.315743597152547,49.08417347411096],[21.315699196685447,49.0842499096629],[21.315697180254237,49.084253269492365],[21.315664785461333,49.08430891313566],[21.315623198003358,49.08438039255302],[21.31562118156186,49.08438375238102],[21.31559147565624,49.084434256121334],[21.31554654653686,49.08451040562855],[21.315544530084996,49.084513765455085],[21.315516368802346,49.084559814920496],[21.31546791866163,49.084639278851405],[21.315444866781345,49.08467693079721],[21.31539213507346,49.08476274678361],[21.31539059166952,49.08476522070639],[21.31536302737395,49.08481056800949],[21.31531459558905,49.08488976238749],[21.315287697503845,49.08493341944817],[21.315240236747954,49.085010482681675],[21.315237616703453,49.08501463445025],[21.315212024671187,49.085057250685075],[21.31516567031438,49.085134167228205],[21.315162110385565,49.08514000096691],[21.31515945892841,49.08514460187057],[21.315115256278595,49.08522014302505],[21.315086302249895,49.085269679144844],[21.314985874652383,49.085445693495515],[21.314969138869778,49.08547336396681],[21.314948855650073,49.08550668851206],[21.31491351958703,49.085561253069486],[21.314887114131626,49.085601774319194],[21.31485976874247,49.08564397753163],[21.3148353469324,49.08568356841966],[21.314778910073485,49.08577530352825],[21.31470676397238,49.08590158129496],[21.314610703276166,49.08606998564038],[21.31458665224116,49.08611210813828],[21.31450309572425,49.08625847541126],[21.314341761842442,49.08653518111275],[21.314280767112773,49.08653136067276],[21.314163135240445,49.08652412121067],[21.31415658319659,49.086523743508465],[21.314044546063315,49.08651685274694],[21.313566232550357,49.08743589582839],[21.313593872107024,49.087444381238875],[21.313571339471327,49.08748240859339],[21.31355470758521,49.087510532105156],[21.31353279106595,49.08754758785832],[21.313533998120597,49.08757147874127],[21.313418782204618,49.08784120329531],[21.313359543403617,49.08795724781379],[21.313306182240712,49.08804412417832],[21.313291261814374,49.088069328745426],[21.313228464261464,49.08817158325961],[21.313066629738675,49.08841019518182],[21.31305913633225,49.0884213111727],[21.312936967274503,49.08861404112111],[21.312759222502155,49.08881751604166],[21.31256132034282,49.08874295042982],[21.312538626884617,49.08876170914885],[21.312475205839828,49.08881407515165],[21.31233166376462,49.088830356534],[21.31196671367011,49.088853366963065],[21.311878814327024,49.08887555822812],[21.311741875732068,49.088873854823156],[21.311231947884078,49.088831814846216],[21.311068908443115,49.08880159737351],[21.310721964329794,49.08872009780783],[21.310229656905385,49.08867111404598],[21.30983800034351,49.088731028356676],[21.30983383425271,49.08873963417027],[21.30972358159784,49.088971428381114],[21.309640095756464,49.089190888542745],[21.309631087139834,49.08922167229145],[21.309626741962855,49.08922109095507],[21.309600768141316,49.089296460761766],[21.309525449710613,49.08951670765703],[21.309459867749116,49.089750571134054],[21.309456419862872,49.089762619276236],[21.30941498126431,49.089765238248546],[21.30940304522153,49.08979476332881],[21.309462655539203,49.08979296333082],[21.309514212124547,49.09004512798113],[21.30953494693995,49.09008959257649],[21.309585642420664,49.09021705763832],[21.309586939331183,49.090220067372655],[21.309603459676737,49.09025621310277],[21.30960475658934,49.09025922283688],[21.30968590032314,49.09041380247689],[21.309827632273173,49.09072684151239],[21.309976955177664,49.0910039227452],[21.31002656215536,49.09109606800287],[21.31022850433942,49.091588708117364],[21.310439023542838,49.09206657385632],[21.31050314553727,49.092047356199416],[21.310566383434985,49.09216997836606],[21.310624227507056,49.09231287143513],[21.310673608974984,49.09242589339026],[21.31070172865285,49.09252936165115],[21.310670447121577,49.09258656797454],[21.310730969395124,49.09268534355419],[21.31111427771307,49.093491134837365],[21.311382180286014,49.09409135286274],[21.311788148475657,49.094969298133364],[21.31197225038843,49.095409815451156],[21.312574964427416,49.09668319660278],[21.31282051665455,49.09725068919089],[21.312891090216414,49.09739990566406],[21.312949423593835,49.097512476095716],[21.313377777545785,49.09842196404804],[21.313515742868884,49.098718949685555],[21.31405897709504,49.10002653138212],[21.314439005956338,49.10099639696257],[21.3145035363796,49.101175315106964],[21.314564115007975,49.10132449865211],[21.314638362791385,49.10150758041012],[21.314969185524756,49.102322751547916],[21.314996269296113,49.10239027021817],[21.31505847156145,49.10255156447805],[21.31512142739027,49.102694248042425],[21.315190340965614,49.102863485932694],[21.31524801514533,49.103036615660805],[21.315299212307014,49.10322395265641],[21.315361045469363,49.10345328775676],[21.315374539539796,49.10352498739853],[21.31540513443785,49.10367758703707],[21.315434692965486,49.103827364907914],[21.315451964523227,49.10396660051723],[21.315467104098975,49.10404222042791],[21.31546194475578,49.104110117113],[21.31553912825306,49.10431209975098],[21.31558094165333,49.10442191972237],[21.315597068885918,49.10462458214346],[21.31559935024454,49.104652735951085],[21.31560061048779,49.10469157089713],[21.315611261883035,49.10480981312158],[21.315618217088772,49.104904449707554],[21.315630876180347,49.10495280990932],[21.31564336818858,49.10512511727276],[21.31565967255706,49.10533309590636],[21.315661954149572,49.10537889286798],[21.315670591818265,49.10554946371862],[21.315678911172625,49.10571282367264],[21.315668415485323,49.10570998684159],[21.3156628261869,49.105770309176684],[21.315662928733747,49.10583746427587],[21.315663043677468,49.105886796560455],[21.315663268056593,49.10599338237682],[21.31565247247401,49.1062516731727],[21.315648122715096,49.10630015073875],[21.315651052115168,49.106344526952675],[21.315653746347074,49.10639618737901],[21.31566143669775,49.106543055377585],[21.315672573447763,49.106554373037305],[21.315686910781693,49.10656893773401],[21.31573463959845,49.10661772487278],[21.315760623339525,49.10664416266881],[21.315768049962628,49.106651677826505],[21.315208404347793,49.106784684191894],[21.31516053973165,49.10679665359766],[21.31500661528776,49.10683324042316],[21.314957189033272,49.10684597281156],[21.314822523583995,49.106875758724726],[21.314770333700203,49.10688291672924],[21.31467756457811,49.10689785279852],[21.314624289225357,49.10690092728508],[21.314484655659253,49.10691156961697],[21.314433500248416,49.106915698117795],[21.314240234429715,49.106932554339075],[21.314188457728743,49.10693576383709],[21.314000393727618,49.10694881582013],[21.313947907764494,49.10695236388743],[21.31377553374005,49.106966518800164],[21.313722947180942,49.10697150399198],[21.31364360708542,49.10697478210251],[21.313589161167364,49.106971069603],[21.31350590156674,49.10699313280118],[21.313431155208782,49.10699933982481],[21.313301456688823,49.107005149496906],[21.31323186204191,49.10700827120426],[21.313146748865453,49.107013715261346],[21.312983276846513,49.10702408681354],[21.312825277493523,49.10703462323532],[21.312765632794424,49.10703858492825],[21.312648837533562,49.107046133388025],[21.312485148253778,49.10705568754786],[21.312156792007908,49.1070437100781],[21.31179323895135,49.10702724895518],[21.31174117884367,49.10702666813905],[21.311742150518665,49.10701670565458],[21.311742207116378,49.10701589721604],[21.311740153552154,49.106953183918144],[21.311741444414178,49.106940620593456],[21.311350379353332,49.10693133928364],[21.31134053165507,49.10693491277858],[21.311247846531167,49.106968212016],[21.311238701777192,49.10697153666941],[21.311155398315677,49.106953089559376],[21.311162515960635,49.106949343665335],[21.31122829200681,49.10691460223378],[21.311235838963086,49.10691059924379],[21.311120457269976,49.10688425268455],[21.310891941475184,49.10682100512646],[21.310632318284497,49.10682018958894],[21.310541929028425,49.106820701611944],[21.310255036489515,49.106841206070946],[21.30986402817465,49.10688593128916],[21.309804320493896,49.1068907897322],[21.309794322533556,49.106849530401284],[21.309731260441197,49.10685725806492],[21.30938926881603,49.10688923912365],[21.309273714073726,49.10690060235901],[21.309011674049078,49.10692644512278],[21.309016740434604,49.10694415133293],[21.308941498307696,49.10694764002952],[21.308709166844046,49.10695844643618],[21.30864222186146,49.10696092530806],[21.308417604088277,49.10696926362383],[21.30834957249398,49.10696963912838],[21.308282094464577,49.106969941298104],[21.30813121717714,49.1069707847075],[21.307826699361367,49.106974727891505],[21.307504455949754,49.106987046370875],[21.307201734957946,49.106998603604275],[21.30695083171548,49.107010285629606],[21.306915034103877,49.107010464125054],[21.306857634122252,49.10702151193306],[21.30669525467642,49.10703973917102],[21.306047740987474,49.107144662362636],[21.30333673154872,49.10771080923436],[21.303180716286143,49.10774965798987],[21.30233218253327,49.1078838566413],[21.301918256332012,49.107938394216966],[21.301621008427585,49.10796171497036],[21.301246499669993,49.10796451319671],[21.300675367205095,49.10794983618079],[21.299852063633463,49.108007726369685],[21.299153999205828,49.10801989432914],[21.29820898859475,49.10799316185373],[21.297476485810293,49.108083671583174],[21.296538814895886,49.108206036237796],[21.296499505084935,49.10822689906929],[21.296442273909253,49.1082452383628],[21.296214231187115,49.10829629775865],[21.295917012456005,49.10839125863308],[21.295604174402225,49.1085386753635],[21.295359663107867,49.10868933297388],[21.294331731401666,49.109418090220956],[21.293929196138034,49.10961634289462],[21.293719194195447,49.109677846695725],[21.293446719191902,49.1097756224986],[21.29193264852959,49.10999028756084],[21.29153256889048,49.11007167440104],[21.291202663805333,49.110178774352676],[21.29066577493103,49.11037059797581],[21.29049952715702,49.11043180405551],[21.290358048433934,49.11049565222298],[21.288915723354012,49.11177952362585],[21.288567551630347,49.11206384620865],[21.288106440211642,49.11239019598939],[21.287868076299084,49.11256587051746],[21.28790245713166,49.112587798988486],[21.287964401237573,49.1126272179778],[21.288006395472443,49.11265396857905],[21.288213647883484,49.112773776070455],[21.28934904378374,49.113762352033724],[21.289743522490884,49.114111264318446],[21.290079262980672,49.11479181570538],[21.29014766078605,49.11524577851602],[21.29026506783025,49.11559194802905],[21.290283887796022,49.116412935831804],[21.289664774009193,49.11769479899324],[21.289437136435406,49.11782696428287],[21.28901190495697,49.11807942346449],[21.2885806643582,49.11824780269766],[21.288618756749383,49.11832025311717],[21.288982864402964,49.11850315261942],[21.289094169368667,49.118680985577996],[21.289046977886326,49.118718170006495],[21.2890696954115,49.1189367913102],[21.28881582577445,49.119083011870124],[21.28851887548994,49.11909910906847],[21.288080244840327,49.119164012576825],[21.287976059352232,49.11908559379913],[21.287391904837296,49.119123480291435],[21.287213174183442,49.11929511452726],[21.28596004472644,49.119501975149326],[21.283864277056068,49.11986251722408],[21.283316720635398,49.119964598774715],[21.282878578022803,49.12003985000527],[21.282625301110894,49.120056900746626],[21.281072558798744,49.12032651986394],[21.279454443748122,49.12062239406102],[21.2786265803187,49.12073941431792],[21.27825749615909,49.12070089882485],[21.278087689000447,49.12039659826739],[21.277399313145217,49.11910151856221],[21.276878018415424,49.11909976940388],[21.27646574989912,49.11912132419056],[21.276254907412163,49.11925973790908],[21.276106992469675,49.119301499457194],[21.276118054234505,49.11932155047613],[21.27626895659086,49.11959431228689],[21.276519667327946,49.1200479003273],[21.27634545377527,49.12127385518563],[21.276402158372026,49.12209510475689],[21.276447171910114,49.12294399326773],[21.2766312063645,49.12330697088289],[21.27664410954831,49.12333202886396],[21.2768711638043,49.123773281763455],[21.27713443317292,49.124280449945054],[21.27793190276923,49.12462133240848],[21.27781367662072,49.125885989016325],[21.27773662278414,49.1261396520929],[21.277599755214663,49.12613548347579],[21.27577233828919,49.12620142366724],[21.27436363130503,49.126473368797704],[21.274301745832236,49.12648534490129],[21.274304158944314,49.12649000937079],[21.274344468615208,49.12677704445962],[21.27421952906423,49.12752866405199],[21.273678946884132,49.1287629784106],[21.272753216369477,49.13065113590529],[21.27157826858583,49.132293767968754],[21.27156446334671,49.132589324901055],[21.271461027712274,49.13291464391919],[21.271173319643804,49.133244333071794],[21.270714440362955,49.133683841478835],[21.270365855049253,49.133981965503374],[21.26948286332376,49.13425972765585],[21.26894440131215,49.134314045209166],[21.268701533028572,49.13437666473584],[21.267995422670936,49.134641902416135],[21.2679124081538,49.13469049765045],[21.26786107630057,49.134721786684544],[21.267726344788905,49.13478968668129],[21.267514774091378,49.13489646812811],[21.267450293901604,49.1349274454754],[21.267061708330694,49.13516438692175],[21.266982573335888,49.13520274798148],[21.26685658788826,49.13526722344153],[21.26673929025612,49.135327193200894],[21.26655120864408,49.13545089370492],[21.266464306151658,49.13551944319473],[21.266448753454245,49.13553562139883],[21.26637278400151,49.13558929178874],[21.266322795958118,49.135634483994494],[21.266235261865482,49.13571192580146],[21.266221651301493,49.13572393247024],[21.266169777800105,49.135776358462955],[21.265906771996246,49.1360104714232],[21.265836305829342,49.13606196916671],[21.265753119594475,49.1361322520376],[21.26571179407354,49.13624288160667],[21.265701233159543,49.13625444129104],[21.265669544013928,49.13628921016125],[21.26561760528714,49.13634640488769],[21.265563584175194,49.136405876431375],[21.265561801196036,49.13640780234602],[21.265434558399843,49.13652471839381],[21.265351784199527,49.136600774741815],[21.26525838291857,49.136675786161405],[21.26518345764222,49.13673209827376],[21.265126849127082,49.136771956691774],[21.26501688317481,49.13684259097839],[21.264957931790782,49.13687679661633],[21.264901976283976,49.13690938344092],[21.264850567533134,49.13693589795746],[21.264810459310564,49.13691144760991],[21.26468736572294,49.13686357693553],[21.264614140270123,49.13694424549014],[21.264668935344613,49.136960863120954],[21.264646306704652,49.13701679279883],[21.264597329358786,49.13708055891038],[21.264548751434834,49.13712903416893],[21.264537814651014,49.137138151787575],[21.264427993837245,49.13723570534896],[21.264344013775954,49.13730938372559],[21.264230779134483,49.13740863313483],[21.264132131341672,49.13748213309979],[21.26406981059645,49.13751353479752],[21.263870395449107,49.13764399633069],[21.263691648256348,49.137744213220145],[21.263677553194196,49.13775143385848],[21.263544928110623,49.137820383976056],[21.263449262298536,49.13788857349588],[21.263357550114737,49.13793392924301],[21.262996215723817,49.13765327794409],[21.262935738749178,49.13760461944497],[21.26285081572421,49.13754666171218],[21.262813219718115,49.13752354773707],[21.26275465509725,49.1374846695487],[21.262571073351154,49.13736320265939],[21.262505470840736,49.13727468922871],[21.26236778306936,49.13732412934087],[21.262393354475066,49.13736586954575],[21.262393663141413,49.13738856352374],[21.262383560112468,49.13741877066536],[21.262367441117682,49.13744096226257],[21.262344459251192,49.137455472485385],[21.262315963773162,49.1374664834211],[21.262287554710653,49.137474346362545],[21.262249945100038,49.137480397616336],[21.261801431628122,49.13752708222283],[21.26157008224805,49.13755466283164],[21.26112026099482,49.137608146231216],[21.2607926122842,49.13762782829407],[21.260603698678974,49.13761232640157],[21.26058063322899,49.13761063047848],[21.26036409839881,49.137593832981764],[21.260125781598145,49.13755728469489],[21.259711176645993,49.137499407669736],[21.259324323272132,49.13740241047854],[21.259262943231878,49.13739738112964],[21.258995876540386,49.13737543362383],[21.258344745245054,49.137383225999464],[21.258331876958906,49.13738283202289],[21.25784588483398,49.137366151437405],[21.257451248665376,49.1373477655986],[21.257136935685498,49.13737090640371],[21.256851734371114,49.13741681248463],[21.256623255209146,49.13746571559773],[21.256364374168875,49.137552394871165],[21.25634652807713,49.137558329512885],[21.25631181333424,49.13756995867568],[21.256266731709175,49.13758460093162],[21.256238499550026,49.137593818127],[21.256202212300234,49.137604408884556],[21.256146735493157,49.13762053301376],[21.255712626564513,49.13812591925316],[21.255375677382542,49.13849592290924],[21.254939329863543,49.13894002549851],[21.25456077595236,49.13926986415119],[21.254077518945557,49.139676968912916],[21.254021176068022,49.139724481990946],[21.25399309748873,49.139756568069515],[21.253926624068825,49.1398326664944],[21.253844919892213,49.139926121662455],[21.25371527167109,49.1400743686158],[21.253693011676805,49.140099881612386],[21.253591148690003,49.140216303491705],[21.25358425622044,49.1402244639151],[21.253511069499666,49.14031196870767],[21.253351671493768,49.14050224208288],[21.253343731053437,49.140511630623955],[21.25317944669972,49.14071462662336],[21.2531346184987,49.14076996386586],[21.25304691688835,49.14087052615613],[21.25303254300376,49.140895110583436],[21.252868004071107,49.1410997187206],[21.25285766180924,49.141112004198796],[21.252664005916266,49.14135937826558],[21.252638351495904,49.141392078495194],[21.252608880192657,49.141432133213435],[21.252570754112128,49.141483894994934],[21.252532627953187,49.14153565676303],[21.25245260077023,49.14164401552784],[21.252367815833193,49.14176330061663],[21.252231931589783,49.14195465374671],[21.252167032711277,49.14210101394068],[21.252133864647874,49.14217561228289],[21.252107842534183,49.14225583086327],[21.25207323028796,49.14236225142414],[21.252033110004692,49.14250361024511],[21.252012942925376,49.142574826481194],[21.25199659692615,49.14262707599063],[21.251977882274545,49.14268753455207],[21.251959193177484,49.142747633820605],[21.251940711345362,49.142806749239824],[21.25191952301183,49.14287496353246],[21.251842668453023,49.143121687511595],[21.25183485870606,49.14314656313733],[21.25183224821876,49.14315431468],[21.251807137578414,49.143229430098124],[21.251788682376883,49.1432843154451],[21.25177214278668,49.14333349836039],[21.251759941214697,49.14336994168279],[21.251701900649884,49.14354324744031],[21.25168274785278,49.14359829141334],[21.251572448565504,49.14391573415805],[21.251473268136575,49.14421191341204],[21.251468222259835,49.14422688174181],[21.251345858142468,49.14452874113938],[21.251280985746824,49.144630362555006],[21.25122599596388,49.144716533844786],[21.25121351808432,49.14473181431716],[21.251130298363588,49.14483287289886],[21.25109544817469,49.144875192792945],[21.25085711902757,49.14505980140622],[21.250759467865272,49.14510919659049],[21.250534808005114,49.145213657445424],[21.250526480174663,49.145216912681676],[21.250344369374876,49.145288471511364],[21.250193732000547,49.14534776299918],[21.250148411089434,49.14536563644866],[21.249936767621087,49.14544916120732],[21.249882408407032,49.145470628028875],[21.24975782679061,49.145528197945595],[21.24966389516606,49.1455715851452],[21.24965779633816,49.145574368609616],[21.249451809253905,49.14569785426192],[21.249371316114978,49.14576829909171],[21.24929785601954,49.14583247837416],[21.249280878164477,49.14584735050899],[21.249028992382435,49.146085280674065],[21.249023137673007,49.14609041208007],[21.248899306928656,49.14619706425847],[21.248722235087758,49.146349882017375],[21.248644988399075,49.14641133417077],[21.248604834426718,49.14644331851716],[21.24850298015766,49.1465034751704],[21.248407022030463,49.14656561309568],[21.248386449306064,49.14657893447063],[21.248312441134622,49.146608439248745],[21.24819718973657,49.14665441158207],[21.248127427565358,49.14668017579377],[21.247969147839935,49.14673877989954],[21.24777846589742,49.14680917166435],[21.24748728092317,49.146916895737164],[21.247423578689997,49.146940415107245],[21.24723494143213,49.14699943645238],[21.24696307716665,49.147084437721276],[21.24669640630419,49.14716779750042],[21.2466686418669,49.14717612675221],[21.24634396762245,49.14727426787946],[21.24620427834509,49.14731651717119],[21.246132892207704,49.147338089512864],[21.246067774699366,49.14736219483715],[21.246053541598524,49.14736742883788],[21.245935147692283,49.14741123209552],[21.24579758065381,49.147462187894206],[21.245643948853616,49.14751904137507],[21.245197427983147,49.147684281090086],[21.24490890415044,49.147785329390764],[21.244874708145385,49.14779724140929],[21.244376069849984,49.147963937446264],[21.244113981547994,49.14805409378345],[21.244050950379503,49.148029742082606],[21.24406380641188,49.148084148381066],[21.243518529030563,49.14825435863684],[21.24332890827252,49.14829434976558],[21.243101024741524,49.14831480058941],[21.24088563049488,49.14826513242835],[21.240086461518747,49.148314543648084],[21.240024817298107,49.14831687798996],[21.240020880199463,49.14832971958222],[21.240003623316372,49.148384910351915],[21.239990778506787,49.148426373952326],[21.239921816179386,49.14855793027484],[21.239729272521757,49.14870782885766],[21.238516051667975,49.149095292992946],[21.23624159799477,49.14944655529278],[21.23549459748725,49.14953940136506],[21.234916116202747,49.149501865975914],[21.234475758338803,49.149490188397685],[21.23415672213995,49.14944579007512],[21.23383817341458,49.149459738339374],[21.233583348388155,49.14945575552396],[21.233438261535564,49.149421757423326],[21.23330169676846,49.149510177936534],[21.23271983981063,49.14974771648164],[21.232227852074537,49.15007543190657],[21.231467518331375,49.15041341435133],[21.230978907771608,49.15054255635817],[21.23040411625567,49.150752035832575],[21.229959640708937,49.150864621324395],[21.22939430997114,49.15111237612164],[21.228705717064315,49.15137378812049],[21.228817087496854,49.15160812497413],[21.228771636387197,49.151761555749076],[21.228230689561308,49.152245008588785],[21.228443109899054,49.152473012533015],[21.22883525498626,49.152523913010214],[21.228733277698467,49.15278425276743],[21.228711299510778,49.152840016672066],[21.22871113036109,49.152840461549005],[21.228501965696164,49.153116127243706],[21.227947697741854,49.15358989595265],[21.22792401867918,49.153610049563206],[21.227467057291477,49.15372215101191],[21.227179801992897,49.15391924741546],[21.226760906130036,49.15420652903286],[21.225623410758743,49.15498679851002],[21.225474230877783,49.15501729851314],[21.225412441534125,49.15506931170284],[21.225406009799496,49.15507478427233],[21.225290509597347,49.15516186636166],[21.225277156348195,49.1551719861839],[21.225241743145926,49.1551987983684],[21.22521200602724,49.15522110485693],[21.225170649191895,49.15525232442397],[21.224558261038975,49.155714741049415],[21.224366184586454,49.15626413732855],[21.224364967934772,49.15626770052032],[21.224349254661472,49.15631258488852],[21.224346489404137,49.15632051119151],[21.22436972081587,49.156358226962006],[21.22438028538592,49.156375477028135],[21.224575449414402,49.15669279395983],[21.22470794547225,49.156908072856474],[21.224717282708916,49.1569233045374],[21.224732464421987,49.15687435283733],[21.224758943723685,49.15682097910631],[21.224779264614117,49.15688011951443],[21.224572637667844,49.15754609177087],[21.2244084605641,49.15913067315451],[21.224338048582677,49.15915550370057],[21.223694645300668,49.15929225853733],[21.22257258472484,49.15935309290384],[21.222502398491454,49.159349933286705],[21.221902130473772,49.159900481301584]]],[[[21.17465094705664,49.185184900887506],[21.1746518462379,49.18515936296452],[21.17467427582614,49.18507769552401],[21.174776549718963,49.18505749141665],[21.175007365205175,49.18466214069496],[21.17501390209551,49.18456863305363],[21.17481713145043,49.18455698255064],[21.174420178057016,49.184533393680134],[21.174274203009222,49.18448993448669],[21.174381240757914,49.18415363464397],[21.174270902409784,49.18412056325814],[21.174365019553875,49.18394274673199],[21.174137945463535,49.183896568295786],[21.174130187371084,49.183987967236284],[21.173974558009085,49.1840317962131],[21.17388650864212,49.18405658593506],[21.17418231315228,49.18419799884116],[21.17407912581604,49.18443431526028],[21.173865247436996,49.184425638343434],[21.173634910558913,49.18423010124579],[21.17368831914715,49.18406820459003],[21.173272660386193,49.183781253203],[21.173104884338105,49.183650689050616],[21.17309202017966,49.18364065387326],[21.17279014439171,49.183405515427395],[21.17269852491162,49.183251319597105],[21.172693763985396,49.18324315855991],[21.172911130246316,49.18316057516552],[21.1728031797014,49.18306087108828],[21.172493163867205,49.18312209781547],[21.172351182584062,49.18315014821857],[21.17186243117567,49.18311440246396],[21.17163105074977,49.18299363614358],[21.171206292521823,49.182892016177135],[21.17145428822948,49.18270389959338],[21.171849246816056,49.18263597460891],[21.17204935262573,49.18253583799742],[21.172279759126894,49.18111954370647],[21.173778550308967,49.18112435554633],[21.175622305003717,49.181557014591306],[21.175704450295985,49.18157173838569],[21.176447849825493,49.181710319309225],[21.176930926316984,49.18175406063433],[21.177313603582615,49.18190178461429],[21.177407962853856,49.182007180651006],[21.17804328262086,49.18261957286142],[21.178485870552358,49.18237253276257],[21.17888237554491,49.182151056517604],[21.179415213332256,49.182139449923405],[21.179900788864103,49.18218289678529],[21.180084459002405,49.18223859995167],[21.18054464739579,49.182378113255666],[21.18057112291188,49.18238605240212],[21.180124036528404,49.18323502081101],[21.17977667760297,49.18371153712062],[21.179343088925897,49.184125492638984],[21.178261560705597,49.1845904824614],[21.1774123962586,49.18490618442506],[21.176786433727013,49.18503261726339],[21.17647018906705,49.18507556559199],[21.175582589311027,49.18517013019887],[21.175236105386002,49.18515307489713],[21.17465094705664,49.185184900887506]]]]}},{"type":"Feature","properties":{"LC":"Lesy na LHC Bardejov","KLC":"PO-SL313","KPL":"SL313","RZP":2023,"RUP":2032,"PSL":1},"geometry":{"type":"MultiPolygon","coordinates":[[[[21.341309149430984,49.26541739726871],[21.340598695356555,49.26556848448444],[21.340278580344034,49.2656365231201],[21.339903734951612,49.26571624938386],[21.33987763050046,49.26572177119197],[21.339483077205628,49.26582179023269],[21.339214117721706,49.26588991226777],[21.339069766126585,49.26607255322872],[21.338762936643505,49.266461056072494],[21.33848416741872,49.26681394206735],[21.338316881559166,49.26702560064543],[21.338238879991007,49.267110671161284],[21.338035097400578,49.267332851176995],[21.337785012851093,49.267605583858526],[21.33772978832362,49.267665771455654],[21.337626011857456,49.26774764193217],[21.337382488344645,49.26794001170087],[21.33716254552258,49.268113733117694],[21.336856747051765,49.268299652103416],[21.33533646964994,49.269224095674694],[21.334886054320666,49.269270586330926],[21.33256186401774,49.27087070705137],[21.3324722523223,49.27071204238428],[21.331947411089267,49.27082146384358],[21.331867430427568,49.27076128658316],[21.33091793792893,49.2700478327857],[21.3296009213007,49.270720498668155],[21.33030031619983,49.27134952435599],[21.330997070722734,49.27150456799363],[21.330306410382533,49.274192105614496],[21.329576770037672,49.27432014412765],[21.330595347036347,49.274965194670344],[21.32973976176776,49.276086318111915],[21.328656572153626,49.27731403690654],[21.32847107716913,49.277897235424824],[21.328332601162487,49.27833323577858],[21.32831515409786,49.27838797921899],[21.328274617005086,49.27851520902037],[21.328088632224507,49.2790993823481],[21.327909378901765,49.279185826905255],[21.3278560801119,49.279196472968145],[21.32674172214526,49.2806950704387],[21.327047304806374,49.28183383139584],[21.3272186557161,49.28210250676911],[21.327471475927794,49.282498822648996],[21.3289392166796,49.28356794361629],[21.32918402884491,49.28424052224897],[21.329628866774893,49.285462915506145],[21.329700858447396,49.28600386067068],[21.32958509032023,49.28622505975701],[21.32956905612405,49.286255633166945],[21.32953951737039,49.28631208518333],[21.32949283241517,49.286401237540964],[21.329415021695496,49.28654985469547],[21.32901823083447,49.286974437696045],[21.32870458964078,49.287296016898765],[21.32780535069416,49.287961458303414],[21.327379746483565,49.28832153791352],[21.327361025893442,49.28838065342763],[21.326931113913865,49.28876877536051],[21.326857681550905,49.28883300388183],[21.326615979667213,49.289040529979424],[21.32645519718752,49.28928135092519],[21.326467070905363,49.289489266451746],[21.326065950160423,49.28990029950496],[21.325634426808165,49.29040943063374],[21.32573876185474,49.290483751355005],[21.325605692019902,49.29063323204514],[21.323943428520163,49.29150910089643],[21.323424080096736,49.29181964473886],[21.322930905449343,49.29209433709801],[21.322107891321092,49.29263384974549],[21.321735201619898,49.29295247220969],[21.320644933229925,49.29319512619357],[21.319762366521466,49.29333499849175],[21.318795512767338,49.29354245292237],[21.318711542390304,49.29356045605316],[21.317884939251474,49.29377733088634],[21.316950756946596,49.29384839701353],[21.31634037677226,49.29415887937079],[21.3149094312719,49.29467811379391],[21.31422817405748,49.29527052627321],[21.31358095063125,49.29582489355186],[21.312920359549853,49.296261753953516],[21.31190332074373,49.296620031690885],[21.3103712436004,49.29787335048576],[21.309928315961717,49.29823600116061],[21.30795322676217,49.29933285369592],[21.30795938856986,49.29936265216357],[21.30840121101216,49.29947981491933],[21.308852565947543,49.29972174552576],[21.30817229730393,49.300233507266896],[21.30811866603054,49.30027392816638],[21.307882369142096,49.300451608233374],[21.30783208593759,49.300489429463504],[21.30751177461117,49.300730467926435],[21.307259043062754,49.30092061367467],[21.307162606536657,49.30099034927452],[21.307547805206667,49.30144298571563],[21.307981822443985,49.3018943889944],[21.308527856536095,49.302463651514415],[21.30880792114251,49.30280861972044],[21.30885176466822,49.30282911034217],[21.30894855972865,49.30287171559925],[21.308983803899874,49.30288726705972],[21.309032784867664,49.30290908223758],[21.308953304098026,49.30300192153359],[21.308554340580653,49.30336886047148],[21.308405596382197,49.30356186648156],[21.30785799237234,49.30417689785378],[21.30778023669577,49.304566008520936],[21.30777347776464,49.304599468610036],[21.30790414673997,49.30473193272998],[21.306748534794163,49.305188342587144],[21.306498963028385,49.305370391370445],[21.306446689907393,49.30544226571603],[21.306449328526433,49.30552407348553],[21.306512324720465,49.30561471842764],[21.30644012430194,49.305690043477206],[21.30626088017699,49.30567861832365],[21.306103694280953,49.305668666890185],[21.306042973482317,49.30566107870019],[21.305248385076787,49.30556227221959],[21.305067887073772,49.305592121728075],[21.304916220905454,49.30561716846202],[21.30447044771618,49.30614767233377],[21.304834590181205,49.306854588333394],[21.304690647304717,49.307068976847226],[21.30419019224349,49.30742186527372],[21.304142810870093,49.30751215788394],[21.304048065597144,49.30805404069626],[21.304059172313043,49.30825986624942],[21.3043368969254,49.30822178455603],[21.304434299900596,49.30839267465895],[21.304592611857075,49.308705362868174],[21.30496378125756,49.30897459411446],[21.30496006132697,49.309174032402346],[21.304813902756035,49.30957422320799],[21.304825758015816,49.30981247426047],[21.304994430111815,49.310097390573624],[21.30561666813013,49.31043763362744],[21.306073957175347,49.310838975631434],[21.306679864332065,49.31133713669942],[21.30710980259426,49.311728290073326],[21.307515980801952,49.31200135526084],[21.308144958450093,49.31179831263379],[21.308508100585136,49.31192588564855],[21.308947467653567,49.312326135980854],[21.30894316919208,49.31233635773891],[21.308864395890257,49.312522647459275],[21.3088082216012,49.31265579144218],[21.308802765546595,49.31266876865834],[21.30897999958018,49.31305357501009],[21.309408985277866,49.31331975786522],[21.309965561320492,49.313596255035954],[21.310757116467773,49.31398683166307],[21.31151946714821,49.314389576245475],[21.31184052531806,49.31468337933409],[21.312434449317017,49.315010670430304],[21.31228915042981,49.31570288147406],[21.313344374411578,49.317034565332044],[21.31337693956894,49.3173215897395],[21.313711828201317,49.31789320726631],[21.313986055868597,49.31824851258366],[21.313376175665717,49.31882758580477],[21.31348407813418,49.318828215552394],[21.313514071311058,49.31886772968708],[21.31366972227315,49.319072581557826],[21.31391327049871,49.319264950715834],[21.313972965381716,49.319316787468374],[21.314059252616055,49.319448719762036],[21.31409959620507,49.31951338670682],[21.314166135533,49.3195755997421],[21.314220941453975,49.31962647949964],[21.314259021078545,49.319695938852114],[21.314325056084073,49.319765337293596],[21.31442935480957,49.31997998737558],[21.31449727682214,49.32014602109367],[21.314625165444504,49.32044238633783],[21.314303139147317,49.320757469452786],[21.313992973134255,49.32107614811455],[21.313671106780607,49.32152993702401],[21.31345898604778,49.32176217991681],[21.313357828880612,49.321949599900705],[21.31198609441468,49.32241983138369],[21.309190055379958,49.32284003998356],[21.308751253060418,49.32290596582254],[21.30807265475967,49.32300797364045],[21.307279237448842,49.32312722621589],[21.30715584794376,49.32311955461158],[21.30696692896453,49.323107751595685],[21.30683800306907,49.323110264096044],[21.306549715246806,49.32303516559247],[21.305159902889258,49.32297669580133],[21.304878278076725,49.322754269508415],[21.30498950210949,49.32263358518729],[21.304597555212077,49.322393976366506],[21.303778792490114,49.32192513564953],[21.30373456487236,49.321702742677694],[21.30302666284587,49.321036604179206],[21.30301625175928,49.3206431322828],[21.302609031502993,49.32078271303761],[21.302355898488926,49.32073071447475],[21.301684056156947,49.32059256469376],[21.30119304593401,49.32053393698552],[21.300305319960934,49.32064940005102],[21.29993597645507,49.32069110341961],[21.299369546398133,49.320698331575784],[21.29832802338039,49.320645776971666],[21.29779152783635,49.32073220806855],[21.29768731937783,49.32076695896976],[21.297537851073983,49.320816726334265],[21.297481444992208,49.320835547094305],[21.296978903657088,49.32073938007626],[21.296659113934737,49.320695439216884],[21.296546195628476,49.32067997127358],[21.296487301348886,49.32065407194885],[21.29646603377287,49.32067251223105],[21.29644489724046,49.32069104647255],[21.296371104219293,49.32075524679885],[21.296138953656964,49.320700627338454],[21.295852610969817,49.320771915134536],[21.295488136256477,49.320766046662854],[21.29531681796102,49.32085610604241],[21.29520040555218,49.32091739922789],[21.295176520573357,49.32092999970449],[21.29491061955463,49.32090289207392],[21.29454409900927,49.32086554570743],[21.29422922713718,49.32096639154991],[21.29400892322584,49.32097018147406],[21.29382920381929,49.320890677635084],[21.29356021762915,49.320825399814304],[21.293517314726273,49.32078756053735],[21.293395613478868,49.320680104808865],[21.29325101798373,49.32059851032132],[21.293072142132463,49.320553864325014],[21.292812470816873,49.3205380111194],[21.292805827076215,49.320536550331916],[21.29277978902197,49.32053090341281],[21.29270805017704,49.320515325296604],[21.29269069148822,49.32051156066998],[21.292684185154883,49.3205101040255],[21.292625109856797,49.32050237911722],[21.292632502272394,49.32047181918524],[21.29263672495099,49.320454934951414],[21.29264348930254,49.32042741636794],[21.292655816755623,49.32037963367809],[21.292667611364962,49.32033354507136],[21.292730061267722,49.319825978058766],[21.292730466142213,49.31978323581661],[21.292730449361578,49.31978152513094],[21.29273123686891,49.31968271857868],[21.292731356555475,49.319665440385464],[21.292731770040493,49.319620628183735],[21.292751334747578,49.31951914842289],[21.29284255949849,49.31904665391584],[21.292862106434836,49.318922041161905],[21.292909037060053,49.318596994339075],[21.292915451321054,49.31855299342634],[21.29291773343029,49.318534340385995],[21.292922119905487,49.31849954920132],[21.29295074201467,49.318269899442335],[21.29298382470112,49.318088179408775],[21.292984269035735,49.31808189216605],[21.2930110472317,49.31776532753025],[21.293012143104278,49.31775176919693],[21.293011134288076,49.31769980325837],[21.292952296701415,49.31769460584677],[21.29291430244646,49.31769255820876],[21.292498682470164,49.31767037338329],[21.292224773798388,49.31764967784138],[21.291950040997136,49.31762895675353],[21.29180938996661,49.31761831670853],[21.29133424644291,49.3175539150285],[21.29125235832772,49.31757484309223],[21.29118074879915,49.317501031572185],[21.2908994078789,49.317365436047496],[21.290510385642907,49.31722613522118],[21.29024680548587,49.317156781862536],[21.290161377882065,49.317072020836136],[21.289908176646897,49.31659316625727],[21.289903121808333,49.316584822568124],[21.289892802487234,49.316571099171675],[21.2898032595433,49.316451109616686],[21.28954090544891,49.31609979104179],[21.289458367554648,49.316018987151935],[21.289419100301618,49.315867573660036],[21.289349145233068,49.315612801174424],[21.289286738905123,49.31538561981296],[21.289270802139487,49.315385137951644],[21.289209796443835,49.315383383383484],[21.289026613619992,49.315144989077595],[21.288924002527235,49.31501128201527],[21.2887707086154,49.31485642003018],[21.288729017908096,49.31484048767019],[21.288689175522418,49.31484513343417],[21.288311312961884,49.31488897185197],[21.28795329912925,49.3149305291303],[21.287258567087264,49.31510177436287],[21.286540147953048,49.31527886958626],[21.286350872620577,49.31525505008652],[21.286054200297567,49.31521771897622],[21.285782565877515,49.31531093930548],[21.28522518009447,49.31550226142495],[21.285104378925375,49.31614064604579],[21.2847036832059,49.316242288536664],[21.28403684212484,49.31668988060256],[21.284179239485507,49.31708393566083],[21.283991886284465,49.317540104133656],[21.283934820764962,49.31767897181959],[21.283617560394156,49.31782319184137],[21.283296742445643,49.31796901350096],[21.283046873096954,49.31834155822188],[21.282754460989207,49.31864989686649],[21.282490834620866,49.31902022363275],[21.282281365420907,49.31944619648409],[21.282033311525826,49.31962977321163],[21.280207157722206,49.32021521754654],[21.279497009976755,49.32069351691318],[21.27897269199685,49.32083675843821],[21.278643048791647,49.32119184428336],[21.278497115262645,49.32135447791169],[21.278278784348267,49.32138278094681],[21.27794872008162,49.321425516910246],[21.277904522742695,49.321431287253354],[21.277852129445254,49.32143806914252],[21.277544152024323,49.3214877745871],[21.277393155478133,49.321512177714304],[21.277139705953722,49.32155993572343],[21.276685119714877,49.32197171312473],[21.27663471139493,49.32194471086166],[21.276838720705822,49.32143550161225],[21.276850612506884,49.32140570895356],[21.275590617952027,49.32170321462864],[21.274707474342122,49.32191178600931],[21.273516878889797,49.32225737211278],[21.27275390343756,49.32246435767263],[21.272183463823453,49.32262435118426],[21.272014644425205,49.32266692832774],[21.27139543931575,49.32286972186573],[21.270708191254517,49.323076565204346],[21.270092579214005,49.32322095447248],[21.2696384058735,49.32331426165442],[21.26937148674362,49.323361413867694],[21.269295344558014,49.32337485090476],[21.26890472940738,49.323579270467114],[21.268829078676532,49.32362062545134],[21.2684839194314,49.32380932378045],[21.26794399863034,49.32415726764693],[21.267520064186915,49.32427632956337],[21.266796590636144,49.32442282206648],[21.266316978196148,49.3244824890326],[21.266246438947213,49.324542900222916],[21.265933636094626,49.32481070530006],[21.265522521732485,49.32510342110274],[21.2647880104398,49.32537558091621],[21.264036688692197,49.32567674810143],[21.26364982360643,49.32568306150235],[21.263346675074896,49.32593297197341],[21.262934445246778,49.326159847420236],[21.26261287071472,49.326187138168486],[21.26238827798159,49.32642836755707],[21.26191818256689,49.32638317437902],[21.26152168782097,49.3265051216693],[21.261465040981385,49.32654633106503],[21.26113600556097,49.326626046957884],[21.2604413297815,49.32690281497782],[21.260391411410986,49.326946209181436],[21.26029399685601,49.32696043248822],[21.260289110428754,49.326961363699944],[21.26009988529252,49.32699619162352],[21.259962146582954,49.32702934812188],[21.25967315868337,49.327053393709065],[21.259547641173622,49.32706387943176],[21.259357996133446,49.32706790961218],[21.25918128403682,49.32705667183585],[21.25913002725528,49.327058979700304],[21.259022385677206,49.32707370028427],[21.25892304788654,49.32709749502006],[21.258869248273527,49.32711034655143],[21.258597929084218,49.3272379908819],[21.258388902417412,49.32733990067853],[21.258133262266774,49.32743885849454],[21.257523250553263,49.32769829928739],[21.257118402437445,49.327850131237625],[21.256949931580397,49.32792402205617],[21.256779766980546,49.32802162391893],[21.256729640995687,49.32806014974309],[21.256663325062313,49.32811132327621],[21.256547017218253,49.32821263805588],[21.25645897845937,49.32832885691112],[21.256398695743943,49.32841702893038],[21.256360712027647,49.328472577117275],[21.256289173841424,49.32858335853628],[21.256210375554037,49.32875143553293],[21.25616432361544,49.32889872888993],[21.256156839145262,49.32892253351104],[21.256141423142367,49.32896868893342],[21.255854180862517,49.32909728170771],[21.254621960897286,49.33024647435353],[21.253072612218464,49.33103573844603],[21.252249915850783,49.331523858490506],[21.25112294132979,49.33188323243327],[21.250451546132247,49.3319174452877],[21.249818671001886,49.33209468954077],[21.248858142050796,49.3325123261689],[21.247975149840137,49.33282593274431],[21.247244570083925,49.3331017090113],[21.246598069386227,49.33332073530166],[21.24580404187319,49.33372444883999],[21.245459108455528,49.333915430713915],[21.245316158592622,49.334266962262774],[21.24500430303904,49.334670932307596],[21.245194388647292,49.33478422292643],[21.24574537167783,49.334862559717195],[21.246163037443477,49.334942666253326],[21.24624703530835,49.33499681244804],[21.246623992056076,49.33528377837954],[21.246993775369468,49.33540940311428],[21.247349152560556,49.335349612660366],[21.247512138869897,49.33530671085466],[21.247765789159402,49.335205643488905],[21.248050145843358,49.33504889732904],[21.248161345244828,49.33497515754161],[21.248168282989838,49.33497059905951],[21.248223228728975,49.334934204194234],[21.24822757043893,49.334931276552716],[21.248602654668073,49.33468270110847],[21.248925571724683,49.33450093850364],[21.249359879577053,49.33429656650741],[21.24970969146202,49.334202754857834],[21.250366036775873,49.33406169210272],[21.250817228194762,49.333992757739075],[21.251222600504477,49.333961666836906],[21.251573218910412,49.33390270877263],[21.251757056162127,49.3338473865973],[21.251888644048368,49.333777326635385],[21.252139097874306,49.33362826668645],[21.252411241274366,49.33354953727552],[21.25262822330847,49.33351412835655],[21.252798895423222,49.333490716591484],[21.254532628837,49.332957493123494],[21.2548428735294,49.33286200898754],[21.255216769947285,49.332802850686804],[21.256575843074422,49.33258760478495],[21.256820814906852,49.3325940871199],[21.25684791343861,49.33259842411075],[21.257223216288715,49.332641014791676],[21.259157025809166,49.33297181028356],[21.25927935271979,49.332992731056265],[21.259638164840553,49.333088907654634],[21.259672756362043,49.33310598384181],[21.259990198827122,49.332733832641864],[21.26034000439326,49.33233656373349],[21.260689541456383,49.33192560407121],[21.261013720944437,49.33159974116449],[21.26109739945642,49.331558095295314],[21.261188146776146,49.33150037278078],[21.261309051258316,49.3314234065258],[21.261338350802045,49.33141232769393],[21.261566932800452,49.33132603996896],[21.261717001124037,49.331239880519355],[21.262233653659425,49.331051923058695],[21.262239854142866,49.33104995164962],[21.262301715119772,49.33103032317137],[21.262372176816104,49.33100789624043],[21.263473027879076,49.33065797304604],[21.263900284436414,49.330522193224674],[21.26395378636002,49.33050581985013],[21.263997150377463,49.330492558235456],[21.264326873387272,49.330391882237066],[21.264759235324263,49.330259765233066],[21.264865663377552,49.330219619315805],[21.26505573450787,49.33014790487202],[21.26537616003262,49.33003848209774],[21.265688255809213,49.32992610471145],[21.266138807096628,49.32974926100422],[21.266422168196765,49.32963807776115],[21.266520351298958,49.32959956980651],[21.266940361027157,49.32940091162285],[21.267509641150124,49.3290689858449],[21.268647846603596,49.32838270317954],[21.26882011292574,49.32850486416552],[21.268866260398845,49.328537590774594],[21.26900902712905,49.328638872283804],[21.26902702920853,49.328651030899735],[21.269104940315177,49.32870380523368],[21.26917810256633,49.32874203348471],[21.269531573466878,49.32897888420464],[21.269567261481335,49.32897087792207],[21.26968397048997,49.328942921679825],[21.26998199333769,49.32876484808193],[21.270037079427347,49.328731958282496],[21.27011528381839,49.32868383922059],[21.270123318204593,49.32868705373574],[21.270170188672804,49.32870576015505],[21.270207551485427,49.32872066721086],[21.270255770837544,49.32874751551698],[21.27027963431458,49.32875472146684],[21.270501136935753,49.328841111781344],[21.2705395245111,49.32880870443729],[21.270562056186805,49.3288443131171],[21.270586620190244,49.328870712484985],[21.27059430637423,49.328876886725176],[21.270705791588117,49.32892041895758],[21.27076702161314,49.32894442200564],[21.27103699498267,49.3290502860911],[21.271117627084955,49.32906677751103],[21.271167572049567,49.32906937506629],[21.271207328623102,49.329071933092536],[21.271241105462245,49.329067558663475],[21.27131759122098,49.32905134025629],[21.27160870364828,49.32895874251166],[21.271739894352766,49.32891691255668],[21.271822946701413,49.32889162224984],[21.271948352789167,49.32885366681619],[21.272188353045973,49.32878066753712],[21.272286329215692,49.328750789627776],[21.272337151627287,49.32873523127934],[21.272440768018107,49.328701564101706],[21.272461335978324,49.328695077967105],[21.272716683709195,49.32856889768701],[21.272805317825533,49.32849607082052],[21.2728962192015,49.32840297043888],[21.27287569514236,49.328352661541054],[21.273155250756833,49.32809706077158],[21.273462335334422,49.32784355540569],[21.273530814600935,49.3278081903866],[21.273552656136765,49.32782640553384],[21.27360948445532,49.327873586098455],[21.273689442309042,49.327831728725506],[21.273735210064242,49.32780782541691],[21.273741538065533,49.3278117979668],[21.27371057591066,49.32783084019005],[21.27370490147452,49.32784479950642],[21.273707938861957,49.32786019345417],[21.27372025353948,49.32787487895619],[21.27389577965646,49.32802107384052],[21.27392494669011,49.328044731894444],[21.273942477034492,49.32805966572054],[21.273950531084303,49.32806648097261],[21.273995521691585,49.328101960667595],[21.27420633717473,49.32827676943719],[21.274431635574818,49.32846290861043],[21.27461804208693,49.328616903345406],[21.275147847538054,49.329052970045964],[21.275131713083496,49.32906490178529],[21.275106854700297,49.32908331952099],[21.275090419857037,49.329095602179024],[21.27507893813778,49.32910407471231],[21.274871773384934,49.329248014193276],[21.27468466994754,49.32938095093358],[21.27462232318741,49.32942496372468],[21.274517333701016,49.32949927569222],[21.27444696542788,49.32954763543381],[21.27441247453794,49.32956981110622],[21.274350558320524,49.32960969636963],[21.274142185549145,49.3297318155553],[21.273895887462377,49.32987015501079],[21.273784781564792,49.32997236383599],[21.273699260600907,49.33002656384873],[21.273683109353012,49.33003678470287],[21.273494359109403,49.330155988159454],[21.273462737181976,49.33017654048647],[21.273015202104574,49.33042947173802],[21.2727983027497,49.330514515652325],[21.272693969311455,49.330581465201156],[21.272676174948568,49.33059154601828],[21.272669252818275,49.33059592632333],[21.27258259185371,49.330650631019665],[21.272409527867058,49.33075446743981],[21.272097056144457,49.33093426854734],[21.27178021313047,49.331111595835594],[21.27152289360042,49.33122655326155],[21.271305294721053,49.331311663333516],[21.27123258650124,49.33133087691329],[21.271196088553697,49.33134056932724],[21.271068220974573,49.33137430887894],[21.270733054498766,49.33142965305991],[21.270710219187745,49.33143507992226],[21.270703392966997,49.33144972419594],[21.270702041223654,49.33145517374647],[21.270668550127343,49.3314516358526],[21.270634378282455,49.3314479872544],[21.27061688327101,49.33144610551618],[21.27060737873353,49.331459678292084],[21.27015581979009,49.331567470565744],[21.269568670741403,49.33167231026356],[21.269522517017776,49.33168026853232],[21.269502720865468,49.33168362729323],[21.26927781989795,49.33172224653395],[21.26921242599865,49.331733490293544],[21.26917868233881,49.33173930536865],[21.269136571467527,49.331746576287735],[21.268955164758207,49.33177589581948],[21.268924604138718,49.33181439130947],[21.268913711992838,49.33182810180092],[21.268862718899864,49.331892439166026],[21.268852133542467,49.33190570892723],[21.26878979743203,49.33198428310462],[21.268427797076257,49.33201405229256],[21.26863869286467,49.33217996228795],[21.268757905039404,49.33227368674452],[21.268471980893185,49.33259875234479],[21.26863923236252,49.33318629351158],[21.268377845258033,49.333313632264016],[21.267911995708417,49.33335293423815],[21.26781874197088,49.333360809866534],[21.267739902797036,49.33336741355047],[21.26762946655002,49.33337674676302],[21.267442137339106,49.33358392443436],[21.266130972295322,49.33491751146026],[21.26598917090371,49.33507899664086],[21.265841843956895,49.33536056735523],[21.26547847606652,49.33611865018681],[21.265374123773555,49.33623581891746],[21.264783877480465,49.33691858860268],[21.2637324063203,49.33825123315675],[21.262608434616574,49.33991596014064],[21.2619674987036,49.340867924776774],[21.260709424140423,49.342427650010976],[21.260578206417495,49.3429846870671],[21.26059927227748,49.34377831951797],[21.260876944427036,49.34489696413661],[21.260485892164425,49.345834390026624],[21.260323072710523,49.34650783693116],[21.259994343635647,49.3468612834962],[21.25922810005536,49.347123359191],[21.2590388196649,49.34755927142468],[21.25885641826874,49.34885976086937],[21.258807896883596,49.349242175574155],[21.259369429055475,49.350273340427535],[21.25920114120161,49.35082033461325],[21.25937597198748,49.35104051558279],[21.25945990535873,49.3511463143873],[21.259654205259036,49.35139103067436],[21.258582810045453,49.352081885856094],[21.257520827786266,49.35261739146359],[21.257431851830834,49.35265743395704],[21.256800257215982,49.35306032627009],[21.256099721995398,49.35331718690141],[21.25521516214298,49.35362900738048],[21.253804090762006,49.3537386154398],[21.253465193888612,49.35368956935115],[21.25222709313091,49.353738729480945],[21.250494165331492,49.35417133066243],[21.249420603763667,49.35416418974756],[21.249100126824544,49.354648826007015],[21.24908721758614,49.354923413637515],[21.24890194655344,49.35521892787068],[21.247830419299877,49.35612184173096],[21.247296633897733,49.35666377135463],[21.246111268944446,49.35789677013731],[21.245781602793855,49.358712626100875],[21.245450699451833,49.3595321337736],[21.245243484145508,49.359533447460905],[21.245216733012512,49.35952983898574],[21.245034524189936,49.359505273977355],[21.24479499549333,49.359472924717195],[21.244609001382234,49.3594473431454],[21.244513614187877,49.35943425410591],[21.243993894781863,49.35942159516367],[21.243450980416384,49.359305792070224],[21.243254453872936,49.35928681684192],[21.242962869482206,49.35918293252083],[21.24239204656011,49.359331351760275],[21.24197438702218,49.35924646865797],[21.241494631928642,49.359253024073475],[21.24064265348665,49.35937302445863],[21.24028973254681,49.35938840956151],[21.240231119374325,49.35940632682616],[21.240003853012475,49.35947578541751],[21.23945295484018,49.35971310162333],[21.23907900439091,49.35971424732889],[21.238372456952526,49.36002527958328],[21.237696914569984,49.36048775631408],[21.237353704742247,49.360722697108635],[21.236622968216146,49.361187796925385],[21.235798460082673,49.36179349474984],[21.235701270246157,49.36191472974154],[21.235181626821934,49.36240672649491],[21.234155230921854,49.363695886429596],[21.233723685372862,49.3639685226666],[21.23294214435031,49.36431106800649],[21.232189903457034,49.36498367815076],[21.231631698778525,49.36566584063774],[21.231220115637733,49.3658904751887],[21.230841748692715,49.36629119976324],[21.23052232557982,49.36637275357741],[21.23056252037997,49.36663573998158],[21.23012884855783,49.36714592805842],[21.23009323830043,49.367232775369146],[21.22984629625111,49.367475242814585],[21.22945556507314,49.36774110708944],[21.229053725868503,49.367965943944164],[21.228663954010205,49.36817053767261],[21.228254417900477,49.368408367162885],[21.227886855049338,49.368570525463284],[21.22748249083559,49.368761345497774],[21.22725813480624,49.36882781008405],[21.22637486435574,49.36875952764145],[21.225435271392044,49.36892380611848],[21.224685074658822,49.36906104778329],[21.224147772817926,49.369153166578386],[21.223684716116978,49.36923253498628],[21.223286810345083,49.36934306967644],[21.2231230437544,49.369402569486255],[21.222786029257897,49.369524967190834],[21.222681996725342,49.36956272136543],[21.222315592015626,49.36985361495508],[21.221951164961812,49.37011513462338],[21.22168847825241,49.37054252531597],[21.22164550613017,49.37076551121321],[21.221545669171572,49.371016270624494],[21.221416992169143,49.37160737553894],[21.221313098820232,49.37192956895657],[21.22119218436709,49.37229849433588],[21.220964642942203,49.37252903029687],[21.220735605567345,49.3727497085657],[21.220572718116642,49.37293047760263],[21.220419475314973,49.3731093830913],[21.22008331936197,49.373515336215405],[21.219916409483297,49.37362766192816],[21.219724403503452,49.37377062864047],[21.219833369447777,49.37422782137294],[21.21983439918694,49.37500573135884],[21.21994098427188,49.37620796397032],[21.219993509037725,49.37679969511565],[21.219841036127317,49.37731706604447],[21.219347192266422,49.37781006372911],[21.218768285099326,49.37812932838044],[21.218336024694796,49.37863979076609],[21.217208151162673,49.38083390585422],[21.216531266520406,49.381447449250835],[21.2165210882078,49.3821718163087],[21.216601662521548,49.382653518925366],[21.21659815818918,49.38313110046706],[21.216385657043205,49.383440581875895],[21.216113149411058,49.384019327503836],[21.215965013263624,49.38445869760916],[21.215910918052444,49.385384145583735],[21.21669500220145,49.386237128324105],[21.216954850476288,49.386689968528216],[21.217343403028178,49.38715541361493],[21.21745546155284,49.38795717267851],[21.21770910623416,49.38819082267378],[21.21678671933341,49.38919681550397],[21.216554171783276,49.38946472459233],[21.21650715014854,49.38977750407917],[21.216358674251605,49.39022901494952],[21.216378308539902,49.39049335186358],[21.21626610739952,49.39096758278988],[21.21605444345365,49.391123890860804],[21.215624085891513,49.391558434134396],[21.215250652903,49.39185026280706],[21.21451456814179,49.39216844690575],[21.213640539344368,49.39221081048904],[21.213275485402555,49.39237138557811],[21.21217424808306,49.39262824941469],[21.211783517405287,49.39282718292078],[21.21146379055232,49.392839642453495],[21.20981975829989,49.39318973189747],[21.209421364146245,49.393368618944024],[21.209071959763175,49.3937258890673],[21.20855470747769,49.39396537215629],[21.20833837505823,49.394109461644184],[21.20751585861368,49.39467336639232],[21.207360482904743,49.395232038280625],[21.207045126393357,49.39551114457794],[21.20666923202348,49.39583959655599],[21.206258240644477,49.39611376655399],[21.20592341749318,49.39633025096266],[21.20645408658564,49.39659282565171],[21.207062800701515,49.39694124855466],[21.207620801710345,49.39737676291708],[21.207777661232743,49.397625266737],[21.208107768121614,49.39802943800745],[21.208524061344388,49.39838055201276],[21.208880818622394,49.398643595988645],[21.20900094066522,49.39903759155536],[21.20905895569161,49.39941508808495],[21.20932132999235,49.40035839986065],[21.209557559310543,49.40106498499751],[21.209692183115315,49.40156545934295],[21.209696791301628,49.40189018058681],[21.20899489320691,49.402086164631456],[21.208589430950337,49.40226069185284],[21.208449067032593,49.40233808881484],[21.20819508261974,49.40248164643028],[21.208033001462514,49.402506616215305],[21.206838603732216,49.402926270873756],[21.206347872562155,49.40310859863481],[21.20585903756446,49.40324381726329],[21.20521254620988,49.40345508289346],[21.203852209996327,49.40380765384981],[21.203463578818248,49.40391706638067],[21.20280256532801,49.40430339207867],[21.20184189823721,49.40463724268951],[21.201510664538905,49.4045563401766],[21.20108194252753,49.4044161642925],[21.200957853523025,49.404299631945854],[21.20068358764743,49.40418457461572],[21.200286667342834,49.40422567198537],[21.199906890689476,49.4040801649961],[21.199691083538262,49.40396169334934],[21.19942677465957,49.403946943606606],[21.198943875692905,49.403834966723565],[21.198386731144982,49.40384499529749],[21.198278203284243,49.40394712917409],[21.197939970096787,49.40385069760286],[21.19739139778143,49.40356448908261],[21.19704897205663,49.40350870017694],[21.196533565166472,49.40326347944405],[21.196030169789672,49.40293851801245],[21.19590456354518,49.40293786766351],[21.195233552996257,49.402651365889604],[21.195070065270748,49.402568530476714],[21.19489687818139,49.402634183551434],[21.194501484093735,49.402635433252506],[21.194187948494758,49.402582691203826],[21.1937361737581,49.40221773347229],[21.192930766246675,49.401733346505075],[21.19255811590002,49.40136354563917],[21.19212735893336,49.40099248154467],[21.190663706067188,49.4012803088142],[21.190039474339265,49.40136715619486],[21.189090482075315,49.40136426095772],[21.18810954471736,49.401629322510736],[21.18759871387898,49.40174596106642],[21.18677538462696,49.40190357005595],[21.185160089828642,49.40237852721373],[21.184730116587662,49.40241323431106],[21.184223234282136,49.40274205028585],[21.18351317131466,49.40283843817955],[21.182156182176445,49.40215311317992],[21.181928460747713,49.402003902445124],[21.181674206069037,49.40212741394476],[21.18147131597368,49.4020952706046],[21.181013135416833,49.40216680206791],[21.180472883548884,49.402128843795744],[21.180029415744468,49.40216887471196],[21.180157134013722,49.40228032326143],[21.180305632442114,49.402811606422546],[21.180574566231382,49.40322556883957],[21.180846660803976,49.403483007071344],[21.181465313203578,49.40396617234941],[21.181396902250373,49.4040832212215],[21.181382982005513,49.40432483161696],[21.18135751859971,49.404607398679666],[21.181357667911445,49.404631796675886],[21.181406488034696,49.405147555545874],[21.18132089563693,49.40564716255519],[21.181232824950385,49.40613535081515],[21.181118127297907,49.40679166393189],[21.181020290832613,49.40712643729426],[21.180774687328515,49.40740683791913],[21.180356880786924,49.40765199756852],[21.180200938773815,49.407966330351826],[21.180169876528442,49.40800631968418],[21.179873147423432,49.40831231193164],[21.17981147423644,49.40853902452219],[21.179567430578945,49.40874314097994],[21.179422592170823,49.40902811423697],[21.17911014603595,49.40923379210541],[21.178867046539946,49.40931542986026],[21.178744105264602,49.409491358756334],[21.17839177953117,49.40957256696942],[21.177582870696906,49.40971373253445],[21.17722629996696,49.40980200620546],[21.17667313144834,49.41009235644775],[21.176161920080858,49.41028049650882],[21.175579026952235,49.41069980425545],[21.17542823635444,49.410865861446695],[21.17470285172139,49.411354537295445],[21.17418320781426,49.41158975318021],[21.17396463607119,49.41172993354755],[21.174045298412448,49.41187187615256],[21.173662717560603,49.41189866077947],[21.173021144766924,49.41209946814128],[21.17229972932538,49.412124509110825],[21.17188946696053,49.41230695708668],[21.171491839567818,49.41261446512835],[21.170102519922597,49.41315973298051],[21.169897544220117,49.41332121327194],[21.170071819598178,49.41357121347896],[21.169490705786707,49.41401017153855],[21.169057888720385,49.41440964740877],[21.16869295625182,49.414861647019194],[21.16847471837368,49.415220829210725],[21.168074058299922,49.41556720757412],[21.167266900265197,49.41608722398994],[21.16715473650188,49.41614925232065],[21.16709210869997,49.41611525296407],[21.166481325042124,49.41654976083428],[21.16613725733268,49.416822109145066],[21.165793546189608,49.41725505043176],[21.165298548560735,49.417739614543784],[21.164711152180807,49.41834001780956],[21.16354964727755,49.41862994184272],[21.163126162167686,49.41873570744633],[21.16203642469294,49.41898564340072],[21.161852908501302,49.419027074240724],[21.16088834219347,49.41924454700707],[21.160593458243685,49.4194026613454],[21.160546321581293,49.41940946870955],[21.160066220264426,49.4196583743375],[21.159037080028792,49.4197629170903],[21.158630385811527,49.419929050957045],[21.15853620705021,49.41994698772311],[21.158319091410107,49.42000617483155],[21.15778903551014,49.41992838139459],[21.157645786421295,49.419938121037404],[21.157566338788147,49.41996587936493],[21.157243311602475,49.420073057742464],[21.157225740473898,49.42007745857359],[21.15703022894366,49.42018619660994],[21.156865103111837,49.42030389653555],[21.156705383269706,49.420400612359856],[21.15660136649883,49.42047161750428],[21.1564624142632,49.42044917552305],[21.155228796457532,49.42099204039435],[21.15504679230414,49.42129589688811],[21.155024475925764,49.42136477831299],[21.154765299949776,49.42158286565004],[21.154676788019927,49.421799366065116],[21.15464301969893,49.42229761187566],[21.15465756083326,49.42243002659328],[21.154772356339688,49.4227808022728],[21.154807870999406,49.42296761155486],[21.15485555358505,49.42322159158022],[21.155095212692395,49.42359139871438],[21.155173268047616,49.42380582356427],[21.155394816451263,49.42415552992754],[21.155421262749144,49.424259332867145],[21.15539820891586,49.42435510511278],[21.155336291748377,49.424392052242894],[21.155167083872534,49.42450872220278],[21.15478869202534,49.42479958823552],[21.15462846197991,49.42496298536011],[21.154403325309538,49.4252245342676],[21.154047296069795,49.42544579820305],[21.153958507856437,49.425409082488834],[21.153671589010074,49.4255050512709],[21.153563856571452,49.42572004867555],[21.153473398132437,49.4259684418582],[21.153215344471842,49.42613525398347],[21.153010041904672,49.42642712612969],[21.15255049208971,49.42672156402609],[21.15225234664452,49.42695858853885],[21.15198748582078,49.42703220131073],[21.151466159721075,49.427250888672255],[21.15095616928581,49.427542299763154],[21.15042995356425,49.42765677425177],[21.14968389034497,49.42779756835694],[21.149215173349145,49.42792572214819],[21.148907046435706,49.42794774407215],[21.148216631852925,49.42838182747995],[21.1480768811428,49.42837744389584],[21.147280611109135,49.428835745767444],[21.146688359874286,49.429169745277186],[21.145606506487486,49.429336522680615],[21.145164072492292,49.429495280455974],[21.14454080969761,49.429617124604036],[21.143996773869176,49.429798612007936],[21.14310855373867,49.43017991871753],[21.142574960807025,49.430318881395465],[21.141574506280875,49.43053030619482],[21.140397652268913,49.43064850498174],[21.139036341045728,49.431404310691846],[21.137888224886503,49.43189874630255],[21.13743786749858,49.43204453517856],[21.136510066357726,49.43242977028843],[21.13612507977774,49.432768260538225],[21.1352339289015,49.433221159735936],[21.134730604666423,49.433437102801726],[21.13429497652256,49.43352528494247],[21.133018362688787,49.433625059471446],[21.131858366019475,49.43426902853833],[21.131166725720156,49.43445553087434],[21.129693932187653,49.43482372203383],[21.129158199454213,49.43498659265621],[21.128366957418425,49.43500827359537],[21.127252358978318,49.43513928965117],[21.126716869157324,49.43525778009096],[21.125695122737476,49.435684977503314],[21.12485093707372,49.4360200149831],[21.124253491856663,49.4363983912187],[21.124023991204538,49.4365800869216],[21.123643805886616,49.436355830707136],[21.12304826134433,49.43605960259688],[21.121805688342125,49.43570530914796],[21.12109226966673,49.43532199344782],[21.120494634039844,49.43506727204836],[21.120198874533617,49.43481425619395],[21.119874702505413,49.43442540937894],[21.1193840037515,49.433855588897664],[21.119026306110797,49.43341473100593],[21.11893692232664,49.433315589428545],[21.118832693171125,49.43309121781588],[21.11880760040808,49.43301472200267],[21.118716307292313,49.43283729688773],[21.118599018258674,49.432747804473784],[21.118510593079243,49.432669216182276],[21.118494225284316,49.43262018063101],[21.118476741645903,49.43246732257912],[21.11832970650011,49.431903500670465],[21.118299766679893,49.43182910177269],[21.118050195831326,49.43136546422687],[21.117551680441046,49.43072139399105],[21.117383661853214,49.4304548562128],[21.117334243121334,49.4300429143344],[21.116854909953894,49.42966085072544],[21.11633881529484,49.42906059512745],[21.116094883704477,49.428692276270496],[21.115539026304155,49.42809435870894],[21.11523865170617,49.42778924240446],[21.115023333422435,49.42734072235451],[21.115077789661072,49.42718563916167],[21.114926111850668,49.426727610946],[21.11491833484603,49.42647784210078],[21.114905029894327,49.426096475737594],[21.114532871813243,49.425402378194214],[21.114061182810666,49.42456794403928],[21.113877244012507,49.42422843256841],[21.113730500246707,49.42393987704438],[21.113277898387565,49.42404157505947],[21.112741669141563,49.424172938348626],[21.11191182113394,49.424233337239535],[21.1101363857962,49.42444613614919],[21.109420077997974,49.42462722678891],[21.10867311549819,49.42477331526771],[21.107769754805908,49.42496439799418],[21.107209359713497,49.42528814453963],[21.106648306658144,49.425300412552744],[21.106292685663103,49.42548914590364],[21.105904928614937,49.42546109026432],[21.104807303274537,49.425862205306814],[21.10451203815595,49.425929887262484],[21.103764030555265,49.4261542263733],[21.10342595840253,49.42624071027027],[21.10290766142641,49.42637331964124],[21.102473213368423,49.42648446542242],[21.10186441222589,49.42675714173687],[21.101220959915786,49.427144475100235],[21.100986124176572,49.42728428095571],[21.100704781587066,49.427451773981204],[21.1003652358886,49.427653873525735],[21.10008487041803,49.427865504182755],[21.099778610312484,49.42809674497792],[21.099546059194143,49.42827235723479],[21.09898645422912,49.428560265680275],[21.09834780884061,49.4288900368377],[21.097483637943903,49.42917743704188],[21.096869752735703,49.429327145121725],[21.09638795012402,49.42948780274556],[21.09583633658913,49.429428487874006],[21.095054228802294,49.42929189348577],[21.094153423313735,49.42911118850501],[21.093497215816477,49.429016667487176],[21.092426050629225,49.4287261962762],[21.091675036474523,49.42853214789978],[21.090947893824033,49.428376932044046],[21.090172727418455,49.42794716032963],[21.090026406631054,49.427921794210775],[21.089775458133538,49.42787824110468],[21.089555708979145,49.42784009253502],[21.08936511402171,49.427807013453474],[21.089141957156237,49.427768305399894],[21.089068521907738,49.4277556129426],[21.08892146050365,49.427727251242835],[21.088702848228905,49.427684996486576],[21.088484917986467,49.427642853068086],[21.088355271484826,49.42761783629781],[21.088269416118862,49.42759961642543],[21.088056816232783,49.42755449151781],[21.08784530469459,49.4275095809448],[21.087699265941218,49.42747863977445],[21.087636044070596,49.42746042092966],[21.0874323227367,49.427401805332224],[21.087228601879968,49.427343189378746],[21.087145924994203,49.427319398934166],[21.087043414150607,49.427265630370556],[21.08687437750724,49.4271769739251],[21.08670852453642,49.42709003905584],[21.086621688272015,49.427044421443696],[21.086533303404707,49.42700289515598],[21.08634333502548,49.42691366028557],[21.08615657055944,49.4268258775353],[21.085969675806698,49.42673800028894],[21.085783973657694,49.42665079088441],[21.085651866896615,49.42658869544303],[21.085598038024674,49.42657590606476],[21.085392225391878,49.426526851821265],[21.08518858229028,49.42647831650948],[21.084985208198308,49.426429879430714],[21.08478184123469,49.4263813521954],[21.08457887421787,49.426333017390654],[21.08453033437419,49.42632147649003],[21.084373942694594,49.42628695997572],[21.084168406961616,49.42624160304405],[21.083963546498257,49.42619644732596],[21.08375855546698,49.426151197052015],[21.083635285678156,49.42612403792605],[21.083571389759157,49.426087251689765],[21.08341026543901,49.42599443157818],[21.08324847356475,49.4259013198587],[21.083180878339196,49.42586234489425],[21.083087525633893,49.42580616443496],[21.082926830540664,49.42570948654233],[21.082765336989493,49.425612422842086],[21.08269310978847,49.42556897884342],[21.08260362937176,49.42551454190248],[21.082441563285652,49.42541592912887],[21.082278705507438,49.42531684073799],[21.082115186978,49.42521737092503],[21.081950876774087,49.42511742548845],[21.08178591257581,49.42501700882149],[21.081784720721718,49.4250163406359],[21.081469262849986,49.42508053011192],[21.081156460361548,49.42514426347742],[21.080847868109768,49.425207050316224],[21.080626161807256,49.425252178072455],[21.08054393285487,49.42526845484531],[21.08024526601298,49.42532768647579],[21.07995052744333,49.42538605269003],[21.07968912055136,49.42543792178767],[21.079662568983345,49.42544049402899],[21.079403977205263,49.425465897272986],[21.079147883489046,49.4254911097371],[21.07889359948241,49.42551610943735],[21.078641675878785,49.42554091398691],[21.07854059674229,49.425550915776334],[21.07842175721407,49.42553280437632],[21.078223232618374,49.42550260377196],[21.078025396619662,49.42547242483642],[21.077903831020915,49.42545386568086],[21.07782947204311,49.425440686348],[21.077636496829395,49.42540643130533],[21.077467626524605,49.425376457331645],[21.07726470978227,49.42534044351669],[21.077062337266792,49.42530453676059],[21.07702788441999,49.42529839408558],[21.076758646450664,49.42536260882113],[21.07654449543193,49.425413641741166],[21.076407460542,49.42544850694327],[21.076010976359935,49.42554951846342],[21.075983962829458,49.42555639595938],[21.075529307069736,49.42551700781686],[21.075065055536776,49.42547677078122],[21.074911222999383,49.425463387392355],[21.07474311595669,49.42539391602038],[21.07464593612004,49.42536857218629],[21.073680505588726,49.4251167733123],[21.07317683704622,49.42504106022322],[21.07262445434298,49.42495802421598],[21.071692044650348,49.42451156611479],[21.0706487689954,49.42392670149119],[21.069737366670214,49.42352977923088],[21.068942141024372,49.42319922528335],[21.06849670714371,49.42307620736376],[21.068413976266488,49.423020354866665],[21.06831563142473,49.42297210348941],[21.06822064295845,49.4229635676957],[21.068146637234577,49.42294211163227],[21.06806617421818,49.42290928625142],[21.068025027980983,49.42289860539453],[21.067957626556897,49.42289023353909],[21.06788924830451,49.42288750149034],[21.067796616871764,49.422891643481115],[21.067751460523574,49.42288290439651],[21.067668937017856,49.42284263116533],[21.067639178750788,49.42283465572547],[21.067585798853685,49.42282700321536],[21.067509544761098,49.42282806927937],[21.06743931582479,49.42282059667357],[21.067388665789316,49.422795027903746],[21.067351740476525,49.42274847474937],[21.067339084798796,49.42270765071074],[21.06729287657776,49.4226890657049],[21.06727969892154,49.422680811601914],[21.06723269942534,49.42263060472185],[21.067204827538202,49.422612247504304],[21.067141679923832,49.42258771820629],[21.06706531932002,49.42257005671254],[21.067023389842184,49.422544137250156],[21.066853825865675,49.422486939597135],[21.066522018182695,49.422315706523115],[21.066219657053217,49.42216576099893],[21.065665120174607,49.42181526637665],[21.065298089842912,49.421432256103735],[21.06465038820572,49.42115177248084],[21.064076984053532,49.42086511747517],[21.063725810319987,49.42047702914803],[21.063156836315272,49.42054527540155],[21.06281394469845,49.420742662174284],[21.062614582014056,49.42085562717538],[21.062416686622484,49.42116497001512],[21.061758709186257,49.4215275045831],[21.06138189217804,49.42171164561658],[21.060999511531513,49.42178479360382],[21.060422205868193,49.42169441634344],[21.05991633108459,49.42165773175297],[21.059179801136356,49.421649371393706],[21.058876033624845,49.421735840776535],[21.057937939997835,49.42175061167179],[21.056889461835816,49.42161545504675],[21.056473573580874,49.421679049374845],[21.05570635182797,49.42152717991173],[21.05526894910506,49.42131308886087],[21.05471195484717,49.421228017278786],[21.05387010418752,49.42089711655454],[21.052940455038524,49.420557712316494],[21.05205187164289,49.420279395229],[21.050936242824328,49.4200347185755],[21.050074711049543,49.41976751914176],[21.04872831754519,49.41939251042811],[21.048612006293858,49.41910439017009],[21.048251472652286,49.418834325119796],[21.04821854256004,49.41867149832267],[21.04754298387821,49.41833960656724],[21.047513137132903,49.41809784139816],[21.047435560626177,49.417365819700535],[21.047216998315672,49.41694495260235],[21.047222257713624,49.41642552708488],[21.047294339813824,49.41618065602918],[21.047431605063082,49.41551416221997],[21.04759066616362,49.41516470098708],[21.04785305423463,49.41484458592795],[21.048530401467715,49.414554497891594],[21.04967108714004,49.4141199997161],[21.050401675359684,49.413304730482245],[21.05023549163377,49.41261459574521],[21.04989202211322,49.412135966964826],[21.050144261645848,49.41144634851114],[21.050083422980748,49.41106342392895],[21.05004104629416,49.410859513675604],[21.050562034846152,49.410120579474714],[21.051234149810945,49.409754512526845],[21.051537805813858,49.40913253202279],[21.051603723021532,49.40860578742946],[21.0518804659758,49.407965565474406],[21.051834335023912,49.40761606246071],[21.051940541268745,49.40738831124663],[21.052702109096344,49.40662128789664],[21.05302358860089,49.40618819967551],[21.053613733773993,49.40558065869226],[21.054196685180873,49.40473775126185],[21.05418067834236,49.40442936760123],[21.054314791887403,49.40421907641053],[21.054579599119307,49.40405178992195],[21.05560649660116,49.40369531782206],[21.057590183207857,49.40296028906156],[21.058145470233235,49.402661544941665],[21.05855402390568,49.402654606288955],[21.060204018958874,49.40228058856883],[21.06124355314405,49.40216878897396],[21.062068979995093,49.4020773792271],[21.062667751837495,49.402068524429936],[21.0632775409964,49.40199403600718],[21.064351406427658,49.40210917061573],[21.06589416881256,49.40243252361873],[21.0668835902345,49.40224417027732],[21.06722975827949,49.40208378776257],[21.067811997217333,49.40164966535744],[21.068242801911158,49.40147345049645],[21.068754660024535,49.400585169977134],[21.06900868524045,49.39985839732833],[21.06871681874823,49.39922997590063],[21.06816869843369,49.398958634094534],[21.067873762525323,49.39861664320794],[21.067654788058686,49.398190939281484],[21.06761242024899,49.398108832843334],[21.067226529223877,49.397339210290724],[21.06750420027576,49.397142873076824],[21.067208077009855,49.396217964960655],[21.067957569597837,49.39551608916508],[21.068180689310672,49.39543412610401],[21.068573273294394,49.39528855243093],[21.069409685306564,49.39495781544997],[21.070966187929134,49.39450747289827],[21.071130783541825,49.39445900643633],[21.071974560899168,49.39421328637384],[21.07354433574848,49.39381689775824],[21.075061472209818,49.39327090209949],[21.075329429708372,49.39286539222708],[21.07602508930618,49.392330801982354],[21.076611016605685,49.39196067203021],[21.077257690955204,49.39151974769731],[21.07730886190301,49.39148843804226],[21.07810326006727,49.39106537890999],[21.078319051113898,49.39095561732423],[21.078396637847394,49.390908588731364],[21.07882688105783,49.39059846214358],[21.079248670177627,49.390286983507046],[21.07957586528396,49.390155397247845],[21.080091402132982,49.389939723396566],[21.08060680013186,49.38981406199707],[21.081102613345514,49.38967552977529],[21.081422975560216,49.38971763688039],[21.082489772316684,49.38923430191261],[21.08266176049631,49.38916409172287],[21.083217670636117,49.38894483386629],[21.083385131518163,49.38888347992199],[21.083789430394983,49.38865388467712],[21.084272588505826,49.388389539133044],[21.08507389263113,49.3873704615928],[21.085954112326966,49.38672036547137],[21.086645881147525,49.3862276319829],[21.08698077914449,49.38598887983086],[21.087605652044612,49.385683945547065],[21.088050813686987,49.38528919618245],[21.08820220261444,49.38515494792782],[21.0883280502212,49.38505058092766],[21.088337906079847,49.38503865285525],[21.088500391768644,49.38455539551774],[21.089394751209678,49.38378510193601],[21.0900044383441,49.383618030327796],[21.090654075383114,49.38366701421033],[21.091934113656134,49.38401298919045],[21.09236703054226,49.38382370691231],[21.09265283394099,49.3836987786779],[21.093714513120357,49.38326955630405],[21.094014662705774,49.38314814267963],[21.094203905729348,49.38307162495713],[21.09442782766026,49.382914835018425],[21.095117339757106,49.382431975424765],[21.0959641620918,49.38189002859523],[21.096795768628045,49.381217425083705],[21.097649134575043,49.38084581014391],[21.098002126782166,49.3805961725281],[21.09919606856422,49.380017091982005],[21.10011395652475,49.37942696839713],[21.100356969212378,49.37927068531924],[21.100821630047683,49.37879351502224],[21.101650838987613,49.37823647721573],[21.10220584088923,49.37771968605425],[21.10296169985733,49.377337913563906],[21.104106300959955,49.37640164650281],[21.10470739427141,49.37611855614421],[21.104965857511814,49.375996872091896],[21.105124579499563,49.37595006442834],[21.105380570806833,49.37587448027056],[21.10551899150243,49.3758336884956],[21.105936063801508,49.37566294000206],[21.10600856259228,49.37563355644687],[21.106306087166775,49.37551302029125],[21.106923875438937,49.37537564856922],[21.10711580165703,49.37533646405222],[21.107247111126917,49.37530966736204],[21.10737856467932,49.37528278508605],[21.10817483028463,49.375120107597496],[21.108112745677087,49.37470414400527],[21.108203437994927,49.37423964963458],[21.10875554489209,49.37409910356711],[21.108841414026987,49.374108580428235],[21.109431700615286,49.3741736738325],[21.109941360617846,49.37401251142719],[21.110563982646667,49.37394872935098],[21.11027188474563,49.373620528666905],[21.111160731943944,49.37299114615834],[21.111810565467984,49.372818939416256],[21.11217264346849,49.37256585991333],[21.112226656171703,49.37243830716854],[21.112437025147162,49.37234739890469],[21.11274714123263,49.37219051940817],[21.113371708257578,49.37171639381358],[21.113784147550763,49.37145320401808],[21.114393874991965,49.370983734053894],[21.114840578104513,49.37058579002313],[21.11489994296521,49.37059199219504],[21.11492771677737,49.37068198993077],[21.11493636480199,49.37068433439663],[21.11498110435178,49.3706962842678],[21.11499665264404,49.37070037769835],[21.115070846366525,49.370610910752184],[21.11502038619713,49.370568353631306],[21.114963175323478,49.370520181489944],[21.114963947831438,49.3704968013551],[21.115028465102263,49.37045221669872],[21.11647854523059,49.369387971944796],[21.118021585468977,49.368168043331],[21.118578431099035,49.36782308374847],[21.119438160843533,49.36682914064234],[21.119353490249008,49.36672194994002],[21.119381335779092,49.366625342279804],[21.11952807937819,49.36615244372183],[21.11985851284828,49.36556491554328],[21.120109334862377,49.365167864752266],[21.120605940791037,49.36455111713792],[21.12071743785446,49.36437100948728],[21.12087442357067,49.36360929673981],[21.12124660029845,49.362540321106664],[21.12139804676341,49.362427279875504],[21.121569566802904,49.361664495650224],[21.121757275237645,49.36095839432986],[21.121946649094788,49.36044534340601],[21.12208303873989,49.36020814070553],[21.122386016418158,49.36009404100559],[21.12332506477251,49.359817592630336],[21.12388968045634,49.35958357828835],[21.124271029596624,49.359280304542665],[21.124494215382352,49.3590730290251],[21.12468553498981,49.358940540542804],[21.12598056186127,49.35932957325418],[21.126029434066464,49.35931725507185],[21.126236983617613,49.359188877793734],[21.12629822750685,49.35915093539787],[21.126393844252288,49.35909175481311],[21.12647415486899,49.35904199242102],[21.12663663618915,49.35894153606672],[21.12678237628954,49.358851262619694],[21.126811841361384,49.35883301988944],[21.126959394165056,49.358714538014006],[21.127001297278653,49.358680935160066],[21.12710737106923,49.358642428387896],[21.12717959331754,49.35861626464305],[21.127290501315837,49.35858133110874],[21.127362470681653,49.35855857993237],[21.127421451630507,49.358540009281064],[21.127903968509777,49.358282678885516],[21.128655724481487,49.357700065203275],[21.128640364169677,49.35763575771872],[21.128636994890503,49.35762169860403],[21.128681932715747,49.35756568667718],[21.12879562723836,49.35742416912887],[21.12883404117301,49.35737623272758],[21.128910146045044,49.35731805437463],[21.129104444261042,49.35716927007393],[21.129178222417927,49.35711272842034],[21.129954158558803,49.356631240166905],[21.130223829158577,49.35646385968573],[21.130678902995907,49.35629386945707],[21.131235280537865,49.35590563207369],[21.132317419340573,49.35522603288559],[21.13333557131609,49.354662238755175],[21.134490389068926,49.35402956209615],[21.135096409638507,49.35374639308419],[21.135444807485822,49.353583554050424],[21.136223513437873,49.35321967711682],[21.1362487264233,49.35325890916581],[21.13636786799787,49.35332306594355],[21.13658701123205,49.3534903834228],[21.136899921796036,49.35334523539672],[21.13793381386125,49.35286561577057],[21.139191161947295,49.35243677386061],[21.139897049778888,49.35212540073234],[21.14101502427737,49.35155496552846],[21.14238287213657,49.35074978825302],[21.14274985263808,49.350567889852975],[21.143070576779557,49.35043773499131],[21.143166447878013,49.350398893520925],[21.1438551444089,49.35018354524215],[21.144811918990836,49.349845469619574],[21.145213915572224,49.34988565638229],[21.14591151528024,49.349751231471686],[21.146059590282004,49.349660198977666],[21.14631255475379,49.349587406459136],[21.146809172006805,49.34941668255242],[21.147096149681513,49.349368451870056],[21.14734400648116,49.34910862203332],[21.14740372067925,49.34906486023315],[21.14759119417742,49.34892708521859],[21.147682516873417,49.34886010211403],[21.147735536746804,49.3488211707246],[21.147787721930992,49.34875988894692],[21.14786585208406,49.3486680966278],[21.14796479688249,49.34855184366322],[21.148021515388315,49.34848512320786],[21.148159553465973,49.34833193141909],[21.14827673778678,49.34820184865781],[21.148310655978747,49.348143503367346],[21.148380406132098,49.34802327222285],[21.148494809511064,49.34782612948497],[21.14855144380433,49.34772871046896],[21.14855451794728,49.34760458403405],[21.14856901991142,49.34755544046813],[21.148612446309315,49.34740908746131],[21.148623443975726,49.34737198604296],[21.148667808557413,49.347222241855555],[21.148639862420985,49.347014145413254],[21.148693907991376,49.34672724984914],[21.14875077911994,49.34650678533595],[21.14880779638507,49.34629181640089],[21.14884566389691,49.346089928352555],[21.148873103378538,49.3459436130602],[21.148873123207746,49.34594334363299],[21.148906950130097,49.34581694266623],[21.14894669046925,49.34566822328126],[21.14893623078172,49.34563998948714],[21.148916101795272,49.34558588716051],[21.148938962527396,49.34554483759575],[21.149090099363946,49.345273414317255],[21.149183788912946,49.345142322635795],[21.14919263244485,49.34513260859276],[21.14939987092799,49.34490570530737],[21.14962719840215,49.34465665847891],[21.149712159810147,49.34456363939192],[21.149772995119456,49.34449704750603],[21.149786419219097,49.34446065231086],[21.149815005335263,49.34438296558279],[21.14981580745008,49.3443589563076],[21.14982062416732,49.34422795320583],[21.149822634083232,49.344170675669666],[21.149852651490647,49.3441147279225],[21.149866054363788,49.34408985419426],[21.1498977870503,49.34401433666157],[21.14996538224903,49.3438539795262],[21.149976246075287,49.343828035853846],[21.149975113954778,49.34374230434593],[21.14997411398813,49.34365477665018],[21.149973887860195,49.34364099698359],[21.149998770193513,49.34358929873593],[21.150042019102226,49.34349956015826],[21.150121371802847,49.343334801330094],[21.150168513739338,49.343237083472786],[21.150176490975568,49.34322041086557],[21.150140013587166,49.343115115798234],[21.150106711039978,49.34301910213666],[21.15006907087418,49.3429108899702],[21.1500481672277,49.34285046226962],[21.150034718046626,49.342829155951975],[21.149983288512676,49.34274733563353],[21.149969821758454,49.342675709363654],[21.149954470314697,49.342594122042726],[21.149947811653558,49.3425591664094],[21.149913925490992,49.34243738950527],[21.149878158783025,49.342309342349786],[21.14987709484802,49.34230507814044],[21.14985243408423,49.34220771547796],[21.14980873247574,49.34203585088702],[21.149794104543673,49.34197814069508],[21.149754804361994,49.34182135710547],[21.14972804929706,49.34171501692534],[21.149741904614952,49.34162219469131],[21.14974738249855,49.341585189802224],[21.149737462381225,49.341544010535934],[21.14974366180345,49.3414953261193],[21.149740887719062,49.34148434693886],[21.149695539068556,49.34130117836986],[21.149686610262695,49.341265251209315],[21.149677466047734,49.34122850712851],[21.149667706944935,49.341059688968066],[21.149532277182598,49.34098117066982],[21.149537233115243,49.34083891962789],[21.14953848993527,49.340801242029286],[21.149512992694138,49.34072275645591],[21.14944568369359,49.34051603349635],[21.14942792581923,49.34046155548804],[21.14939470317115,49.3403307973823],[21.14937194339885,49.34024132566413],[21.149318969047084,49.34009068336008],[21.149278281366552,49.339975263585586],[21.14923732682049,49.339876578554374],[21.149210884199174,49.33981282593122],[21.1491876238308,49.33976573640012],[21.149179343091294,49.33974909314653],[21.149144815405087,49.33967914536083],[21.149063700077733,49.339517806853536],[21.149051186006847,49.339416414612785],[21.149003092780763,49.339251882761616],[21.148963437800994,49.33909436727821],[21.148991270731106,49.338968857926936],[21.1490085965903,49.3387914386834],[21.14906149583901,49.338675358533706],[21.149113435610264,49.33853674396164],[21.1491424654483,49.33837436519352],[21.149143132886742,49.338365294444856],[21.149165997255917,49.33808263923008],[21.149122772736458,49.33783697488253],[21.149054098112444,49.337708793230384],[21.149039636203668,49.33765072790999],[21.149036960275417,49.33764029186832],[21.148981005289535,49.33741601151163],[21.148980156930502,49.33741256420622],[21.148971444736237,49.337377453848504],[21.148933272332613,49.33725410122867],[21.1489311942509,49.33720371638291],[21.1489649852095,49.337156348971796],[21.148826783109833,49.33677870542012],[21.148825058651695,49.33677406035955],[21.148811638619414,49.33671494750294],[21.148859938125508,49.33635621674469],[21.14889725041194,49.336197338772095],[21.148874745822717,49.33601083625115],[21.148855234142875,49.335849182467],[21.148875503694157,49.335764663193196],[21.14892768643176,49.33554783133935],[21.148970003722216,49.33537146722505],[21.149058658930088,49.335244898359676],[21.149107614745418,49.33517487302004],[21.149221464490275,49.33491929096853],[21.149258597057,49.33483584158446],[21.149339792426737,49.33472452108683],[21.149360409503423,49.33465585566808],[21.149418980617483,49.334460738422024],[21.149445862340546,49.33437057568451],[21.149501042050716,49.334185973863484],[21.14953452785557,49.33410340000794],[21.149588388222316,49.33397042654952],[21.14965443686581,49.33383279504031],[21.149654587504752,49.333832619738786],[21.1497282839584,49.3336790253806],[21.149808323885214,49.33351221771451],[21.149846892122447,49.3334316938126],[21.149942699066845,49.33323216507272],[21.149949924228544,49.333212588279174],[21.149974353372908,49.33314638296127],[21.150006033995282,49.33306024159957],[21.15001084633344,49.33304725027346],[21.150036678578406,49.33297694823179],[21.15004985639908,49.33295134725209],[21.150102771028862,49.332848049536175],[21.150124324428557,49.33277599274689],[21.150173538135604,49.3326106469098],[21.15018357348846,49.33257720571829],[21.150245557169455,49.33236932280913],[21.150249381008024,49.3323566604894],[21.15027992670304,49.332254100272],[21.150334242186812,49.332071811361],[21.150346481220165,49.332030877934805],[21.150356497818073,49.33199581582859],[21.15037500226741,49.33193149470893],[21.150430548357527,49.33173808227319],[21.150451606882964,49.3316802325937],[21.150482322542718,49.331595951153794],[21.150519304358635,49.33146766808713],[21.150549871347224,49.33136105768874],[21.150557420926827,49.33133518984329],[21.150560602466044,49.33132376757786],[21.150633673275603,49.3310699638667],[21.150708872354468,49.33077409889158],[21.150718163016116,49.330737663690364],[21.150744742781356,49.33063281835337],[21.150792147142976,49.330563193745704],[21.150838477186582,49.33049506566944],[21.15088726332442,49.330423504050415],[21.150887717001538,49.33039111209429],[21.15088978294699,49.33021879396484],[21.150890976321556,49.33012764397621],[21.15090931512941,49.32989885603623],[21.1507481759025,49.32986129829077],[21.150323497243363,49.329813301060675],[21.15029481196403,49.329810059454324],[21.150072467215168,49.3297582455662],[21.149968364185863,49.329767307250115],[21.14968738950538,49.32989278504213],[21.14949559978077,49.32991241368545],[21.14873055572111,49.329776840266916],[21.148694405058148,49.329635456982906],[21.148690931354842,49.32948798931751],[21.148643707090972,49.32914893976904],[21.148453094740034,49.328800702356],[21.14831512623323,49.328463301053546],[21.148133987916243,49.32807809341198],[21.14805015400056,49.32771817856568],[21.14796864430992,49.327349154839965],[21.147945995432345,49.32720027395544],[21.147907475187573,49.327003184791586],[21.147897889111107,49.32670861602606],[21.147874775340966,49.32622170444426],[21.14788239215575,49.326140658024556],[21.14786331752472,49.32607983657617],[21.148118068763505,49.32526427439589],[21.14810415292026,49.32526248665699],[21.14799935540065,49.32524929012827],[21.147966060711106,49.32524509278384],[21.14802958378484,49.32507992711345],[21.148251663532424,49.32479813213548],[21.148393814466825,49.32437663736634],[21.14841900108224,49.32430946580404],[21.148442874549453,49.32429383305982],[21.148425415970053,49.32427843133931],[21.148380134681297,49.324238750412114],[21.148373359071535,49.3242166631313],[21.148142275665684,49.32397328234029],[21.148168387920045,49.32397401323079],[21.14819744592086,49.323846741592995],[21.147947339407914,49.32380764249581],[21.147751658721134,49.323801850289264],[21.147470524368043,49.32373900011553],[21.14728837222925,49.32373651307784],[21.14714813017718,49.32379142473097],[21.145915690501234,49.3237580634903],[21.143833216277024,49.323697397524704],[21.143404002446445,49.32364256906003],[21.14298095759428,49.323590003617014],[21.142686811232675,49.32349450562635],[21.142539947206508,49.32342803917713],[21.141913455370666,49.32318362665007],[21.141322450590476,49.32293987818814],[21.140849900213215,49.32275008814809],[21.140294426351677,49.32247657713482],[21.13976214662988,49.3221948823143],[21.13943258240538,49.32203083589759],[21.13903550539692,49.32184674704198],[21.13901307427049,49.32184279941655],[21.13867062882842,49.321782495875915],[21.138472336157324,49.321752480624404],[21.137703080320797,49.32171706730775],[21.136893201286245,49.32169657114871],[21.136682762954273,49.3216911949229],[21.136306689103005,49.321681674412005],[21.136078308260416,49.32166564910834],[21.135815102140953,49.321641953452605],[21.135505666137263,49.321591593587],[21.135516539594125,49.32157861387826],[21.135161791398122,49.32148730545108],[21.13483735041571,49.32134924236772],[21.134608531622042,49.32126271576994],[21.134024808929325,49.3210050252195],[21.133367235511866,49.32073302787104],[21.13318821276648,49.32066967465571],[21.13285237789375,49.32045671049438],[21.132763102508655,49.32040321141035],[21.132554495569245,49.32027807045794],[21.132290689833358,49.32010419635723],[21.131972268660167,49.31985694195416],[21.131278857453264,49.31935659258374],[21.131001437852376,49.31916023057804],[21.130681854575844,49.31895866504599],[21.130105179265417,49.31870684696404],[21.13010576835929,49.318676529192956],[21.130069991981973,49.31865568465825],[21.129860891881382,49.318533673429016],[21.129672112793926,49.318423646315104],[21.129553636576087,49.31838524514472],[21.129391493780723,49.31816083492707],[21.12938463502591,49.31802081865248],[21.129503512215937,49.31769996682933],[21.129637939960084,49.31704401535455],[21.12969681614076,49.31673567026586],[21.129698788699713,49.31662518920948],[21.12980439146831,49.316258457953346],[21.129813420812994,49.316233177867154],[21.12989922112029,49.31599085723757],[21.129914929784128,49.31595345559379],[21.129973839851942,49.31582712994402],[21.130014464432715,49.3157674707174],[21.130155175694544,49.31551248195606],[21.130202941310607,49.31543072358125],[21.13022923298372,49.315382403907954],[21.130247573749703,49.3153485061148],[21.130281756424754,49.31528657282433],[21.130342914302084,49.31516706946181],[21.130371450133683,49.31511819053312],[21.13042084970977,49.315031082561674],[21.13045188618121,49.314974450965416],[21.130488520617725,49.314907283960125],[21.130515270328228,49.31485834856788],[21.130540697339303,49.31481054162801],[21.13059248218094,49.31471909801928],[21.13062153788395,49.3146669047558],[21.13067635069985,49.31456988557842],[21.13070621921247,49.31451600761355],[21.130756662935237,49.31442407147456],[21.130779413077118,49.31437708010892],[21.130832235708567,49.3142808981819],[21.130859762503395,49.31423261740326],[21.13090794855679,49.31414700123582],[21.130939469615452,49.31409497580663],[21.13099825916153,49.31398511938007],[21.13100178575882,49.313978389339766],[21.13102006113627,49.31394349916357],[21.131069439967458,49.31384918876773],[21.131096059837386,49.313798268736114],[21.1312313868478,49.3135395979902],[21.131252459757096,49.313500385219456],[21.1315335172247,49.31297635039476],[21.131798840078556,49.312504929248846],[21.131883392114048,49.312370590779096],[21.131907180795395,49.3123356045587],[21.13198675331469,49.31221461161026],[21.132079412675857,49.31203948037238],[21.13212694486618,49.311949612211464],[21.13222167313313,49.31179678093098],[21.132308999885897,49.311652807759565],[21.132366041789634,49.31155720856509],[21.132389071922777,49.311521298111515],[21.132591315835956,49.31130713824621],[21.132606580704206,49.31129060669329],[21.132833862422675,49.31104501029432],[21.132899382319792,49.31097254343204],[21.13291331122441,49.3109573199439],[21.133130517892198,49.310754884107254],[21.133263293697308,49.31063115934881],[21.133416122568164,49.31050248640748],[21.133452090658523,49.310472205363595],[21.133571573751713,49.310373716038065],[21.133581209898853,49.31036627862709],[21.133594558605136,49.31035517762562],[21.133676547219807,49.310288991534186],[21.133722344310712,49.31025424971373],[21.1337505876295,49.310229755989226],[21.133789567797347,49.31019596918076],[21.134100114968707,49.30994876833369],[21.134190956134116,49.30998269248975],[21.134269911219018,49.30986807003335],[21.134368954364387,49.309720054417504],[21.134421439311296,49.30967490120496],[21.134526263937975,49.309552993447255],[21.1346612277479,49.30937343449688],[21.13470370555898,49.30926801263406],[21.134789209086208,49.30905160497761],[21.13480875287488,49.30897336513462],[21.13482514415014,49.308907988531544],[21.134859407096695,49.30876837015479],[21.13490106038239,49.30861629232881],[21.13493153403611,49.30849815890511],[21.134936725862982,49.30848004889656],[21.13496558150375,49.308370776282985],[21.13497783113529,49.30832606334342],[21.135008555648195,49.30822504143638],[21.135020722764473,49.308177715334764],[21.1350604922224,49.30805114340589],[21.135073457864294,49.3080097837587],[21.135120224576728,49.30789099424763],[21.135137723794,49.30785535885593],[21.13513656117356,49.307761072192605],[21.135136927315774,49.307728136765846],[21.135134454900015,49.30758258790182],[21.13513237896347,49.3075454345221],[21.13511274816839,49.30748126149276],[21.135102285131648,49.307432771061116],[21.135138481818128,49.30731355791679],[21.13509698087254,49.307088730699355],[21.135098094994465,49.307027012754915],[21.13509613676054,49.30693045046578],[21.13510930437377,49.30685651026035],[21.135121859144476,49.306787141685454],[21.135150923871443,49.30668993815159],[21.13516632618269,49.306637943111284],[21.13520648931314,49.306528397138614],[21.135221652029635,49.30648710680473],[21.135271411098998,49.30636319054303],[21.135283186614682,49.30633421594122],[21.135330405550693,49.30619248572216],[21.13534237986307,49.30616081681477],[21.135394412514252,49.3060322012428],[21.135411241127557,49.30599258380389],[21.135437143438747,49.3059176951603],[21.135447376645935,49.30588723156362],[21.13545400778048,49.30586826675782],[21.135483423983658,49.30578493718005],[21.13550292805431,49.30573145119608],[21.13553095417307,49.30563151421687],[21.135545425630703,49.305580930056685],[21.135579829660237,49.305459859802845],[21.13559306782882,49.30541292750118],[21.135624950682466,49.305314822570985],[21.135637958627825,49.30526914326666],[21.13566893660889,49.30516650881144],[21.135682626423073,49.30511905063675],[21.1357161785731,49.30497220797965],[21.135749120476834,49.304934359247525],[21.135747366043642,49.30488911426896],[21.13577154036803,49.30480777966107],[21.13579019686435,49.304750846154626],[21.13579666570782,49.30473034588228],[21.135856197285467,49.304729523895524],[21.13596473900234,49.30469883172011],[21.13580984861485,49.30468602236591],[21.135824410468892,49.30463607115541],[21.13585092529967,49.3045286148122],[21.13590529491489,49.30431419448309],[21.135910842020223,49.3042931250028],[21.1359401862083,49.30420142125347],[21.135954332088104,49.304155237704],[21.135967634727173,49.304101826010275],[21.135974828778625,49.304075227308],[21.13604909481197,49.303798241280354],[21.13614742688428,49.3035495604569],[21.13626129943916,49.30304175456745],[21.136295539543895,49.302883681020774],[21.13630830835961,49.302833763186776],[21.13645177534012,49.30266176231432],[21.13653083784266,49.30254732194709],[21.13655772494155,49.30252620559073],[21.13660974499231,49.30248535782332],[21.136817997853374,49.30236626143187],[21.13728792078857,49.30221004979542],[21.13758209292856,49.302141012524565],[21.13839056418999,49.30194857496646],[21.138911700768045,49.30181269611747],[21.139030981896614,49.301765056299764],[21.139153140238797,49.30171759710392],[21.13917865536467,49.30170759929668],[21.139368204919496,49.301634808862936],[21.13947314907673,49.30159490833781],[21.139623272017175,49.301539688485],[21.139624835677697,49.301539017628194],[21.139664491460444,49.301520193552605],[21.139756729284382,49.30147152044146],[21.139796997277525,49.30144812465213],[21.139860117734887,49.3014153671168],[21.139947008958803,49.30137012608217],[21.140541003330494,49.30105613886816],[21.140785313499165,49.30090891613445],[21.141145246818272,49.30067207697222],[21.14130038294677,49.30054688828638],[21.141334466133426,49.30051960633197],[21.141418400772316,49.30045653737438],[21.141626340137307,49.300290973307675],[21.142143661281434,49.29982720155818],[21.142979371708858,49.29909592856403],[21.14320170204108,49.29890488979965],[21.143425887139845,49.29871480925872],[21.143679680738888,49.298502075835906],[21.14427658484402,49.29800380407603],[21.14444034874937,49.29786403016959],[21.144670897586398,49.297693952002675],[21.144883227474566,49.297530141262904],[21.14515637939835,49.297407673214316],[21.14527670087225,49.297355019178596],[21.14542139842686,49.29728908941902],[21.145544266282887,49.29719060565669],[21.145739502068768,49.296995288909976],[21.145744046244378,49.29698778034067],[21.145804213850777,49.296888402961685],[21.14619721777462,49.296624144563225],[21.146371095476308,49.29648333622521],[21.146665312950066,49.29631948907276],[21.14683305755376,49.29622646714456],[21.146995050588046,49.29611994122547],[21.1471867227351,49.295989773811336],[21.147349873683698,49.295880583309426],[21.147423141962374,49.29583319817387],[21.147492667186036,49.29580675963325],[21.14756981584112,49.29579082304351],[21.14775031761778,49.29575635339993],[21.147850866555753,49.2956206176352],[21.147956732182905,49.29548369876744],[21.14796409877644,49.295478979475554],[21.147983018991436,49.29546688202463],[21.148004445363732,49.29545252292126],[21.14805511623623,49.295418559498],[21.148206258292316,49.29531727185401],[21.148446982248664,49.295158219180365],[21.148477652455636,49.2951379394617],[21.148549323584945,49.29508978328954],[21.148569598251417,49.29507610801581],[21.14876915077423,49.29491539966492],[21.148802213359108,49.29488691338636],[21.148928974360523,49.29478584826562],[21.14896809331639,49.29475548198965],[21.14901898598758,49.294720354915476],[21.149065809187448,49.29468816047583],[21.14917881471355,49.294609437250806],[21.149356911272005,49.2944915322842],[21.149387683850634,49.29444551020283],[21.149455599565975,49.29435105580647],[21.149470601539658,49.29433046317621],[21.149530560347824,49.29428058786417],[21.14962453663994,49.294200455687516],[21.149689088638684,49.29414613377898],[21.149843540177514,49.2940147019686],[21.149872933666195,49.29399492188414],[21.149933864774425,49.29394678731298],[21.150028585844932,49.29387523004015],[21.15009488647268,49.293825193789225],[21.150113451705447,49.29381416508651],[21.15013187301364,49.29380322187473],[21.15031260030937,49.29372248601035],[21.15031718581607,49.293720019633405],[21.150418939663382,49.293670737764074],[21.150539986970756,49.29359676709491],[21.150566435636733,49.293579594832984],[21.150577309752997,49.29357021466557],[21.15059317983494,49.29355090946052],[21.150621916266456,49.29351571534619],[21.150673944090432,49.293451997347645],[21.150697572276012,49.29342825504512],[21.150915378459956,49.293281169905356],[21.151023816336206,49.29320833272195],[21.151054446225086,49.2932447629001],[21.151054505092592,49.293371331041534],[21.151169526726683,49.293319404975584],[21.151134316811664,49.293247903615935],[21.151294002097973,49.29307324555839],[21.151326067540126,49.29303581543918],[21.151400816021226,49.29295318721432],[21.151465980052404,49.29290734540655],[21.151578389647106,49.29284786532957],[21.15167517866842,49.29279680607144],[21.151761720398092,49.29280654737187],[21.151801585301182,49.29279033660598],[21.1519250291516,49.29275487790302],[21.151936713113795,49.29276631738325],[21.152004637148725,49.29274846781898],[21.152087519948928,49.29272370676679],[21.152151509526743,49.29268259868503],[21.152187330478363,49.292700827879194],[21.15220076318207,49.29269782928107],[21.152257859395018,49.292658754993326],[21.152272899772026,49.29264698507827],[21.152413518567563,49.292533209240965],[21.152537898510325,49.292423153880904],[21.15270202999069,49.292298414102866],[21.152923569939798,49.292092840694295],[21.153045189457593,49.29198098776502],[21.15307308684087,49.29195530872587],[21.153149000122752,49.29188486860383],[21.153164950848915,49.29187006655131],[21.153178094811082,49.291857876877714],[21.15318242517067,49.29185513232517],[21.153268619145734,49.291802118652235],[21.153299173229758,49.29178336444142],[21.153529202624707,49.29164016954255],[21.153614956825677,49.29157813995764],[21.153804834972284,49.29143818422611],[21.153930943594883,49.291229521429166],[21.15398804457312,49.29104974743291],[21.154003079693442,49.29100241979898],[21.153920507077483,49.2909967655507],[21.153912679664366,49.290923424566934],[21.15398326121666,49.29086370874278],[21.15394967739458,49.29061069172898],[21.153922972422027,49.29035771070017],[21.15394912286225,49.29000151813965],[21.153978507956264,49.28991431288287],[21.154140417441926,49.2893397683078],[21.15431593560759,49.28907846582186],[21.154400273483297,49.28894941739418],[21.154671100535364,49.28857453366016],[21.155207295747562,49.28808087624409],[21.15536100210598,49.28800414584166],[21.156616739672202,49.287360868431065],[21.157270671780267,49.287036442247064],[21.157866302582907,49.28673565843906],[21.158350283952153,49.286495461978895],[21.158504275644336,49.28639218120136],[21.158771416969422,49.28620585221746],[21.159302584718464,49.285839936270015],[21.159821828361064,49.28543007517885],[21.15982934375569,49.285423289446854],[21.15979382522164,49.28540660225345],[21.160839739493827,49.284642918343636],[21.161766255336058,49.28403976667191],[21.16237957743433,49.28372952410983],[21.16366708112331,49.28316080701638],[21.164000118677617,49.28303432347304],[21.165561389704074,49.28241322095924],[21.165765987380922,49.28230809544807],[21.166461148915825,49.28195061546949],[21.16711118182041,49.28153086663448],[21.170272807224304,49.279434524264396],[21.171339254461955,49.278705963071225],[21.172513172374664,49.27804835606319],[21.17366756188217,49.27738265634019],[21.17416596917118,49.27713285778304],[21.174422748536333,49.277064365660195],[21.17460727098087,49.27711874045771],[21.17482208164177,49.27705973841197],[21.17471962936563,49.27700063653931],[21.17479038243318,49.27693983440977],[21.174875025643377,49.2769469796253],[21.17508396900373,49.27686843997879],[21.17545498372262,49.27647314845424],[21.175823804801663,49.27636053359668],[21.17593825027058,49.27616849909362],[21.17617135244627,49.27614157226815],[21.176663693541244,49.276144344459375],[21.17724232350797,49.27611470165396],[21.177691610168758,49.276051312516536],[21.177925096593185,49.27597569461701],[21.178206324231457,49.27576230890563],[21.17862766037321,49.275555725813746],[21.178783202181762,49.27552448292349],[21.17919024291336,49.27551396051393],[21.179341006488862,49.27553882887261],[21.181024049575605,49.27549501399698],[21.181466510351918,49.275498730962624],[21.182202216798736,49.27547135176398],[21.182833715503254,49.27546745472384],[21.182839533075388,49.27546691593598],[21.183054966199858,49.27544635616538],[21.18329012636965,49.275430731724214],[21.183394123142847,49.27543280296067],[21.183511049259728,49.275434917009804],[21.18381067865374,49.275459738309294],[21.183820385450208,49.27546058092456],[21.184073886441713,49.275491615433566],[21.18425852482814,49.27552554455315],[21.184371424447487,49.27555651787622],[21.184487579358116,49.27560136518208],[21.184529681460173,49.2756221207941],[21.18488871087335,49.27576086173429],[21.185037465028433,49.27583796012747],[21.185163151762573,49.27590308752683],[21.18540427070038,49.27607028962813],[21.18546218604844,49.27611197140587],[21.185537253708972,49.27615427745739],[21.185608367032625,49.27620933276049],[21.18562414686793,49.27622692757718],[21.185726015601638,49.276288521863734],[21.185857920322636,49.276334398376264],[21.18596244252286,49.2763576376965],[21.1860739531607,49.27640395896694],[21.18636762944183,49.27646909584421],[21.18641542002884,49.27649110808034],[21.186453425339522,49.27651713639629],[21.186493091540815,49.27655815928616],[21.18651033564423,49.276565087511756],[21.186577659150046,49.27661552328081],[21.186559913526175,49.27665898911235],[21.186600958543448,49.27668295161571],[21.18663908815764,49.27670538304219],[21.186663111199007,49.27671936364789],[21.186871569768787,49.27661315319462],[21.187185178419895,49.27653668138016],[21.18728277027179,49.27651145447824],[21.187758654296193,49.276377291423536],[21.187866745205813,49.27637984613548],[21.188027426602137,49.27632516656562],[21.188195552648136,49.27626648770612],[21.188405871720533,49.27619705958193],[21.188881665207237,49.27614732539851],[21.18939132448048,49.27610107356669],[21.190079784595543,49.2760385081641],[21.190320350417114,49.27601664654388],[21.190951074924804,49.27599314772114],[21.190946598590767,49.27595061047306],[21.191418317054936,49.27596636177533],[21.191558306343996,49.27597107533659],[21.191681024922335,49.27592187159048],[21.19174416016412,49.275906911706386],[21.19197780162547,49.27592542905026],[21.191974988260345,49.275907338176246],[21.191973679706393,49.27589883589222],[21.19205410081534,49.27590538729395],[21.19223473009815,49.27592261581969],[21.192410823361474,49.27594168340648],[21.192640956994932,49.27597251268726],[21.19266501929309,49.275978391719526],[21.19268130967862,49.27598519934955],[21.192686579622197,49.27599409482579],[21.192796953788363,49.27601255896352],[21.192866797628483,49.276011309571885],[21.19287299281976,49.27600178033468],[21.192881842103322,49.27599359384132],[21.1928943259358,49.275986510519516],[21.192914687263666,49.27598462301089],[21.192917471181243,49.27598038874152],[21.19292314583709,49.27598560609355],[21.192935473753636,49.27598445903675],[21.192967175394614,49.27597797311759],[21.193132098256118,49.27595951538009],[21.19315195613443,49.27595698206295],[21.193282687902975,49.27591297670427],[21.193330824704557,49.27588098666837],[21.193655817416502,49.27579720037794],[21.19378420302961,49.275796869762125],[21.194054380498255,49.27582948088361],[21.19409803159404,49.275827056707485],[21.194182287402015,49.275820583351724],[21.19426799412034,49.275813074821095],[21.19429722570528,49.27581218285379],[21.194313220714665,49.27581168970932],[21.194334296154064,49.27581891584858],[21.19435121402561,49.27582466253777],[21.194365726600758,49.27583132466681],[21.194424149940794,49.275826298832165],[21.194432781610026,49.27580973390305],[21.19445444848013,49.275799335100004],[21.194588452659115,49.27578414538123],[21.194764802613015,49.27574470646334],[21.19492622326854,49.27570813406512],[21.19545463976546,49.275573862415634],[21.1961019948344,49.275419608305],[21.19649397085494,49.27532646269972],[21.196626602487466,49.27529223455133],[21.196689787120405,49.27527466311809],[21.19676436363053,49.27525177436348],[21.196887143214468,49.27521300919933],[21.196963771129756,49.275186493340456],[21.19703498640889,49.27515872916141],[21.197151403279793,49.27511094452252],[21.19723080043081,49.27507659301534],[21.197287832156498,49.275052799106085],[21.197359289031784,49.27502549232506],[21.197515713409665,49.27497048796458],[21.197645449698474,49.27494391024944],[21.19771351703839,49.27492919037876],[21.197788792421235,49.27490803301388],[21.19790729702649,49.274875075207476],[21.197979963664626,49.27485194638736],[21.19805940642896,49.274820746344986],[21.19813429322355,49.274789764888915],[21.19820630230222,49.27475293299196],[21.198273727831037,49.274711007857945],[21.19838042684675,49.274630244361035],[21.198425831290844,49.27459033609584],[21.19853155019238,49.27448892823981],[21.19857491440527,49.27444679619546],[21.19876107941072,49.27426236929365],[21.19880733073574,49.27421456571617],[21.19889636999611,49.27412308180228],[21.198961387432707,49.27405362649567],[21.19900004428722,49.274009997962494],[21.199019742188455,49.273977393162845],[21.199081642356322,49.27386553323391],[21.19910458513513,49.27382042679818],[21.199125574157843,49.27375482594833],[21.19915449352402,49.27367281813266],[21.199235708975156,49.27342923311548],[21.199260299126742,49.27338606812596],[21.199320500528433,49.27330332075531],[21.199378135553243,49.27322940536213],[21.19945008732456,49.273208503943884],[21.199477085278595,49.27313021712933],[21.199497876900008,49.273107187962246],[21.199487796459003,49.273102014246625],[21.199581329973466,49.27299023556257],[21.199613463094174,49.272949284942335],[21.199668244507944,49.27286537904135],[21.19969341278735,49.27281233008118],[21.199720102783186,49.27275536760353],[21.199754388524852,49.272679017190555],[21.19977686543755,49.272609951755435],[21.199815558022035,49.27249557101442],[21.19983681162167,49.27244528108699],[21.19989721008959,49.27232941344421],[21.199913188623093,49.27232153769562],[21.199954211783883,49.27226420976309],[21.20000237947446,49.272208903833665],[21.20005996525519,49.27208817796152],[21.199982646299635,49.272035099516735],[21.199983699004157,49.27201487843439],[21.199990735411692,49.2719405629766],[21.199986997803947,49.27190101970937],[21.2000223171029,49.27185215637183],[21.20005558479276,49.271848687777336],[21.200093046768146,49.271817714201084],[21.200153287337745,49.271766653528644],[21.200260924931328,49.27166521380985],[21.200293972490243,49.27162681186307],[21.20045861202554,49.27153038111866],[21.20062498262527,49.271432833646664],[21.200883311634314,49.27130591271434],[21.201033100098023,49.271192277425456],[21.201120856482138,49.27112406651596],[21.201271146101565,49.271007295912796],[21.201327073472733,49.27096447244589],[21.20168000603026,49.27072031206869],[21.2017296764443,49.270750567877876],[21.20222997836536,49.270583709841844],[21.202539111854048,49.270427575274034],[21.202699692529123,49.27033578661624],[21.202952739104617,49.27018097252331],[21.203007747169895,49.27015081214505],[21.203110738478706,49.27009441428612],[21.203147410402757,49.270074307320094],[21.203277905258695,49.270002829080255],[21.20328750448063,49.2699975456471],[21.203411412133036,49.269929643748654],[21.203549130940367,49.26984767720689],[21.203615546321025,49.26980814839842],[21.203766740008437,49.26968825228811],[21.203980258972315,49.269518798405265],[21.204249939042548,49.26936782789868],[21.20427381295544,49.269347774027864],[21.204349237173663,49.269284489645244],[21.204424948707626,49.26922103409006],[21.20449305489896,49.26916382397465],[21.204965788639917,49.268847213288545],[21.20556909609783,49.26820878688654],[21.20590065095183,49.267734770511744],[21.206077247496136,49.26759441480299],[21.20627659045978,49.267462864967385],[21.206586851264266,49.26735725467939],[21.206896427781665,49.2671850102521],[21.207939033620537,49.26690044014201],[21.20800673019472,49.26687733168244],[21.208430685385554,49.26674013063749],[21.20874619603785,49.26656176417512],[21.208832067394834,49.2665536205154],[21.208977807420236,49.266554531361635],[21.2091209415598,49.266572464466165],[21.209231795211398,49.266599300014526],[21.20939440363405,49.266614234909824],[21.209513102813116,49.26664671399258],[21.210433523566643,49.266720205993664],[21.211446470375247,49.26663632407795],[21.211482959366286,49.26663961321048],[21.211629196357503,49.266652688301946],[21.211969917386583,49.26668312069523],[21.212365630156093,49.2666701546898],[21.21287772138245,49.26662657991042],[21.213332903188828,49.266609148400065],[21.21440199744645,49.266662001101494],[21.21466974621488,49.26664957286535],[21.21495178002568,49.26659167733238],[21.21545080316723,49.26655758928843],[21.215637293404008,49.266508441907476],[21.215864326954065,49.26639303492746],[21.215918841809703,49.26637716611361],[21.216264742237513,49.26627668282094],[21.216480918278553,49.266254555842885],[21.216705016989767,49.2662560773306],[21.2170656204168,49.266329326473844],[21.217390050665045,49.26635104845188],[21.21738335807904,49.26631033462715],[21.217932868087328,49.266255111342254],[21.21814786509971,49.26623024442989],[21.218476620666568,49.26617288305149],[21.2193031664568,49.266106042785545],[21.219322160954547,49.266166939641565],[21.219393062364944,49.26615652591697],[21.21974996385309,49.2660712247434],[21.22000117222658,49.265963757455275],[21.220407112980734,49.265732341997115],[21.220673010276908,49.26551640762807],[21.22075645337284,49.26540826298742],[21.22085142042659,49.26533107919432],[21.220943591268675,49.2652736125102],[21.221009750448196,49.26521444306717],[21.22111754506348,49.2650737437066],[21.221183491964684,49.2649029481713],[21.22142110655835,49.264449398432134],[21.22155234477005,49.26428871834007],[21.22182558101792,49.26402800018148],[21.221911938923878,49.263900321301094],[21.222084215829504,49.263645309895544],[21.222249337047224,49.263357851941834],[21.22228559878383,49.26323438866442],[21.2223641251506,49.26296712364123],[21.222328215067378,49.26283549329734],[21.222341150273074,49.2626558608457],[21.222712242690832,49.2621056079933],[21.2230334928752,49.261846368119514],[21.22331456219067,49.26168670602335],[21.22329521250444,49.261626879036434],[21.223304553301677,49.26157927871679],[21.22349785740983,49.26129943941205],[21.223658224502607,49.26111220060316],[21.223820959819793,49.260955099855465],[21.22403150638317,49.26085411245471],[21.22416400699687,49.26074252722589],[21.224272932099836,49.26070816865075],[21.22438644633927,49.26068457329701],[21.224690784856595,49.26067730186217],[21.224961580363725,49.26055512599471],[21.22540320837531,49.26058566004229],[21.226231955082593,49.26021332891646],[21.226814033928942,49.25998524971458],[21.227137255085797,49.25983389880194],[21.227441156014518,49.25960309835305],[21.227931869622545,49.25920711123634],[21.228022451978795,49.25916381298067],[21.228950668672784,49.258732956516944],[21.22990339917627,49.2584181574708],[21.230027259148322,49.258369130915376],[21.230408801647283,49.258307331671894],[21.231262397899137,49.25821982027005],[21.231947341468793,49.25815393899997],[21.233265300840053,49.258021287811346],[21.233312917637566,49.25802275214817],[21.233372297918184,49.25803276960233],[21.233551365483255,49.25800776094948],[21.23368163265401,49.25798053134379],[21.23422236081233,49.257804614516424],[21.2342728284227,49.257781681979374],[21.23443406551786,49.257686992156],[21.23481639221829,49.25755085042979],[21.235118281308328,49.25747389550212],[21.235190786108383,49.25746199169402],[21.2362957514294,49.257382170239545],[21.236542222356174,49.25735112686258],[21.236595436281284,49.25740109995619],[21.23666977996079,49.25739231225755],[21.23660700489913,49.257347176298545],[21.236604284258195,49.257344842330824],[21.236710934267656,49.25732471513578],[21.23703757350605,49.25726309824045],[21.239647621150656,49.257069696691445],[21.24034940084118,49.256849008221174],[21.24057212295976,49.256819207919364],[21.241126846255366,49.2567449565087],[21.242378744627604,49.25673880848862],[21.243117434566873,49.256795671425415],[21.243790294797268,49.25681927600448],[21.24419701781458,49.25678565927238],[21.24471568954906,49.25679039871887],[21.244940399451213,49.25684040409072],[21.245262485844393,49.25686143852692],[21.24524878975897,49.25692600927877],[21.24597962362211,49.25698702386566],[21.245916970859177,49.25690931162084],[21.246290789634333,49.256941560084805],[21.246307626223086,49.25697727167493],[21.24631717148204,49.25699763740051],[21.246327220671475,49.257018648667874],[21.24633653646834,49.257038377258155],[21.246351951285693,49.257070894764475],[21.24660604685515,49.25729462512238],[21.24661795197484,49.25730507150731],[21.247418133835154,49.25751762559159],[21.247487879718467,49.2575904233604],[21.24762738906959,49.25760882887935],[21.24782367374613,49.257548680297425],[21.248189368178437,49.25753305603436],[21.248477420553954,49.25761856960505],[21.24857135095009,49.2576705038089],[21.248732668407797,49.25770127766036],[21.248829032214413,49.25771917070772],[21.248846574463258,49.25771232666466],[21.248870819036895,49.25770406758082],[21.248894776314614,49.25769597972419],[21.248982871844614,49.25766600187832],[21.248994569598114,49.257662039353775],[21.24908159602898,49.25762392741068],[21.249454686852683,49.25764336119594],[21.249482285784516,49.25764204577022],[21.249496359698796,49.257641396456854],[21.249562724082775,49.257638387310095],[21.249581626523387,49.257637525746595],[21.25000071760089,49.25763100163709],[21.250145430646548,49.257946160495344],[21.250253058773076,49.25797771922962],[21.25027939194103,49.25818276759854],[21.25030648030403,49.25821555175032],[21.250346717749686,49.258254859309],[21.250384872047167,49.25825017613566],[21.250501498567832,49.25826166679393],[21.25060432945169,49.25827183499041],[21.250682079411796,49.258265393030705],[21.250695911113645,49.2582642860844],[21.250759535650996,49.258259212073945],[21.25086849117886,49.25825102453535],[21.250919332967516,49.258249699918075],[21.250940264424127,49.25825124058919],[21.251061331138885,49.25826025614782],[21.251435582050185,49.25821922939088],[21.251584170320655,49.258202982364196],[21.251658498058113,49.2583792538698],[21.25183196012406,49.258790794725634],[21.251868531667593,49.25887760703329],[21.25190699111222,49.25896879775676],[21.251870127662187,49.25898621292336],[21.25169234063494,49.25907042789825],[21.25165535312992,49.25912231462719],[21.251622800625775,49.259167946028505],[21.25165012110739,49.25920712791658],[21.252206375976264,49.25929255563513],[21.252294356685265,49.25928345505154],[21.252381964313415,49.25925453988739],[21.252872575219726,49.25929627992039],[21.25297178199787,49.25937843637921],[21.25347559295775,49.25960519630854],[21.253816110870485,49.25973244654309],[21.254006355621982,49.25972224073703],[21.254132138685684,49.259788556060464],[21.25427607071891,49.2597528101452],[21.254596981104307,49.259790614792045],[21.254862548422537,49.25986390266794],[21.25510874413241,49.25985981595586],[21.25544279677381,49.25994860773841],[21.255745514528435,49.259952277989285],[21.25615575244896,49.25988308109431],[21.256409314081672,49.25970630009845],[21.256749206493044,49.259751789857106],[21.257097602540927,49.25967610973166],[21.257463366418115,49.25955550212074],[21.257692759186956,49.25935304646762],[21.258069813593796,49.259176253252285],[21.258336223189588,49.25911426823387],[21.25842233910415,49.25911779808263],[21.25861100177065,49.259206911764004],[21.258961170906282,49.259305006924805],[21.259277081192753,49.259420687943376],[21.25945103701612,49.25943058920712],[21.259545128831387,49.25946694664833],[21.259803334575235,49.25944674425543],[21.260202585037014,49.25951230857126],[21.260315355188542,49.2595760595138],[21.26086415471949,49.25990344451746],[21.26127291993236,49.26021008163641],[21.261665590355012,49.26048787185079],[21.261843824305533,49.26057873207197],[21.26216353082248,49.26060846767531],[21.26238974873282,49.26066478529189],[21.262617299659674,49.26077965186042],[21.2630505705102,49.26094129774667],[21.26330617631233,49.26098860822692],[21.263488517675064,49.26106626903723],[21.263788923357033,49.26106192656548],[21.263855364248045,49.261092666548834],[21.264192035356466,49.26127251588268],[21.26440743046382,49.26132057829974],[21.26457396771905,49.261324664723666],[21.264803160855195,49.26133345111636],[21.264904436463343,49.26135013000389],[21.265252929789675,49.26127883930238],[21.2657806438951,49.26132138493292],[21.26578583329857,49.261321903117604],[21.265852602984786,49.261328708406815],[21.265859158358957,49.26132935822446],[21.266127986345342,49.26135519206515],[21.266395147913837,49.26139285625395],[21.266677025105697,49.26138992210031],[21.266985037523995,49.2613927341199],[21.267241327113787,49.26148659344113],[21.267641707341028,49.2614727743056],[21.268127743392643,49.26153285260621],[21.26822728589116,49.261481065827205],[21.26845322858409,49.26146787286414],[21.26872214204257,49.2614615686084],[21.26956841566951,49.26144178522611],[21.26975686041867,49.26143563952231],[21.269777522477035,49.26143518827409],[21.270046862314242,49.26111123802627],[21.27029625334075,49.26087444280379],[21.270486671637844,49.260732076359325],[21.27065227502557,49.2604627562548],[21.270861802227394,49.260243019492364],[21.271056363562565,49.26014101409213],[21.271062821350185,49.26008882301916],[21.271124326268332,49.260063240484584],[21.27118866031582,49.25999201739609],[21.271376416112748,49.259896735435575],[21.271611382727745,49.25966922021602],[21.27187599201045,49.25950066470842],[21.271968255955038,49.259375022915805],[21.27206237091948,49.259258168624726],[21.27239500930729,49.259173503220026],[21.272493252558146,49.25905659415945],[21.272625576400493,49.25904270627039],[21.272871531960458,49.258923718537076],[21.272946496341604,49.25890610553419],[21.273034232948874,49.25880543891314],[21.272978992166642,49.25860915094895],[21.273070055892237,49.25858365629128],[21.273156882819897,49.25853453934329],[21.273214268097206,49.25842745880558],[21.2733289765604,49.258407903749486],[21.273512498569122,49.25829268702314],[21.27351595780322,49.25829045187447],[21.27354250833882,49.25827289657538],[21.273562995641495,49.258259387511735],[21.27423960197078,49.258096783122014],[21.274568135250973,49.25817446030698],[21.27464712279234,49.25819315373784],[21.27507854040076,49.258191145067244],[21.275215782502112,49.258206748012704],[21.27563146981948,49.25825394627861],[21.275634691285763,49.25823955211478],[21.27592710899255,49.258275802105715],[21.276251346892938,49.25825703024328],[21.2764315484328,49.25820597739039],[21.276760195450027,49.25800866277958],[21.276789358391508,49.25799109613507],[21.277158925052102,49.25787801535726],[21.277331462854114,49.257772090652765],[21.277488260051275,49.257723295752825],[21.27771478878989,49.257627831678356],[21.278183905782125,49.25749355790965],[21.278263097856126,49.25742206238812],[21.27827280486894,49.25741704641788],[21.278354775045138,49.25737425924043],[21.27845584137704,49.25734726403004],[21.278490879990514,49.25733797655013],[21.27890331372804,49.25719621797398],[21.279096702230074,49.25714916209307],[21.279175726846468,49.25712851806837],[21.279194509682544,49.25712350752969],[21.280146738923975,49.256895877269386],[21.280697066722524,49.256764238709],[21.282345841981652,49.25626428644191],[21.282536823480946,49.2561792567983],[21.28297798374522,49.2559829981067],[21.283379389686623,49.25580434491194],[21.2837167508683,49.25565426268498],[21.283713993033615,49.25564076720616],[21.28371300222017,49.25563533641538],[21.284209192136117,49.2554211192328],[21.284460532503847,49.25526617666725],[21.28459486328907,49.255147922077725],[21.2847556707835,49.255020838626294],[21.285389291653477,49.25445577378671],[21.285672622233218,49.25425670218803],[21.28616068933804,49.25406563434602],[21.28630448854517,49.253951445395835],[21.28648154752591,49.253884170351355],[21.286613297565392,49.253802290453244],[21.286914688783902,49.25353436375043],[21.28765678525006,49.25314206722371],[21.28825631427701,49.25260133900872],[21.28858043358625,49.252447422197314],[21.288581014177694,49.2524469897176],[21.28858046279722,49.25242365983488],[21.288801126667753,49.25224707685575],[21.289108591309112,49.25211668764468],[21.28961567420587,49.251774691416244],[21.289863469899874,49.25165968625429],[21.290059879400864,49.25157913002846],[21.290458540941664,49.251407301995805],[21.29074246666287,49.25128492747098],[21.29137710883063,49.25101141336476],[21.29158079561023,49.25097572097139],[21.29174021186561,49.25093994894482],[21.292074690144517,49.25086491706618],[21.292239414755826,49.25082795479439],[21.292625246916003,49.25079092985725],[21.292784738377836,49.25074822778807],[21.292918048518814,49.25078034379905],[21.293324293157383,49.25063915990528],[21.29375210116759,49.25062689394111],[21.293788552105664,49.25063060653831],[21.293931362668605,49.25064500625617],[21.29411595009533,49.25066363937646],[21.29435933181226,49.25057198481911],[21.294576013511385,49.250490414033735],[21.29482405447544,49.25039700916387],[21.29488999636495,49.25035300644743],[21.29510888004799,49.250207052689326],[21.295159960465323,49.250172951980446],[21.295321149229665,49.24990922838406],[21.29541344040238,49.24985423026526],[21.29599808193906,49.24979971034419],[21.29641200105933,49.24977954417181],[21.2965931097583,49.24975387247952],[21.296872717957772,49.24980939690646],[21.297065814544638,49.24984772510396],[21.297133111301243,49.249841027062786],[21.29764766988084,49.24978978238332],[21.29786257734333,49.24976837011083],[21.297877116994826,49.24976691902629],[21.297934906627813,49.24978000601854],[21.29801595068588,49.24966408824482],[21.2980878251261,49.249561215229036],[21.29811443364427,49.24952313375309],[21.29868374849856,49.24993187865971],[21.29875254371575,49.25008148545092],[21.298925778482758,49.25029635394662],[21.29902808443501,49.25042311924829],[21.299247969246814,49.250612122145796],[21.299476812207512,49.25083793977852],[21.29968393666121,49.25104221851544],[21.30015655931326,49.25140492046223],[21.3001586534678,49.25140642385907],[21.300871194865657,49.25194531585815],[21.30091632915776,49.251968280678604],[21.30128296555695,49.25215504675971],[21.301284555196112,49.252155904829536],[21.30161358943496,49.252343605435954],[21.30173654904991,49.25242130467153],[21.30174971396766,49.25242962287029],[21.30180287562507,49.252479202883556],[21.30184042094267,49.25251426994167],[21.302305743052116,49.25285216866012],[21.30325375743078,49.2529961559982],[21.30418777214752,49.253135932930086],[21.30426621166116,49.253436055357994],[21.30443962016614,49.25331472708208],[21.304570021441354,49.253323878754216],[21.304690443833078,49.2533321894092],[21.304722601374074,49.25333441891778],[21.30502166590425,49.25333659256515],[21.305046540104417,49.253336802229605],[21.30550672748937,49.25326129053798],[21.305661292840455,49.25320645109742],[21.305909841254394,49.253088105225956],[21.305955367563318,49.253066434199845],[21.306264098072894,49.252841167459245],[21.30634850395725,49.252773051788864],[21.306574515442293,49.25263098267417],[21.306704345060677,49.25256414528368],[21.306882071547953,49.252502531166314],[21.30618358715684,49.25218120904837],[21.30601434846942,49.25206737577156],[21.30596839359116,49.25200325309083],[21.30588376668024,49.25188485833816],[21.306016774207617,49.25186276310744],[21.306271540912817,49.25181427277752],[21.30654646024706,49.25172165346875],[21.306572178176435,49.25171180698857],[21.30676379583653,49.25163837010657],[21.306935432676486,49.25155379966825],[21.307327837282124,49.251577682029406],[21.308691241701943,49.25100342655258],[21.30898181673362,49.25101271580174],[21.309275028860487,49.25109994338783],[21.309525107999814,49.25123159741009],[21.3098091673506,49.25144915420361],[21.310008209572914,49.251598803204],[21.310073516419397,49.251624351798725],[21.310280155744312,49.25170501040955],[21.310516436785118,49.25175127635915],[21.31070139749454,49.251815619837544],[21.31082987508787,49.25183253769769],[21.310950598696877,49.251795395476705],[21.311143134700675,49.251736200996504],[21.311385978166204,49.251661597780306],[21.311449182356313,49.25164072663625],[21.31182316557051,49.25151768167432],[21.311928876019874,49.25147108572782],[21.312256121131064,49.251308648768166],[21.312630965782514,49.251220281487946],[21.31273302983316,49.251168804596674],[21.31277707993937,49.251146546581424],[21.312888696186093,49.25109022622891],[21.31318693790798,49.25097264009689],[21.313430170722395,49.25087671193912],[21.313583320745916,49.25081632925429],[21.313614136232708,49.250767119756404],[21.31639017826874,49.249774030580845],[21.318011994707465,49.24850994144385],[21.31891548301579,49.24875696850847],[21.320572922315414,49.248068544048316],[21.323497261370868,49.246889192388444],[21.325684397537337,49.24619947989066],[21.328679157144535,49.24589206492652],[21.329934168712136,49.2460390896154],[21.32997877267515,49.24602053245258],[21.330051607431606,49.246005250538246],[21.330541389856375,49.24577994222504],[21.33219050259269,49.24508679071095],[21.333124125468714,49.24425754902204],[21.33370231402203,49.24425242647053],[21.333707174581754,49.24454735474356],[21.334936530025683,49.24506197010757],[21.33501507839367,49.24509483127556],[21.335834011545185,49.2454071575003],[21.336005580315984,49.245358008261775],[21.33646923989032,49.24578113665759],[21.33689380621747,49.24603540680387],[21.3373614744964,49.246298613479226],[21.337801857182768,49.24656082321245],[21.33825834904443,49.24681487121227],[21.33860621807084,49.24701382853856],[21.338892271659272,49.24719230725372],[21.339207407283165,49.247375703787846],[21.339595018466085,49.24759834666104],[21.339955317827133,49.24784600574148],[21.34129009011731,49.24876414734501],[21.341206439870287,49.249718902257044],[21.34085314330016,49.250507915500144],[21.34039754001625,49.25114679964353],[21.33976544635441,49.25196430433883],[21.339070805020608,49.25257993798866],[21.339605632308054,49.25340994627897],[21.339427527772234,49.25372038356728],[21.338861257825357,49.254766762146204],[21.338470705802752,49.25604007711099],[21.33827002620419,49.258515462612806],[21.33827434629611,49.25857976817989],[21.33878041576509,49.25919757642588],[21.33882054443322,49.25925520995474],[21.338876741439183,49.259317103448915],[21.3390670454424,49.259542495752854],[21.340701246308466,49.2609935988865],[21.341898680229328,49.26189447882667],[21.34213612941895,49.26229444811998],[21.342246396991648,49.262705836229955],[21.342338894720378,49.263544416315305],[21.34234031110058,49.26362285623776],[21.342291344007606,49.263863970073565],[21.342349573851223,49.26407263646098],[21.34296134271821,49.264841097493466],[21.341309149430984,49.26541739726871]]],[[[21.34296134271821,49.264841097493466],[21.34310791531665,49.264798211964404],[21.344868133148683,49.26428370197572],[21.344912442056646,49.26432489589115],[21.345584514049335,49.26495067454116],[21.346414321802026,49.26572335938801],[21.346901240695143,49.26626494784146],[21.347700214267544,49.267153354650766],[21.348124468027915,49.266990016164904],[21.348351577012846,49.266902536680114],[21.349337001261677,49.266845992119826],[21.34986508250818,49.268761776966954],[21.349321194022114,49.26895423563518],[21.349107136456247,49.26902995437427],[21.349055949224216,49.269048053160375],[21.347601527535858,49.269562460838046],[21.346714764719152,49.269918327480944],[21.34671175125418,49.26991616756787],[21.34468907159169,49.271142058327015],[21.34450353219969,49.27098558684189],[21.344464458917194,49.27094418901023],[21.34443661602114,49.27090942633247],[21.344412399290473,49.27086604086114],[21.34428095154777,49.27049759041406],[21.344148820838015,49.27011723823204],[21.34401242588113,49.26972505761026],[21.343866209797994,49.26930405134278],[21.34370656178122,49.268844840879275],[21.344020198697546,49.268053740772125],[21.34383953843767,49.26780560423608],[21.343810413137103,49.26776558258113],[21.3436754542433,49.267580193447195],[21.343545480183927,49.26659981641462],[21.343650110932902,49.26609240557215],[21.34358182214046,49.26555382868602],[21.34314673652603,49.264904409320955],[21.34296134271821,49.264841097493466]]]]}},{"type":"Feature","properties":{"LC":"Lesy na LHC Lukov","KLC":"PO-SL269","KPL":"SL269","RZP":2021,"RUP":2030,"PSL":1},"geometry":{"type":"Polygon","coordinates":[[[21.057875508293833,49.257110807077254],[21.05781839974156,49.25695592130246],[21.05777373859205,49.256891462684756],[21.057546436072926,49.25667707117103],[21.056111665788233,49.256041108398264],[21.055603904997973,49.25598961065794],[21.055333680830955,49.255979988174715],[21.05490231222526,49.25590034436921],[21.05458862564113,49.25571916806871],[21.054119785362424,49.255552786797736],[21.053861002930002,49.255391386373155],[21.053495092500416,49.25531925242426],[21.052868668970586,49.25492631248144],[21.052526832275102,49.2548450500563],[21.052162075944207,49.25468472341965],[21.05181109702511,49.25465177755158],[21.05143452661165,49.25468462302493],[21.050662107724577,49.25467766636409],[21.050164207434662,49.254659772716465],[21.05009921534768,49.25462796322922],[21.049937861903317,49.25454262405731],[21.049074363686465,49.25395654416004],[21.049039963344374,49.253920321589696],[21.048625195382304,49.253584615276004],[21.048143697742965,49.25325845250932],[21.047857194354677,49.25289988340561],[21.047623344161686,49.252736573498204],[21.047363281112315,49.25248328887478],[21.047325677700684,49.25246037602981],[21.047017446834072,49.252273142172434],[21.046806174325134,49.252193385252],[21.046321701338456,49.252125493908686],[21.045894406528046,49.25210176345038],[21.04503900463335,49.251992243160714],[21.04463223645846,49.2521519265985],[21.044392537696126,49.25221546764321],[21.04429191098093,49.252242188664766],[21.04427843661275,49.252247604150156],[21.04398848485818,49.252244518110416],[21.043691445919823,49.25229881895418],[21.043416522012286,49.252388045384684],[21.043134829928327,49.252421235427434],[21.04243347622594,49.25245703673489],[21.041851303877223,49.252535406563915],[21.041359648823793,49.25248976859222],[21.041028985924058,49.25244304353589],[21.03996409436544,49.25223216918873],[21.039913610382648,49.25222504118499],[21.039382886623574,49.252403195797086],[21.038940604805884,49.25252299723979],[21.03858709954508,49.25268546760462],[21.038444823940708,49.25274999501636],[21.038056858059388,49.25286075126182],[21.037728204419754,49.25284199040315],[21.037770324319734,49.2533394054226],[21.037686155014413,49.25363376487665],[21.037586928727904,49.25417791103791],[21.0375838598138,49.254203919339155],[21.03746972066646,49.254512611220335],[21.03703980981413,49.25510454895801],[21.036838405702635,49.25551214024043],[21.03669522308967,49.25589551203276],[21.036569363606084,49.25600828429675],[21.036240951074344,49.256300301055376],[21.034898505668743,49.256500714646606],[21.034673661965257,49.25654563313306],[21.034370294042766,49.25662851467478],[21.034048848865556,49.25687735884619],[21.033306137487223,49.25794797766447],[21.03245756229038,49.25870906240409],[21.031812627817732,49.259196771169734],[21.031108810405172,49.25942688670834],[21.030837542650247,49.259539611230736],[21.030399751679766,49.25974415434209],[21.029424421188978,49.26018060363814],[21.02922783040175,49.26030790517336],[21.028954288699946,49.26048492120964],[21.02877990914558,49.26051706487816],[21.027872823794585,49.26056140042627],[21.027469568189655,49.26058249983465],[21.02659548901421,49.26035511557745],[21.026260722850292,49.260271305500886],[21.025965637984246,49.26024460222048],[21.025793824177267,49.26018859798228],[21.0255265188413,49.2599953460164],[21.02526149839596,49.25984448063923],[21.025022315748057,49.259786283383136],[21.024255179713833,49.259473232846766],[21.023964307794408,49.25949977772258],[21.023643476146784,49.2595766625222],[21.023323749982403,49.25967518909897],[21.02292672068654,49.259813511349364],[21.022647562131812,49.25997547591472],[21.022343649187295,49.26017354525635],[21.021958088604208,49.26035995252046],[21.021231449004574,49.26063608190395],[21.02108509203952,49.26076995802472],[21.020881023031457,49.26086684343253],[21.020495277264846,49.26094700735459],[21.02006787542891,49.26099610380957],[21.019728979310283,49.2610570851188],[21.01870659847356,49.26104357697542],[21.01825461005204,49.26101804272169],[21.018001209006894,49.260895447777195],[21.017847764976114,49.2607608058154],[21.017686315156087,49.26069522418687],[21.01695631363239,49.26058139700853],[21.016308310927588,49.26051075182625],[21.015764992827094,49.26040210439643],[21.01553886090416,49.26037312212425],[21.015233774694874,49.26038747832491],[21.015009293155554,49.26037295335589],[21.014744601286015,49.26032650656453],[21.01411908610248,49.26015935218018],[21.013907821714355,49.260061620086255],[21.012775945338223,49.25922882973153],[21.01242533334234,49.25899231380102],[21.012192524754955,49.25879835485563],[21.011905079864945,49.25843695925438],[21.011679951299506,49.25819643504691],[21.01147178399864,49.25804019062528],[21.01110647542265,49.25761773152993],[21.010658328071216,49.2573618190914],[21.01011587542691,49.25722436281505],[21.008971478530682,49.25675393685454],[21.00846244697356,49.256629268282275],[21.007891608822625,49.2565034775411],[21.00726231453193,49.25624253034881],[21.006754035406072,49.25596392929692],[21.005850359969696,49.25576602575563],[21.005340050381484,49.25580245291138],[21.00497269367407,49.25564188920738],[21.00479042247103,49.25556120277505],[21.004290424495686,49.25532931609513],[21.004265150913717,49.25526042728929],[21.00423864438539,49.255261720762974],[21.004166255197998,49.25510198163091],[21.004311801079876,49.25485664292977],[21.00426431295344,49.25441403702348],[21.004172619880954,49.254181102799265],[21.00395224771813,49.25400508778109],[21.003974674367917,49.253772646287054],[21.004134522393358,49.2533453768248],[21.004078727071082,49.253065631387976],[21.00410790760674,49.25275373504024],[21.004060736190997,49.25250695224856],[21.00410037806932,49.25223456081598],[21.0040959459141,49.25219174198396],[21.004025511722542,49.251795739850465],[21.003887691815592,49.25136548213278],[21.003673853958187,49.25101763395011],[21.003513626475527,49.250900664103334],[21.003290279087953,49.25049011351091],[21.003289893891417,49.250304280532944],[21.003319518668853,49.25028913488303],[21.003294873539033,49.250282296315596],[21.003260467182454,49.250160170902674],[21.003245032686678,49.24988507647844],[21.00327089070308,49.24971036571815],[21.00311112713587,49.249238064629694],[21.003148282022195,49.249032483436984],[21.003046281278095,49.248790657125745],[21.003010237249043,49.24848472803141],[21.002916262976303,49.248382709712764],[21.00274472423532,49.24776759568056],[21.002434125243767,49.247413965479254],[21.002588834451824,49.2471673080772],[21.002698465565302,49.24707690634048],[21.002886725375365,49.24680145715099],[21.00289788481518,49.2466661481326],[21.002865909926047,49.246539240308195],[21.003086450151347,49.24606435202823],[21.003301658330244,49.24580148820477],[21.00354722104108,49.24562010384063],[21.003652381526845,49.24548192944437],[21.003677886082862,49.24530459598017],[21.003613631994995,49.24500791670127],[21.003503826162117,49.24483416707051],[21.00346255010153,49.244618365906646],[21.003517594207715,49.24446117555393],[21.003601079994123,49.24433309531133],[21.00349561580704,49.244030475444255],[21.00346581377602,49.24374365636903],[21.003375619068393,49.24357243894796],[21.00329789303774,49.24335679487516],[21.003292460961855,49.243292876167665],[21.00321762331189,49.24314926012846],[21.003154053831253,49.242897707354516],[21.00295021549703,49.24248968269415],[21.002912153058233,49.24241371208221],[21.002924985202625,49.2421124430722],[21.002839281067732,49.24177985887765],[21.002943215100398,49.241439798592076],[21.003069813305352,49.24121346733739],[21.003046688222682,49.24102472845903],[21.002899840219825,49.24071859175726],[21.002654125216438,49.24031531683696],[21.002582999804268,49.23986932182427],[21.002463189409212,49.239720541111986],[21.00213766115476,49.239595453959566],[21.001675735039953,49.23920040107267],[21.001195351720572,49.23872128384924],[21.0010428658152,49.23837759685571],[21.00082924582928,49.23806566808648],[21.00053158736198,49.237808154586716],[20.999958162070858,49.23762029077924],[20.99940002134854,49.23750053740061],[20.999048138514866,49.2373265911105],[20.998770749941162,49.2369929413119],[20.998664368332594,49.23663635658058],[20.998611717554862,49.23632870864941],[20.99841337686622,49.23611216693288],[20.99811156593182,49.23565032182946],[20.997494333988367,49.23536152513109],[20.99727251887766,49.23524171407407],[20.997288195952212,49.235227283131515],[20.997069070681775,49.235101077672994],[20.99702398402649,49.23493916531469],[20.996784584417103,49.234812024282384],[20.99651897347703,49.23451170513498],[20.99617888356484,49.23427205349261],[20.995877909883227,49.23407464768915],[20.99498538644278,49.23368272369376],[20.9945767248461,49.233617096415834],[20.994066585648312,49.23341696288636],[20.993362260680783,49.23305785108697],[20.99290096678599,49.23278729103288],[20.992553785858018,49.23265858263209],[20.992631376255222,49.232663290894344],[20.993026826279376,49.23212195583672],[20.99337607201455,49.231806970197994],[20.994004688893465,49.23087193002023],[20.994443126994792,49.2304529127432],[20.995209633369093,49.23032411383017],[20.996239908630656,49.23020657373295],[20.996577650507785,49.230153010510435],[20.997513630186994,49.22996691433985],[20.999096455746713,49.22968839760865],[21.000268600070747,49.229343825287195],[21.000809661356683,49.22932428184175],[21.000832800924613,49.229336293777045],[21.001002547265315,49.22923408921988],[21.00130851999906,49.22876299229469],[21.001573425876252,49.228501940208915],[21.001844901860828,49.228331222991635],[21.002083019296702,49.228233687418694],[21.002269630269485,49.22783493411745],[21.002483242732165,49.22757220015585],[21.002591522765012,49.22738011096843],[21.0027588253589,49.22722155525564],[21.003058228703523,49.226873940606815],[21.003246602939114,49.22658336989751],[21.003429189691808,49.22644782136074],[21.003556427395758,49.22628462161605],[21.003712917873983,49.22608393669162],[21.003983142716457,49.22571501778357],[21.00427556413422,49.225410026142875],[21.004379343789456,49.225017381148454],[21.004493537903148,49.22470619413295],[21.004509608824005,49.224506403201495],[21.004453561633692,49.2241781191071],[21.00451099547839,49.223846977790494],[21.004601949519632,49.22365657053971],[21.00471874603174,49.22339948657474],[21.004979929889995,49.22310013314328],[21.00538694537122,49.22278097414928],[21.005398411757692,49.22242347960983],[21.005439892933914,49.22240764153478],[21.005591818963442,49.22234941280663],[21.005894806216304,49.222233466668776],[21.006446439700646,49.222081451354875],[21.006725821756053,49.22198300687787],[21.00690544724935,49.222013912305634],[21.00724919372601,49.222012284077366],[21.007616769553753,49.222013595057035],[21.00797776882838,49.22199119193818],[21.007989786133194,49.22199041461506],[21.008604911137073,49.22177528439179],[21.008635114015387,49.22176132714316],[21.00867228836066,49.22174426676391],[21.0090188660382,49.221584633373105],[21.009377654879557,49.22156773562806],[21.00943843817538,49.221549286232545],[21.009803843066475,49.22143834218749],[21.00981397374157,49.22142804986055],[21.0101125252076,49.221124776065146],[21.010155425798978,49.22108125358441],[21.010216974507017,49.221004039300844],[21.010296768203713,49.220903833570276],[21.01031763990629,49.220887860317205],[21.01056042230444,49.22070133183799],[21.010583295389154,49.22068434360267],[21.010823424077117,49.2205055604872],[21.010839942355467,49.22048899470803],[21.01104611820357,49.22028137222304],[21.011249591935254,49.22007672212112],[21.011275495978058,49.220027151973866],[21.01138741741532,49.21981365761731],[21.011411510642727,49.21980049036731],[21.01162818465984,49.219682339636584],[21.011645141062868,49.219665427954276],[21.011763897119252,49.21954623784879],[21.011923405122364,49.21938642535293],[21.011925598407124,49.21938469642429],[21.012152631051155,49.21921169498451],[21.012320868863032,49.21908340760516],[21.0125248490422,49.21892792836942],[21.01253083251194,49.21892335227692],[21.012780605412193,49.218785574113255],[21.013088177700435,49.218616102474634],[21.013106431540006,49.218612827488364],[21.013468149114626,49.2185481177533],[21.013875619144102,49.218566648264215],[21.01453916071539,49.21844039893787],[21.014853077648123,49.218380696262294],[21.015430751430667,49.21842377500561],[21.01579829150964,49.21841434644344],[21.0158145838232,49.218407946002024],[21.01609973644256,49.21829634427537],[21.01617294071071,49.218197630444116],[21.016205357380752,49.218172579947286],[21.016348744234335,49.21806184208064],[21.01651057496983,49.217842320016686],[21.017147203091362,49.21722937817784],[21.01739509024644,49.21692272370363],[21.017976179990157,49.21644526071419],[21.01823505200063,49.21599941718319],[21.018649204050508,49.215633273236875],[21.019552052112953,49.215299632674196],[21.019862045075943,49.21520440775578],[21.020351813694365,49.21475078473629],[21.0205425389586,49.214642576110606],[21.02088737631928,49.21451733456784],[21.02129211855764,49.21446822922966],[21.02199638356553,49.21446885843983],[21.022842761209027,49.21451093640696],[21.023566014245656,49.21448048455415],[21.025403928478692,49.214613092724285],[21.025889076139233,49.21453661016909],[21.026247969872763,49.21457188281701],[21.02647921438256,49.21461776359632],[21.026682480658145,49.214606735005546],[21.02701690063679,49.214459169674754],[21.02766925485722,49.21434148730397],[21.028292063587493,49.21426362315785],[21.02829644815405,49.214245669989644],[21.0285176516473,49.214318858913394],[21.028544593483055,49.214327838144555],[21.028783628702044,49.21440691844374],[21.02897694561488,49.214470916479335],[21.029559829613863,49.21474754116456],[21.029780319831026,49.21491541478952],[21.030019264167198,49.215097302451404],[21.030099822384237,49.21515862135912],[21.030807579195915,49.21566824383039],[21.03115551502069,49.21584647056663],[21.03144471378735,49.215994607555906],[21.03185160667015,49.2162509131245],[21.032171489065593,49.216679854892355],[21.03222022234296,49.216911012177256],[21.032156272560453,49.21700049274522],[21.03189834330396,49.21731756245805],[21.031914184760005,49.2173896502394],[21.03205737583634,49.21747875168944],[21.032093782309605,49.21748074533422],[21.03324558205718,49.217544736955844],[21.033569951947623,49.21762063759435],[21.0338907868663,49.21775413077276],[21.03442190853105,49.218252407719376],[21.03453911859533,49.21845967959659],[21.034779643382542,49.21895157554631],[21.03499431572924,49.218893547480214],[21.035006123038706,49.218844685390216],[21.035033773049257,49.2188298284414],[21.03512690574985,49.21877964639004],[21.03529552380468,49.218814381854884],[21.03570327429316,49.21876388322982],[21.035699983623697,49.21880554956761],[21.036389495219726,49.21869127480731],[21.036534655323365,49.218765399516364],[21.037036601884026,49.218732358936165],[21.037205803103546,49.21893744416282],[21.03735400371641,49.21896413151768],[21.037370989883104,49.21903391464701],[21.03803972099269,49.21894542399706],[21.038389631319728,49.2189091540362],[21.038600694697866,49.21877519858608],[21.038833327152513,49.218724948666775],[21.038884147805863,49.21879988057423],[21.038980950099468,49.21877745331433],[21.038967421609385,49.21871462481485],[21.039211861829575,49.21866088604987],[21.03924743016032,49.21871578683137],[21.039400270241522,49.218673840537605],[21.039737494915347,49.21853263235571],[21.040289406735546,49.21826577505788],[21.040626931348644,49.21816598714607],[21.04082581501455,49.218045767362725],[21.0416761891152,49.2179448712485],[21.04208933513062,49.217771817434325],[21.042149139330512,49.21764420577949],[21.04228543236452,49.21760108926111],[21.042688461254556,49.21747821124423],[21.04295172492292,49.2174808024666],[21.043326713408792,49.21739797624455],[21.04351451085474,49.217218784641005],[21.043635242851437,49.21724520412811],[21.043911914839466,49.21719943255989],[21.04400452722114,49.217181456964134],[21.044249550128487,49.21714348183988],[21.044501328942722,49.21709429154355],[21.044962836530377,49.21693575893761],[21.04524707680697,49.21690256329904],[21.045471891725363,49.21679361929874],[21.04574010659701,49.21671416925241],[21.046096404715545,49.216685826182776],[21.046259176360987,49.21668875671838],[21.046454943757837,49.216696986809396],[21.046637705905834,49.216655370165206],[21.0468426356638,49.21665327300517],[21.04708200508671,49.216653730977804],[21.04729544872547,49.216644436366735],[21.047667055021964,49.21670463133054],[21.047860920349624,49.21674718809328],[21.048313237856412,49.21683421099672],[21.04864969732751,49.21695592447099],[21.048869014848673,49.217080148078736],[21.04887899155983,49.21711369115626],[21.048921049624873,49.21725396491873],[21.049177955425332,49.217402811424186],[21.0492567197258,49.217541121781686],[21.049438177488597,49.21761523409701],[21.049566937394644,49.217690161876504],[21.049641561751535,49.21780502080552],[21.049783035664223,49.2178553319833],[21.049992714904253,49.21776659618464],[21.050259631289094,49.217737149197276],[21.050481845109868,49.217792051918615],[21.050601507464144,49.21783454436737],[21.050865399453798,49.21822812763772],[21.050958761415828,49.21858675594522],[21.051061541988542,49.218814968754096],[21.051181810872325,49.219000803877584],[21.051435172503826,49.21906922566464],[21.05201916798376,49.21915824061306],[21.052348582865832,49.21922236726323],[21.052916014868387,49.219354325338685],[21.053037940525652,49.21966057836629],[21.05305707529612,49.2198006492337],[21.053213187267836,49.219926781940465],[21.053256656192413,49.220037570131915],[21.053454000398443,49.2201819602684],[21.053662481219362,49.22034273479295],[21.05382544788112,49.220580451811955],[21.05371666282931,49.220844137203116],[21.054213826066224,49.22118673167201],[21.054474319088005,49.22143624138553],[21.0552047637673,49.22212712092814],[21.05532195858866,49.22214963228116],[21.0556929434299,49.22224245965164],[21.05590213559464,49.222282616200026],[21.05609465091318,49.22230512863319],[21.05641859591082,49.222332695275725],[21.05648247795296,49.22227831121989],[21.056778993989994,49.222215594276044],[21.057035194535022,49.22212240616875],[21.058090194601853,49.22153996003731],[21.05816494685547,49.22147989420977],[21.058223121364424,49.221424604838454],[21.058622596316173,49.2211953258162],[21.059397988854776,49.22087806632067],[21.059774206750518,49.22068377385476],[21.06027692293963,49.22052894183485],[21.06038594554262,49.22049194684483],[21.06093675179158,49.220187328334326],[21.061514605493638,49.21994515806924],[21.062225887484608,49.2195587433147],[21.062633051056412,49.21912425830763],[21.06307341582549,49.21868679118429],[21.063142349639673,49.218281462192415],[21.063384879893047,49.217848419392084],[21.064028305020173,49.21753597],[21.064742703615934,49.217207979124986],[21.06572968610189,49.216977892595764],[21.0660769596999,49.2169322731743],[21.06652133105094,49.21685088876378],[21.06684847078609,49.216842789880836],[21.067090944317293,49.216820169966084],[21.06733971096654,49.21673932495012],[21.06750782431804,49.21668937219776],[21.068051102095495,49.21643813594598],[21.06841223550206,49.21624432218181],[21.06904046625978,49.21594684212377],[21.0691370748185,49.215901067392686],[21.069216722195517,49.21586338919895],[21.069604672715755,49.21572967260178],[21.0701863863815,49.21531194472528],[21.07053834267156,49.215115668900594],[21.071128629641787,49.21497567407547],[21.07163231573477,49.21479561975529],[21.072437296422425,49.21449912660623],[21.072927329060313,49.214178366824505],[21.073359924755216,49.21378958903195],[21.07401112433186,49.21326352545759],[21.073988043806764,49.21326161312174],[21.074063376557508,49.21311081010342],[21.074133625749344,49.212908618640405],[21.074141529303034,49.21288015431776],[21.074189658160908,49.212787984102434],[21.074329534468145,49.2127533191342],[21.075065832146226,49.2127255804947],[21.07522357755615,49.21263945359481],[21.075510183128348,49.21257583291857],[21.07576247762759,49.21256485470282],[21.076461912131734,49.212425550712105],[21.076835078521025,49.2124116114691],[21.07731622784111,49.21245677568529],[21.077646557513425,49.21241111911461],[21.077960905194125,49.21252762556515],[21.078316803657376,49.212612245751416],[21.07873392228574,49.212609614644755],[21.07895343021569,49.212632777031516],[21.07907975563789,49.21267266312693],[21.0792896970565,49.21288619285242],[21.079551946380548,49.21297545487294],[21.07982501402411,49.21312403053633],[21.08024758650994,49.213175314439596],[21.080652596874284,49.213362242421816],[21.080698315316482,49.213371991942836],[21.08094125128267,49.213423720264345],[21.081540604715077,49.213612109590244],[21.082192926207366,49.21358829342719],[21.08240544694904,49.21370134082201],[21.082729691366964,49.213779440100105],[21.08312230999692,49.213713079222345],[21.08356732557389,49.213876072288116],[21.083833085361434,49.214153950626184],[21.084246752723956,49.21428964825122],[21.084673010848142,49.214457346935234],[21.084723915844332,49.21447311274208],[21.084804905838386,49.214498215272705],[21.084917729590927,49.214533160643356],[21.084984459984735,49.214552314409],[21.0851382849952,49.21460315790771],[21.085436513115294,49.214751895758575],[21.08582189940101,49.21484869030243],[21.085980862690615,49.21491356121956],[21.08630692528679,49.21504662391483],[21.086804184432868,49.21532741062656],[21.087096144548465,49.21548107453409],[21.08745818165203,49.215623838584754],[21.087809842193284,49.21580254933524],[21.088102033163135,49.21601212365796],[21.088224188995092,49.216065729660286],[21.08852686533168,49.21610720115208],[21.089129063910285,49.216064815541976],[21.089125160788008,49.21604713564206],[21.091649608978912,49.215715976779066],[21.09204103830919,49.21571535621176],[21.09290353709557,49.21571314741877],[21.09310661369278,49.215839015747115],[21.093173465629725,49.21608341128736],[21.09340678868205,49.21628658756946],[21.093806629512763,49.21668954201423],[21.093954657183836,49.21683867531934],[21.094466047646062,49.216941629622696],[21.09449247061828,49.21705734620713],[21.094679081955046,49.21715531744929],[21.095073212476315,49.217234804854684],[21.09501199395718,49.21727993104741],[21.095224386291925,49.217343615723564],[21.095386049790555,49.217509027193096],[21.095593768900837,49.21755797775067],[21.09564171227971,49.217465974165066],[21.096194527480364,49.21760517408976],[21.096749701840825,49.21761120996347],[21.097105913501437,49.217589101134465],[21.09748927487601,49.21758442304821],[21.097936236193814,49.21751920790295],[21.098151527901805,49.21746459719473],[21.098486722422482,49.21739617043894],[21.098755828953994,49.2173127588568],[21.098932497908443,49.21728590136739],[21.09903521625974,49.21745131569953],[21.099238398021367,49.21756313204833],[21.099411858795772,49.217610801811986],[21.09959984614476,49.21775877238495],[21.09976550286703,49.217850394523154],[21.100093891484168,49.21811177602404],[21.100125850567235,49.21824747295004],[21.100346317438827,49.21833022081557],[21.100686712333193,49.21838591745961],[21.100744415917703,49.218526576917036],[21.100937667835055,49.21860755476986],[21.101268548949765,49.2187043572779],[21.101542552342845,49.21883049242852],[21.10179242811882,49.2189114750231],[21.10203666205895,49.21906834770401],[21.102414476299526,49.21914395794985],[21.102721942996972,49.219248921595806],[21.10289006487178,49.21926499705632],[21.104338318513797,49.219246634314594],[21.104778372338952,49.219037673933954],[21.10529705226086,49.21896535441606],[21.105928394744684,49.21877130959436],[21.106192267574755,49.21872867531071],[21.10641709645618,49.21864365521492],[21.106466949467123,49.218579346133275],[21.106738184224252,49.21850417645905],[21.107255945304043,49.21848853444065],[21.10745335136341,49.21845260215735],[21.107884593563796,49.21857310825794],[21.108423656717754,49.21876483485625],[21.109098910644402,49.21874924916586],[21.1096590314265,49.21879247063305],[21.110066117897013,49.21892561288408],[21.110320165373018,49.21906909616367],[21.11080072915729,49.21919368175447],[21.111137455829432,49.21918045236093],[21.11143889890054,49.21914449345489],[21.111515229651694,49.219141881158414],[21.111915103375217,49.21919817688355],[21.112067465829007,49.21930448162036],[21.112626604380612,49.219364761832715],[21.112998415042764,49.219473365030126],[21.113227362436096,49.21956626004148],[21.113532721706797,49.219586865154014],[21.113664641809553,49.21971871437788],[21.113875910207643,49.21975163013799],[21.114195894775325,49.219893870445986],[21.11444016312547,49.22012687680155],[21.114718897680692,49.220484580806904],[21.115095100759174,49.22092730402789],[21.115672088812378,49.22124596377376],[21.116380348752738,49.22144942099108],[21.117504401500526,49.221611529653245],[21.117955909699482,49.2216445976958],[21.118310457108432,49.22168043584078],[21.118517342517517,49.221856250696476],[21.11879474041763,49.22198929280997],[21.119072348055628,49.222212364170495],[21.119276780166242,49.22230068697016],[21.119297466611293,49.22230530486054],[21.11931408190141,49.22230736284632],[21.119295515701033,49.2224987929627],[21.119227031036576,49.222614458802774],[21.119053822926293,49.22294357519719],[21.118951416841522,49.22321669469838],[21.11896645542138,49.22352415158467],[21.119040083037692,49.22379953014404],[21.11916070554544,49.224115921048636],[21.119351068851977,49.22423287415244],[21.119532753376536,49.22455624460293],[21.11959110429978,49.22483752915998],[21.11973837983979,49.225150444226074],[21.119965296526246,49.225323290644894],[21.120026368005348,49.22552328025178],[21.119957858182676,49.22566154146163],[21.11993527640636,49.22566208491493],[21.11991134155951,49.22565862439217],[21.119820685955027,49.22632641862679],[21.11995094023949,49.226646534669165],[21.120272520194064,49.22692591166949],[21.120278309115513,49.22693869864799],[21.12028463937878,49.22729151985247],[21.12021870562698,49.227476674918485],[21.120273150595775,49.22774397102927],[21.12020913448977,49.22816324678589],[21.12025630255681,49.22825026582244],[21.12027683934881,49.22825136779655],[21.12029419305097,49.22825461930833],[21.12030094966639,49.22835277879333],[21.12030994966757,49.228483777849284],[21.120528725782012,49.22881516450816],[21.120716998658445,49.22898480156756],[21.12099152596398,49.22916653790244],[21.12126694029567,49.229412487990096],[21.12157524506977,49.229550193123245],[21.121915676253714,49.22980180527946],[21.122044967524022,49.229897370288356],[21.122214171739024,49.229984838932154],[21.122526627589718,49.2302449239664],[21.12277488837547,49.23045859068115],[21.12316128913301,49.23067798825434],[21.123308797479993,49.230748472943674],[21.123604461009403,49.23085282298555],[21.12374379597837,49.23090558349651],[21.123788060824054,49.23092229095965],[21.123902843297742,49.230978053681824],[21.124107978833774,49.23106674864356],[21.124430936124412,49.23119986886147],[21.12453078095866,49.23130151900155],[21.124596381499632,49.23136805488392],[21.12482258055687,49.231599561937074],[21.12501819269679,49.231802281944546],[21.125196296096306,49.231901550793204],[21.12530989343007,49.23201803965296],[21.125482965098023,49.23231933917088],[21.12573035076765,49.23275163562704],[21.125790028396818,49.23285930331064],[21.126127975098413,49.23296651664589],[21.12646215666199,49.23318424725199],[21.126660595432195,49.23339353513005],[21.12690446321643,49.23361686495934],[21.127096960604934,49.23376519860128],[21.12711457372982,49.233794743772094],[21.12731738006703,49.2341124655808],[21.127548330428986,49.23439164857435],[21.127602225049223,49.23466702354401],[21.12757250203442,49.23495775443635],[21.127542644514943,49.2351944676495],[21.12758423934115,49.235431643559785],[21.127587971279695,49.235995301309856],[21.127675203289712,49.236191612066335],[21.127848408602357,49.23659013487257],[21.1278957431171,49.23678500173188],[21.127901971365326,49.236810495227],[21.127933071138724,49.23695155473287],[21.12791168406769,49.23716666068114],[21.12787914581591,49.237475036558024],[21.12781596449899,49.23769386009382],[21.12778494118956,49.237806755671066],[21.127775765772462,49.23783977329864],[21.12783810787034,49.2380604115759],[21.127996479575618,49.238235478914206],[21.128102352725634,49.23847171899522],[21.12810815605698,49.23871703309211],[21.12808122562295,49.239126321170936],[21.12807510172489,49.239239015002006],[21.12802355061589,49.23949394560626],[21.127995121348302,49.2396573357091],[21.128196236171966,49.23981593163665],[21.128759537884505,49.24007817727152],[21.129007990365125,49.2402753594262],[21.129320057451203,49.24043962618109],[21.129616456035055,49.2405032916241],[21.130077748502163,49.240508619564196],[21.130446909705313,49.24057746637059],[21.130774784268596,49.24064500556679],[21.130977495780527,49.24070948383765],[21.131011614061567,49.24072037575018],[21.13122487659625,49.240802111523344],[21.13113800694022,49.24100299256178],[21.131134493191272,49.241020795744056],[21.131050925298457,49.241443325025315],[21.13103105042244,49.24155054238992],[21.131124387995104,49.241660711570574],[21.131124729452413,49.24184796783365],[21.131222273256387,49.242020385047375],[21.13122753556078,49.24205340950642],[21.131251222437196,49.242101330345996],[21.13133258110935,49.24221175045548],[21.13143024759994,49.24233781006933],[21.131462307816797,49.24237474302021],[21.13158206107415,49.242512663903504],[21.13173471501879,49.24279539017463],[21.13177803766119,49.242875349599025],[21.131992222578024,49.243151559723785],[21.132163317347267,49.24337635438057],[21.132196156108638,49.24341952319824],[21.13229294177242,49.243542673324306],[21.13228177977732,49.243870989572756],[21.132180865179183,49.24399013735712],[21.13206789566175,49.244123577316536],[21.131962416685518,49.24425239293283],[21.131939458107755,49.244280293655635],[21.13191551601915,49.2444724528858],[21.131943062976873,49.24468982639005],[21.131953592330106,49.244783781993725],[21.132008086007485,49.244976981725614],[21.132100526791564,49.245233586579786],[21.132148756882604,49.245364473125925],[21.132187344815605,49.24555149825744],[21.132138331212975,49.24583000543007],[21.132127154479527,49.245878983798036],[21.13214793478453,49.246115407687974],[21.132150868662052,49.24613341478257],[21.131828455560207,49.24640687554195],[21.13136921606469,49.24662451489963],[21.131038827681863,49.24682894483161],[21.131116261639566,49.2468715441825],[21.131242773793797,49.246795067025026],[21.131499283826596,49.24699357706461],[21.13175940203504,49.24688981796512],[21.131858341791492,49.24691491265833],[21.132582923198274,49.24668108671216],[21.132763610468487,49.246798427200325],[21.133287567369365,49.246719301382036],[21.133293945108925,49.24727034476737],[21.133313001070885,49.24736619001398],[21.133253229819907,49.24744387927239],[21.133301071894547,49.2474552042198],[21.134037522914255,49.24755824481136],[21.133930185808904,49.2479900155887],[21.13387970097186,49.248193488592705],[21.133879687723194,49.24819366821681],[21.133846639031518,49.24832666545098],[21.133736987850895,49.248416911535884],[21.13348559911031,49.24862411566029],[21.133428706337902,49.24867768023601],[21.133253575101797,49.2489937901137],[21.13331934578455,49.2493418219016],[21.133545947488347,49.24957322904147],[21.134066588433132,49.24949282380264],[21.134195671915766,49.24947286814844],[21.13476856322207,49.24899342626513],[21.135977560675908,49.24864273560987],[21.136317352181955,49.248528880553316],[21.136708459114086,49.248401611888944],[21.136878503183837,49.248372504720976],[21.137237258749515,49.248311008305244],[21.137293105753535,49.24830142937803],[21.137293935510346,49.24830136556185],[21.13736343224899,49.24828942702263],[21.137391484058377,49.248304356236005],[21.137391882391587,49.24830454885815],[21.137400743205337,49.248309329750576],[21.137734330024433,49.24848676349037],[21.138055479833785,49.24865759203039],[21.138378878071,49.24882966086631],[21.138145182847463,49.24915157985447],[21.13798044827904,49.24939042583888],[21.137615999650116,49.249919134880415],[21.13760237364548,49.24993049737384],[21.13761127295738,49.249957154595116],[21.137612856166808,49.24996179566851],[21.137649516204643,49.25007079864978],[21.13769322945111,49.250231516424364],[21.13794169238972,49.25114452414354],[21.138511603004872,49.251765568192454],[21.13848374504362,49.25182824360126],[21.13847715209876,49.25184306898196],[21.138320065931577,49.25219639356208],[21.13827253768085,49.25238978861741],[21.13824720930666,49.25249278323476],[21.13824071639663,49.25251931449498],[21.138239385431255,49.252524313653126],[21.138219513144833,49.252605515384595],[21.138221807631062,49.25272369540583],[21.138221992497176,49.252728652398275],[21.13822296325328,49.25278080521618],[21.138224033268525,49.2528316108512],[21.13822756943389,49.25300573310868],[21.13828226052483,49.25303617641692],[21.138345016679644,49.253071015272155],[21.13840141740231,49.25309692142022],[21.138490276761,49.253137715432565],[21.13855665027681,49.25316825732851],[21.138776005558547,49.253352973026345],[21.138890625472314,49.25390283810895],[21.13901901530472,49.25431621567949],[21.139110383838126,49.25461049714646],[21.13914162208336,49.254711046184205],[21.13925091342472,49.25500661327642],[21.13925060987726,49.255800497647414],[21.13959801542002,49.255925517544966],[21.139653615080658,49.255945546298975],[21.140063598860735,49.256092974167494],[21.140082897671828,49.25609610367543],[21.140840165472007,49.25621901766193],[21.142490355056587,49.256277454079616],[21.142617913029248,49.256495185082514],[21.142623289414665,49.25650435666388],[21.142804971741825,49.25681453470592],[21.14262023411248,49.257455958101495],[21.14256017188793,49.25766471249595],[21.142531199339235,49.257764982111354],[21.14245189999527,49.257818384528804],[21.142195615886443,49.25799106470194],[21.14204483519452,49.25809253432797],[21.142040735927292,49.25812580269946],[21.142024333807402,49.258257075610224],[21.14194362860774,49.25843232125645],[21.1419138123513,49.25876823800687],[21.141911536316776,49.258793552033644],[21.1418858354152,49.25908476827664],[21.14167708271142,49.25929360430434],[21.141639666742662,49.25933104314882],[21.141494221149827,49.259612181444226],[21.141345553398008,49.259899699436005],[21.141231839250093,49.260170135543305],[21.141207676777938,49.26022743672135],[21.141092598841528,49.260501430513465],[21.1409207631243,49.261054948174056],[21.140540498207223,49.261200039151646],[21.140536393005146,49.2612016200433],[21.140058076766934,49.26137071264005],[21.13995118069606,49.261473744450974],[21.139943188356803,49.261481414104416],[21.13993617060554,49.26161217264393],[21.139930256018427,49.2617223512696],[21.13988457409261,49.26242658122295],[21.139878669628533,49.262517945839285],[21.139858789466388,49.26282518888774],[21.139850475839957,49.26292124857022],[21.139850277375317,49.26292394292477],[21.139840591080283,49.263034902704746],[21.139826446025303,49.26319892393917],[21.139868751846663,49.26362362516531],[21.139796519126318,49.26408324146564],[21.139754847171808,49.264124236361695],[21.13948267242217,49.26433466886864],[21.138669260222258,49.264622992882366],[21.137949844758797,49.26499826773256],[21.137795970937425,49.26525140961187],[21.13779361451789,49.26525538615504],[21.137771857780255,49.265291157713],[21.13770875297071,49.2653541605789],[21.137699706339813,49.26536305710584],[21.137287994005533,49.265773696894406],[21.13724689484573,49.26593749713365],[21.137169552302115,49.26619548491973],[21.137114301487262,49.26629933473557],[21.13696676201462,49.26657653108694],[21.136881003339127,49.266679957728094],[21.136673891247977,49.26692925692368],[21.136732739538747,49.26718524305691],[21.13677451306631,49.267275412280895],[21.136723875390725,49.26735771262948],[21.136719817098317,49.267364246015205],[21.136686361725193,49.267418732382794],[21.13664356322985,49.26753836868123],[21.13660426428259,49.26764785311859],[21.136587605847243,49.26769467794463],[21.13657201585157,49.26773820574379],[21.13649076913864,49.26796510275118],[21.136292414702027,49.2680246445191],[21.136225169803478,49.26804484621255],[21.135954784110616,49.268126058314756],[21.13529072173621,49.26832806655553],[21.134857721109086,49.268459772615024],[21.134547464569778,49.268572309587135],[21.13426995352539,49.26866238494663],[21.13422272398662,49.26867790667975],[21.134101904147368,49.26871756938971],[21.133915234343544,49.26877900682927],[21.133664598536694,49.26886650920042],[21.13365373238029,49.2688702167724],[21.13364793961857,49.26887228424408],[21.13311898948051,49.26905694507482],[21.13260903379724,49.26917990965761],[21.132556375024304,49.26919255852036],[21.132163591856173,49.26942589936539],[21.13205438885256,49.26949077301121],[21.131469774994965,49.269698782883275],[21.131329099203132,49.26978930696419],[21.131299378087625,49.26982851649953],[21.13133615488691,49.269859566217505],[21.131558866734558,49.27004790954518],[21.131333046198687,49.2702127994492],[21.130694410433357,49.27067898771142],[21.13063448809828,49.27066142915086],[21.130512964744288,49.27084275885021],[21.130341033540823,49.27109748157533],[21.130119071553732,49.27142605916022],[21.129641926992303,49.27197782831703],[21.12960652029137,49.272013886944194],[21.129070917747338,49.27255975396334],[21.12855386174037,49.273010873552],[21.12758817584113,49.27315828667641],[21.126746672187696,49.27338632089994],[21.126589993129283,49.27342880213505],[21.12626625132767,49.27351649597427],[21.125946587873138,49.273837382316884],[21.125942576363393,49.27384139626939],[21.125781610380077,49.27405343024203],[21.125663634654536,49.27420876174965],[21.12530480284906,49.274590340718674],[21.12520924318387,49.27469182896106],[21.12500077196903,49.274913610227784],[21.12486719229025,49.27508267017366],[21.124780674422375,49.27519209623995],[21.124339703241798,49.275508416527906],[21.124213739442254,49.275695361149005],[21.12415856287133,49.27577724289527],[21.12417202065671,49.27591333078454],[21.124096706679687,49.2764198336747],[21.124132085140946,49.27666689153882],[21.124138333504604,49.27671074961424],[21.12391533019555,49.277078532961376],[21.12389700365459,49.27710864957423],[21.12384189147639,49.27718963302081],[21.123489132564774,49.27770805126893],[21.12330395731731,49.27804795521546],[21.12324759316749,49.27815140398641],[21.123129270832386,49.27821823167983],[21.12310901828148,49.27822974284822],[21.122580032997423,49.278626718200165],[21.122077834968586,49.27823433604132],[21.121857568241065,49.27836787799315],[21.121760040816238,49.27842699148232],[21.12129181674398,49.278685184284875],[21.121184031757377,49.27861524209221],[21.12039069750571,49.27930026763025],[21.120387116891294,49.27930402501073],[21.120306644524742,49.27939104452556],[21.120136292257243,49.27957504752004],[21.119676518671117,49.280071788114526],[21.119313357726273,49.280382456804475],[21.119270766019515,49.28041873485803],[21.11923447641446,49.28044981150126],[21.11909711894737,49.28056725371931],[21.118962690018712,49.28065445156569],[21.11889432392042,49.28069873407754],[21.118709864051546,49.28088543849548],[21.11842065650619,49.28127865918697],[21.118343080526646,49.28133579234381],[21.118348848812886,49.28149189187812],[21.118328499263885,49.281772022163125],[21.118328266226964,49.28194782595857],[21.118356687523793,49.282108334895426],[21.118132776174072,49.28225354766061],[21.118111949233597,49.28226720032137],[21.11794252775581,49.282377142657246],[21.11791918717928,49.282393146112284],[21.11775543495639,49.28250641879238],[21.11770811769071,49.28274005270415],[21.117635788391443,49.28307533703867],[21.117601673268634,49.28323296184703],[21.117499468906956,49.28401389273778],[21.117486766579482,49.284110982531196],[21.11717166195623,49.285060969248235],[21.115993574032327,49.28620565035461],[21.11489438383429,49.287371279954606],[21.114844781517167,49.28744442271116],[21.114252109751597,49.28831906476737],[21.113651906298188,49.28897597405003],[21.113030450105448,49.289664973255945],[21.112785685808213,49.2899365344198],[21.11229599141138,49.290570751481795],[21.112213751905237,49.290677424565814],[21.112182138838268,49.29070837777776],[21.112157978965758,49.290735336765216],[21.11150239173931,49.29146636458996],[21.111379763041228,49.29170912608277],[21.111235792072986,49.29192420296802],[21.11114524186213,49.29205005587531],[21.11109814044752,49.2921097735328],[21.11108884581092,49.2921607902225],[21.110964173634343,49.29219013633041],[21.11054113975699,49.29279162701663],[21.109652056760687,49.293787718741626],[21.108530637382135,49.29474445966621],[21.10819024248584,49.29504087807676],[21.10845461664498,49.29527091680819],[21.107755387389787,49.296204166203765],[21.105710983901258,49.297478828002006],[21.105302092313323,49.29837719187298],[21.105043065783022,49.29875973107104],[21.1049280694642,49.29906574442274],[21.10495540030435,49.29913872120791],[21.104924299928648,49.299207047795164],[21.104827368951348,49.29942010392215],[21.104891336198268,49.299907173904856],[21.104782536306065,49.30108622953069],[21.104762430680946,49.30130461113438],[21.104953596226718,49.3020673222135],[21.104759515995845,49.30253690751829],[21.104621198296872,49.30287683636494],[21.10475674311925,49.302901584730165],[21.104504623889973,49.30334816766248],[21.103288734361985,49.30435100982977],[21.101767881330694,49.30523340264274],[21.101514223170867,49.30544137484526],[21.101339053658435,49.305686054550655],[21.10111018036264,49.30589391517218],[21.100870211719364,49.306047409239916],[21.10058820671494,49.306266179405206],[21.100264877567408,49.306669976296234],[21.10016102571607,49.30701054860003],[21.099991570787644,49.307233803504],[21.099898086825437,49.30739826438279],[21.099575333744543,49.30760943257645],[21.099493671641344,49.307705763731505],[21.099486573635495,49.30771417958804],[21.099342864412105,49.30788379121904],[21.099296614248313,49.308079463836265],[21.099093820586248,49.30832506070777],[21.09875960136046,49.30854216296135],[21.09821505526793,49.30858872159354],[21.098047117038515,49.308569865159654],[21.09791717011954,49.3085954297882],[21.097419160951798,49.30884871681081],[21.097235621298502,49.309223655090726],[21.097096565553862,49.30948208358746],[21.097170080003348,49.31001015174797],[21.097173571356766,49.310295630436],[21.097265711117267,49.310684759213125],[21.097297106497294,49.31083609560403],[21.097623404221295,49.311500952150155],[21.097579490633503,49.31173900855071],[21.09735054542649,49.31211339958829],[21.097245087013164,49.312419710277],[21.097257827523993,49.31276579768164],[21.097527615610332,49.3133946439446],[21.09775688795379,49.31358829614736],[21.09786454620017,49.31386179102987],[21.098076669899193,49.314100806572725],[21.09835470856426,49.314545369884186],[21.0985267938416,49.31467508313938],[21.098640951739185,49.314824555143765],[21.098836257587557,49.31495680827138],[21.09913293351895,49.31587187226455],[21.09906139200639,49.31627738743736],[21.099077879114354,49.316314821333265],[21.099228659663268,49.31639794371021],[21.099306439637466,49.31674178101848],[21.099409061290448,49.316931573776316],[21.099522162268713,49.31709163329931],[21.099595146916297,49.317159943732335],[21.099511613824117,49.31726638776427],[21.09949499079679,49.31735083784194],[21.099464318746374,49.31734481950215],[21.099317653323585,49.31731728151915],[21.098915721431023,49.31724128056232],[21.097501217358534,49.31711797249738],[21.096647867272125,49.3171107527806],[21.09513082419278,49.31718984466199],[21.094799886617622,49.31722357896758],[21.094084434407527,49.31727088111677],[21.093644830217364,49.317334362958704],[21.091955494752582,49.31755924210093],[21.091554425027887,49.31765428356847],[21.091378807101492,49.317697288094905],[21.09003291008359,49.31802681717708],[21.089726732040308,49.31808473379122],[21.089232931976486,49.31811775152113],[21.088300220062372,49.31812188952298],[21.088048888069807,49.31814977678212],[21.08724392720037,49.317957420758205],[21.08677855693835,49.31780733275904],[21.086432797382248,49.31760462330364],[21.085986820380278,49.31739969862183],[21.08524338213501,49.31713439719466],[21.08520975815948,49.31721569172138],[21.085147749697242,49.317365305147455],[21.08507751077374,49.31753473015452],[21.08497696706799,49.317816523203355],[21.08496388813354,49.3178532838604],[21.084942895934613,49.31788538036532],[21.084882881547774,49.31794944681653],[21.084841665592453,49.31799232923549],[21.0845639856546,49.31790305831318],[21.084486125279387,49.31787806241293],[21.08385859310316,49.317753112672676],[21.0836106299405,49.317745179522426],[21.083357508017478,49.31773257969302],[21.08293347858167,49.31774961887918],[21.0823714772455,49.31779779946969],[21.081835576223455,49.31784681285812],[21.081526811742286,49.31785088246075],[21.081299238857216,49.31783729562111],[21.080968824527666,49.31774434718797],[21.080528292757112,49.31759565904594],[21.07995184770085,49.317386352736854],[21.07975403257897,49.31731565161976],[21.07945584785331,49.31725208786325],[21.079223924636334,49.31713123128642],[21.07914040831973,49.31708804610752],[21.078934985172346,49.316981090977855],[21.078509798321345,49.31669767311787],[21.077812800260524,49.31618642969719],[21.077759339974218,49.316146457119586],[21.077660123158818,49.31602804921393],[21.077632117083034,49.315969987618274],[21.077651066103964,49.31596519353872],[21.077335746707423,49.31538839826429],[21.076832999829087,49.314389690989294],[21.07660011719955,49.31407074851536],[21.076448400576183,49.313881339037124],[21.075681291913025,49.31305734524535],[21.074881583208192,49.312202052145544],[21.07473703694585,49.31204752853542],[21.07463034909249,49.311933468857866],[21.073954406022416,49.31117792167466],[21.07274408277418,49.30971132614186],[21.07275361575448,49.30970722096769],[21.072759686241174,49.30970705569537],[21.07288105047459,49.309700687950134],[21.072890009586605,49.30969872489454],[21.072628634546348,49.309350950854565],[21.07232526111725,49.30903630677502],[21.072049636476653,49.30879223012816],[21.07197909828609,49.30871398660399],[21.071951085319306,49.308727671080206],[21.071711965298324,49.30852005425645],[21.071635469012087,49.30846799591296],[21.071457858406863,49.30836903021164],[21.071447356056673,49.308362211388335],[21.071488556712588,49.30833058575209],[21.071505311470542,49.308334814592804],[21.07154050222458,49.30833738473196],[21.0716952763579,49.308324258920045],[21.072038972644936,49.308266784641965],[21.072364080622304,49.30820565197377],[21.07242772212352,49.30818869985172],[21.0726254446525,49.30814265263187],[21.07266548480374,49.308126473286684],[21.072803195828328,49.308071027824596],[21.072968185803965,49.30797864807685],[21.073137751472725,49.30789316666014],[21.073129085120225,49.30792241602562],[21.073188212852532,49.30788488348548],[21.073182317743612,49.30783869266393],[21.073300535525846,49.30771276342496],[21.07336818654362,49.30762770221111],[21.073483272878708,49.30748294758387],[21.073555934252447,49.307391655428916],[21.073670409461034,49.30724769123484],[21.07371300802329,49.307201075927935],[21.07379327649903,49.30710930754391],[21.074180969558416,49.30665983946886],[21.074197750910386,49.306625178952494],[21.074155215229595,49.30661409183215],[21.074165120387153,49.306592173991426],[21.074234214283162,49.30643279981086],[21.07433751410885,49.306318454095624],[21.074463787815038,49.30617864868793],[21.074549775201767,49.305968413289385],[21.07455388472033,49.30594666958666],[21.074588145500833,49.30578545758817],[21.074622383368478,49.30559885841379],[21.074641494996285,49.305494594952755],[21.07464339193176,49.3054766512466],[21.07465708246551,49.305351058516344],[21.074703390335497,49.30492466564985],[21.07471040567689,49.3048751981044],[21.07474701726913,49.30462574905208],[21.074789678173055,49.304328691906846],[21.074824649159126,49.30424240156885],[21.075144381461843,49.30395522236656],[21.075355216442766,49.30382587047844],[21.075390416278868,49.30388884516423],[21.07546190060127,49.30382047003957],[21.075482632807937,49.30358077408261],[21.07557985353116,49.30338584206677],[21.075459882018052,49.30318664462462],[21.075373651486252,49.302721161381434],[21.07519038968776,49.30248482453125],[21.07491409591763,49.30220409240245],[21.074499048861508,49.30188289874197],[21.0743833005553,49.30146237880596],[21.074039982820032,49.30097424123829],[21.073779006977368,49.30092985760663],[21.073705523367828,49.30091849718974],[21.07358713695473,49.30076255909376],[21.073573448420408,49.300550565640805],[21.07361369941159,49.30019761664304],[21.07355379246593,49.30005120707021],[21.073502212238743,49.2991884808355],[21.073627335900145,49.29884365688958],[21.073858312090966,49.2980035016693],[21.073878349148345,49.297681411729656],[21.07363002794721,49.29768874642748],[21.073386703192334,49.29783127572307],[21.07312823796335,49.29775366201003],[21.07297022741091,49.29773148570826],[21.072547821554974,49.29771072421877],[21.072270432081805,49.29756066246924],[21.07216383459499,49.29754490689542],[21.071922514605916,49.29755066227371],[21.071531335003744,49.29748435762212],[21.071207428238495,49.29733423980672],[21.07092942920179,49.29729686429678],[21.070660929354663,49.29718615411242],[21.070418939475474,49.29705054812201],[21.070142693847224,49.29691654185748],[21.069977667407638,49.29681005412829],[21.069748779704145,49.296719969260444],[21.069513445675117,49.29671204825238],[21.06900338716982,49.29646015780571],[21.068502881428564,49.296258895099285],[21.068280619206536,49.2962071000561],[21.06805361778354,49.2960901552361],[21.067313011220886,49.29553430845682],[21.06722689913521,49.29550795380728],[21.0673887637442,49.29474615622863],[21.066822698093105,49.29451279978992],[21.06683614454828,49.29447857302374],[21.06689071799121,49.294340340914125],[21.06643435106231,49.29420413417517],[21.0664426280419,49.29409952269372],[21.066493605675518,49.29356236990245],[21.065871576088536,49.29324978800324],[21.065678063382226,49.29326066841501],[21.065488242168474,49.29331397844845],[21.065482569775924,49.29327958693562],[21.06546070415472,49.293202453367364],[21.065434714901507,49.293110603285],[21.065395661528754,49.292842876483235],[21.065239875738968,49.292827962535576],[21.06519443243846,49.29227915554328],[21.06513784980239,49.291494127369944],[21.065084845373686,49.29104590350278],[21.065006521624635,49.290440223225524],[21.065005074540327,49.29041920108582],[21.064593532376428,49.290432337096455],[21.063866074404267,49.29034186030568],[21.06353281019547,49.29025848524168],[21.0628907294823,49.289988181197245],[21.062728365042183,49.28989437070994],[21.062323837578973,49.28882851471716],[21.06219337434329,49.28874977415655],[21.062015663547033,49.288287539343],[21.061895146938763,49.28771821642142],[21.061844192401356,49.28701825733786],[21.06195471590248,49.28646213532172],[21.061915662550042,49.286086826734376],[21.06169556112558,49.28585521816389],[21.06115631779646,49.28537503584092],[21.06040154561613,49.2847709656185],[21.06027088810894,49.28467853234105],[21.059849528627993,49.284341948767285],[21.05951486127574,49.28397808882223],[21.05917078200511,49.283583946196124],[21.05910606453862,49.2835296462645],[21.058908078512253,49.2835528835657],[21.058918327014872,49.283572119033124],[21.05890461917343,49.28358968215876],[21.058702805082422,49.283510257715385],[21.05851176343699,49.283488795887216],[21.05842865935119,49.283441104867336],[21.0580429006153,49.28330083485479],[21.05775330673479,49.28316276358779],[21.05758058426051,49.283007753977806],[21.057538800592056,49.28295959397398],[21.05754576049818,49.28292200799527],[21.05751433060714,49.28286427907983],[21.057462093273937,49.28260782489378],[21.057396246442956,49.28245896150815],[21.05732838535423,49.2820226741203],[21.05765918601188,49.28205935710543],[21.05784271860475,49.28107887317335],[21.057846860434655,49.281056770591114],[21.057963853879194,49.28099428419837],[21.058064398033842,49.280983931878495],[21.05805489132968,49.28094572497816],[21.05870122273971,49.28060042936547],[21.05915413710604,49.28035845693116],[21.059136657799215,49.280329265724795],[21.05861368307182,49.279455103525144],[21.05840214397648,49.279125005407955],[21.05819626584365,49.278803821678004],[21.058144251040005,49.27872346307665],[21.058157559551013,49.278705707115826],[21.05814421925905,49.278694654106054],[21.058316541533035,49.27845651230918],[21.05911910375523,49.27734797992426],[21.05897485285432,49.27693749838821],[21.05998337328807,49.27635873358233],[21.060121691956596,49.276040181818004],[21.06014116513833,49.275995346791234],[21.06009501405968,49.2759357936042],[21.059975122092354,49.27562206462325],[21.05979270573493,49.27514463578749],[21.059448359136873,49.27467441086088],[21.059242125100784,49.27423384343932],[21.059173597995123,49.27424126726263],[21.05841810722992,49.273267419013095],[21.05807624137778,49.27282670697961],[21.058082424406216,49.272826816318855],[21.058811607449446,49.27284339371966],[21.058689294170513,49.27269541053892],[21.05849963247914,49.272433264717854],[21.058468768184888,49.27236078974245],[21.05844726472956,49.272282764928164],[21.058480846164567,49.272200394394005],[21.058528258190737,49.27205311156176],[21.05853318125639,49.27198773203744],[21.058531723874072,49.271886496875695],[21.05850947189176,49.271820241205155],[21.058523334895458,49.2716361367545],[21.058545035574387,49.27158912310845],[21.058613050777076,49.271531809368064],[21.05867200754339,49.27147420355155],[21.058781184973117,49.27135258849275],[21.05880024433725,49.271318723339036],[21.058984863952595,49.27098996187413],[21.059080831940225,49.270802562528615],[21.05919461324259,49.27062158897075],[21.059324272086048,49.27047092542591],[21.05942616571614,49.27032539845402],[21.05946085973077,49.2702282093943],[21.059488698473114,49.2699790170693],[21.059549715625636,49.26971306920822],[21.059635958639934,49.26953417844872],[21.05969759561766,49.269440918615125],[21.05974461596123,49.26935907094407],[21.059810666797738,49.26914685012684],[21.05994138119823,49.26892176926394],[21.059996642534365,49.268792563838815],[21.06001321145564,49.2687003720047],[21.060066782888722,49.268569851731556],[21.060315511200724,49.26812567184814],[21.06033793016294,49.26808552296432],[21.060399528744266,49.26791961131048],[21.060411188786304,49.267837794158226],[21.060417622907547,49.26775229760701],[21.060443078006493,49.26763158404978],[21.060499200173464,49.26739401590776],[21.060511170556282,49.26735560084714],[21.060244697695076,49.26681091324107],[21.06012215527779,49.26623656419241],[21.060121568643616,49.265710618081044],[21.059702645449697,49.26525058973809],[21.05963746501892,49.265178989125566],[21.05947940600371,49.265005366570676],[21.059226945283797,49.264728052049314],[21.059132422589403,49.264614993719334],[21.0591268645514,49.26460842272879],[21.058833687928917,49.26425804426908],[21.058670767086284,49.26406319766702],[21.058697140288483,49.263859060316264],[21.0587249613961,49.263642996262085],[21.058726533216102,49.26363125362117],[21.058791445928595,49.26312713399349],[21.058843352851422,49.26289078056296],[21.05887957938415,49.26272567174781],[21.058936139850562,49.26260839186549],[21.05897215830129,49.2625337518362],[21.059006369746793,49.26246301465144],[21.059035228018235,49.26240308795542],[21.059040916382248,49.26239147803665],[21.05907172544191,49.26232756308841],[21.05930120838808,49.26167642618237],[21.059302432557,49.261672954659765],[21.05932781254669,49.26128459305923],[21.059140609487077,49.26087884432618],[21.059103836258352,49.2607990664235],[21.05910017063566,49.2607911160171],[21.0590778125924,49.26074277165028],[21.05904723831812,49.260513031116446],[21.05903450081101,49.26041728343313],[21.059014160773145,49.26026538478137],[21.059021456495273,49.26022510856087],[21.059097702302026,49.25980057615719],[21.059131533111614,49.25961243340299],[21.05918122550804,49.25930857914105],[21.05920634827759,49.259155715645015],[21.059257791117457,49.25884138477783],[21.059358296713754,49.258708506785624],[21.0594170983309,49.258630820126626],[21.05963549308811,49.25834239769717],[21.059635814820634,49.258341777891346],[21.059698424323635,49.25825917244703],[21.05981751634941,49.25810591738698],[21.059506207058195,49.25788909201033],[21.05877764531811,49.25751449976077],[21.058206560152,49.25727533895405],[21.058180959996484,49.25726461043872],[21.05817015718743,49.2572601208289],[21.05813229228962,49.257244225358846],[21.057875508293833,49.257110807077254]]]}},{"type":"Feature","properties":{"LC":"Lesy na LHC Kružlov","KLC":"PO-SL268","KPL":"SL268","RZP":2021,"RUP":2030,"PSL":1},"geometry":{"type":"MultiPolygon","coordinates":[[[[21.108203437994927,49.37423964963458],[21.108112745677087,49.37470414400527],[21.10817483028463,49.375120107597496],[21.10737856467932,49.37528278508605],[21.107247111126917,49.37530966736204],[21.10711580165703,49.37533646405222],[21.106923875438937,49.37537564856922],[21.106306087166775,49.37551302029125],[21.10600856259228,49.37563355644687],[21.105936063801508,49.37566294000206],[21.10551899150243,49.3758336884956],[21.105380570806833,49.37587448027056],[21.105124579499563,49.37595006442834],[21.104965857511814,49.375996872091896],[21.10470739427141,49.37611855614421],[21.104106300959955,49.37640164650281],[21.10340922280579,49.37556257670698],[21.102507865731532,49.37458846088597],[21.102378397868623,49.37447038132023],[21.101925139825273,49.37430185766085],[21.101164549224936,49.37407854843583],[21.100855250458146,49.373815398648],[21.100765165404543,49.373594508403116],[21.100490555446722,49.3730124450379],[21.100125591798434,49.37248853862477],[21.09992236032486,49.371818365459234],[21.099841866497957,49.37136004003509],[21.099627831930427,49.37097515120012],[21.099086747114008,49.37039918608504],[21.09846169116066,49.37001759608385],[21.098316626039907,49.36992962096838],[21.097969434993278,49.36978867126182],[21.09722316713922,49.369396823690174],[21.096778700277408,49.36909478946707],[21.09680788439738,49.3686522857125],[21.096633977354024,49.368001851515125],[21.096074279824787,49.367275485037894],[21.09527485376356,49.366518342422],[21.0949410764548,49.365976864593165],[21.094443454354995,49.36542755342918],[21.094110539837473,49.36505551611855],[21.093416128998026,49.36524366674216],[21.0924287515463,49.365115506283914],[21.0914252890091,49.36500896906928],[21.090941149397402,49.3647518242183],[21.09014433153552,49.36512590992065],[21.090112643356743,49.36513678144466],[21.089718971631363,49.365271492089946],[21.08886008171412,49.365533585007434],[21.08748176642737,49.36568582838985],[21.087077865674946,49.365616399478306],[21.086644053230142,49.36545311359702],[21.08606008170075,49.36510102960874],[21.085947037222027,49.36515467135442],[21.0853572291421,49.364685551437155],[21.08529555702161,49.36463299005239],[21.084775684499053,49.364222183327854],[21.083881010872396,49.36401985445809],[21.08284592862374,49.363783953371986],[21.081690323456588,49.36406189382642],[21.080540549326432,49.364013777012474],[21.078951592619514,49.363918557326265],[21.078549066974183,49.36365109760338],[21.077968716158466,49.3630497300898],[21.077638545384268,49.362595180139095],[21.077627395801628,49.362572948248406],[21.077650935359216,49.36198748939919],[21.07808122412399,49.361295144731756],[21.077739394672836,49.36062327196789],[21.077405526865068,49.36039635359546],[21.077054416934043,49.36009254467842],[21.077044098560343,49.360064758026944],[21.076960700915222,49.360028239783354],[21.076878362876656,49.35999229553033],[21.075331143134374,49.35931547526933],[21.074809188288086,49.359528755130945],[21.074355940383338,49.359658444834814],[21.073604346720483,49.360163679402966],[21.07315531233015,49.360552669336826],[21.073028308701662,49.36098645884455],[21.07287554827039,49.361154041603115],[21.072595314960182,49.36149379814182],[21.0721359214369,49.36171960506962],[21.07167999993443,49.3620183484065],[21.070856708332098,49.36264774699924],[21.070281927886526,49.36291026568697],[21.069799844635114,49.363217525252985],[21.069036998254504,49.3636950957742],[21.06825149577263,49.36441129998494],[21.067239488044454,49.364865829485204],[21.066651687027885,49.365168873129974],[21.066310320201087,49.36548306792915],[21.066205688650165,49.3655308400842],[21.06597623638998,49.36534712106911],[21.065393978411343,49.36510408961328],[21.064397232545733,49.364795437577655],[21.064156499879733,49.36458227539593],[21.063742458665068,49.36449605501586],[21.06333842009118,49.36448199141914],[21.06308652828954,49.36449568155427],[21.06301802477082,49.36449933135595],[21.06250206601389,49.36452730861443],[21.06209293699045,49.364377775240435],[21.06160788357435,49.364052418445844],[21.060459766740557,49.36386354399196],[21.06004545074715,49.363653161827116],[21.05940728206221,49.36344115826086],[21.05810888133865,49.362864023665345],[21.0569378849224,49.36270669468658],[21.056620886264216,49.36263347443197],[21.05582983757604,49.36225052840602],[21.05518422412535,49.36210289636028],[21.054446189700744,49.361832194419264],[21.053191978259996,49.36261818549429],[21.0522236412591,49.36321199983747],[21.05123741329811,49.363755898010815],[21.050616628975792,49.36410569252777],[21.050124312977694,49.36465767523112],[21.0494970547327,49.365191260389096],[21.048929084491157,49.36564789581721],[21.048085505246167,49.36583556302641],[21.047646153595384,49.36590186612911],[21.04711251621018,49.36554373148717],[21.046741599495846,49.365485308645646],[21.04645300941971,49.36547923428909],[21.045902144163705,49.36552734760681],[21.0455204242697,49.36546416099082],[21.045181757508317,49.36540218325966],[21.04493049866963,49.365387318098456],[21.044526768461647,49.36535816597587],[21.04441169863886,49.36535417956434],[21.044098228978555,49.365356298063475],[21.04389572969172,49.36536010980148],[21.043862586957115,49.36535363790584],[21.04344069779764,49.36523666383599],[21.042879697180542,49.3649163341753],[21.042547445275428,49.36488075235724],[21.042323096529664,49.36475998448314],[21.041953680933364,49.364410822168615],[21.04144781816011,49.36387423243706],[21.041439668708414,49.36386172596209],[21.041315433549528,49.36362950317257],[21.041060837094864,49.363409630222],[21.041037355907648,49.36337754330592],[21.039886290011374,49.36294494764652],[21.039372088180734,49.362198864987185],[21.038547315947696,49.362018788369426],[21.03821030152773,49.36191543229581],[21.03768748984854,49.3615940598319],[21.03709484589397,49.36147927785485],[21.036426087466143,49.361481219437536],[21.035554793283,49.36103359728262],[21.034917699737033,49.360507670061615],[21.034872161187252,49.36018337287142],[21.03492760721321,49.35964899108605],[21.034769303164563,49.359181596304566],[21.03372355708544,49.358432942601006],[21.032907922803933,49.35812087506232],[21.03212850902518,49.358050607531304],[21.03114518998346,49.35795950153033],[21.03049994079826,49.35777960232324],[21.02954268362887,49.357512521453785],[21.02871763096643,49.3573828655486],[21.027710124705404,49.357051842812766],[21.02726954049687,49.35690116117742],[21.026587213969126,49.35649155613412],[21.02586855644177,49.355873082484514],[21.02550569825026,49.355264354979184],[21.025279520248723,49.35433372723363],[21.02507103056274,49.35349855792708],[21.02452126307844,49.35308450994585],[21.02322380890683,49.35210872762285],[21.021836274072534,49.351978119022654],[21.021342711099248,49.3516770608756],[21.020694895553653,49.35114880594232],[21.020167642357514,49.3508669024191],[21.019731877717547,49.35063586432994],[21.018524491562733,49.34953259700618],[21.018184800779164,49.349171261260835],[21.017639045581568,49.348174488113635],[21.017297689339514,49.347634576039034],[21.0162511853719,49.346898684271004],[21.015636961921626,49.3470624297688],[21.01464861976525,49.34743941199017],[21.013348352208308,49.34788607784712],[21.01229998136428,49.34777999271187],[21.011312397297534,49.3475636180813],[21.010555803280734,49.346368810592125],[21.009186443414222,49.34543453277643],[21.00949601835905,49.34448621992096],[21.009042991999184,49.34397927764842],[21.008482275392723,49.343338283704576],[21.008158672568506,49.34275345562921],[21.00783103695391,49.34210430654838],[21.007532166013537,49.341506148801805],[21.007178940332135,49.34082609346268],[21.006952038418483,49.34016798422679],[21.006970270438575,49.33954911330068],[21.007986868720852,49.33835217682569],[21.009107387157957,49.33706382544018],[21.009165892699986,49.33657203366795],[21.009120829479397,49.33622774638341],[21.00892443161224,49.33574915560711],[21.008421883529973,49.335366806549054],[21.00827398282813,49.335133495932986],[21.008091339547637,49.33485187798698],[21.00690497330845,49.334356011163464],[21.005874364895025,49.3339240937095],[21.004853057269486,49.333511285661025],[21.00406966736258,49.333141710029395],[21.00299829968778,49.333059535687944],[21.00074705590613,49.333044114226055],[20.999763303513905,49.33316706347402],[20.998812374482767,49.333282255677055],[20.99822394593341,49.333182523435724],[20.996699498199266,49.33289731261463],[20.995716149523556,49.33243975016909],[20.99489739919154,49.33189457095629],[20.99437772453801,49.33143201160532],[20.993532377521557,49.33058021964438],[20.993068673782165,49.33014793520691],[20.991737570477145,49.32982721675908],[20.991685924223766,49.32981274035239],[20.99141049684293,49.32971314638258],[20.991130885255764,49.32956038869839],[20.990778149421217,49.329527669910874],[20.99057968498973,49.32939449592662],[20.989856965030892,49.32890599134182],[20.98960354470424,49.3286723438381],[20.98926128982757,49.32852292866448],[20.98906566215184,49.32844620179204],[20.989000973767954,49.32779966594414],[20.98874845303227,49.327380409596344],[20.988197558779074,49.3270512950221],[20.988085210037617,49.3268444179062],[20.988164537664368,49.32657369755276],[20.988274559647543,49.32634449632872],[20.988491889321676,49.326143842635254],[20.98894723357787,49.32577085097817],[20.989188881314462,49.32555118774135],[20.989239872219393,49.32537856736881],[20.989054037072858,49.3252085327692],[20.98904307067146,49.32504279301082],[20.988891375181332,49.324810228517045],[20.98921290151839,49.324238927986116],[20.98921311027392,49.324229031831685],[20.9892185442979,49.323973442530274],[20.98903458521525,49.323669598528625],[20.988183315547605,49.32323321963532],[20.988336054433212,49.32277224876556],[20.98834378693246,49.322755847373585],[20.98869437339251,49.322243659056824],[20.98891621125104,49.32203964170433],[20.989284179823176,49.32177991862065],[20.98947525277727,49.32145092355723],[20.989649398621363,49.32072696309202],[20.989898161474787,49.3197897437286],[20.989898642117332,49.319496360124],[20.990135394430567,49.31921441604692],[20.990570709633232,49.31870302076095],[20.99130544534297,49.3179954580438],[20.991971430246497,49.31753402317804],[20.992413154355845,49.316924251923574],[20.99291739076091,49.31662154056319],[20.99321789597255,49.31638597368518],[20.99348556969528,49.31606848577185],[20.99367286064261,49.31587080072635],[20.99400006910356,49.31555085111284],[20.9939153374679,49.31512026508127],[20.993783832556062,49.31482381756697],[20.99398897242215,49.31452075472616],[20.994113696439985,49.313958929037824],[20.99411819448627,49.31392180507105],[20.9941309805686,49.31321784962004],[20.99413838780464,49.312679278186586],[20.99372947637053,49.31195106180219],[20.993208494236825,49.31178319303694],[20.992827421441874,49.311654748219794],[20.992472582353567,49.31147152495961],[20.9924403369375,49.311448501251284],[20.991956476291396,49.311028325568046],[20.99168122169476,49.310830873487475],[20.991466836151154,49.310570506515575],[20.991428544843146,49.31053296984748],[20.991018214811458,49.310209909655455],[20.990685469299034,49.309694032005496],[20.990171343517222,49.30951259900764],[20.989934980483433,49.309153017303956],[20.989287372974196,49.308861238670154],[20.988678403966883,49.3087047756145],[20.988619302380975,49.308689061999246],[20.988538042966546,49.30866424865489],[20.988345883224216,49.308598974528856],[20.98832724704204,49.30859422166968],[20.988098054751966,49.30854681775753],[20.987682549769293,49.308453055836274],[20.987670170477838,49.30844571736474],[20.987386328093443,49.30827263970154],[20.987356771299297,49.30825231347609],[20.986908296258125,49.30784921032678],[20.9867887564741,49.30743358744269],[20.98656939595323,49.30665043314435],[20.98655899001518,49.306637127434556],[20.98654480129803,49.30662108670692],[20.986035790950506,49.30657979547121],[20.98600170384215,49.306579036240876],[20.98582816737152,49.306586931799416],[20.985783748739504,49.306596996719776],[20.985765363848714,49.30660332513401],[20.98559039904831,49.306690758363295],[20.985126854094826,49.30692329167386],[20.985088240135948,49.30694561077992],[20.9849506200452,49.3070397614385],[20.98488738257325,49.307095842520894],[20.98482987047737,49.30715625293543],[20.98480969964173,49.30718223872649],[20.98470789028656,49.3073891103911],[20.984664291972514,49.30759636366426],[20.984630077888582,49.30769760185658],[20.984617081591402,49.307726974281806],[20.98457862092509,49.307797463371706],[20.98454917103998,49.30784565136809],[20.98453356157915,49.30786602515106],[20.984496258905626,49.30790531246645],[20.984473878328238,49.307926003981486],[20.984434801662303,49.30795253902522],[20.984416358917976,49.30796498726518],[20.984343274694805,49.307977170962715],[20.98430809882645,49.30796548208946],[20.98422943148069,49.30794102087043],[20.984179239275235,49.307924067140895],[20.984027456430262,49.30786740437837],[20.983984172099454,49.307851937905575],[20.98341811926841,49.30765337273702],[20.983109176623923,49.30756705675296],[20.98264236078232,49.30765380747717],[20.982547107548637,49.3076373526609],[20.982195848026933,49.30757674192299],[20.981977185833887,49.307662913774664],[20.981910317141434,49.3076891646453],[20.98174986982261,49.3077667164097],[20.981744292620114,49.30776941397615],[20.981588818931627,49.30784136721769],[20.98158211537258,49.30784438786177],[20.981243732210668,49.307845506944226],[20.98123629514201,49.30784553251527],[20.980920072850708,49.30804904295517],[20.980901855714254,49.3080460132],[20.980717849111112,49.30801988647868],[20.980714292077476,49.30801958945893],[20.980467928562938,49.30803264492544],[20.98045200929633,49.30803554251275],[20.98036271192334,49.308106339302164],[20.980347102652853,49.308106996358795],[20.980264372092094,49.30811210819277],[20.980255407989475,49.308117665250045],[20.980036221309632,49.30828754288869],[20.980031969010096,49.3082909141506],[20.980001155046764,49.30848922378562],[20.979994019376463,49.308490699648964],[20.979721752702993,49.308543324513785],[20.979710907962176,49.308546478937735],[20.97952210846624,49.30862021440462],[20.979515878884083,49.30862244027081],[20.979395194706864,49.308651961268886],[20.979390762693985,49.30865766733921],[20.979357954815825,49.30869395001282],[20.97935303729722,49.30869522871539],[20.979193025612165,49.30873660005749],[20.97918346524213,49.30873916648425],[20.978971197092047,49.308643685740876],[20.978965228346112,49.30864610021637],[20.97890338226586,49.308675035483894],[20.97889633464791,49.3086789449493],[20.978823002758887,49.308758728560676],[20.978819855984984,49.308762046122915],[20.97861131708855,49.308752304541336],[20.978431100908075,49.30875204715307],[20.978423827811607,49.308753518401915],[20.978104088296142,49.30882717485309],[20.977704679889055,49.30893052906586],[20.977519185297222,49.30896484763952],[20.977509025219046,49.30897162554249],[20.97734533779361,49.30911973743581],[20.97731634875761,49.30912427514177],[20.9772704798662,49.309115563276606],[20.97714844788735,49.30907670595642],[20.97712882582725,49.30908119178629],[20.97708188445587,49.30911502808805],[20.97707299847967,49.30919468104825],[20.976982755861783,49.30927408709774],[20.976590784827998,49.309300437899225],[20.976425541703126,49.30923981097639],[20.97617478934046,49.30927936166282],[20.975960192164347,49.309294624010896],[20.975878143950272,49.30939275492951],[20.975730321427275,49.309476026229625],[20.975429426875042,49.30949438826251],[20.975319631835244,49.30944503846701],[20.975088777583576,49.30948722271141],[20.9750763128844,49.30948816268801],[20.974806754824655,49.30944291437311],[20.974613362793246,49.309458152379925],[20.974424403181214,49.30941942875675],[20.97431652697895,49.309379144054894],[20.974032024013514,49.30935095730071],[20.973875250026754,49.309244780968875],[20.973856749558596,49.309232917961786],[20.973800605926574,49.3092628487509],[20.97369000341437,49.309224004124054],[20.973578128816165,49.30911768587694],[20.97357258290583,49.30911282168076],[20.973444132819377,49.309085812836976],[20.973403968234752,49.309117440222735],[20.973300747231146,49.3091043165484],[20.973230867526155,49.309101654233444],[20.97306581848266,49.30909216519686],[20.972737305102935,49.30898474022579],[20.972596439064162,49.309004496468766],[20.97214462457088,49.309067662948685],[20.97190924081127,49.30917037120351],[20.97157727480495,49.30931671080898],[20.971306210668132,49.30942319350415],[20.971166903787374,49.309504849387324],[20.971155809028982,49.30951123584515],[20.970978311293695,49.30945424839071],[20.97087237466849,49.30948883845837],[20.970524891153314,49.3094845853252],[20.970251831592844,49.30961332709413],[20.970211122114886,49.30964484546693],[20.97019622759966,49.30966479097012],[20.97006458692445,49.30970771580728],[20.970062350079683,49.30971529452202],[20.970046382828734,49.30976878546948],[20.97011014698362,49.309809690415534],[20.97009732391143,49.30984383876489],[20.970095422912355,49.30985241887264],[20.969990708259942,49.30988542795458],[20.969884269499133,49.30989794350438],[20.969740456597364,49.30986124107482],[20.969726987541897,49.30986448812534],[20.96961505474684,49.30988753572381],[20.96960752038926,49.30988881776541],[20.969422828796425,49.30984833613011],[20.969422527876006,49.30983617228141],[20.969414402422228,49.30962199523079],[20.969442578877633,49.30947806762796],[20.969443800185456,49.30946937508235],[20.969354401162782,49.30946984798309],[20.969333394569322,49.3094690651878],[20.969290679592852,49.30951051034947],[20.969271695187413,49.30950493266199],[20.968995182839173,49.3094231597066],[20.96898427974219,49.30941991917348],[20.968606265969566,49.30950441243362],[20.968596355235178,49.30950615619973],[20.968260981106464,49.309548390699675],[20.96823452802276,49.309548598419305],[20.967818520025357,49.30952767208579],[20.967802163571445,49.30952551193469],[20.967525296814557,49.3093359587721],[20.967498382134785,49.30931895551176],[20.96725913751248,49.30918610095252],[20.966873981241534,49.308963533267494],[20.966866552220576,49.308961667582544],[20.966611763166107,49.30890536366224],[20.96641115309516,49.30883572238334],[20.96639269783271,49.308830431759176],[20.9658567426047,49.308731355207975],[20.965839082420796,49.30872825144179],[20.96552424067056,49.30868292699484],[20.965514748946898,49.30868459430167],[20.964949239636468,49.30877747083295],[20.964332914591225,49.308784849282496],[20.96432518881616,49.30878504430953],[20.963963683738356,49.3088037161482],[20.96393440236206,49.30880310924295],[20.96354254102665,49.30878161443754],[20.96351960651247,49.30877905634867],[20.963328875236495,49.30874556764286],[20.963324057273994,49.308741987381985],[20.96312877169945,49.308589238864066],[20.96310678357338,49.30857977967903],[20.96273820806542,49.30847613408723],[20.962735385472065,49.30845920531587],[20.96271848077681,49.30830199544006],[20.962703580963318,49.30809389505087],[20.96270320652716,49.30808983135064],[20.96249654526028,49.307751154797735],[20.96249213832851,49.30774047573808],[20.962630671544254,49.307718853966996],[20.96262029169061,49.30768925143101],[20.963023959132986,49.30777524068805],[20.963155179981456,49.30788211899162],[20.963277270281374,49.307925404768724],[20.963347829314326,49.307986974850486],[20.963434487341324,49.30798452547082],[20.963572348460794,49.30803220310148],[20.963708094622312,49.30817677247504],[20.964012931932423,49.30826777664752],[20.964248147389032,49.308274374022844],[20.96433927687242,49.308190865052076],[20.964505869933657,49.308016307320635],[20.964499156956897,49.30801230441443],[20.964505599389174,49.30801089661996],[20.96464629514528,49.307980881111675],[20.964662919323228,49.307892210858064],[20.964717761246778,49.30783640286608],[20.96473779379032,49.3077535169995],[20.96487478874145,49.30771257551267],[20.964954994521978,49.30764211981982],[20.96502673466115,49.307633144761624],[20.965121231769796,49.30749707921487],[20.965339049580514,49.307274245322446],[20.96550615839979,49.30718208027398],[20.9659492265862,49.306805888811425],[20.966629200086384,49.30634820573511],[20.967069345973332,49.30608994249872],[20.9673312592087,49.30582183520186],[20.96745960062308,49.3056556446121],[20.96756357567569,49.305434092103155],[20.967600340417444,49.30524849428179],[20.96757916187665,49.30447030171571],[20.967650613978506,49.30429728214525],[20.967753768252834,49.30419337080697],[20.967990093331732,49.30405865179745],[20.968286931374326,49.30397472469516],[20.96870797023221,49.30376030017842],[20.96905402431639,49.30349343460518],[20.969373433011505,49.30307218925271],[20.969535532982412,49.30282869456385],[20.969666201375595,49.30269282846341],[20.969738744384223,49.302475189248995],[20.969855325683724,49.30228096950679],[20.97029010279087,49.30189881816412],[20.97031247935428,49.30191035956499],[20.97076943365464,49.30175473142811],[20.971416975266578,49.30161447766461],[20.971079487296148,49.300843774195585],[20.970244841533884,49.30030407600317],[20.971846287309816,49.2990953854885],[20.971953180593193,49.29827469041338],[20.97264181356382,49.29749693766428],[20.972653817004357,49.29660514223052],[20.97243526940045,49.296384749237696],[20.972090161738826,49.2964383747965],[20.971167816846872,49.296019309490525],[20.97093853498718,49.29612041492411],[20.970631456677683,49.29626820063376],[20.970584437106314,49.296413848344024],[20.970387554408063,49.296541049416625],[20.970433888284706,49.29672389689728],[20.97021161255359,49.296823341467146],[20.96990422493387,49.29686794138728],[20.969798792921413,49.296967727814895],[20.969404946344152,49.29706241211023],[20.969228129349656,49.297082867999535],[20.969212014474074,49.29708476719591],[20.969072462150926,49.29687372564886],[20.969005029778344,49.296607534244494],[20.969077066227417,49.29649098162308],[20.969266923293503,49.29631034338224],[20.970213892747683,49.29544227324553],[20.97123131459425,49.29450980739376],[20.972075740863914,49.29374079623518],[20.974957315030572,49.29110381283555],[20.975303728602313,49.2907877872698],[20.975354085380626,49.29073083687338],[20.975336652311988,49.29064977629673],[20.975184182070805,49.28993784234485],[20.975193732197443,49.289922851934264],[20.97532293292948,49.28940853816205],[20.97532318084164,49.289407105856675],[20.975371585617673,49.28921459676894],[20.975051847754596,49.28858727146511],[20.974896203082093,49.287457314213285],[20.974868897675147,49.287259609878646],[20.97485573735627,49.28716419504778],[20.974855299865844,49.28716093956773],[20.974843582433547,49.287075385496834],[20.97483431220592,49.287008098032416],[20.974785323008046,49.286945443876014],[20.974778676295372,49.2869370321857],[20.974677316693764,49.28680738098702],[20.97454105878729,49.28660725694825],[20.974522136220656,49.28657953452054],[20.974453633943856,49.28647896494189],[20.974440249836782,49.28646510950248],[20.9742587586728,49.28561744143955],[20.974211814933277,49.28539064013399],[20.97416323184141,49.285138666453896],[20.97464092046989,49.28507085982198],[20.975587140763974,49.28494151134905],[20.975637936995003,49.28493598230961],[20.978768153512686,49.28448933543044],[20.979986133499466,49.28431550942385],[20.979588204478134,49.283732888642234],[20.97925917770204,49.28368424790918],[20.979099874853475,49.28345618189186],[20.97969322382251,49.28351793321741],[20.979989042509757,49.28374787965507],[20.980243435030214,49.28367180267554],[20.980333001840894,49.284171531898195],[20.980372971284297,49.284260265503804],[20.98162405317172,49.284081750046326],[20.984152821858544,49.28372375379515],[20.986071379768898,49.283454953368235],[20.988716928893385,49.28308422187692],[20.991443809666393,49.28270214575055],[20.994690776172245,49.28224711867192],[20.99487855979765,49.28218503250228],[20.995198138846074,49.28117287303908],[20.99500180173464,49.28101068808065],[20.994972313009292,49.28098964509706],[20.99500834583,49.28098992592262],[20.995228963088532,49.281034519106655],[20.99565976668997,49.28112156176128],[20.995819669138054,49.28113238389529],[20.99582530399435,49.28113247852965],[20.99627353923846,49.281141045076126],[20.996644972753867,49.28109586734142],[20.99684195956968,49.28109682961526],[20.997285475584754,49.281078949364684],[20.99754777769554,49.281179460873624],[20.997879486727445,49.28118402411272],[20.998298020003123,49.28116892286214],[20.998624445967106,49.281152604441104],[20.998999036283198,49.28126219138604],[20.998849257000245,49.2819230464856],[20.998259099580213,49.28211096554857],[20.998237666689054,49.28268059322202],[20.997811532397645,49.28293870235275],[20.997869893362097,49.28322087209339],[20.998837259215893,49.28379398178055],[20.99959121763593,49.284854351173045],[20.999819890576426,49.28427575354635],[21.00016951826128,49.283828594627174],[21.000708579002897,49.28337323022397],[21.00231063095731,49.28252654091359],[21.002144170355443,49.28189215861188],[21.001979789830497,49.28184266669567],[21.002069032768457,49.28163113950746],[21.00270424123289,49.281791553897285],[21.003128686842796,49.281627092016755],[21.003181342146288,49.281388259254506],[21.003478255123127,49.2813781642206],[21.003739553179525,49.28134790779],[21.00392507200799,49.28133686943812],[21.004036558693237,49.280596343369766],[21.004672525730133,49.28027836325067],[21.00523483247883,49.28034635266892],[21.005592696713745,49.2801705229312],[21.00576874230031,49.280209587811534],[21.005959061318247,49.280207706088156],[21.007023776781846,49.28069570215387],[21.007906674184802,49.280643523196446],[21.007894738902117,49.28078186616244],[21.007639973850814,49.28081675649371],[21.006858235201843,49.28098945546793],[21.00594416647608,49.28119743657161],[21.005562557767565,49.28128768504138],[21.005146724769943,49.28133954189516],[21.005169567065295,49.28135577345158],[21.006894560299326,49.2827559083112],[21.007460083985915,49.28321480152859],[21.007991914167086,49.28364648292516],[21.008663321862983,49.28419147351304],[21.009065087964466,49.28389859036435],[21.00959020179497,49.28373676250448],[21.01055865075409,49.283586614417395],[21.01085284190643,49.283480622140836],[21.013648124057617,49.284006031596114],[21.014332174961666,49.28408073701981],[21.01515905523559,49.28397869032951],[21.01521383482182,49.28397678522576],[21.015352817413284,49.28396610184408],[21.015410965084737,49.283956113977275],[21.01540691029338,49.283770885779795],[21.01543178045116,49.28367203643279],[21.01556539332348,49.2834933669887],[21.015560023607485,49.28343017286016],[21.01540867192465,49.283102850947934],[21.015622452657993,49.283038788997345],[21.015639953581182,49.28270967969845],[21.015384521435035,49.282646705607355],[21.015343671397325,49.282435070013335],[21.01494792013533,49.28242207649399],[21.01477015123679,49.28232778302017],[21.014670263299887,49.28214330074739],[21.014559495781043,49.28204020840816],[21.014089319110976,49.2817795501804],[21.013835207521737,49.28173002960853],[21.013653154357563,49.281543946587426],[21.013667392513106,49.281367957234146],[21.0136048684808,49.28121692235241],[21.013363931820937,49.28107222121259],[21.013166541249714,49.28097728489621],[21.0131301245889,49.28087913726053],[21.013191300861756,49.280793266191345],[21.013358203480248,49.28069058791697],[21.013369333820194,49.280582467882745],[21.013036487329572,49.28047194897788],[21.012645181289265,49.28022394018828],[21.012640739511166,49.280006018612006],[21.01268830018359,49.27978646273919],[21.012601437847184,49.279425858985554],[21.012356777770602,49.279055784706365],[21.012044980811755,49.278954501985325],[21.01172892706062,49.278641964593284],[21.011676457886054,49.278597398976295],[21.011608078219417,49.27854133066868],[21.011186061822343,49.2785014480675],[21.010751528929422,49.27851202098215],[21.0106036371915,49.27842499757103],[21.008432014332897,49.27783489002566],[21.008180841395887,49.27788061171382],[21.00796969727532,49.27776604048595],[21.007707962405252,49.2777428148127],[21.007080076099847,49.2776437943808],[21.00683851441637,49.27755820632962],[21.00589730212806,49.27739987428137],[21.00558340643475,49.277400236610795],[21.004961112219416,49.27740104845014],[21.004962135352315,49.277414676149554],[21.004963755904047,49.277436695997736],[21.004860599424088,49.27743611404236],[21.00406317813533,49.277490433458524],[21.00306062202213,49.27750292628991],[21.002859524640435,49.277507331256444],[21.002163918930417,49.27752931735856],[21.00193718148381,49.27753252169432],[21.0010668860499,49.27773901495231],[21.00072560119451,49.277825795422146],[21.000494104378586,49.27772566869398],[21.00019313795905,49.27782322039432],[20.999881680751574,49.27785641769133],[20.999614397868687,49.27792374082919],[20.999214762228764,49.277794698896756],[20.999144561487032,49.27778780871431],[20.998805698525924,49.27775474506329],[20.99815842220789,49.277788823561295],[20.99784693516403,49.27769831527333],[20.99739876847707,49.27759396552837],[20.99717878745996,49.27756281102403],[20.99685961793084,49.277522374292445],[20.996488018950977,49.27746041235271],[20.995870854507466,49.27728452762109],[20.995438311270384,49.27725477575737],[20.995067403767848,49.27731500083827],[20.994791954800373,49.27731281329388],[20.994081412985306,49.27745967183286],[20.99390969793511,49.2774864517067],[20.993384031017666,49.277601736094475],[20.99315391341402,49.277618496970746],[20.992870304142823,49.277609645274495],[20.992736577929776,49.27765243420001],[20.99246299262067,49.2776564243258],[20.992388659669576,49.27769089782164],[20.991958895485368,49.27775053299587],[20.991125432656407,49.27794438774707],[20.990994324089286,49.27805172139069],[20.990991929156216,49.27805065248219],[20.990687641795,49.277920208085256],[20.990676907647902,49.277922016509514],[20.990026549914578,49.27803202367833],[20.989903953429195,49.27872995583505],[20.989829400063858,49.27867574199513],[20.989361179519364,49.2783718288002],[20.98915511897985,49.27823812290433],[20.989117020458437,49.27821994663129],[20.989094711673978,49.27820940103946],[20.98906403797168,49.27819488961826],[20.98902158605587,49.278185033116465],[20.98692362025371,49.27769785828116],[20.986480525572453,49.277640627819125],[20.986055830655946,49.27758571077498],[20.986154410477493,49.277563471555204],[20.986308828686468,49.277536224646596],[20.987339134798898,49.277354181349054],[20.9877554256733,49.277351829266784],[20.988051431248266,49.27716141584002],[20.988484299627213,49.276783283754355],[20.98866317721548,49.27652501194876],[20.989203057744444,49.27635538764724],[20.989203201885914,49.276355302350495],[20.989239996325562,49.276343816257054],[20.98957799356598,49.27611525513856],[20.990820818338225,49.275274844187194],[20.990809058445627,49.27517875733048],[20.990760580611404,49.2747844594332],[20.990655069709273,49.274724908450146],[20.990702005385952,49.274010357254014],[20.990634035185646,49.273777021613796],[20.990602439825125,49.273668669864534],[20.990563988047438,49.273536685474866],[20.990944281619694,49.27301628429272],[20.991399350165405,49.27265291587598],[20.99241084179152,49.27212405234284],[20.994867891011904,49.2709201016357],[20.995619708763982,49.26959845567522],[20.996078506462172,49.26778536579904],[20.996083216032808,49.267766974190245],[20.996222199970333,49.26682829546622],[20.996636054752365,49.2656935394126],[20.996690897975693,49.26508295902004],[20.99656408950413,49.264539708383495],[20.996609106731018,49.26382563226744],[20.996629765307034,49.26349995368033],[20.995975743526287,49.26244011790354],[20.99703889364845,49.261644447250625],[20.997071130007072,49.26084739470448],[20.997188634399624,49.26035257387956],[20.997212812067723,49.260104885541494],[20.997339574597707,49.260040977910236],[20.997612108546026,49.25959814266306],[20.997830742073905,49.25935817706996],[20.997863733312016,49.25902759040282],[20.99787547828127,49.258960363304254],[20.998229557729143,49.25836660905999],[20.998401836741404,49.25818229223537],[20.99917828311676,49.25754574538357],[20.99965287605326,49.2571600315153],[21.000141922629076,49.25701876841904],[21.000413451522434,49.25691242368508],[21.000719535086198,49.256771468326335],[21.00098232157179,49.25666789705499],[21.001425471388536,49.256569150227286],[21.00222846493461,49.25633858499389],[21.002369637880232,49.256296480957154],[21.003282169246145,49.255971452572844],[21.00381866767557,49.25559035984252],[21.004095386476976,49.25543024946842],[21.004290424495686,49.25532931609513],[21.00479042247103,49.25556120277505],[21.00497269367407,49.25564188920738],[21.005340050381484,49.25580245291138],[21.005850359969696,49.25576602575563],[21.006754035406072,49.25596392929692],[21.00726231453193,49.25624253034881],[21.007891608822625,49.2565034775411],[21.00846244697356,49.256629268282275],[21.008971478530682,49.25675393685454],[21.01011587542691,49.25722436281505],[21.010658328071216,49.2573618190914],[21.01110647542265,49.25761773152993],[21.01147178399864,49.25804019062528],[21.011679951299506,49.25819643504691],[21.011905079864945,49.25843695925438],[21.012192524754955,49.25879835485563],[21.01242533334234,49.25899231380102],[21.012775945338223,49.25922882973153],[21.013907821714355,49.260061620086255],[21.01411908610248,49.26015935218018],[21.014744601286015,49.26032650656453],[21.015009293155554,49.26037295335589],[21.015233774694874,49.26038747832491],[21.01553886090416,49.26037312212425],[21.015764992827094,49.26040210439643],[21.016308310927588,49.26051075182625],[21.01695631363239,49.26058139700853],[21.017686315156087,49.26069522418687],[21.017847764976114,49.2607608058154],[21.018001209006894,49.260895447777195],[21.01825461005204,49.26101804272169],[21.01870659847356,49.26104357697542],[21.019728979310283,49.2610570851188],[21.02006787542891,49.26099610380957],[21.020495277264846,49.26094700735459],[21.020881023031457,49.26086684343253],[21.02108509203952,49.26076995802472],[21.021231449004574,49.26063608190395],[21.021958088604208,49.26035995252046],[21.022343649187295,49.26017354525635],[21.022647562131812,49.25997547591472],[21.02292672068654,49.259813511349364],[21.023323749982403,49.25967518909897],[21.023643476146784,49.2595766625222],[21.023964307794408,49.25949977772258],[21.024255179713833,49.259473232846766],[21.025022315748057,49.259786283383136],[21.02526149839596,49.25984448063923],[21.0255265188413,49.2599953460164],[21.025793824177267,49.26018859798228],[21.025965637984246,49.26024460222048],[21.026260722850292,49.260271305500886],[21.02659548901421,49.26035511557745],[21.027469568189655,49.26058249983465],[21.027872823794585,49.26056140042627],[21.02877990914558,49.26051706487816],[21.028954288699946,49.26048492120964],[21.02922783040175,49.26030790517336],[21.029424421188978,49.26018060363814],[21.030399751679766,49.25974415434209],[21.030837542650247,49.259539611230736],[21.031108810405172,49.25942688670834],[21.031812627817732,49.259196771169734],[21.03245756229038,49.25870906240409],[21.033306137487223,49.25794797766447],[21.034048848865556,49.25687735884619],[21.034370294042766,49.25662851467478],[21.034673661965257,49.25654563313306],[21.034898505668743,49.256500714646606],[21.036240951074344,49.256300301055376],[21.036569363606084,49.25600828429675],[21.03669522308967,49.25589551203276],[21.036838405702635,49.25551214024043],[21.03703980981413,49.25510454895801],[21.03746972066646,49.254512611220335],[21.0375838598138,49.254203919339155],[21.037586928727904,49.25417791103791],[21.037686155014413,49.25363376487665],[21.037770324319734,49.2533394054226],[21.037728204419754,49.25284199040315],[21.038056858059388,49.25286075126182],[21.038444823940708,49.25274999501636],[21.03858709954508,49.25268546760462],[21.038940604805884,49.25252299723979],[21.039382886623574,49.252403195797086],[21.039913610382648,49.25222504118499],[21.03996409436544,49.25223216918873],[21.041028985924058,49.25244304353589],[21.041359648823793,49.25248976859222],[21.041851303877223,49.252535406563915],[21.04243347622594,49.25245703673489],[21.043134829928327,49.252421235427434],[21.043416522012286,49.252388045384684],[21.043691445919823,49.25229881895418],[21.04398848485818,49.252244518110416],[21.04427843661275,49.252247604150156],[21.04429191098093,49.252242188664766],[21.044392537696126,49.25221546764321],[21.04463223645846,49.2521519265985],[21.04503900463335,49.251992243160714],[21.045894406528046,49.25210176345038],[21.046321701338456,49.252125493908686],[21.046806174325134,49.252193385252],[21.047017446834072,49.252273142172434],[21.047325677700684,49.25246037602981],[21.047363281112315,49.25248328887478],[21.047623344161686,49.252736573498204],[21.047857194354677,49.25289988340561],[21.048143697742965,49.25325845250932],[21.048625195382304,49.253584615276004],[21.049039963344374,49.253920321589696],[21.049074363686465,49.25395654416004],[21.049937861903317,49.25454262405731],[21.05009921534768,49.25462796322922],[21.050164207434662,49.254659772716465],[21.050662107724577,49.25467766636409],[21.05143452661165,49.25468462302493],[21.05181109702511,49.25465177755158],[21.052162075944207,49.25468472341965],[21.052526832275102,49.2548450500563],[21.052868668970586,49.25492631248144],[21.053495092500416,49.25531925242426],[21.053861002930002,49.255391386373155],[21.054119785362424,49.255552786797736],[21.05458862564113,49.25571916806871],[21.05490231222526,49.25590034436921],[21.055333680830955,49.255979988174715],[21.055603904997973,49.25598961065794],[21.056111665788233,49.256041108398264],[21.057546436072926,49.25667707117103],[21.05777373859205,49.256891462684756],[21.05781839974156,49.25695592130246],[21.057875508293833,49.257110807077254],[21.05813229228962,49.257244225358846],[21.05817015718743,49.2572601208289],[21.058180959996484,49.25726461043872],[21.058206560152,49.25727533895405],[21.05877764531811,49.25751449976077],[21.059506207058195,49.25788909201033],[21.05981751634941,49.25810591738698],[21.059698424323635,49.25825917244703],[21.059635814820634,49.258341777891346],[21.05963549308811,49.25834239769717],[21.0594170983309,49.258630820126626],[21.059358296713754,49.258708506785624],[21.059257791117457,49.25884138477783],[21.05920634827759,49.259155715645015],[21.05918122550804,49.25930857914105],[21.059131533111614,49.25961243340299],[21.059097702302026,49.25980057615719],[21.059021456495273,49.26022510856087],[21.059014160773145,49.26026538478137],[21.05903450081101,49.26041728343313],[21.05904723831812,49.260513031116446],[21.0590778125924,49.26074277165028],[21.05910017063566,49.2607911160171],[21.059103836258352,49.2607990664235],[21.059140609487077,49.26087884432618],[21.05932781254669,49.26128459305923],[21.059302432557,49.261672954659765],[21.05930120838808,49.26167642618237],[21.05907172544191,49.26232756308841],[21.059040916382248,49.26239147803665],[21.059035228018235,49.26240308795542],[21.059006369746793,49.26246301465144],[21.05897215830129,49.2625337518362],[21.058936139850562,49.26260839186549],[21.05887957938415,49.26272567174781],[21.058843352851422,49.26289078056296],[21.058791445928595,49.26312713399349],[21.058726533216102,49.26363125362117],[21.0587249613961,49.263642996262085],[21.058697140288483,49.263859060316264],[21.058670767086284,49.26406319766702],[21.058833687928917,49.26425804426908],[21.0591268645514,49.26460842272879],[21.059132422589403,49.264614993719334],[21.059226945283797,49.264728052049314],[21.05947940600371,49.265005366570676],[21.05963746501892,49.265178989125566],[21.059702645449697,49.26525058973809],[21.060121568643616,49.265710618081044],[21.06012215527779,49.26623656419241],[21.060244697695076,49.26681091324107],[21.060511170556282,49.26735560084714],[21.060499200173464,49.26739401590776],[21.060443078006493,49.26763158404978],[21.060417622907547,49.26775229760701],[21.060411188786304,49.267837794158226],[21.060399528744266,49.26791961131048],[21.06033793016294,49.26808552296432],[21.060315511200724,49.26812567184814],[21.060066782888722,49.268569851731556],[21.06001321145564,49.2687003720047],[21.059996642534365,49.268792563838815],[21.05994138119823,49.26892176926394],[21.059810666797738,49.26914685012684],[21.05974461596123,49.26935907094407],[21.05969759561766,49.269440918615125],[21.059635958639934,49.26953417844872],[21.059549715625636,49.26971306920822],[21.059488698473114,49.2699790170693],[21.05946085973077,49.2702282093943],[21.05942616571614,49.27032539845402],[21.059324272086048,49.27047092542591],[21.05919461324259,49.27062158897075],[21.059080831940225,49.270802562528615],[21.058984863952595,49.27098996187413],[21.05880024433725,49.271318723339036],[21.058781184973117,49.27135258849275],[21.05867200754339,49.27147420355155],[21.058613050777076,49.271531809368064],[21.058545035574387,49.27158912310845],[21.058523334895458,49.2716361367545],[21.05850947189176,49.271820241205155],[21.058531723874072,49.271886496875695],[21.05853318125639,49.27198773203744],[21.058528258190737,49.27205311156176],[21.058480846164567,49.272200394394005],[21.05844726472956,49.272282764928164],[21.058468768184888,49.27236078974245],[21.05849963247914,49.272433264717854],[21.058689294170513,49.27269541053892],[21.058811607449446,49.27284339371966],[21.058082424406216,49.272826816318855],[21.05807624137778,49.27282670697961],[21.05841810722992,49.273267419013095],[21.059173597995123,49.27424126726263],[21.059242125100784,49.27423384343932],[21.059448359136873,49.27467441086088],[21.05979270573493,49.27514463578749],[21.059975122092354,49.27562206462325],[21.06009501405968,49.2759357936042],[21.06014116513833,49.275995346791234],[21.060121691956596,49.276040181818004],[21.05998337328807,49.27635873358233],[21.05897485285432,49.27693749838821],[21.05911910375523,49.27734797992426],[21.058316541533035,49.27845651230918],[21.05814421925905,49.278694654106054],[21.058157559551013,49.278705707115826],[21.058144251040005,49.27872346307665],[21.05819626584365,49.278803821678004],[21.05840214397648,49.279125005407955],[21.05861368307182,49.279455103525144],[21.059136657799215,49.280329265724795],[21.05915413710604,49.28035845693116],[21.05870122273971,49.28060042936547],[21.05805489132968,49.28094572497816],[21.058064398033842,49.280983931878495],[21.057963853879194,49.28099428419837],[21.057846860434655,49.281056770591114],[21.05784271860475,49.28107887317335],[21.05765918601188,49.28205935710543],[21.05732838535423,49.2820226741203],[21.057396246442956,49.28245896150815],[21.057462093273937,49.28260782489378],[21.05751433060714,49.28286427907983],[21.05754576049818,49.28292200799527],[21.057538800592056,49.28295959397398],[21.05758058426051,49.283007753977806],[21.05775330673479,49.28316276358779],[21.0580429006153,49.28330083485479],[21.05842865935119,49.283441104867336],[21.05851176343699,49.283488795887216],[21.058702805082422,49.283510257715385],[21.05890461917343,49.28358968215876],[21.058918327014872,49.283572119033124],[21.058908078512253,49.2835528835657],[21.05910606453862,49.2835296462645],[21.05917078200511,49.283583946196124],[21.05951486127574,49.28397808882223],[21.059849528627993,49.284341948767285],[21.06027088810894,49.28467853234105],[21.06040154561613,49.2847709656185],[21.06115631779646,49.28537503584092],[21.06169556112558,49.28585521816389],[21.061915662550042,49.286086826734376],[21.06195471590248,49.28646213532172],[21.061844192401356,49.28701825733786],[21.061895146938763,49.28771821642142],[21.062015663547033,49.288287539343],[21.06219337434329,49.28874977415655],[21.062323837578973,49.28882851471716],[21.062728365042183,49.28989437070994],[21.0628907294823,49.289988181197245],[21.06353281019547,49.29025848524168],[21.063866074404267,49.29034186030568],[21.064593532376428,49.290432337096455],[21.065005074540327,49.29041920108582],[21.065006521624635,49.290440223225524],[21.065084845373686,49.29104590350278],[21.06513784980239,49.291494127369944],[21.06519443243846,49.29227915554328],[21.065239875738968,49.292827962535576],[21.065395661528754,49.292842876483235],[21.065434714901507,49.293110603285],[21.06546070415472,49.293202453367364],[21.065482569775924,49.29327958693562],[21.065488242168474,49.29331397844845],[21.065678063382226,49.29326066841501],[21.065871576088536,49.29324978800324],[21.066493605675518,49.29356236990245],[21.0664426280419,49.29409952269372],[21.06643435106231,49.29420413417517],[21.06689071799121,49.294340340914125],[21.06683614454828,49.29447857302374],[21.066822698093105,49.29451279978992],[21.0673887637442,49.29474615622863],[21.06722689913521,49.29550795380728],[21.067313011220886,49.29553430845682],[21.06805361778354,49.2960901552361],[21.068280619206536,49.2962071000561],[21.068502881428564,49.296258895099285],[21.06900338716982,49.29646015780571],[21.069513445675117,49.29671204825238],[21.069748779704145,49.296719969260444],[21.069977667407638,49.29681005412829],[21.070142693847224,49.29691654185748],[21.070418939475474,49.29705054812201],[21.070660929354663,49.29718615411242],[21.07092942920179,49.29729686429678],[21.071207428238495,49.29733423980672],[21.071531335003744,49.29748435762212],[21.071922514605916,49.29755066227371],[21.07216383459499,49.29754490689542],[21.072270432081805,49.29756066246924],[21.072547821554974,49.29771072421877],[21.07297022741091,49.29773148570826],[21.07312823796335,49.29775366201003],[21.073386703192334,49.29783127572307],[21.07363002794721,49.29768874642748],[21.073878349148345,49.297681411729656],[21.073858312090966,49.2980035016693],[21.073627335900145,49.29884365688958],[21.073502212238743,49.2991884808355],[21.07355379246593,49.30005120707021],[21.07361369941159,49.30019761664304],[21.073573448420408,49.300550565640805],[21.07358713695473,49.30076255909376],[21.073705523367828,49.30091849718974],[21.073779006977368,49.30092985760663],[21.074039982820032,49.30097424123829],[21.0743833005553,49.30146237880596],[21.074499048861508,49.30188289874197],[21.07491409591763,49.30220409240245],[21.07519038968776,49.30248482453125],[21.075373651486252,49.302721161381434],[21.075459882018052,49.30318664462462],[21.07557985353116,49.30338584206677],[21.075482632807937,49.30358077408261],[21.07546190060127,49.30382047003957],[21.075390416278868,49.30388884516423],[21.075355216442766,49.30382587047844],[21.075144381461843,49.30395522236656],[21.074824649159126,49.30424240156885],[21.074789678173055,49.304328691906846],[21.07474701726913,49.30462574905208],[21.07471040567689,49.3048751981044],[21.074703390335497,49.30492466564985],[21.07465708246551,49.305351058516344],[21.07464339193176,49.3054766512466],[21.074641494996285,49.305494594952755],[21.074622383368478,49.30559885841379],[21.074588145500833,49.30578545758817],[21.07455388472033,49.30594666958666],[21.074549775201767,49.305968413289385],[21.074463787815038,49.30617864868793],[21.07433751410885,49.306318454095624],[21.074234214283162,49.30643279981086],[21.074165120387153,49.306592173991426],[21.074155215229595,49.30661409183215],[21.074197750910386,49.306625178952494],[21.074180969558416,49.30665983946886],[21.07379327649903,49.30710930754391],[21.07371300802329,49.307201075927935],[21.073670409461034,49.30724769123484],[21.073555934252447,49.307391655428916],[21.073483272878708,49.30748294758387],[21.07336818654362,49.30762770221111],[21.073300535525846,49.30771276342496],[21.073182317743612,49.30783869266393],[21.073188212852532,49.30788488348548],[21.073129085120225,49.30792241602562],[21.073137751472725,49.30789316666014],[21.072968185803965,49.30797864807685],[21.072803195828328,49.308071027824596],[21.07266548480374,49.308126473286684],[21.0726254446525,49.30814265263187],[21.07242772212352,49.30818869985172],[21.072364080622304,49.30820565197377],[21.072038972644936,49.308266784641965],[21.0716952763579,49.308324258920045],[21.07154050222458,49.30833738473196],[21.071505311470542,49.308334814592804],[21.071488556712588,49.30833058575209],[21.071447356056673,49.308362211388335],[21.071457858406863,49.30836903021164],[21.071635469012087,49.30846799591296],[21.071711965298324,49.30852005425645],[21.071951085319306,49.308727671080206],[21.07197909828609,49.30871398660399],[21.072049636476653,49.30879223012816],[21.07232526111725,49.30903630677502],[21.072628634546348,49.309350950854565],[21.072890009586605,49.30969872489454],[21.07288105047459,49.309700687950134],[21.072759686241174,49.30970705569537],[21.07275361575448,49.30970722096769],[21.07274408277418,49.30971132614186],[21.073954406022416,49.31117792167466],[21.07463034909249,49.311933468857866],[21.07473703694585,49.31204752853542],[21.074881583208192,49.312202052145544],[21.075681291913025,49.31305734524535],[21.076448400576183,49.313881339037124],[21.07660011719955,49.31407074851536],[21.076832999829087,49.314389690989294],[21.077335746707423,49.31538839826429],[21.077651066103964,49.31596519353872],[21.077632117083034,49.315969987618274],[21.077660123158818,49.31602804921393],[21.077759339974218,49.316146457119586],[21.077812800260524,49.31618642969719],[21.078509798321345,49.31669767311787],[21.078934985172346,49.316981090977855],[21.07914040831973,49.31708804610752],[21.079223924636334,49.31713123128642],[21.07945584785331,49.31725208786325],[21.07975403257897,49.31731565161976],[21.07995184770085,49.317386352736854],[21.080528292757112,49.31759565904594],[21.080968824527666,49.31774434718797],[21.081299238857216,49.31783729562111],[21.081526811742286,49.31785088246075],[21.081835576223455,49.31784681285812],[21.0823714772455,49.31779779946969],[21.08293347858167,49.31774961887918],[21.083357508017478,49.31773257969302],[21.0836106299405,49.317745179522426],[21.08385859310316,49.317753112672676],[21.084486125279387,49.31787806241293],[21.0845639856546,49.31790305831318],[21.084841665592453,49.31799232923549],[21.084882881547774,49.31794944681653],[21.084942895934613,49.31788538036532],[21.08496388813354,49.3178532838604],[21.08497696706799,49.317816523203355],[21.08507751077374,49.31753473015452],[21.085147749697242,49.317365305147455],[21.08520975815948,49.31721569172138],[21.08524338213501,49.31713439719466],[21.085986820380278,49.31739969862183],[21.086432797382248,49.31760462330364],[21.08677855693835,49.31780733275904],[21.08724392720037,49.317957420758205],[21.088048888069807,49.31814977678212],[21.088300220062372,49.31812188952298],[21.089232931976486,49.31811775152113],[21.089726732040308,49.31808473379122],[21.09003291008359,49.31802681717708],[21.091378807101492,49.317697288094905],[21.091554425027887,49.31765428356847],[21.091955494752582,49.31755924210093],[21.093644830217364,49.317334362958704],[21.094084434407527,49.31727088111677],[21.094799886617622,49.31722357896758],[21.09513082419278,49.31718984466199],[21.096647867272125,49.3171107527806],[21.097501217358534,49.31711797249738],[21.098915721431023,49.31724128056232],[21.099317653323585,49.31731728151915],[21.099464318746374,49.31734481950215],[21.09949499079679,49.31735083784194],[21.099511613824117,49.31726638776427],[21.099595146916297,49.317159943732335],[21.099522162268713,49.31709163329931],[21.099409061290448,49.316931573776316],[21.099306439637466,49.31674178101848],[21.099228659663268,49.31639794371021],[21.099077879114354,49.316314821333265],[21.09906139200639,49.31627738743736],[21.09913293351895,49.31587187226455],[21.098836257587557,49.31495680827138],[21.098640951739185,49.314824555143765],[21.0985267938416,49.31467508313938],[21.09835470856426,49.314545369884186],[21.098076669899193,49.314100806572725],[21.09786454620017,49.31386179102987],[21.09775688795379,49.31358829614736],[21.097527615610332,49.3133946439446],[21.097257827523993,49.31276579768164],[21.097245087013164,49.312419710277],[21.09735054542649,49.31211339958829],[21.097579490633503,49.31173900855071],[21.097623404221295,49.311500952150155],[21.097297106497294,49.31083609560403],[21.097265711117267,49.310684759213125],[21.097173571356766,49.310295630436],[21.097170080003348,49.31001015174797],[21.097096565553862,49.30948208358746],[21.097235621298502,49.309223655090726],[21.097419160951798,49.30884871681081],[21.09791717011954,49.3085954297882],[21.098047117038515,49.308569865159654],[21.09821505526793,49.30858872159354],[21.09875960136046,49.30854216296135],[21.099093820586248,49.30832506070777],[21.099296614248313,49.308079463836265],[21.099342864412105,49.30788379121904],[21.099486573635495,49.30771417958804],[21.099493671641344,49.307705763731505],[21.099575333744543,49.30760943257645],[21.099898086825437,49.30739826438279],[21.099991570787644,49.307233803504],[21.10016102571607,49.30701054860003],[21.100264877567408,49.306669976296234],[21.10058820671494,49.306266179405206],[21.100870211719364,49.306047409239916],[21.10111018036264,49.30589391517218],[21.101339053658435,49.305686054550655],[21.101514223170867,49.30544137484526],[21.101767881330694,49.30523340264274],[21.103288734361985,49.30435100982977],[21.104504623889973,49.30334816766248],[21.10475674311925,49.302901584730165],[21.104621198296872,49.30287683636494],[21.104759515995845,49.30253690751829],[21.104953596226718,49.3020673222135],[21.104762430680946,49.30130461113438],[21.104782536306065,49.30108622953069],[21.104891336198268,49.299907173904856],[21.104827368951348,49.29942010392215],[21.104924299928648,49.299207047795164],[21.10495540030435,49.29913872120791],[21.1049280694642,49.29906574442274],[21.105043065783022,49.29875973107104],[21.105302092313323,49.29837719187298],[21.105710983901258,49.297478828002006],[21.107755387389787,49.296204166203765],[21.10845461664498,49.29527091680819],[21.10819024248584,49.29504087807676],[21.108530637382135,49.29474445966621],[21.109652056760687,49.293787718741626],[21.11054113975699,49.29279162701663],[21.110964173634343,49.29219013633041],[21.11108884581092,49.2921607902225],[21.11109814044752,49.2921097735328],[21.11114524186213,49.29205005587531],[21.111235792072986,49.29192420296802],[21.111379763041228,49.29170912608277],[21.11150239173931,49.29146636458996],[21.112157978965758,49.290735336765216],[21.112182138838268,49.29070837777776],[21.112213751905237,49.290677424565814],[21.11229599141138,49.290570751481795],[21.112785685808213,49.2899365344198],[21.113030450105448,49.289664973255945],[21.113651906298188,49.28897597405003],[21.114252109751597,49.28831906476737],[21.114844781517167,49.28744442271116],[21.11489438383429,49.287371279954606],[21.115993574032327,49.28620565035461],[21.11717166195623,49.285060969248235],[21.117486766579482,49.284110982531196],[21.117499468906956,49.28401389273778],[21.117601673268634,49.28323296184703],[21.117635788391443,49.28307533703867],[21.11770811769071,49.28274005270415],[21.11775543495639,49.28250641879238],[21.11791918717928,49.282393146112284],[21.11794252775581,49.282377142657246],[21.118111949233597,49.28226720032137],[21.118132776174072,49.28225354766061],[21.118356687523793,49.282108334895426],[21.118328266226964,49.28194782595857],[21.118328499263885,49.281772022163125],[21.118348848812886,49.28149189187812],[21.118343080526646,49.28133579234381],[21.11842065650619,49.28127865918697],[21.118709864051546,49.28088543849548],[21.11889432392042,49.28069873407754],[21.118962690018712,49.28065445156569],[21.11909711894737,49.28056725371931],[21.11923447641446,49.28044981150126],[21.119270766019515,49.28041873485803],[21.119313357726273,49.280382456804475],[21.119676518671117,49.280071788114526],[21.120136292257243,49.27957504752004],[21.120306644524742,49.27939104452556],[21.120387116891294,49.27930402501073],[21.12039069750571,49.27930026763025],[21.121184031757377,49.27861524209221],[21.12129181674398,49.278685184284875],[21.121760040816238,49.27842699148232],[21.121857568241065,49.27836787799315],[21.122077834968586,49.27823433604132],[21.122580032997423,49.278626718200165],[21.12310901828148,49.27822974284822],[21.123129270832386,49.27821823167983],[21.12324759316749,49.27815140398641],[21.12330395731731,49.27804795521546],[21.123489132564774,49.27770805126893],[21.12384189147639,49.27718963302081],[21.12389700365459,49.27710864957423],[21.12391533019555,49.277078532961376],[21.124138333504604,49.27671074961424],[21.124132085140946,49.27666689153882],[21.124096706679687,49.2764198336747],[21.12417202065671,49.27591333078454],[21.12415856287133,49.27577724289527],[21.124213739442254,49.275695361149005],[21.124339703241798,49.275508416527906],[21.124780674422375,49.27519209623995],[21.12486719229025,49.27508267017366],[21.12500077196903,49.274913610227784],[21.12520924318387,49.27469182896106],[21.12530480284906,49.274590340718674],[21.125663634654536,49.27420876174965],[21.125781610380077,49.27405343024203],[21.125942576363393,49.27384139626939],[21.125946587873138,49.273837382316884],[21.12626625132767,49.27351649597427],[21.126589993129283,49.27342880213505],[21.126746672187696,49.27338632089994],[21.12758817584113,49.27315828667641],[21.12855386174037,49.273010873552],[21.129070917747338,49.27255975396334],[21.12960652029137,49.272013886944194],[21.129641926992303,49.27197782831703],[21.130119071553732,49.27142605916022],[21.130341033540823,49.27109748157533],[21.130512964744288,49.27084275885021],[21.13063448809828,49.27066142915086],[21.130694410433357,49.27067898771142],[21.131333046198687,49.2702127994492],[21.131558866734558,49.27004790954518],[21.13133615488691,49.269859566217505],[21.131299378087625,49.26982851649953],[21.131329099203132,49.26978930696419],[21.131469774994965,49.269698782883275],[21.13205438885256,49.26949077301121],[21.132163591856173,49.26942589936539],[21.132556375024304,49.26919255852036],[21.13260903379724,49.26917990965761],[21.13311898948051,49.26905694507482],[21.13364793961857,49.26887228424408],[21.13365373238029,49.2688702167724],[21.133664598536694,49.26886650920042],[21.133915234343544,49.26877900682927],[21.134101904147368,49.26871756938971],[21.13422272398662,49.26867790667975],[21.13426995352539,49.26866238494663],[21.134547464569778,49.268572309587135],[21.134857721109086,49.268459772615024],[21.13529072173621,49.26832806655553],[21.135954784110616,49.268126058314756],[21.136225169803478,49.26804484621255],[21.136292414702027,49.2680246445191],[21.13649076913864,49.26796510275118],[21.13657201585157,49.26773820574379],[21.136587605847243,49.26769467794463],[21.13660426428259,49.26764785311859],[21.13664356322985,49.26753836868123],[21.136686361725193,49.267418732382794],[21.136719817098317,49.267364246015205],[21.136723875390725,49.26735771262948],[21.13677451306631,49.267275412280895],[21.136732739538747,49.26718524305691],[21.136673891247977,49.26692925692368],[21.136881003339127,49.266679957728094],[21.13696676201462,49.26657653108694],[21.137114301487262,49.26629933473557],[21.137169552302115,49.26619548491973],[21.13724689484573,49.26593749713365],[21.137287994005533,49.265773696894406],[21.137699706339813,49.26536305710584],[21.13770875297071,49.2653541605789],[21.137771857780255,49.265291157713],[21.13779361451789,49.26525538615504],[21.137795970937425,49.26525140961187],[21.137949844758797,49.26499826773256],[21.138669260222258,49.264622992882366],[21.13948267242217,49.26433466886864],[21.139754847171808,49.264124236361695],[21.139796519126318,49.26408324146564],[21.139868751846663,49.26362362516531],[21.139826446025303,49.26319892393917],[21.139840591080283,49.263034902704746],[21.139850277375317,49.26292394292477],[21.139850475839957,49.26292124857022],[21.139858789466388,49.26282518888774],[21.139878669628533,49.262517945839285],[21.13988457409261,49.26242658122295],[21.139930256018427,49.2617223512696],[21.13993617060554,49.26161217264393],[21.139943188356803,49.261481414104416],[21.13995118069606,49.261473744450974],[21.140058076766934,49.26137071264005],[21.140536393005146,49.2612016200433],[21.140540498207223,49.261200039151646],[21.1409207631243,49.261054948174056],[21.141092598841528,49.260501430513465],[21.141207676777938,49.26022743672135],[21.141231839250093,49.260170135543305],[21.141345553398008,49.259899699436005],[21.141494221149827,49.259612181444226],[21.141639666742662,49.25933104314882],[21.14167708271142,49.25929360430434],[21.1418858354152,49.25908476827664],[21.141911536316776,49.258793552033644],[21.1419138123513,49.25876823800687],[21.14194362860774,49.25843232125645],[21.142024333807402,49.258257075610224],[21.142040735927292,49.25812580269946],[21.14204483519452,49.25809253432797],[21.142195615886443,49.25799106470194],[21.14245189999527,49.257818384528804],[21.142531199339235,49.257764982111354],[21.14256017188793,49.25766471249595],[21.14262023411248,49.257455958101495],[21.142804971741825,49.25681453470592],[21.142623289414665,49.25650435666388],[21.142617913029248,49.256495185082514],[21.142490355056587,49.256277454079616],[21.140840165472007,49.25621901766193],[21.140082897671828,49.25609610367543],[21.140063598860735,49.256092974167494],[21.139653615080658,49.255945546298975],[21.13959801542002,49.255925517544966],[21.13925060987726,49.255800497647414],[21.13925091342472,49.25500661327642],[21.13914162208336,49.254711046184205],[21.139110383838126,49.25461049714646],[21.13901901530472,49.25431621567949],[21.138890625472314,49.25390283810895],[21.138776005558547,49.253352973026345],[21.13855665027681,49.25316825732851],[21.138490276761,49.253137715432565],[21.13840141740231,49.25309692142022],[21.138345016679644,49.253071015272155],[21.13828226052483,49.25303617641692],[21.13822756943389,49.25300573310868],[21.138224033268525,49.2528316108512],[21.13822296325328,49.25278080521618],[21.138221992497176,49.252728652398275],[21.138221807631062,49.25272369540583],[21.138219513144833,49.252605515384595],[21.138239385431255,49.252524313653126],[21.13824071639663,49.25251931449498],[21.13824720930666,49.25249278323476],[21.13827253768085,49.25238978861741],[21.138320065931577,49.25219639356208],[21.13847715209876,49.25184306898196],[21.13848374504362,49.25182824360126],[21.138511603004872,49.251765568192454],[21.13794169238972,49.25114452414354],[21.13769322945111,49.250231516424364],[21.137649516204643,49.25007079864978],[21.137612856166808,49.24996179566851],[21.13761127295738,49.249957154595116],[21.13760237364548,49.24993049737384],[21.137615999650116,49.249919134880415],[21.13798044827904,49.24939042583888],[21.138145182847463,49.24915157985447],[21.138378878071,49.24882966086631],[21.138055479833785,49.24865759203039],[21.137734330024433,49.24848676349037],[21.137400743205337,49.248309329750576],[21.137391882391587,49.24830454885815],[21.137391484058377,49.248304356236005],[21.13736343224899,49.24828942702263],[21.137293935510346,49.24830136556185],[21.137293105753535,49.24830142937803],[21.137237258749515,49.248311008305244],[21.136878503183837,49.248372504720976],[21.136708459114086,49.248401611888944],[21.136317352181955,49.248528880553316],[21.135977560675908,49.24864273560987],[21.13476856322207,49.24899342626513],[21.134195671915766,49.24947286814844],[21.134066588433132,49.24949282380264],[21.133545947488347,49.24957322904147],[21.13331934578455,49.2493418219016],[21.133253575101797,49.2489937901137],[21.133428706337902,49.24867768023601],[21.13348559911031,49.24862411566029],[21.133736987850895,49.248416911535884],[21.133846639031518,49.24832666545098],[21.133879687723194,49.24819366821681],[21.13387970097186,49.248193488592705],[21.133930185808904,49.2479900155887],[21.134037522914255,49.24755824481136],[21.133301071894547,49.2474552042198],[21.133253229819907,49.24744387927239],[21.133313001070885,49.24736619001398],[21.133293945108925,49.24727034476737],[21.133287567369365,49.246719301382036],[21.132763610468487,49.246798427200325],[21.132582923198274,49.24668108671216],[21.131858341791492,49.24691491265833],[21.13175940203504,49.24688981796512],[21.131499283826596,49.24699357706461],[21.131242773793797,49.246795067025026],[21.131116261639566,49.2468715441825],[21.131038827681863,49.24682894483161],[21.13136921606469,49.24662451489963],[21.131828455560207,49.24640687554195],[21.132150868662052,49.24613341478257],[21.13214793478453,49.246115407687974],[21.132127154479527,49.245878983798036],[21.132138331212975,49.24583000543007],[21.132187344815605,49.24555149825744],[21.132148756882604,49.245364473125925],[21.132100526791564,49.245233586579786],[21.132008086007485,49.244976981725614],[21.131953592330106,49.244783781993725],[21.131943062976873,49.24468982639005],[21.13191551601915,49.2444724528858],[21.131939458107755,49.244280293655635],[21.131962416685518,49.24425239293283],[21.13206789566175,49.244123577316536],[21.132180865179183,49.24399013735712],[21.13228177977732,49.243870989572756],[21.13229294177242,49.243542673324306],[21.132196156108638,49.24341952319824],[21.132163317347267,49.24337635438057],[21.131992222578024,49.243151559723785],[21.13177803766119,49.242875349599025],[21.13173471501879,49.24279539017463],[21.13158206107415,49.242512663903504],[21.131462307816797,49.24237474302021],[21.13143024759994,49.24233781006933],[21.13133258110935,49.24221175045548],[21.131251222437196,49.242101330345996],[21.13122753556078,49.24205340950642],[21.131222273256387,49.242020385047375],[21.131124729452413,49.24184796783365],[21.131124387995104,49.241660711570574],[21.13103105042244,49.24155054238992],[21.131050925298457,49.241443325025315],[21.131134493191272,49.241020795744056],[21.13113800694022,49.24100299256178],[21.13122487659625,49.240802111523344],[21.131011614061567,49.24072037575018],[21.130977495780527,49.24070948383765],[21.130774784268596,49.24064500556679],[21.130446909705313,49.24057746637059],[21.130077748502163,49.240508619564196],[21.129616456035055,49.2405032916241],[21.129320057451203,49.24043962618109],[21.129007990365125,49.2402753594262],[21.128759537884505,49.24007817727152],[21.128196236171966,49.23981593163665],[21.127995121348302,49.2396573357091],[21.12802355061589,49.23949394560626],[21.12807510172489,49.239239015002006],[21.12808122562295,49.239126321170936],[21.12810815605698,49.23871703309211],[21.128102352725634,49.23847171899522],[21.127996479575618,49.238235478914206],[21.12783810787034,49.2380604115759],[21.127775765772462,49.23783977329864],[21.12778494118956,49.237806755671066],[21.12781596449899,49.23769386009382],[21.12787914581591,49.237475036558024],[21.12791168406769,49.23716666068114],[21.127933071138724,49.23695155473287],[21.127901971365326,49.236810495227],[21.1278957431171,49.23678500173188],[21.127848408602357,49.23659013487257],[21.127675203289712,49.236191612066335],[21.127587971279695,49.235995301309856],[21.12758423934115,49.235431643559785],[21.127542644514943,49.2351944676495],[21.12757250203442,49.23495775443635],[21.127602225049223,49.23466702354401],[21.127548330428986,49.23439164857435],[21.12731738006703,49.2341124655808],[21.12711457372982,49.233794743772094],[21.127096960604934,49.23376519860128],[21.12690446321643,49.23361686495934],[21.126660595432195,49.23339353513005],[21.12646215666199,49.23318424725199],[21.126127975098413,49.23296651664589],[21.125790028396818,49.23285930331064],[21.12573035076765,49.23275163562704],[21.125482965098023,49.23231933917088],[21.12530989343007,49.23201803965296],[21.125196296096306,49.231901550793204],[21.12501819269679,49.231802281944546],[21.12482258055687,49.231599561937074],[21.124596381499632,49.23136805488392],[21.12453078095866,49.23130151900155],[21.124430936124412,49.23119986886147],[21.124107978833774,49.23106674864356],[21.123902843297742,49.230978053681824],[21.123788060824054,49.23092229095965],[21.12374379597837,49.23090558349651],[21.123604461009403,49.23085282298555],[21.123308797479993,49.230748472943674],[21.12316128913301,49.23067798825434],[21.12277488837547,49.23045859068115],[21.122526627589718,49.2302449239664],[21.122214171739024,49.229984838932154],[21.122044967524022,49.229897370288356],[21.121915676253714,49.22980180527946],[21.12157524506977,49.229550193123245],[21.12126694029567,49.229412487990096],[21.12099152596398,49.22916653790244],[21.120716998658445,49.22898480156756],[21.120528725782012,49.22881516450816],[21.12030994966757,49.228483777849284],[21.12030094966639,49.22835277879333],[21.12029419305097,49.22825461930833],[21.12027683934881,49.22825136779655],[21.12025630255681,49.22825026582244],[21.12020913448977,49.22816324678589],[21.120273150595775,49.22774397102927],[21.12021870562698,49.227476674918485],[21.12028463937878,49.22729151985247],[21.120278309115513,49.22693869864799],[21.120272520194064,49.22692591166949],[21.11995094023949,49.226646534669165],[21.119820685955027,49.22632641862679],[21.11991134155951,49.22565862439217],[21.11993527640636,49.22566208491493],[21.119957858182676,49.22566154146163],[21.120026368005348,49.22552328025178],[21.119965296526246,49.225323290644894],[21.11973837983979,49.225150444226074],[21.11959110429978,49.22483752915998],[21.119532753376536,49.22455624460293],[21.119351068851977,49.22423287415244],[21.11916070554544,49.224115921048636],[21.119040083037692,49.22379953014404],[21.11896645542138,49.22352415158467],[21.118951416841522,49.22321669469838],[21.119053822926293,49.22294357519719],[21.119227031036576,49.222614458802774],[21.119295515701033,49.2224987929627],[21.11931408190141,49.22230736284632],[21.119297466611293,49.22230530486054],[21.119276780166242,49.22230068697016],[21.119072348055628,49.222212364170495],[21.11879474041763,49.22198929280997],[21.118517342517517,49.221856250696476],[21.118310457108432,49.22168043584078],[21.119250952411495,49.22132563465386],[21.12011501423474,49.220853890142116],[21.12068755419983,49.220601455429524],[21.120715016680567,49.22056091645578],[21.120865889199745,49.22033839668362],[21.120932554447556,49.22027695628041],[21.121213042000342,49.22009879050597],[21.121503243419262,49.21953842361693],[21.12177417512679,49.219244093459324],[21.122037412216336,49.218819615033276],[21.122228301424173,49.21860961643366],[21.122713845213863,49.218276812245534],[21.12296131033874,49.21803016761331],[21.12332140733971,49.217745234669465],[21.12357509823341,49.21754442812857],[21.12409663686292,49.21700696743136],[21.124409072155032,49.21679217828175],[21.124526031300036,49.2166785871745],[21.124544965278847,49.21659717649617],[21.125011337174364,49.21583893629745],[21.125460640109264,49.2154566302141],[21.12591014485934,49.21496360048331],[21.125475311046046,49.21398575625701],[21.125381587323105,49.21370497292163],[21.125303424555735,49.21354837479554],[21.125326100113302,49.213442326210604],[21.12589946718145,49.21255955238329],[21.126961969975582,49.21259818363321],[21.12771246041868,49.21253005373714],[21.128168785586485,49.212474474776286],[21.12888864295935,49.21247504472045],[21.129088700868824,49.21240261174156],[21.13026421897334,49.21208461078723],[21.130561071272158,49.21197968138177],[21.13080358906686,49.21180659398702],[21.130882060750352,49.21175056357065],[21.131246076571752,49.211556565707845],[21.131574621012888,49.211295727173884],[21.132002644584745,49.21114669424277],[21.13231660689865,49.210940036160615],[21.13261340262532,49.210684761795754],[21.132726059420154,49.21050233963939],[21.133147931453728,49.21026326527214],[21.133655046154985,49.20995072710923],[21.1340393308497,49.20972747487293],[21.134260610900267,49.20955325891811],[21.134704253343823,49.20935789894202],[21.13528989965104,49.20899931582599],[21.135626059794692,49.20882855049046],[21.1359781901644,49.20878603156526],[21.136282081758957,49.20884812330147],[21.13657959735648,49.20885500874856],[21.13684346022654,49.2087068907298],[21.137209055736548,49.20866434370137],[21.13776781736989,49.20853805790671],[21.138025324872267,49.208520989583434],[21.13903152333812,49.208156683537105],[21.139467112539858,49.207831329364424],[21.1396423992673,49.20760397805286],[21.139660315101782,49.207274611079875],[21.139625556937197,49.20683204208847],[21.13970211861357,49.20647869109332],[21.139672070292757,49.20593850612252],[21.139704571635416,49.20553974209273],[21.139799750175815,49.20528438358828],[21.139958813232155,49.20509252849417],[21.140172082040504,49.20493326314372],[21.14034612797561,49.20473566926311],[21.140514439703782,49.204459124203346],[21.14057883784678,49.20431955241965],[21.140974158381486,49.20346331830683],[21.14112059459527,49.20300963716856],[21.141175003028053,49.202413694585715],[21.14123518385644,49.20214273616641],[21.141096931489674,49.20175856432284],[21.14108860052343,49.20165702563906],[21.141448283738733,49.20162499302806],[21.141784293993123,49.201432871666235],[21.14361872187953,49.200586230979916],[21.144002458846433,49.200380035964244],[21.144570580825626,49.200051915458346],[21.14544655610082,49.19938151553875],[21.146304310210347,49.19865400082958],[21.14631796421973,49.19861959271582],[21.147017282976314,49.1986669416702],[21.14786679619089,49.19855085928302],[21.14819566335564,49.198505952315465],[21.148420317244142,49.19845658944302],[21.14910669814367,49.19830582893052],[21.149811010109406,49.19824763233367],[21.150575431291365,49.19827261522143],[21.15142490995629,49.19835158458968],[21.15164717506006,49.19839468327388],[21.152644906340115,49.198537006756034],[21.152986258494085,49.19860842805701],[21.153544079893226,49.19883393817485],[21.15383058399808,49.19888715647877],[21.15414984670956,49.19883265830606],[21.155768292878356,49.19839476030484],[21.15654079157212,49.198029982935296],[21.156725675393652,49.197923269958146],[21.157182926412805,49.19787706420969],[21.157653240096995,49.19763177883338],[21.158383693734503,49.19709975770179],[21.158585021686545,49.196909028349026],[21.159521843659903,49.19659197795555],[21.159785810986303,49.19657011565187],[21.161036073532774,49.196215641062985],[21.161663686614183,49.19609735111485],[21.162060311903286,49.196126641495724],[21.162470508518997,49.196120618050706],[21.163197483124016,49.19617261018059],[21.163403314119968,49.19620373783784],[21.16385746781475,49.196316117507415],[21.16413840138801,49.196432331001844],[21.164409331041828,49.19642228964543],[21.164950015155767,49.19643520608514],[21.165231236123233,49.1964760778515],[21.16588582560412,49.196571332631926],[21.166213362845472,49.196514091225964],[21.166493176078045,49.19646516437042],[21.166615688154558,49.196427777175934],[21.166932914104834,49.19636498915287],[21.167171523312422,49.19626705712039],[21.16750647748471,49.19619096025535],[21.16769284070065,49.196097420340855],[21.167712089902636,49.196087761474345],[21.167745066314346,49.196070701166164],[21.168059494754853,49.19631902632676],[21.168054313887385,49.19633542782335],[21.1683217844574,49.19645931075829],[21.16835199082013,49.19647079022306],[21.169273307900813,49.196820685572234],[21.169530474291346,49.196875016242686],[21.169767345589197,49.196925109484866],[21.169979059884504,49.19696982284253],[21.17012205565908,49.197090340944484],[21.17044921621425,49.19711166441751],[21.171246035281712,49.19734385581443],[21.17124671399667,49.19734396709594],[21.171183236699857,49.19751553943341],[21.17151405876965,49.19769388130128],[21.17158093866715,49.19772991404172],[21.17158741851104,49.19773335775824],[21.171623133249785,49.197750320095544],[21.172009637600322,49.19794687829696],[21.17204765588166,49.19796616316108],[21.172060772399266,49.19797278538543],[21.172176406616238,49.198031589553175],[21.172409777292778,49.19794140476567],[21.172713364164984,49.198069468589466],[21.172781886271903,49.19820169445421],[21.17266978674015,49.198361932713524],[21.172801406223588,49.19842006644942],[21.173167634913742,49.19837103852922],[21.173615640046744,49.19855322261951],[21.173721038532385,49.19857722670869],[21.174304583748498,49.198183285825465],[21.1747923157131,49.19841036881169],[21.17508847787257,49.19850470604395],[21.175292536007856,49.19854340847145],[21.175447275031555,49.198572735654096],[21.176336361692638,49.19861189223568],[21.17634154369364,49.198612414411265],[21.17652647042194,49.19863278211442],[21.17708248501879,49.19869392204165],[21.177345775638667,49.198722860519474],[21.177364735925796,49.19871904241308],[21.177949951618288,49.198599879637385],[21.178119222692782,49.19856547283531],[21.17825258611845,49.19851860059507],[21.178484852305818,49.19862461449458],[21.17861288301282,49.19868307934844],[21.178914156974287,49.19883752012256],[21.179213970906353,49.19899128427238],[21.17939321732201,49.19911238289851],[21.179478057178176,49.19916976691402],[21.179684852714594,49.19936347240988],[21.17974816488701,49.19945430123438],[21.17993548594318,49.19972310488694],[21.179943571367605,49.19973470013006],[21.180108598639716,49.199941772855695],[21.18011338868946,49.19994768384194],[21.180150136283096,49.199993932352996],[21.180245049968352,49.200113024468465],[21.18036703054049,49.200162206065556],[21.180486409211433,49.20018862107186],[21.180692542090533,49.200212165044725],[21.180877707048673,49.20028600519582],[21.180964040054114,49.200407889275546],[21.18102282966335,49.20053827498836],[21.181136996862243,49.200791197935885],[21.18115649575572,49.20083474677014],[21.18152037305097,49.20094657543876],[21.181717362975064,49.2010071003492],[21.182034204326357,49.201104585376164],[21.182107839359904,49.20112722953101],[21.18250721264136,49.20127050031333],[21.183421491667872,49.20159872276322],[21.183435513097933,49.201972744540505],[21.183484031886845,49.20228987010009],[21.183537116938805,49.20249506293843],[21.18335383978661,49.203011098928556],[21.183191248523812,49.203388069049645],[21.183141706263534,49.203413798556625],[21.183140913450877,49.20349650238269],[21.183138061828387,49.203832368769305],[21.18313715729423,49.20393550367861],[21.183018157850057,49.20413046326768],[21.182981793285013,49.20448697822044],[21.18296388830102,49.20466330890259],[21.18294373037977,49.20486117408054],[21.182955693018155,49.20507453526276],[21.182215753281138,49.206024371065624],[21.181297120078845,49.20720348461234],[21.181305536277364,49.20726532126871],[21.18131562113558,49.20736087758332],[21.1812372904095,49.20751407606716],[21.180822236663616,49.208325877316355],[21.18104754250143,49.20910609753342],[21.181038001741033,49.20915035951423],[21.180976668858637,49.209434347832165],[21.180639871821505,49.20965572005267],[21.180496423699235,49.209750171396195],[21.18038586311076,49.20984582995477],[21.180159322682687,49.21044386852055],[21.179789853493226,49.21087045402662],[21.179656182031394,49.21106459213455],[21.17951469768697,49.21147741496851],[21.179328695937773,49.21222804249301],[21.17912977198862,49.21289562744866],[21.17912849844999,49.21289990861987],[21.17906783360113,49.213034843595075],[21.179213170139363,49.21308826573414],[21.179065198297348,49.21335037169945],[21.17952259438011,49.21331128104258],[21.179424505054065,49.21353938793672],[21.179322996293987,49.21362947718636],[21.17929973331814,49.213762160078936],[21.179221927995226,49.21380410895859],[21.17950798056366,49.2138820017019],[21.17924163365205,49.21487353261322],[21.17922463324898,49.214871111027094],[21.17920521127641,49.21492082539098],[21.179197459477944,49.21494047761452],[21.17919398485734,49.21495234171436],[21.1793188041783,49.21544243962206],[21.179406820293828,49.215601914291526],[21.17987226705834,49.216015063337224],[21.18010340344777,49.21618873020235],[21.180355570513548,49.216653097518325],[21.180426697742014,49.21678413750234],[21.181158384640195,49.218131539364336],[21.181337120811225,49.21846839313791],[21.180871672416394,49.2184513385517],[21.180841021578026,49.2187289926391],[21.180493303593934,49.21902402088075],[21.18045328502399,49.21925475207081],[21.179904880742544,49.21990332009038],[21.17984277934704,49.21997672689589],[21.179701128452557,49.219946016463254],[21.179700723644217,49.21994591379847],[21.179638287352084,49.22015794054471],[21.1795321791909,49.22045637234332],[21.17948861007059,49.22056213488194],[21.179422425293062,49.22070481919577],[21.179189945531757,49.221040081922034],[21.178889765906796,49.22147270099702],[21.178770574016408,49.22169969778873],[21.17876205738277,49.22171662547808],[21.178653143292014,49.2219326908062],[21.17855423166683,49.22220010979639],[21.17854754954714,49.222218265048895],[21.178497291547988,49.22246866009948],[21.17848657612767,49.222521436961806],[21.178483427146716,49.22258543265431],[21.178483008024838,49.22259496165527],[21.17847920442799,49.22267171970058],[21.17847656613032,49.22272492897308],[21.17847352202737,49.22278559720612],[21.17846285755569,49.222999961139855],[21.178472129565307,49.22330667811081],[21.17848243546456,49.22364826498224],[21.178487234145578,49.22380693967449],[21.178501659629628,49.2241051756557],[21.178502682033308,49.22412699237293],[21.17855132082484,49.224402712102325],[21.178567372921886,49.22449368343482],[21.178581375649145,49.224576939055886],[21.17860211235764,49.224803626394795],[21.17863043960203,49.2251148092717],[21.17863897561892,49.225208966480835],[21.178631334713383,49.22531954197553],[21.178624191150842,49.2254214010964],[21.178623204598026,49.225425511178685],[21.17860235660026,49.22550983839745],[21.178524411521,49.22573272238177],[21.17845792890122,49.225883138541995],[21.178455335994002,49.225886658316476],[21.17835752880775,49.2260802953804],[21.17832439214225,49.226101224838125],[21.178113901179046,49.226234178418835],[21.17789606200517,49.22637176309435],[21.177854197320922,49.22641627490819],[21.177809358755265,49.226478967772444],[21.177713554717478,49.22661298392077],[21.177616829214816,49.22674832149898],[21.17757197310131,49.226837659558626],[21.177373427220935,49.22723294248168],[21.17722299220137,49.22746778334202],[21.177187844515664,49.22752006652609],[21.17712541327105,49.22761290603483],[21.177030302832875,49.22775432498146],[21.177003169375492,49.2277947059424],[21.17696204658876,49.227966708517755],[21.17692031576739,49.2281413926612],[21.176895543786816,49.22827762833062],[21.17688018379494,49.22836203678614],[21.176769245082397,49.22860180240976],[21.176765658604626,49.22860952201977],[21.176751822275993,49.228639066091596],[21.17673659823562,49.22876875866203],[21.176722786636144,49.22888661278046],[21.17669999614056,49.22908052290212],[21.17668475874529,49.22921039507265],[21.176696794207995,49.229292329050985],[21.176698242306838,49.2293026365518],[21.176726612182218,49.229496165297185],[21.176730891372646,49.22952609554373],[21.176733461568926,49.22954363968488],[21.176752932306787,49.22968575910298],[21.176761888174,49.229751483285284],[21.176782298214977,49.229901463745236],[21.17678831237499,49.22994531122874],[21.176802649778214,49.23005036212536],[21.17680310641351,49.23005352708357],[21.176820757545332,49.230182896812835],[21.176834403733515,49.23028234487246],[21.176845779861143,49.23036578850833],[21.176821336133322,49.23044280145198],[21.17679033999058,49.230532392376766],[21.17679040361066,49.23054283663686],[21.176790433283248,49.230561291578674],[21.176720294713437,49.23067306418164],[21.17664656700512,49.23080578914793],[21.176607018072634,49.230876928747755],[21.176577744983017,49.230929665449324],[21.176556226187106,49.230968421423576],[21.176509713083394,49.23105212609843],[21.176508382529867,49.23115902776861],[21.17650828962482,49.23116784678318],[21.176506844943294,49.231293288912845],[21.176506203046113,49.23134358978916],[21.17650497752903,49.231447164006006],[21.17650462026065,49.23147469882597],[21.176502865378836,49.23161948544979],[21.176501334629314,49.23175176635273],[21.176500938081954,49.231779840058955],[21.176499122371247,49.23193677740278],[21.17649822823654,49.23201128563988],[21.176497306967022,49.23209182433591],[21.17648472350476,49.23223807285326],[21.17647678605913,49.23233000476249],[21.176372926069526,49.23231973690753],[21.17636569623881,49.23235857940331],[21.176387475338103,49.232406790472695],[21.17649576426631,49.23264674653078],[21.17652156522035,49.232703905180855],[21.176531743294326,49.232726458124105],[21.17660121427927,49.23288040235481],[21.176120434977978,49.23335472078689],[21.176105776702286,49.23336911580735],[21.17591544682767,49.23355688817787],[21.17587575022349,49.23359606600718],[21.175846078730334,49.2335995494095],[21.1757990719435,49.23364849085917],[21.175723492441257,49.233727325736176],[21.175568184679484,49.23388909657408],[21.175534089432436,49.23393817152419],[21.175506278765504,49.23397835097164],[21.175451892038776,49.23405685803771],[21.175350794325425,49.234202859642025],[21.17407184409285,49.23377065108029],[21.173230268240648,49.23348624048649],[21.173156459470082,49.23346160659032],[21.172394944407547,49.233206700146944],[21.17218617446702,49.23343034788731],[21.173101999001936,49.23372951178915],[21.173122812141507,49.23373628425107],[21.173646890607678,49.23390886251448],[21.17421809184619,49.23409695510952],[21.17421943718437,49.23409735726275],[21.17480268610977,49.23428618370862],[21.175017829974376,49.23435583459262],[21.175203291862964,49.234415915154955],[21.17518454855148,49.234442965123435],[21.175140450393,49.23450667046282],[21.17503239462102,49.23462175761034],[21.174959967402955,49.23469880020185],[21.1748787404566,49.23478528970988],[21.174765470406566,49.23490588482555],[21.174682854267285,49.23497936795916],[21.174479242670863,49.23516060159225],[21.17432370277478,49.23529904863429],[21.17422197099214,49.235389577503696],[21.17409186770954,49.235505324657474],[21.173891041280005,49.235684123923285],[21.17358022602359,49.23576883289599],[21.173329299984776,49.23583723052691],[21.173207840739487,49.23587024911018],[21.173200627658925,49.23588055576265],[21.173195243945866,49.23588839909261],[21.173071274814095,49.23606699073339],[21.172942391463625,49.23625263008934],[21.172601511767212,49.2367436447563],[21.172525928239992,49.236852544200985],[21.17239672721092,49.23703871320495],[21.172275836462322,49.23721271940023],[21.172232646204765,49.23732983379812],[21.17213732357261,49.237588628156914],[21.172123875999663,49.23786708806236],[21.170894653145456,49.237425061049706],[21.170805440271838,49.237392922164744],[21.168875437258837,49.2367055960452],[21.168840797508736,49.23673565802825],[21.16880335888615,49.236796509141136],[21.16874690349858,49.23688809154393],[21.168680187501568,49.23699780662242],[21.16861300068178,49.2371083170992],[21.169563228274097,49.237426498202105],[21.16989965785986,49.23753911444777],[21.172088697742335,49.238271885600554],[21.172120734922416,49.23827558862722],[21.172120464089925,49.238313208331626],[21.172041835771818,49.23846378131134],[21.171837067940256,49.23865487682838],[21.17182728735124,49.23866456294673],[21.17174735012429,49.23874451945211],[21.17148914492806,49.23900280718721],[21.171149083633022,49.23934279088736],[21.171053724783786,49.23943810775742],[21.170980305705694,49.23951160634912],[21.170970228410535,49.239506519904275],[21.167862518572676,49.238333294272934],[21.1677559076288,49.23850540313249],[21.17081034404916,49.2396815547964],[21.170778158807455,49.23971376462208],[21.170290370413394,49.24020143524728],[21.170123671059244,49.2403680641787],[21.170046093661252,49.240445753007535],[21.169826441206165,49.240665365695705],[21.169805491675476,49.24071314036094],[21.169624284457278,49.241127318470134],[21.16928071347423,49.24191215434356],[21.169188805144948,49.24212199281489],[21.16918349525419,49.24211939602076],[21.16885042493072,49.24195098189561],[21.168837434485113,49.241944363740885],[21.16868335831175,49.241866532752745],[21.168423468696453,49.241825626393656],[21.168201366219318,49.24179067402195],[21.167791544548574,49.2415569289469],[21.16772929905724,49.24153949572205],[21.167167876711545,49.24138228707761],[21.167063119302608,49.24142356474139],[21.166935293502878,49.24147384167119],[21.16685758924392,49.24150426422098],[21.166841201980176,49.241498979715324],[21.16653315647759,49.24139840738883],[21.166511369772344,49.24138611213655],[21.1663586347455,49.24129940795959],[21.16633549259644,49.241119453334235],[21.166351245359593,49.241108964569],[21.165956455005457,49.240927444976485],[21.165880637354977,49.24089257160425],[21.165767338745052,49.24078927861465],[21.16572144739606,49.24074751136209],[21.165648744903855,49.24068131853111],[21.165636501613434,49.24067013239852],[21.165477978449555,49.240594948085175],[21.16530510757822,49.24051292237529],[21.165074831634232,49.240403711215805],[21.16506265839154,49.24041413198768],[21.165049047919357,49.240408484160284],[21.164967123945154,49.24037440893371],[21.164628339625907,49.24023370886403],[21.16445421330841,49.24016136459013],[21.164280634979793,49.24010785139228],[21.164258716456406,49.24010113278161],[21.163971934649254,49.24001265247849],[21.163626755767215,49.23997635203464],[21.163539852075967,49.239967145138195],[21.163357442561434,49.239947921233345],[21.16331132910589,49.23994305417241],[21.163117868217693,49.23992267308996],[21.163106953839403,49.23992152057069],[21.16254517551385,49.239844755337245],[21.162342626146096,49.23981706626903],[21.162010528514433,49.23977676037518],[21.16193162724263,49.23976717319993],[21.161927696753466,49.239777672249424],[21.161495203008446,49.23973970601294],[21.16127404790637,49.23972016316711],[21.161220263913087,49.239720545781715],[21.16115629659681,49.23972105889196],[21.161166988825546,49.239708341520526],[21.16119572563967,49.23967449557534],[21.161579855550148,49.23922177589059],[21.162673263980377,49.23793260567586],[21.162910983280142,49.237652358592676],[21.163444633022262,49.23702329320541],[21.163276223695554,49.23696129824793],[21.163204067991547,49.236934729520165],[21.163198947866885,49.23693330863472],[21.16279123322781,49.23744200585157],[21.162553402374222,49.23773881291297],[21.16150431072145,49.23904800692716],[21.161130907138453,49.23951384586519],[21.16097385897826,49.23970975210051],[21.160963591354353,49.23972230274155],[21.160667165382623,49.239724341749636],[21.16056812810581,49.239725014076306],[21.160394427595065,49.239665729786644],[21.16017995570075,49.23959247251688],[21.160031079704407,49.23954152862379],[21.15963680281057,49.2394998940215],[21.159455598222856,49.23946800889385],[21.159214684877355,49.23942542667362],[21.1592102239424,49.23943752936032],[21.15893951109175,49.239385098852665],[21.15860929302554,49.239321076765755],[21.158602513625414,49.23931978361548],[21.158607758224726,49.239308245679766],[21.157964245864857,49.23918568131063],[21.157897673565774,49.23917296781938],[21.15779853159112,49.23916382225638],[21.15760762183069,49.23914621262647],[21.157301875255044,49.23911788338736],[21.157273332547476,49.239115276292246],[21.15727056219506,49.239128692318815],[21.157250343681543,49.23912130559191],[21.15697606163625,49.2390219476533],[21.156919257799622,49.23903915722686],[21.156769372559612,49.23908458918919],[21.15583665303568,49.238948244284494],[21.15484958378642,49.23899256481528],[21.154840340997424,49.23899299441086],[21.15474492701682,49.2390098893485],[21.1543190906765,49.239085621418205],[21.153517996881195,49.239184749314504],[21.15308649802562,49.23928514462075],[21.1526840295913,49.23936835740636],[21.15185038594993,49.2395868079351],[21.151756042394204,49.23961156598053],[21.15167165513395,49.23963366653553],[21.151655675317457,49.2396378448208],[21.151893687387027,49.24025009247828],[21.151828416153318,49.24045382618986],[21.151676154103864,49.24092866576463],[21.151663678235288,49.24096752224515],[21.1514430833053,49.24136927525488],[21.15132295613135,49.24163474722262],[21.151229754250338,49.24184057244025],[21.151018275699506,49.242080574406835],[21.15098885580845,49.242136721717706],[21.15089389159972,49.24231782558108],[21.15079765788098,49.242501229962315],[21.150637928568024,49.2425232094194],[21.150383707128977,49.24259622713964],[21.150291154895047,49.242770654940294],[21.15013617352883,49.24291521131809],[21.150023636336183,49.242893665005276],[21.150030575090398,49.24315494340715],[21.15045634633268,49.243929018579166],[21.150512461391564,49.2442134493501],[21.149996127168436,49.24497227628758],[21.150111557650217,49.24497320877789],[21.150244980453248,49.24502871978505],[21.150239375725405,49.245198682318325],[21.150290503594768,49.245326320263295],[21.150341788750602,49.24532073266021],[21.150406078091738,49.245518190610355],[21.150425947908634,49.24557903969408],[21.150563708382624,49.24572344703834],[21.150700451304342,49.245866741918356],[21.150820878063193,49.24608433024081],[21.1508424946517,49.246123269173445],[21.150921483259157,49.2462085735496],[21.15086221894702,49.24632283518132],[21.150867187123453,49.24634693696971],[21.150939314596407,49.24669614556867],[21.150743620599687,49.24713288861829],[21.15092550882874,49.2475004042511],[21.150945119123943,49.24793753049185],[21.15179966854895,49.2485696226465],[21.15198421789011,49.24876429059606],[21.151984341898405,49.248764474537495],[21.15218369964715,49.24897473132656],[21.1523443511698,49.24911283430823],[21.152476423849034,49.249226272846215],[21.15259826517626,49.249331107569915],[21.152775869883172,49.24948369617675],[21.152871848670884,49.249566202389346],[21.152971340914323,49.24965142958282],[21.152974099880304,49.24959696406092],[21.152991351775395,49.24950802642213],[21.153015874270857,49.24945118458723],[21.153050641930093,49.24940276673962],[21.15306380896636,49.249388237421925],[21.153210100133002,49.249315420129534],[21.15368027781133,49.24917068780684],[21.15386132188665,49.249111475202525],[21.15399363753086,49.2490585621793],[21.15417767538579,49.24898476993058],[21.15446738184031,49.24891762978643],[21.155041099408102,49.248787849465764],[21.155287625144606,49.24873384346378],[21.15539058556343,49.248702421400445],[21.15564123947911,49.24862585933359],[21.15604883709731,49.248400473753144],[21.156288527256283,49.248207079843915],[21.15641569205874,49.24810431128344],[21.156504998857585,49.248034020738594],[21.156693696671596,49.24788529437409],[21.15695093320524,49.247685068809744],[21.15706044665945,49.247599839161055],[21.157166245517548,49.24754464946976],[21.15759212296466,49.24734917967097],[21.157801741868155,49.247245128576125],[21.15785215140678,49.24721772529046],[21.15789511119635,49.24719440898313],[21.157991554669522,49.24712425151021],[21.158095922885103,49.24705290251329],[21.158242551691085,49.24696964759547],[21.158424552082977,49.246880301625886],[21.15858689978981,49.24680582174403],[21.158622910023784,49.24679101891521],[21.158758162216923,49.246735402402244],[21.158936520368165,49.246661964888276],[21.159113178910015,49.246602336839544],[21.15939381652316,49.24651041492976],[21.159752356318158,49.246393031582095],[21.159966766403524,49.246332336830314],[21.16009384678078,49.24629626674331],[21.160241146869158,49.24625822056741],[21.160536040794778,49.246208152663606],[21.160679971132115,49.246193585422255],[21.160793985564645,49.24618384047806],[21.160932622884133,49.24617207748458],[21.160965371922046,49.2460891165657],[21.161112985454583,49.246048648628125],[21.162020522640606,49.24580022150143],[21.163021139959966,49.24540518396276],[21.16359343781416,49.24517926788315],[21.163771247989686,49.24494962181955],[21.16387254618682,49.244940735516586],[21.164461971344103,49.24466287095812],[21.16519172711202,49.24440443566494],[21.165507408529628,49.244276690126725],[21.1669709201761,49.24379872659455],[21.167189776912085,49.24374274950127],[21.167481749894296,49.24368906246876],[21.168059766066143,49.243395610054634],[21.168262178048312,49.24337836451869],[21.168735613096548,49.24333818930888],[21.168749174717945,49.24333699364323],[21.169675020775596,49.24325831973954],[21.171040164186397,49.24311354031231],[21.171062995324572,49.243111554245125],[21.17115771534457,49.2431324323947],[21.171585559869538,49.243424791054565],[21.171920407037334,49.24356534625148],[21.17205260242425,49.243620973378235],[21.17221024541282,49.243740500054756],[21.172289841108938,49.2438009626676],[21.17233125435849,49.243915502593154],[21.172365565314465,49.24401055616777],[21.1724559390988,49.24426057644151],[21.172497000556987,49.244374295082665],[21.172650380997837,49.24465590244934],[21.172841204516264,49.24500664526903],[21.172863510088796,49.24504767159747],[21.172937279766032,49.24522569660292],[21.172999010624487,49.24537462884832],[21.173009763767883,49.24540062066454],[21.173029402821175,49.24544804492811],[21.17300435045684,49.24561235664723],[21.172991762174863,49.24569442054098],[21.172906167669066,49.2459271436451],[21.17289571883883,49.246104244728706],[21.17298701902796,49.24622106470157],[21.172994857009193,49.24622671100306],[21.173107031644314,49.246308086045765],[21.173268573178557,49.246425212195454],[21.173365595105086,49.24649567083568],[21.173686055528254,49.24672821971315],[21.173705254099204,49.24673458129036],[21.173914896863337,49.24680496031472],[21.17395956016081,49.24684299465776],[21.17409134928756,49.24695522837364],[21.174225620270615,49.24698067106931],[21.174304958705278,49.2469957543064],[21.17457484305861,49.24706594508591],[21.174651619837864,49.2470859890636],[21.174730171304972,49.2471175208914],[21.174957125126145,49.24720887343181],[21.17496467019671,49.24721099968697],[21.175492061472994,49.24736467344146],[21.175507163398972,49.247376307807336],[21.175845723867543,49.247638041919934],[21.175979154844388,49.24773727182256],[21.176585117174366,49.24818829770821],[21.176885374563177,49.2484776376331],[21.17707128929313,49.24858129638853],[21.17725785038513,49.24860629851435],[21.17729420619643,49.24861121501495],[21.177319616401324,49.24863424345095],[21.177450242621937,49.2486965661223],[21.17799500986537,49.24908382922945],[21.178375294713973,49.24930544952044],[21.178585817167807,49.2494281479067],[21.178748063750806,49.24952269289743],[21.179235236711698,49.249879705153155],[21.179579460687407,49.250184992818134],[21.179948371512875,49.25029111846268],[21.18062499052275,49.250541334295725],[21.180964833331902,49.25072567571563],[21.18116271954646,49.250937093041514],[21.18152212182288,49.25121548221832],[21.182001158823734,49.25143539957123],[21.1835384716624,49.251659603938414],[21.183540151064133,49.251647863897794],[21.18459706239572,49.251931697823814],[21.18510107708448,49.25202401432029],[21.185519806053097,49.25219612734515],[21.18597208033324,49.25233057626169],[21.186678521831706,49.252525062863135],[21.18687618792554,49.25266237754431],[21.187325075178684,49.25284919599671],[21.187602010422758,49.25298573786179],[21.188500748958184,49.253476870488136],[21.188758386007795,49.253642514374526],[21.189541537897984,49.25405541420343],[21.18985622378191,49.25424416557834],[21.190408786050185,49.254346340839746],[21.190882791496225,49.254479285480585],[21.191329441078498,49.25465377535138],[21.191483432423606,49.25476217707506],[21.191840182439698,49.25513883824887],[21.19187571198006,49.255310527222875],[21.192027628272456,49.25559718870345],[21.19187476759861,49.25598077002926],[21.191915940238324,49.25617702926009],[21.191995901408866,49.25638646742277],[21.19223632155703,49.25690515649709],[21.19258728064716,49.25713643577337],[21.193074938923502,49.25725035114786],[21.193500916425318,49.257477028945],[21.193779212084618,49.25760297476662],[21.193912690357028,49.25772891845744],[21.194011612313634,49.25783452389181],[21.194210315423014,49.257986529632944],[21.194535698765744,49.2581971134669],[21.194602225432416,49.25826777472217],[21.194890631609002,49.25846487564591],[21.19521469626249,49.258684238077684],[21.195217756894113,49.258822149895295],[21.195415349550206,49.258940272219355],[21.1955617703144,49.2592026322092],[21.196010654847985,49.25943811316735],[21.19609172740987,49.259463766604114],[21.196148488401384,49.25941692079578],[21.196351730300627,49.259303602247705],[21.196525618774793,49.25930297334719],[21.1964754259586,49.25935218379535],[21.196024055911433,49.25984117719109],[21.19596625502631,49.26003318862284],[21.19609555006048,49.26021697048919],[21.19761601849761,49.26170420646368],[21.19796062351386,49.26227625488442],[21.19796104729389,49.262496179915104],[21.197961085766103,49.262543080036686],[21.197961352980805,49.26266461146105],[21.1980876931461,49.26382471414124],[21.198071126086234,49.26409308072395],[21.19809494465783,49.26443048409632],[21.19819906173922,49.26506239583618],[21.198770377037143,49.26562500568765],[21.199549614518588,49.266275890855354],[21.19982704537591,49.26650765274146],[21.199885283945605,49.26655626885054],[21.20139008177421,49.26775886277369],[21.201832989012413,49.26804220066081],[21.202356332373054,49.26842866970269],[21.20263450365847,49.2685042680213],[21.20352350556369,49.269188861918764],[21.203499274513387,49.26921574583184],[21.20330836522606,49.26937500781093],[21.20311218099534,49.26955390960971],[21.20308826099818,49.26957459194715],[21.20288451734785,49.26972868450758],[21.202876513153875,49.269734737494936],[21.202759003773913,49.26982066050915],[21.202634636672467,49.26992149356094],[21.202614049430927,49.26994173905052],[21.20244804904812,49.270007704785414],[21.202276786642102,49.27024129804164],[21.202091679904655,49.27043809504043],[21.201834531781753,49.27061339397947],[21.20168000603026,49.27072031206869],[21.201327073472733,49.27096447244589],[21.201271146101565,49.271007295912796],[21.201120856482138,49.27112406651596],[21.201033100098023,49.271192277425456],[21.200883311634314,49.27130591271434],[21.20062498262527,49.271432833646664],[21.20045861202554,49.27153038111866],[21.200293972490243,49.27162681186307],[21.200260924931328,49.27166521380985],[21.200153287337745,49.271766653528644],[21.200093046768146,49.271817714201084],[21.20005558479276,49.271848687777336],[21.2000223171029,49.27185215637183],[21.199986997803947,49.27190101970937],[21.199990735411692,49.2719405629766],[21.199983699004157,49.27201487843439],[21.199982646299635,49.272035099516735],[21.20005996525519,49.27208817796152],[21.20000237947446,49.272208903833665],[21.199954211783883,49.27226420976309],[21.199913188623093,49.27232153769562],[21.19989721008959,49.27232941344421],[21.19983681162167,49.27244528108699],[21.199815558022035,49.27249557101442],[21.19977686543755,49.272609951755435],[21.199754388524852,49.272679017190555],[21.199720102783186,49.27275536760353],[21.19969341278735,49.27281233008118],[21.199668244507944,49.27286537904135],[21.199613463094174,49.272949284942335],[21.199581329973466,49.27299023556257],[21.199487796459003,49.273102014246625],[21.199497876900008,49.273107187962246],[21.199477085278595,49.27313021712933],[21.19945008732456,49.273208503943884],[21.199378135553243,49.27322940536213],[21.199320500528433,49.27330332075531],[21.199260299126742,49.27338606812596],[21.199235708975156,49.27342923311548],[21.19915449352402,49.27367281813266],[21.199125574157843,49.27375482594833],[21.19910458513513,49.27382042679818],[21.199081642356322,49.27386553323391],[21.199019742188455,49.273977393162845],[21.19900004428722,49.274009997962494],[21.198961387432707,49.27405362649567],[21.19889636999611,49.27412308180228],[21.19880733073574,49.27421456571617],[21.19876107941072,49.27426236929365],[21.19857491440527,49.27444679619546],[21.19853155019238,49.27448892823981],[21.198425831290844,49.27459033609584],[21.19838042684675,49.274630244361035],[21.198273727831037,49.274711007857945],[21.19820630230222,49.27475293299196],[21.19813429322355,49.274789764888915],[21.19805940642896,49.274820746344986],[21.197979963664626,49.27485194638736],[21.19790729702649,49.274875075207476],[21.197788792421235,49.27490803301388],[21.19771351703839,49.27492919037876],[21.197645449698474,49.27494391024944],[21.197515713409665,49.27497048796458],[21.197359289031784,49.27502549232506],[21.197287832156498,49.275052799106085],[21.19723080043081,49.27507659301534],[21.197151403279793,49.27511094452252],[21.19703498640889,49.27515872916141],[21.196963771129756,49.275186493340456],[21.196887143214468,49.27521300919933],[21.19676436363053,49.27525177436348],[21.196689787120405,49.27527466311809],[21.196626602487466,49.27529223455133],[21.19649397085494,49.27532646269972],[21.1961019948344,49.275419608305],[21.19545463976546,49.275573862415634],[21.19492622326854,49.27570813406512],[21.194764802613015,49.27574470646334],[21.194588452659115,49.27578414538123],[21.19445444848013,49.275799335100004],[21.194432781610026,49.27580973390305],[21.194424149940794,49.275826298832165],[21.194365726600758,49.27583132466681],[21.19435121402561,49.27582466253777],[21.194334296154064,49.27581891584858],[21.194313220714665,49.27581168970932],[21.19429722570528,49.27581218285379],[21.19426799412034,49.275813074821095],[21.194182287402015,49.275820583351724],[21.19409803159404,49.275827056707485],[21.194054380498255,49.27582948088361],[21.19378420302961,49.275796869762125],[21.193655817416502,49.27579720037794],[21.193330824704557,49.27588098666837],[21.193282687902975,49.27591297670427],[21.19315195613443,49.27595698206295],[21.193132098256118,49.27595951538009],[21.192967175394614,49.27597797311759],[21.192935473753636,49.27598445903675],[21.19292314583709,49.27598560609355],[21.192917471181243,49.27598038874152],[21.192914687263666,49.27598462301089],[21.1928943259358,49.275986510519516],[21.192881842103322,49.27599359384132],[21.19287299281976,49.27600178033468],[21.192866797628483,49.276011309571885],[21.192796953788363,49.27601255896352],[21.192686579622197,49.27599409482579],[21.19268130967862,49.27598519934955],[21.19266501929309,49.275978391719526],[21.192640956994932,49.27597251268726],[21.192410823361474,49.27594168340648],[21.19223473009815,49.27592261581969],[21.19205410081534,49.27590538729395],[21.191973679706393,49.27589883589222],[21.191974988260345,49.275907338176246],[21.19197780162547,49.27592542905026],[21.19174416016412,49.275906911706386],[21.191681024922335,49.27592187159048],[21.191558306343996,49.27597107533659],[21.191418317054936,49.27596636177533],[21.190946598590767,49.27595061047306],[21.190951074924804,49.27599314772114],[21.190320350417114,49.27601664654388],[21.190079784595543,49.2760385081641],[21.18939132448048,49.27610107356669],[21.188881665207237,49.27614732539851],[21.188405871720533,49.27619705958193],[21.188195552648136,49.27626648770612],[21.188027426602137,49.27632516656562],[21.187866745205813,49.27637984613548],[21.187758654296193,49.276377291423536],[21.18728277027179,49.27651145447824],[21.187185178419895,49.27653668138016],[21.186871569768787,49.27661315319462],[21.186663111199007,49.27671936364789],[21.18663908815764,49.27670538304219],[21.186600958543448,49.27668295161571],[21.186559913526175,49.27665898911235],[21.186577659150046,49.27661552328081],[21.18651033564423,49.276565087511756],[21.186493091540815,49.27655815928616],[21.186453425339522,49.27651713639629],[21.18641542002884,49.27649110808034],[21.18636762944183,49.27646909584421],[21.1860739531607,49.27640395896694],[21.18596244252286,49.2763576376965],[21.185857920322636,49.276334398376264],[21.185726015601638,49.276288521863734],[21.18562414686793,49.27622692757718],[21.185608367032625,49.27620933276049],[21.185537253708972,49.27615427745739],[21.18546218604844,49.27611197140587],[21.18540427070038,49.27607028962813],[21.185163151762573,49.27590308752683],[21.185037465028433,49.27583796012747],[21.18488871087335,49.27576086173429],[21.184529681460173,49.2756221207941],[21.184487579358116,49.27560136518208],[21.184371424447487,49.27555651787622],[21.18425852482814,49.27552554455315],[21.184073886441713,49.275491615433566],[21.183820385450208,49.27546058092456],[21.18381067865374,49.275459738309294],[21.183511049259728,49.275434917009804],[21.183394123142847,49.27543280296067],[21.18329012636965,49.275430731724214],[21.183054966199858,49.27544635616538],[21.182839533075388,49.27546691593598],[21.182833715503254,49.27546745472384],[21.182202216798736,49.27547135176398],[21.181466510351918,49.275498730962624],[21.181024049575605,49.27549501399698],[21.179341006488862,49.27553882887261],[21.17919024291336,49.27551396051393],[21.178783202181762,49.27552448292349],[21.17862766037321,49.275555725813746],[21.178206324231457,49.27576230890563],[21.177925096593185,49.27597569461701],[21.177691610168758,49.276051312516536],[21.17724232350797,49.27611470165396],[21.176663693541244,49.276144344459375],[21.17617135244627,49.27614157226815],[21.17593825027058,49.27616849909362],[21.175823804801663,49.27636053359668],[21.17545498372262,49.27647314845424],[21.17508396900373,49.27686843997879],[21.174875025643377,49.2769469796253],[21.17479038243318,49.27693983440977],[21.17471962936563,49.27700063653931],[21.17482208164177,49.27705973841197],[21.17460727098087,49.27711874045771],[21.174422748536333,49.277064365660195],[21.17416596917118,49.27713285778304],[21.17366756188217,49.27738265634019],[21.172513172374664,49.27804835606319],[21.171339254461955,49.278705963071225],[21.170272807224304,49.279434524264396],[21.16711118182041,49.28153086663448],[21.166461148915825,49.28195061546949],[21.165765987380922,49.28230809544807],[21.165561389704074,49.28241322095924],[21.164000118677617,49.28303432347304],[21.16366708112331,49.28316080701638],[21.16237957743433,49.28372952410983],[21.161766255336058,49.28403976667191],[21.160839739493827,49.284642918343636],[21.15979382522164,49.28540660225345],[21.15982934375569,49.285423289446854],[21.159821828361064,49.28543007517885],[21.159302584718464,49.285839936270015],[21.158771416969422,49.28620585221746],[21.158504275644336,49.28639218120136],[21.158350283952153,49.286495461978895],[21.157866302582907,49.28673565843906],[21.157270671780267,49.287036442247064],[21.156616739672202,49.287360868431065],[21.15536100210598,49.28800414584166],[21.155207295747562,49.28808087624409],[21.154671100535364,49.28857453366016],[21.154400273483297,49.28894941739418],[21.15431593560759,49.28907846582186],[21.154140417441926,49.2893397683078],[21.153978507956264,49.28991431288287],[21.15394912286225,49.29000151813965],[21.153922972422027,49.29035771070017],[21.15394967739458,49.29061069172898],[21.15398326121666,49.29086370874278],[21.153912679664366,49.290923424566934],[21.153920507077483,49.2909967655507],[21.154003079693442,49.29100241979898],[21.15398804457312,49.29104974743291],[21.153930943594883,49.291229521429166],[21.153804834972284,49.29143818422611],[21.153614956825677,49.29157813995764],[21.153529202624707,49.29164016954255],[21.153299173229758,49.29178336444142],[21.153268619145734,49.291802118652235],[21.15318242517067,49.29185513232517],[21.153178094811082,49.291857876877714],[21.153164950848915,49.29187006655131],[21.153149000122752,49.29188486860383],[21.15307308684087,49.29195530872587],[21.153045189457593,49.29198098776502],[21.152923569939798,49.292092840694295],[21.15270202999069,49.292298414102866],[21.152537898510325,49.292423153880904],[21.152413518567563,49.292533209240965],[21.152272899772026,49.29264698507827],[21.152257859395018,49.292658754993326],[21.15220076318207,49.29269782928107],[21.152187330478363,49.292700827879194],[21.152151509526743,49.29268259868503],[21.152087519948928,49.29272370676679],[21.152004637148725,49.29274846781898],[21.151936713113795,49.29276631738325],[21.1519250291516,49.29275487790302],[21.151801585301182,49.29279033660598],[21.151761720398092,49.29280654737187],[21.15167517866842,49.29279680607144],[21.151578389647106,49.29284786532957],[21.151465980052404,49.29290734540655],[21.151400816021226,49.29295318721432],[21.151326067540126,49.29303581543918],[21.151294002097973,49.29307324555839],[21.151134316811664,49.293247903615935],[21.151169526726683,49.293319404975584],[21.151054505092592,49.293371331041534],[21.151054446225086,49.2932447629001],[21.151023816336206,49.29320833272195],[21.150915378459956,49.293281169905356],[21.150697572276012,49.29342825504512],[21.150673944090432,49.293451997347645],[21.150621916266456,49.29351571534619],[21.15059317983494,49.29355090946052],[21.150577309752997,49.29357021466557],[21.150566435636733,49.293579594832984],[21.150539986970756,49.29359676709491],[21.150418939663382,49.293670737764074],[21.15031718581607,49.293720019633405],[21.15031260030937,49.29372248601035],[21.15013187301364,49.29380322187473],[21.150113451705447,49.29381416508651],[21.15009488647268,49.293825193789225],[21.150028585844932,49.29387523004015],[21.149933864774425,49.29394678731298],[21.149872933666195,49.29399492188414],[21.149843540177514,49.2940147019686],[21.149689088638684,49.29414613377898],[21.14962453663994,49.294200455687516],[21.149530560347824,49.29428058786417],[21.149470601539658,49.29433046317621],[21.149455599565975,49.29435105580647],[21.149387683850634,49.29444551020283],[21.149356911272005,49.2944915322842],[21.14917881471355,49.294609437250806],[21.149065809187448,49.29468816047583],[21.14901898598758,49.294720354915476],[21.14896809331639,49.29475548198965],[21.148928974360523,49.29478584826562],[21.148802213359108,49.29488691338636],[21.14876915077423,49.29491539966492],[21.148569598251417,49.29507610801581],[21.148549323584945,49.29508978328954],[21.148477652455636,49.2951379394617],[21.148446982248664,49.295158219180365],[21.148206258292316,49.29531727185401],[21.14805511623623,49.295418559498],[21.148004445363732,49.29545252292126],[21.147983018991436,49.29546688202463],[21.14796409877644,49.295478979475554],[21.147956732182905,49.29548369876744],[21.147850866555753,49.2956206176352],[21.14775031761778,49.29575635339993],[21.14756981584112,49.29579082304351],[21.147492667186036,49.29580675963325],[21.147423141962374,49.29583319817387],[21.147349873683698,49.295880583309426],[21.1471867227351,49.295989773811336],[21.146995050588046,49.29611994122547],[21.14683305755376,49.29622646714456],[21.146665312950066,49.29631948907276],[21.146371095476308,49.29648333622521],[21.14619721777462,49.296624144563225],[21.145804213850777,49.296888402961685],[21.145744046244378,49.29698778034067],[21.145739502068768,49.296995288909976],[21.145544266282887,49.29719060565669],[21.14542139842686,49.29728908941902],[21.14527670087225,49.297355019178596],[21.14515637939835,49.297407673214316],[21.144883227474566,49.297530141262904],[21.144670897586398,49.297693952002675],[21.14444034874937,49.29786403016959],[21.14427658484402,49.29800380407603],[21.143679680738888,49.298502075835906],[21.143425887139845,49.29871480925872],[21.14320170204108,49.29890488979965],[21.142979371708858,49.29909592856403],[21.142143661281434,49.29982720155818],[21.141626340137307,49.300290973307675],[21.141418400772316,49.30045653737438],[21.141334466133426,49.30051960633197],[21.14130038294677,49.30054688828638],[21.141145246818272,49.30067207697222],[21.140785313499165,49.30090891613445],[21.140541003330494,49.30105613886816],[21.139947008958803,49.30137012608217],[21.139860117734887,49.3014153671168],[21.139796997277525,49.30144812465213],[21.139756729284382,49.30147152044146],[21.139664491460444,49.301520193552605],[21.139624835677697,49.301539017628194],[21.139623272017175,49.301539688485],[21.13947314907673,49.30159490833781],[21.139368204919496,49.301634808862936],[21.13917865536467,49.30170759929668],[21.139153140238797,49.30171759710392],[21.139030981896614,49.301765056299764],[21.138911700768045,49.30181269611747],[21.13839056418999,49.30194857496646],[21.13758209292856,49.302141012524565],[21.13728792078857,49.30221004979542],[21.136817997853374,49.30236626143187],[21.13660974499231,49.30248535782332],[21.13655772494155,49.30252620559073],[21.13653083784266,49.30254732194709],[21.13645177534012,49.30266176231432],[21.13630830835961,49.302833763186776],[21.136295539543895,49.302883681020774],[21.13626129943916,49.30304175456745],[21.13614742688428,49.3035495604569],[21.13604909481197,49.303798241280354],[21.135974828778625,49.304075227308],[21.135967634727173,49.304101826010275],[21.135954332088104,49.304155237704],[21.1359401862083,49.30420142125347],[21.135910842020223,49.3042931250028],[21.13590529491489,49.30431419448309],[21.13585092529967,49.3045286148122],[21.135824410468892,49.30463607115541],[21.13580984861485,49.30468602236591],[21.13596473900234,49.30469883172011],[21.135856197285467,49.304729523895524],[21.13579666570782,49.30473034588228],[21.13579019686435,49.304750846154626],[21.13577154036803,49.30480777966107],[21.135747366043642,49.30488911426896],[21.135749120476834,49.304934359247525],[21.1357161785731,49.30497220797965],[21.135682626423073,49.30511905063675],[21.13566893660889,49.30516650881144],[21.135637958627825,49.30526914326666],[21.135624950682466,49.305314822570985],[21.13559306782882,49.30541292750118],[21.135579829660237,49.305459859802845],[21.135545425630703,49.305580930056685],[21.13553095417307,49.30563151421687],[21.13550292805431,49.30573145119608],[21.135483423983658,49.30578493718005],[21.13545400778048,49.30586826675782],[21.135447376645935,49.30588723156362],[21.135437143438747,49.3059176951603],[21.135411241127557,49.30599258380389],[21.135394412514252,49.3060322012428],[21.13534237986307,49.30616081681477],[21.135330405550693,49.30619248572216],[21.135283186614682,49.30633421594122],[21.135271411098998,49.30636319054303],[21.135221652029635,49.30648710680473],[21.13520648931314,49.306528397138614],[21.13516632618269,49.306637943111284],[21.135150923871443,49.30668993815159],[21.135121859144476,49.306787141685454],[21.13510930437377,49.30685651026035],[21.13509613676054,49.30693045046578],[21.135098094994465,49.307027012754915],[21.13509698087254,49.307088730699355],[21.135138481818128,49.30731355791679],[21.135102285131648,49.307432771061116],[21.13511274816839,49.30748126149276],[21.13513237896347,49.3075454345221],[21.135134454900015,49.30758258790182],[21.135136927315774,49.307728136765846],[21.13513656117356,49.307761072192605],[21.135137723794,49.30785535885593],[21.135120224576728,49.30789099424763],[21.135073457864294,49.3080097837587],[21.1350604922224,49.30805114340589],[21.135020722764473,49.308177715334764],[21.135008555648195,49.30822504143638],[21.13497783113529,49.30832606334342],[21.13496558150375,49.308370776282985],[21.134936725862982,49.30848004889656],[21.13493153403611,49.30849815890511],[21.13490106038239,49.30861629232881],[21.134859407096695,49.30876837015479],[21.13482514415014,49.308907988531544],[21.13480875287488,49.30897336513462],[21.134789209086208,49.30905160497761],[21.13470370555898,49.30926801263406],[21.1346612277479,49.30937343449688],[21.134526263937975,49.309552993447255],[21.134421439311296,49.30967490120496],[21.134368954364387,49.309720054417504],[21.134269911219018,49.30986807003335],[21.134190956134116,49.30998269248975],[21.134100114968707,49.30994876833369],[21.133789567797347,49.31019596918076],[21.1337505876295,49.310229755989226],[21.133722344310712,49.31025424971373],[21.133676547219807,49.310288991534186],[21.133594558605136,49.31035517762562],[21.133581209898853,49.31036627862709],[21.133571573751713,49.310373716038065],[21.133452090658523,49.310472205363595],[21.133416122568164,49.31050248640748],[21.133263293697308,49.31063115934881],[21.133130517892198,49.310754884107254],[21.13291331122441,49.3109573199439],[21.132899382319792,49.31097254343204],[21.132833862422675,49.31104501029432],[21.132606580704206,49.31129060669329],[21.132591315835956,49.31130713824621],[21.132389071922777,49.311521298111515],[21.132366041789634,49.31155720856509],[21.132308999885897,49.311652807759565],[21.13222167313313,49.31179678093098],[21.13212694486618,49.311949612211464],[21.132079412675857,49.31203948037238],[21.13198675331469,49.31221461161026],[21.131907180795395,49.3123356045587],[21.131883392114048,49.312370590779096],[21.131798840078556,49.312504929248846],[21.1315335172247,49.31297635039476],[21.131252459757096,49.313500385219456],[21.1312313868478,49.3135395979902],[21.131096059837386,49.313798268736114],[21.131069439967458,49.31384918876773],[21.13102006113627,49.31394349916357],[21.13100178575882,49.313978389339766],[21.13099825916153,49.31398511938007],[21.130939469615452,49.31409497580663],[21.13090794855679,49.31414700123582],[21.130859762503395,49.31423261740326],[21.130832235708567,49.3142808981819],[21.130779413077118,49.31437708010892],[21.130756662935237,49.31442407147456],[21.13070621921247,49.31451600761355],[21.13067635069985,49.31456988557842],[21.13062153788395,49.3146669047558],[21.13059248218094,49.31471909801928],[21.130540697339303,49.31481054162801],[21.130515270328228,49.31485834856788],[21.130488520617725,49.314907283960125],[21.13045188618121,49.314974450965416],[21.13042084970977,49.315031082561674],[21.130371450133683,49.31511819053312],[21.130342914302084,49.31516706946181],[21.130281756424754,49.31528657282433],[21.130247573749703,49.3153485061148],[21.13022923298372,49.315382403907954],[21.130202941310607,49.31543072358125],[21.130155175694544,49.31551248195606],[21.130014464432715,49.3157674707174],[21.129973839851942,49.31582712994402],[21.129914929784128,49.31595345559379],[21.12989922112029,49.31599085723757],[21.129813420812994,49.316233177867154],[21.12980439146831,49.316258457953346],[21.129698788699713,49.31662518920948],[21.12969681614076,49.31673567026586],[21.129637939960084,49.31704401535455],[21.129503512215937,49.31769996682933],[21.12938463502591,49.31802081865248],[21.129391493780723,49.31816083492707],[21.129553636576087,49.31838524514472],[21.129672112793926,49.318423646315104],[21.129860891881382,49.318533673429016],[21.130069991981973,49.31865568465825],[21.13010576835929,49.318676529192956],[21.130105179265417,49.31870684696404],[21.130681854575844,49.31895866504599],[21.131001437852376,49.31916023057804],[21.131278857453264,49.31935659258374],[21.131972268660167,49.31985694195416],[21.132290689833358,49.32010419635723],[21.132554495569245,49.32027807045794],[21.132763102508655,49.32040321141035],[21.13285237789375,49.32045671049438],[21.13318821276648,49.32066967465571],[21.133367235511866,49.32073302787104],[21.134024808929325,49.3210050252195],[21.134608531622042,49.32126271576994],[21.13483735041571,49.32134924236772],[21.135161791398122,49.32148730545108],[21.135516539594125,49.32157861387826],[21.135505666137263,49.321591593587],[21.135815102140953,49.321641953452605],[21.136078308260416,49.32166564910834],[21.136306689103005,49.321681674412005],[21.136682762954273,49.3216911949229],[21.136893201286245,49.32169657114871],[21.137703080320797,49.32171706730775],[21.138472336157324,49.321752480624404],[21.13867062882842,49.321782495875915],[21.13901307427049,49.32184279941655],[21.13903550539692,49.32184674704198],[21.13943258240538,49.32203083589759],[21.13976214662988,49.3221948823143],[21.140294426351677,49.32247657713482],[21.140849900213215,49.32275008814809],[21.141322450590476,49.32293987818814],[21.141913455370666,49.32318362665007],[21.142539947206508,49.32342803917713],[21.142686811232675,49.32349450562635],[21.14298095759428,49.323590003617014],[21.143404002446445,49.32364256906003],[21.143833216277024,49.323697397524704],[21.145915690501234,49.3237580634903],[21.14714813017718,49.32379142473097],[21.14728837222925,49.32373651307784],[21.147470524368043,49.32373900011553],[21.147751658721134,49.323801850289264],[21.147947339407914,49.32380764249581],[21.14819744592086,49.323846741592995],[21.148168387920045,49.32397401323079],[21.148142275665684,49.32397328234029],[21.148373359071535,49.3242166631313],[21.148380134681297,49.324238750412114],[21.148425415970053,49.32427843133931],[21.148442874549453,49.32429383305982],[21.14841900108224,49.32430946580404],[21.148393814466825,49.32437663736634],[21.148251663532424,49.32479813213548],[21.14802958378484,49.32507992711345],[21.147966060711106,49.32524509278384],[21.14799935540065,49.32524929012827],[21.14810415292026,49.32526248665699],[21.148118068763505,49.32526427439589],[21.14786331752472,49.32607983657617],[21.14788239215575,49.326140658024556],[21.147874775340966,49.32622170444426],[21.147897889111107,49.32670861602606],[21.147907475187573,49.327003184791586],[21.147945995432345,49.32720027395544],[21.14796864430992,49.327349154839965],[21.14805015400056,49.32771817856568],[21.148133987916243,49.32807809341198],[21.14831512623323,49.328463301053546],[21.148453094740034,49.328800702356],[21.148643707090972,49.32914893976904],[21.148690931354842,49.32948798931751],[21.148694405058148,49.329635456982906],[21.14873055572111,49.329776840266916],[21.14949559978077,49.32991241368545],[21.14968738950538,49.32989278504213],[21.149968364185863,49.329767307250115],[21.150072467215168,49.3297582455662],[21.15029481196403,49.329810059454324],[21.150323497243363,49.329813301060675],[21.1507481759025,49.32986129829077],[21.15090931512941,49.32989885603623],[21.150890976321556,49.33012764397621],[21.15088978294699,49.33021879396484],[21.150887717001538,49.33039111209429],[21.15088726332442,49.330423504050415],[21.150838477186582,49.33049506566944],[21.150792147142976,49.330563193745704],[21.150744742781356,49.33063281835337],[21.150718163016116,49.330737663690364],[21.150708872354468,49.33077409889158],[21.150633673275603,49.3310699638667],[21.150560602466044,49.33132376757786],[21.150557420926827,49.33133518984329],[21.150549871347224,49.33136105768874],[21.150519304358635,49.33146766808713],[21.150482322542718,49.331595951153794],[21.150451606882964,49.3316802325937],[21.150430548357527,49.33173808227319],[21.15037500226741,49.33193149470893],[21.150356497818073,49.33199581582859],[21.150346481220165,49.332030877934805],[21.150334242186812,49.332071811361],[21.15027992670304,49.332254100272],[21.150249381008024,49.3323566604894],[21.150245557169455,49.33236932280913],[21.15018357348846,49.33257720571829],[21.150173538135604,49.3326106469098],[21.150124324428557,49.33277599274689],[21.150102771028862,49.332848049536175],[21.15004985639908,49.33295134725209],[21.150036678578406,49.33297694823179],[21.15001084633344,49.33304725027346],[21.150006033995282,49.33306024159957],[21.149974353372908,49.33314638296127],[21.149949924228544,49.333212588279174],[21.149942699066845,49.33323216507272],[21.149846892122447,49.3334316938126],[21.149808323885214,49.33351221771451],[21.1497282839584,49.3336790253806],[21.149654587504752,49.333832619738786],[21.14965443686581,49.33383279504031],[21.149588388222316,49.33397042654952],[21.14953452785557,49.33410340000794],[21.149501042050716,49.334185973863484],[21.149445862340546,49.33437057568451],[21.149418980617483,49.334460738422024],[21.149360409503423,49.33465585566808],[21.149339792426737,49.33472452108683],[21.149258597057,49.33483584158446],[21.149221464490275,49.33491929096853],[21.149107614745418,49.33517487302004],[21.149058658930088,49.335244898359676],[21.148970003722216,49.33537146722505],[21.14892768643176,49.33554783133935],[21.148875503694157,49.335764663193196],[21.148855234142875,49.335849182467],[21.148874745822717,49.33601083625115],[21.14889725041194,49.336197338772095],[21.148859938125508,49.33635621674469],[21.148811638619414,49.33671494750294],[21.148825058651695,49.33677406035955],[21.148826783109833,49.33677870542012],[21.1489649852095,49.337156348971796],[21.1489311942509,49.33720371638291],[21.148933272332613,49.33725410122867],[21.148971444736237,49.337377453848504],[21.148980156930502,49.33741256420622],[21.148981005289535,49.33741601151163],[21.149036960275417,49.33764029186832],[21.149039636203668,49.33765072790999],[21.149054098112444,49.337708793230384],[21.149122772736458,49.33783697488253],[21.149165997255917,49.33808263923008],[21.149143132886742,49.338365294444856],[21.1491424654483,49.33837436519352],[21.149113435610264,49.33853674396164],[21.14906149583901,49.338675358533706],[21.1490085965903,49.3387914386834],[21.148991270731106,49.338968857926936],[21.148963437800994,49.33909436727821],[21.149003092780763,49.339251882761616],[21.149051186006847,49.339416414612785],[21.149063700077733,49.339517806853536],[21.149144815405087,49.33967914536083],[21.149179343091294,49.33974909314653],[21.1491876238308,49.33976573640012],[21.149210884199174,49.33981282593122],[21.14923732682049,49.339876578554374],[21.149278281366552,49.339975263585586],[21.149318969047084,49.34009068336008],[21.14937194339885,49.34024132566413],[21.14939470317115,49.3403307973823],[21.14942792581923,49.34046155548804],[21.14944568369359,49.34051603349635],[21.149512992694138,49.34072275645591],[21.14953848993527,49.340801242029286],[21.149537233115243,49.34083891962789],[21.149532277182598,49.34098117066982],[21.149667706944935,49.341059688968066],[21.149677466047734,49.34122850712851],[21.149686610262695,49.341265251209315],[21.149695539068556,49.34130117836986],[21.149740887719062,49.34148434693886],[21.14974366180345,49.3414953261193],[21.149737462381225,49.341544010535934],[21.14974738249855,49.341585189802224],[21.149741904614952,49.34162219469131],[21.14972804929706,49.34171501692534],[21.149754804361994,49.34182135710547],[21.149794104543673,49.34197814069508],[21.14980873247574,49.34203585088702],[21.14985243408423,49.34220771547796],[21.14987709484802,49.34230507814044],[21.149878158783025,49.342309342349786],[21.149913925490992,49.34243738950527],[21.149947811653558,49.3425591664094],[21.149954470314697,49.342594122042726],[21.149969821758454,49.342675709363654],[21.149983288512676,49.34274733563353],[21.150034718046626,49.342829155951975],[21.1500481672277,49.34285046226962],[21.15006907087418,49.3429108899702],[21.150106711039978,49.34301910213666],[21.150140013587166,49.343115115798234],[21.150176490975568,49.34322041086557],[21.150168513739338,49.343237083472786],[21.150121371802847,49.343334801330094],[21.150042019102226,49.34349956015826],[21.149998770193513,49.34358929873593],[21.149973887860195,49.34364099698359],[21.14997411398813,49.34365477665018],[21.149975113954778,49.34374230434593],[21.149976246075287,49.343828035853846],[21.14996538224903,49.3438539795262],[21.1498977870503,49.34401433666157],[21.149866054363788,49.34408985419426],[21.149852651490647,49.3441147279225],[21.149822634083232,49.344170675669666],[21.14982062416732,49.34422795320583],[21.14981580745008,49.3443589563076],[21.149815005335263,49.34438296558279],[21.149786419219097,49.34446065231086],[21.149772995119456,49.34449704750603],[21.149712159810147,49.34456363939192],[21.14962719840215,49.34465665847891],[21.14939987092799,49.34490570530737],[21.14919263244485,49.34513260859276],[21.149183788912946,49.345142322635795],[21.149090099363946,49.345273414317255],[21.148938962527396,49.34554483759575],[21.148916101795272,49.34558588716051],[21.14893623078172,49.34563998948714],[21.14894669046925,49.34566822328126],[21.148906950130097,49.34581694266623],[21.148873123207746,49.34594334363299],[21.148873103378538,49.3459436130602],[21.14884566389691,49.346089928352555],[21.14880779638507,49.34629181640089],[21.14875077911994,49.34650678533595],[21.148693907991376,49.34672724984914],[21.148639862420985,49.347014145413254],[21.148667808557413,49.347222241855555],[21.148623443975726,49.34737198604296],[21.148612446309315,49.34740908746131],[21.14856901991142,49.34755544046813],[21.14855451794728,49.34760458403405],[21.14855144380433,49.34772871046896],[21.148494809511064,49.34782612948497],[21.148380406132098,49.34802327222285],[21.148310655978747,49.348143503367346],[21.14827673778678,49.34820184865781],[21.148159553465973,49.34833193141909],[21.148021515388315,49.34848512320786],[21.14796479688249,49.34855184366322],[21.14786585208406,49.3486680966278],[21.147787721930992,49.34875988894692],[21.147735536746804,49.3488211707246],[21.147682516873417,49.34886010211403],[21.14759119417742,49.34892708521859],[21.14740372067925,49.34906486023315],[21.14734400648116,49.34910862203332],[21.147096149681513,49.349368451870056],[21.146809172006805,49.34941668255242],[21.14631255475379,49.349587406459136],[21.146059590282004,49.349660198977666],[21.14591151528024,49.349751231471686],[21.145213915572224,49.34988565638229],[21.144811918990836,49.349845469619574],[21.1438551444089,49.35018354524215],[21.143166447878013,49.350398893520925],[21.143070576779557,49.35043773499131],[21.14274985263808,49.350567889852975],[21.14238287213657,49.35074978825302],[21.14101502427737,49.35155496552846],[21.139897049778888,49.35212540073234],[21.139191161947295,49.35243677386061],[21.13793381386125,49.35286561577057],[21.136899921796036,49.35334523539672],[21.13658701123205,49.3534903834228],[21.13636786799787,49.35332306594355],[21.1362487264233,49.35325890916581],[21.136223513437873,49.35321967711682],[21.135444807485822,49.353583554050424],[21.135096409638507,49.35374639308419],[21.134490389068926,49.35402956209615],[21.13333557131609,49.354662238755175],[21.132317419340573,49.35522603288559],[21.131235280537865,49.35590563207369],[21.130678902995907,49.35629386945707],[21.130223829158577,49.35646385968573],[21.129954158558803,49.356631240166905],[21.129178222417927,49.35711272842034],[21.129104444261042,49.35716927007393],[21.128910146045044,49.35731805437463],[21.12883404117301,49.35737623272758],[21.12879562723836,49.35742416912887],[21.128681932715747,49.35756568667718],[21.128636994890503,49.35762169860403],[21.128640364169677,49.35763575771872],[21.128655724481487,49.357700065203275],[21.127903968509777,49.358282678885516],[21.127421451630507,49.358540009281064],[21.127362470681653,49.35855857993237],[21.127290501315837,49.35858133110874],[21.12717959331754,49.35861626464305],[21.12710737106923,49.358642428387896],[21.127001297278653,49.358680935160066],[21.126959394165056,49.358714538014006],[21.126811841361384,49.35883301988944],[21.12678237628954,49.358851262619694],[21.12663663618915,49.35894153606672],[21.12647415486899,49.35904199242102],[21.126393844252288,49.35909175481311],[21.12629822750685,49.35915093539787],[21.126236983617613,49.359188877793734],[21.126029434066464,49.35931725507185],[21.12598056186127,49.35932957325418],[21.12468553498981,49.358940540542804],[21.124494215382352,49.3590730290251],[21.124271029596624,49.359280304542665],[21.12388968045634,49.35958357828835],[21.12332506477251,49.359817592630336],[21.122386016418158,49.36009404100559],[21.12208303873989,49.36020814070553],[21.121946649094788,49.36044534340601],[21.121757275237645,49.36095839432986],[21.121569566802904,49.361664495650224],[21.12139804676341,49.362427279875504],[21.12124660029845,49.362540321106664],[21.12087442357067,49.36360929673981],[21.12071743785446,49.36437100948728],[21.120605940791037,49.36455111713792],[21.120109334862377,49.365167864752266],[21.11985851284828,49.36556491554328],[21.11952807937819,49.36615244372183],[21.119381335779092,49.366625342279804],[21.119353490249008,49.36672194994002],[21.119438160843533,49.36682914064234],[21.118578431099035,49.36782308374847],[21.118021585468977,49.368168043331],[21.11647854523059,49.369387971944796],[21.115028465102263,49.37045221669872],[21.114963947831438,49.3704968013551],[21.114963175323478,49.370520181489944],[21.11502038619713,49.370568353631306],[21.115070846366525,49.370610910752184],[21.11499665264404,49.37070037769835],[21.11498110435178,49.3706962842678],[21.11493636480199,49.37068433439663],[21.11492771677737,49.37068198993077],[21.11489994296521,49.37059199219504],[21.114840578104513,49.37058579002313],[21.114393874991965,49.370983734053894],[21.113784147550763,49.37145320401808],[21.113371708257578,49.37171639381358],[21.11274714123263,49.37219051940817],[21.112437025147162,49.37234739890469],[21.112226656171703,49.37243830716854],[21.11217264346849,49.37256585991333],[21.111810565467984,49.372818939416256],[21.111160731943944,49.37299114615834],[21.11027188474563,49.373620528666905],[21.110563982646667,49.37394872935098],[21.109941360617846,49.37401251142719],[21.109431700615286,49.3741736738325],[21.108841414026987,49.374108580428235],[21.10875554489209,49.37409910356711],[21.108203437994927,49.37423964963458]],[[21.159710246022794,49.23631350038773],[21.155029483506954,49.234635820661154],[21.15495103022371,49.23471212228926],[21.154810702490416,49.23484859281836],[21.1547770989923,49.23488129407344],[21.159594107605677,49.23652527263333],[21.159710246022794,49.23631350038773]],[[21.163622283522574,49.23708863842375],[21.163858565968184,49.23717562656565],[21.16397865035862,49.23721981152512],[21.164866507826364,49.23511174532383],[21.164512406167212,49.234998649455555],[21.163622283522574,49.23708863842375]],[[21.167396156766706,49.23112806822341],[21.166377967381468,49.23229270664568],[21.16645479077247,49.232328691998454],[21.16660985531763,49.23240007683337],[21.166699183774476,49.23244176511829],[21.166957172882956,49.232159985535255],[21.167897223878864,49.23113332575421],[21.16789209109237,49.231132084699304],[21.167709355818104,49.231123388659874],[21.167607581570635,49.231118489410115],[21.167396156766706,49.23112806822341]]],[[[21.18261238335896,49.21459963671798],[21.182429973616273,49.214589171512365],[21.182408710143285,49.21458301651645],[21.182324335275773,49.21455850770994],[21.182093684358463,49.21457084133322],[21.18191210830416,49.214488475457244],[21.181282703882214,49.21420596458387],[21.179647216130956,49.21343787184681],[21.179688936277547,49.21328380063891],[21.179959862977263,49.21228196936832],[21.180086061920903,49.21181483666734],[21.180105425184973,49.211743245446506],[21.180149188225354,49.21163280760016],[21.180155757240584,49.21161617905027],[21.18061423228185,49.210457448541796],[21.180444535032546,49.20994020341688],[21.18045118937814,49.20991484556178],[21.180791332043302,49.21007805423401],[21.180892891557058,49.21012686650172],[21.180898864498953,49.21012975365866],[21.181646976160735,49.210489071960474],[21.182021496224944,49.21066901371975],[21.1826434958309,49.21096776482697],[21.182931069195764,49.21110583043599],[21.183135391381683,49.21120402851886],[21.183566351335184,49.211411022170374],[21.183837067500757,49.211540997587],[21.1848572613914,49.21203103113856],[21.18490692220758,49.21205481533268],[21.187692788740275,49.21339269650918],[21.1871169398616,49.21390486977073],[21.187023933718503,49.21389512856092],[21.186961220803184,49.2139034355078],[21.186868197658022,49.21396012811581],[21.186763239387776,49.213997634415925],[21.186687566923563,49.21400085611776],[21.18652378016468,49.214059392853194],[21.18634811644707,49.21407903059855],[21.186232959664803,49.21410748650762],[21.18616293453757,49.21412375679612],[21.186112194691923,49.21413558737211],[21.18607767173566,49.21414360272591],[21.185874319483617,49.21414527253833],[21.185640792649984,49.21418587957688],[21.185575480759287,49.2141940147173],[21.185449126400716,49.21418935345405],[21.185404751723954,49.214204352918436],[21.18528718538484,49.214279182923136],[21.18519654910475,49.214333248138196],[21.185102191228367,49.21435911104999],[21.184996434260878,49.21435464173083],[21.18482323689267,49.214300628026585],[21.184664852966865,49.214303698613094],[21.18458066695628,49.21425768262924],[21.184439009564084,49.21424615143669],[21.184288615709004,49.214332108927785],[21.184244840307645,49.21441068060624],[21.184198212493175,49.21443965240842],[21.184097149485407,49.21443676905555],[21.184020535892806,49.21444914170657],[21.183951293475538,49.214441399853555],[21.183863660652257,49.214401217091925],[21.18379468578017,49.21440302558766],[21.183711942920862,49.21436929668367],[21.183615633939173,49.21432749267708],[21.183501664138337,49.2143244760761],[21.183344362649386,49.21436367659928],[21.18318946915053,49.214426447243035],[21.18312581475079,49.21443634314461],[21.182864697765847,49.214552060354436],[21.182804079207465,49.21455610953793],[21.18261238335896,49.21459963671798]]],[[[21.015232720514923,49.28332245265789],[21.015247902992375,49.28373914369352],[21.014903595239883,49.28385278545339],[21.014429974962745,49.2839206168114],[21.013683973108545,49.283653033291],[21.013396207828674,49.283414797383934],[21.013189426734503,49.28312698659549],[21.01385556957233,49.28322523841369],[21.01425925838806,49.283043855173204],[21.01488303585819,49.282668616273725],[21.015232720514923,49.28332245265789]]],[[[21.013190432908747,49.28117837545948],[21.012670064560826,49.28122792881557],[21.012322333629527,49.2809985361548],[21.012153805226323,49.28071458168461],[21.011916819545124,49.28078706272112],[21.011517719929092,49.280220818229125],[21.01160177083434,49.28004071533782],[21.01175813672958,49.27961422616069],[21.011886135877305,49.27961570264724],[21.011939226927883,49.279372380078705],[21.011853672535587,49.279038016226615],[21.012201935774673,49.27941003211261],[21.012299631067027,49.27972777651621],[21.01241649011132,49.28004686629031],[21.012513357918124,49.28036647391847],[21.012720657774704,49.280612981051604],[21.013190432908747,49.28117837545948]]],[[[20.96915018257456,49.29888061757968],[20.96888724837955,49.29891983941755],[20.968896256420468,49.29880840994111],[20.968871057473837,49.29881027951479],[20.969094745209294,49.29847671694893],[20.969416705149442,49.298145135232524],[20.969510285484855,49.29813480762439],[20.96961034127516,49.29797803544308],[20.969784994987236,49.29792140569445],[20.96985458759437,49.29780441193427],[20.969830645187166,49.29758827164358],[20.969853754742022,49.29759920719307],[20.970037470735058,49.29768746340339],[20.96998929727858,49.29786053183444],[20.970106211032743,49.29800105249815],[20.970085198379696,49.29812180927954],[20.969980978431092,49.29811837204286],[20.969800852128575,49.298195978528554],[20.969767271360947,49.29833153572851],[20.969578394903955,49.2983708608461],[20.969524530077,49.29846775648283],[20.969260987078904,49.298497055753494],[20.969255717580516,49.29871709413535],[20.96915018257456,49.29888061757968]]]]}},{"type":"Feature","properties":{"LC":"Lesy na LHC Hertník","KLC":"PO-SL267","KPL":"SL267","RZP":2021,"RUP":2030,"PSL":1},"geometry":{"type":"MultiPolygon","coordinates":[[[[21.350148488307415,49.11390673719748],[21.350197936754718,49.11397482313232],[21.350231269847413,49.1139667264522],[21.35040006771155,49.11413900933681],[21.350432554375434,49.11429363241526],[21.350306235622977,49.11462273430047],[21.350191460941996,49.11481283909687],[21.350187927239332,49.11489356609241],[21.350160227719428,49.11504009217848],[21.35024364467068,49.115227559908696],[21.35026287373177,49.1157637160321],[21.350046971841483,49.11611309791552],[21.35006397614698,49.11629129263872],[21.3500226355646,49.11633380567281],[21.34988852852513,49.11658319247259],[21.349866749255305,49.11671153230919],[21.349795531137744,49.11679537010816],[21.349617570301998,49.11692751006514],[21.34959031689199,49.117024001618915],[21.349602731148202,49.117106104671265],[21.349632999704774,49.117100707071],[21.35127298385688,49.11861551373279],[21.35167359112294,49.118985447363634],[21.351812668834405,49.11911390425842],[21.352787396056264,49.120014122513915],[21.352854813190223,49.12007635165728],[21.353048555175913,49.12025522398232],[21.35306324933975,49.12026880404048],[21.353242733979688,49.12043374889901],[21.354423045402108,49.119863589758275],[21.35509012087564,49.119664825470295],[21.355366545855333,49.119679362562856],[21.356543868237488,49.119489040407196],[21.3565610248785,49.11948883129383],[21.35714477334942,49.119384338120064],[21.35736180772984,49.11925416077841],[21.35775370220966,49.11894124169934],[21.35783861017508,49.118873469336364],[21.357900299072572,49.11882417845328],[21.35794732139409,49.11878669268918],[21.35829792350155,49.11860090150245],[21.358597568490257,49.118442036687576],[21.358955561372024,49.11825241305461],[21.35909691042936,49.1181774984544],[21.35899534691801,49.11809733421559],[21.358899718333003,49.11801860671349],[21.359151196915278,49.117774774624706],[21.36048787042432,49.11700758167322],[21.360645177250692,49.11700533070415],[21.360893624855795,49.11700183025937],[21.361066408426375,49.11700183939253],[21.361201288443805,49.11698874905844],[21.3610859126369,49.116689533737684],[21.36488975569459,49.11670126908062],[21.364975240537117,49.11669651810667],[21.365604026184542,49.11666200212137],[21.36596663838528,49.116551976703164],[21.36654836481528,49.116360605521876],[21.36694961254908,49.11628682966711],[21.3673878903521,49.116274640648335],[21.368433733926192,49.11620739614459],[21.36875559086857,49.116123516430655],[21.36879915975586,49.11611211780076],[21.369224342709803,49.11600132934823],[21.36927951557204,49.11594886904748],[21.369928601683803,49.11592402386617],[21.37040483261841,49.11596200667164],[21.37071351386484,49.116011669689684],[21.371997991776674,49.11653952463466],[21.372516395641675,49.11691530610034],[21.37282736952273,49.1172645929369],[21.37326151847473,49.11754371970263],[21.37368308215537,49.11771481677148],[21.37419269146964,49.11776223391197],[21.374760850916218,49.117891494607946],[21.37554736846662,49.11801416901189],[21.376126491021644,49.11838102004147],[21.376970906010897,49.11872493907076],[21.37734789291363,49.118748792434005],[21.3773721976001,49.11875032210285],[21.377396365432716,49.11875184771496],[21.377384230049998,49.11878875350056],[21.377366517755313,49.11884295654762],[21.377819093171645,49.11900613474343],[21.378268231965677,49.1191814510208],[21.378634643064125,49.119375290037446],[21.37935790790535,49.11950488692743],[21.379436346081203,49.11955086360029],[21.379483470746386,49.11957755128264],[21.379752328109987,49.1197362758587],[21.379397926041612,49.12014623685193],[21.379696632242396,49.12025975841328],[21.381012515169026,49.120764492935365],[21.381619524060564,49.12118362559946],[21.38323981568061,49.12105392923631],[21.383292386468803,49.12122317490211],[21.384268247073305,49.12103760267354],[21.384664122520647,49.121474243542266],[21.38480815100217,49.12143979320864],[21.3850206781157,49.12181439897591],[21.3851675829503,49.12301211283873],[21.384906715919435,49.123454375809125],[21.38563907556455,49.125500816178175],[21.385797298799993,49.12672586442088],[21.38580456156912,49.12828237689852],[21.385848260583472,49.12849123353821],[21.385932624916258,49.12851307697069],[21.386050504171973,49.12866426613189],[21.38626550330713,49.12873128144933],[21.386325718781006,49.12886330564513],[21.386367252515058,49.129085779764715],[21.385766455280326,49.12960036884886],[21.385857931911563,49.12980658554075],[21.385737812627912,49.12991609313291],[21.385799233556273,49.13062269560174],[21.385907838396005,49.13060312933889],[21.38588020058496,49.130896200337205],[21.385982270755346,49.13132406733118],[21.38614115686411,49.13155747686275],[21.38615244207911,49.13175700500837],[21.38631921636781,49.13217751044954],[21.385951393009687,49.1324326348682],[21.386020325178098,49.132549614350935],[21.385604387322644,49.13311826673154],[21.385583170674757,49.133245636305475],[21.385648128090352,49.133524608869685],[21.38581118498789,49.13371727652706],[21.38658402451484,49.134427596558645],[21.386984652648437,49.135014862306946],[21.387674743210894,49.13538987054881],[21.388021348200887,49.135702804402825],[21.388437795938625,49.136247775547375],[21.38874624105558,49.13657722326127],[21.38915515527227,49.13716229387901],[21.390146249227605,49.13807245627609],[21.39034090645833,49.13820880109013],[21.39082163656508,49.138468792557575],[21.392413203633712,49.13882056396177],[21.39269621472067,49.13895896768624],[21.392724373481045,49.13900255234982],[21.392103334090297,49.13921486150451],[21.39162824352246,49.1392931222903],[21.391228706580048,49.1394019614484],[21.39050274807584,49.139523499507284],[21.389227838902162,49.13953964467566],[21.3893492666107,49.139573469267624],[21.38935097398153,49.13961663480598],[21.389389374865903,49.13986313674131],[21.38810630116789,49.13985013567219],[21.38725425676962,49.13984146893474],[21.387176411399636,49.14022657893809],[21.38715980808019,49.14025264222843],[21.387133501495533,49.14029417110129],[21.38712565058613,49.14030663097391],[21.386249313984838,49.142598909952525],[21.38599281270493,49.142558035102915],[21.385312702594042,49.14421054132763],[21.385407226955945,49.14423466438139],[21.384876881692325,49.14518950443445],[21.384898313162143,49.14572111130089],[21.38520651561275,49.1459186030191],[21.385272322791995,49.146199399263466],[21.385190359803026,49.14646215150472],[21.38523881973852,49.146623801335984],[21.38548575932829,49.14681237264891],[21.38549856198306,49.14684776475932],[21.385511501588514,49.146883160909816],[21.385524435050762,49.14691864688723],[21.3846172040306,49.1470986184658],[21.384442242601192,49.1473448527073],[21.38414258299603,49.14764465138879],[21.384017873492244,49.147716397790525],[21.38393844229939,49.14785014850293],[21.38296554704718,49.1483946930071],[21.382438536497858,49.14876401093702],[21.383243578479412,49.14943568981572],[21.38344792997664,49.14962309715455],[21.3839075160588,49.15004432853862],[21.383931157068925,49.15006374889386],[21.385933350837625,49.1517037125568],[21.38704018085707,49.15247634807007],[21.388078387485915,49.153327687311084],[21.388743088033234,49.15293765165271],[21.389642601173538,49.15388902795091],[21.39161825800426,49.15322203820038],[21.392322953619836,49.152822630174384],[21.3924114872796,49.15290246674007],[21.3932294901955,49.153640248698075],[21.392384077094437,49.15384802632345],[21.392140950346832,49.15393159503568],[21.390964517321635,49.15433591479555],[21.39056086442479,49.15450908077467],[21.39030767755412,49.15453708307549],[21.38977436393984,49.1547799633674],[21.389086785436145,49.15509309189997],[21.38913421128487,49.155178019668725],[21.387918250331097,49.15539743370757],[21.38730730140171,49.15553936225702],[21.386057207935306,49.155685922247905],[21.385282527738827,49.15575586114258],[21.383271557584887,49.15553510159852],[21.38082175185444,49.155715568064345],[21.38083838983525,49.15592884510907],[21.380843803499722,49.15601784567314],[21.382894142121362,49.15594520477838],[21.38290036672364,49.156050430993375],[21.38216448353886,49.15695814409188],[21.379274745135554,49.156517740802826],[21.378850700917198,49.156489540956244],[21.377101867957943,49.15647994092378],[21.376916349629944,49.156493534633945],[21.376689741770534,49.156549837635325],[21.375840505831157,49.1568293045079],[21.375845060005595,49.15686085311365],[21.37585726617462,49.15690684990977],[21.37588281486145,49.1569683634105],[21.375082926551446,49.15815992647793],[21.37478672139619,49.15842371142205],[21.373108647564564,49.159294926084854],[21.373313724348844,49.15948381200815],[21.371620455805687,49.160357527177524],[21.372351462574336,49.16086731365763],[21.370710317658762,49.16160511419093],[21.36944471338316,49.16212692893932],[21.367738076062526,49.16319812997985],[21.36917492283817,49.16406542035725],[21.368662932715186,49.164212979953376],[21.36724338265862,49.16484407223418],[21.366800987528684,49.16490979805958],[21.366657698826117,49.16511455289093],[21.365343415172678,49.16600959894278],[21.364359955407927,49.16691769345364],[21.363669559558378,49.167554997740105],[21.364210815554483,49.16823283023704],[21.364503794929234,49.16921040785483],[21.36446762579919,49.16948773863313],[21.364387737680676,49.17026108300939],[21.364745730112617,49.170995128441696],[21.36516686458586,49.17185868175031],[21.365736153057863,49.173597214583936],[21.36413720049241,49.174279119749876],[21.36453268019564,49.17464757209147],[21.36457701947755,49.17468939303503],[21.36463681972158,49.1747458945678],[21.365208815767303,49.17528601326739],[21.36524678979891,49.17530073177176],[21.36454710998034,49.17624596409478],[21.364287857045078,49.17661046426989],[21.364144930085928,49.17706779766721],[21.36408388212059,49.177882204092676],[21.36385415629298,49.17819870397254],[21.362487222090873,49.17922807885535],[21.36196842224854,49.17944579990741],[21.360586380654667,49.17986047081189],[21.359495112806158,49.18014227100915],[21.358993939788338,49.1803509621734],[21.358506700161332,49.18066780876098],[21.358202255200947,49.18082320780363],[21.35801324026796,49.18091371981658],[21.358085794882502,49.18112524279362],[21.35835799045842,49.18143406232103],[21.35855351889614,49.181827012529624],[21.358508846742335,49.18185349792495],[21.357513878767048,49.18288982607342],[21.357074828428146,49.18321818158662],[21.356569239549895,49.184269685490094],[21.35650420861085,49.184449393510484],[21.35600907144827,49.18487751965726],[21.355997523194123,49.18521291728725],[21.356090018605062,49.18546364911403],[21.355781473855117,49.185774909829476],[21.35551162772168,49.18598335840602],[21.354987418098204,49.186513678393226],[21.35477824713253,49.18685714716216],[21.354741224836612,49.186965408898104],[21.354653489994185,49.187349845569216],[21.35460829984741,49.18767119032384],[21.354549422428803,49.18790265678623],[21.354730184096606,49.18816177678503],[21.354952656358055,49.18825885759557],[21.354839995759004,49.188904034421554],[21.354132216838718,49.189318265409405],[21.35367711264412,49.18959374555039],[21.353092355355116,49.189956545575846],[21.352616446818587,49.19025660562905],[21.352494661194505,49.190563337651206],[21.352451900183706,49.190825616753884],[21.352312168680132,49.19090777683207],[21.35197086456583,49.19110832968337],[21.352276522842505,49.19122985502163],[21.352055076746943,49.19151210649584],[21.351738118496502,49.191920049036895],[21.351623193696213,49.19217918869686],[21.351312746292027,49.1927090190026],[21.350934886206556,49.193297868117696],[21.35075895104883,49.19353358711717],[21.35070627003094,49.19431898409268],[21.350785904251648,49.19466987864546],[21.3511473244865,49.194993701486716],[21.351480079974007,49.19538435759717],[21.35170542815408,49.19583059135634],[21.352013774840955,49.19595138622987],[21.352790548293036,49.196388201613935],[21.353008160360506,49.19691854197745],[21.353417873006535,49.1970652126934],[21.35383483440435,49.19730948918572],[21.353868680583542,49.19780024457103],[21.35323409822727,49.198607117281625],[21.35276088386001,49.199223827192924],[21.352574741868473,49.199426300996876],[21.35223712165069,49.199856222613434],[21.35171420709463,49.20052572558068],[21.351506642323812,49.20078939735864],[21.35137716428138,49.200966913507244],[21.351319337886082,49.2010500716846],[21.351339714706906,49.20115833125598],[21.35106139145472,49.201681646427055],[21.351372378974634,49.201895591311626],[21.35123955808966,49.202087589520914],[21.352118968267398,49.20213303521743],[21.35232038857769,49.202269096664494],[21.35237827789181,49.20251789900187],[21.352488820167277,49.20277402924958],[21.352722723731837,49.203779118432166],[21.35321938928449,49.20454494752605],[21.352558929226795,49.20456849599919],[21.352351999291134,49.20480698517323],[21.350524778906227,49.20641372639672],[21.34887739099135,49.20725269870015],[21.345668779320352,49.20778677056239],[21.34693613897899,49.21017212646868],[21.347294077612116,49.210460298491554],[21.348373794481205,49.211339114484176],[21.348105023479995,49.212463707662884],[21.348950413022234,49.21309097502792],[21.34803173337494,49.21407937128184],[21.34939654993126,49.21623446309565],[21.349668559461886,49.21651628553815],[21.348285970037168,49.21798133296272],[21.348909725998496,49.218720716421174],[21.34819602408408,49.21928470151937],[21.34914703652583,49.219724287316275],[21.348254057459137,49.22026367097797],[21.348549194262496,49.22057480728683],[21.348506575659396,49.220978853308075],[21.348945264074946,49.22202514625088],[21.35016862713078,49.221727190196525],[21.349414774103316,49.22323545248476],[21.348555117461988,49.22392938890222],[21.347209999934247,49.224689323809734],[21.346954441377058,49.22525435239124],[21.34685074984264,49.225775660856186],[21.347105602181767,49.2261823596163],[21.34836436033982,49.22623525276236],[21.34837599193604,49.22658627788069],[21.347989916147444,49.22766524744227],[21.346978657847234,49.227833680313694],[21.34701364101397,49.227876127305194],[21.34627497273785,49.22832054615136],[21.345838424323134,49.228875047544236],[21.345555292684097,49.22936760342421],[21.345264307363188,49.229725899722666],[21.34474540275978,49.230571104761616],[21.34385499985843,49.23224403226441],[21.343411992605763,49.2328984240375],[21.34296857063607,49.233110042948525],[21.34200486129688,49.23408472411726],[21.341233164277856,49.23534541949692],[21.341606830926647,49.23563884119759],[21.3413507812025,49.23587935811763],[21.34079397014804,49.23588686367104],[21.340547522953827,49.236163129496965],[21.340262393945245,49.2366692058437],[21.339630681852174,49.237298239683874],[21.339519532931526,49.237465220217665],[21.33956463935339,49.2374649467115],[21.339473744101483,49.237623350864396],[21.33941392209394,49.23762372504537],[21.33871723042947,49.238670260965264],[21.338728622022156,49.238700124415885],[21.33870754764669,49.238720467426646],[21.338086443263023,49.23938995501884],[21.33765692257316,49.240069752909015],[21.337550297182286,49.240570173898135],[21.337310004366095,49.24102780756922],[21.33628487480227,49.242842385189746],[21.336561599994457,49.243037874101304],[21.336747588360993,49.24338924897207],[21.336737052493113,49.243609458513156],[21.33663924409743,49.24384506267054],[21.336364646895657,49.24430337981847],[21.336051081774553,49.24480193656431],[21.335937637731405,49.24506650622537],[21.336005580315984,49.245358008261775],[21.335834011545185,49.2454071575003],[21.33501507839367,49.24509483127556],[21.333707174581754,49.24454735474356],[21.33370231402203,49.24425242647053],[21.333124125468714,49.24425754902204],[21.33219050259269,49.24508679071095],[21.330541389856375,49.24577994222504],[21.330051607431606,49.246005250538246],[21.32997877267515,49.24602053245258],[21.329934168712136,49.2460390896154],[21.328679157144535,49.24589206492652],[21.325684397537337,49.24619947989066],[21.323497261370868,49.246889192388444],[21.320572922315414,49.248068544048316],[21.31891548301579,49.24875696850847],[21.318011994707465,49.24850994144385],[21.31639017826874,49.249774030580845],[21.313614136232708,49.250767119756404],[21.313583320745916,49.25081632925429],[21.313430170722395,49.25087671193912],[21.31318693790798,49.25097264009689],[21.312888696186093,49.25109022622891],[21.31277707993937,49.251146546581424],[21.31273302983316,49.251168804596674],[21.312630965782514,49.251220281487946],[21.312256121131064,49.251308648768166],[21.311928876019874,49.25147108572782],[21.31182316557051,49.25151768167432],[21.311449182356313,49.25164072663625],[21.311385978166204,49.251661597780306],[21.311143134700675,49.251736200996504],[21.310950598696877,49.251795395476705],[21.31082987508787,49.25183253769769],[21.31070139749454,49.251815619837544],[21.310516436785118,49.25175127635915],[21.310280155744312,49.25170501040955],[21.310073516419397,49.251624351798725],[21.310008209572914,49.251598803204],[21.3098091673506,49.25144915420361],[21.309525107999814,49.25123159741009],[21.309275028860487,49.25109994338783],[21.30898181673362,49.25101271580174],[21.308691241701943,49.25100342655258],[21.307327837282124,49.251577682029406],[21.306935432676486,49.25155379966825],[21.30676379583653,49.25163837010657],[21.306572178176435,49.25171180698857],[21.30654646024706,49.25172165346875],[21.306271540912817,49.25181427277752],[21.306016774207617,49.25186276310744],[21.30588376668024,49.25188485833816],[21.30596839359116,49.25200325309083],[21.30601434846942,49.25206737577156],[21.30618358715684,49.25218120904837],[21.306882071547953,49.252502531166314],[21.306704345060677,49.25256414528368],[21.306574515442293,49.25263098267417],[21.30634850395725,49.252773051788864],[21.306264098072894,49.252841167459245],[21.305955367563318,49.253066434199845],[21.305909841254394,49.253088105225956],[21.305661292840455,49.25320645109742],[21.30550672748937,49.25326129053798],[21.305046540104417,49.253336802229605],[21.30502166590425,49.25333659256515],[21.304722601374074,49.25333441891778],[21.304690443833078,49.2533321894092],[21.304570021441354,49.253323878754216],[21.30443962016614,49.25331472708208],[21.30426621166116,49.253436055357994],[21.30418777214752,49.253135932930086],[21.30325375743078,49.2529961559982],[21.302305743052116,49.25285216866012],[21.30184042094267,49.25251426994167],[21.30180287562507,49.252479202883556],[21.30174971396766,49.25242962287029],[21.30173654904991,49.25242130467153],[21.30161358943496,49.252343605435954],[21.301284555196112,49.252155904829536],[21.30128296555695,49.25215504675971],[21.30091632915776,49.251968280678604],[21.300871194865657,49.25194531585815],[21.3001586534678,49.25140642385907],[21.30015655931326,49.25140492046223],[21.29968393666121,49.25104221851544],[21.299476812207512,49.25083793977852],[21.299247969246814,49.250612122145796],[21.29902808443501,49.25042311924829],[21.298925778482758,49.25029635394662],[21.29875254371575,49.25008148545092],[21.29868374849856,49.24993187865971],[21.29811443364427,49.24952313375309],[21.2980878251261,49.249561215229036],[21.29801595068588,49.24966408824482],[21.297934906627813,49.24978000601854],[21.297877116994826,49.24976691902629],[21.29786257734333,49.24976837011083],[21.29764766988084,49.24978978238332],[21.297133111301243,49.249841027062786],[21.297065814544638,49.24984772510396],[21.296872717957772,49.24980939690646],[21.2965931097583,49.24975387247952],[21.29641200105933,49.24977954417181],[21.29599808193906,49.24979971034419],[21.29541344040238,49.24985423026526],[21.295321149229665,49.24990922838406],[21.295159960465323,49.250172951980446],[21.29510888004799,49.250207052689326],[21.29488999636495,49.25035300644743],[21.29482405447544,49.25039700916387],[21.294576013511385,49.250490414033735],[21.29435933181226,49.25057198481911],[21.29411595009533,49.25066363937646],[21.293931362668605,49.25064500625617],[21.293788552105664,49.25063060653831],[21.29375210116759,49.25062689394111],[21.293324293157383,49.25063915990528],[21.292918048518814,49.25078034379905],[21.292784738377836,49.25074822778807],[21.292625246916003,49.25079092985725],[21.292239414755826,49.25082795479439],[21.292074690144517,49.25086491706618],[21.29174021186561,49.25093994894482],[21.29158079561023,49.25097572097139],[21.29137710883063,49.25101141336476],[21.29074246666287,49.25128492747098],[21.290458540941664,49.251407301995805],[21.290059879400864,49.25157913002846],[21.289863469899874,49.25165968625429],[21.28961567420587,49.251774691416244],[21.289108591309112,49.25211668764468],[21.288801126667753,49.25224707685575],[21.28858046279722,49.25242365983488],[21.288581014177694,49.2524469897176],[21.28858043358625,49.252447422197314],[21.28825631427701,49.25260133900872],[21.28765678525006,49.25314206722371],[21.286914688783902,49.25353436375043],[21.286613297565392,49.253802290453244],[21.28648154752591,49.253884170351355],[21.28630448854517,49.253951445395835],[21.28616068933804,49.25406563434602],[21.285672622233218,49.25425670218803],[21.285389291653477,49.25445577378671],[21.2847556707835,49.255020838626294],[21.28459486328907,49.255147922077725],[21.284460532503847,49.25526617666725],[21.284209192136117,49.2554211192328],[21.28371300222017,49.25563533641538],[21.283713993033615,49.25564076720616],[21.2837167508683,49.25565426268498],[21.283379389686623,49.25580434491194],[21.28297798374522,49.2559829981067],[21.282536823480946,49.2561792567983],[21.282345841981652,49.25626428644191],[21.280697066722524,49.256764238709],[21.280146738923975,49.256895877269386],[21.279194509682544,49.25712350752969],[21.279175726846468,49.25712851806837],[21.279096702230074,49.25714916209307],[21.27890331372804,49.25719621797398],[21.278490879990514,49.25733797655013],[21.27845584137704,49.25734726403004],[21.278354775045138,49.25737425924043],[21.27827280486894,49.25741704641788],[21.278263097856126,49.25742206238812],[21.278183905782125,49.25749355790965],[21.27771478878989,49.257627831678356],[21.277488260051275,49.257723295752825],[21.277331462854114,49.257772090652765],[21.277158925052102,49.25787801535726],[21.276789358391508,49.25799109613507],[21.276760195450027,49.25800866277958],[21.2764315484328,49.25820597739039],[21.276251346892938,49.25825703024328],[21.27592710899255,49.258275802105715],[21.275634691285763,49.25823955211478],[21.27563146981948,49.25825394627861],[21.275215782502112,49.258206748012704],[21.27507854040076,49.258191145067244],[21.27464712279234,49.25819315373784],[21.274568135250973,49.25817446030698],[21.27423960197078,49.258096783122014],[21.273562995641495,49.258259387511735],[21.27354250833882,49.25827289657538],[21.27351595780322,49.25829045187447],[21.273512498569122,49.25829268702314],[21.2733289765604,49.258407903749486],[21.273214268097206,49.25842745880558],[21.273156882819897,49.25853453934329],[21.273070055892237,49.25858365629128],[21.272978992166642,49.25860915094895],[21.273034232948874,49.25880543891314],[21.272946496341604,49.25890610553419],[21.272871531960458,49.258923718537076],[21.272625576400493,49.25904270627039],[21.272493252558146,49.25905659415945],[21.27239500930729,49.259173503220026],[21.27206237091948,49.259258168624726],[21.271968255955038,49.259375022915805],[21.27187599201045,49.25950066470842],[21.271611382727745,49.25966922021602],[21.271376416112748,49.259896735435575],[21.27118866031582,49.25999201739609],[21.271124326268332,49.260063240484584],[21.271062821350185,49.26008882301916],[21.271056363562565,49.26014101409213],[21.270861802227394,49.260243019492364],[21.27065227502557,49.2604627562548],[21.270486671637844,49.260732076359325],[21.27029625334075,49.26087444280379],[21.270046862314242,49.26111123802627],[21.269777522477035,49.26143518827409],[21.26975686041867,49.26143563952231],[21.26956841566951,49.26144178522611],[21.26872214204257,49.2614615686084],[21.26845322858409,49.26146787286414],[21.26822728589116,49.261481065827205],[21.268127743392643,49.26153285260621],[21.267641707341028,49.2614727743056],[21.267241327113787,49.26148659344113],[21.266985037523995,49.2613927341199],[21.266677025105697,49.26138992210031],[21.266395147913837,49.26139285625395],[21.266127986345342,49.26135519206515],[21.265859158358957,49.26132935822446],[21.265852602984786,49.261328708406815],[21.26578583329857,49.261321903117604],[21.2657806438951,49.26132138493292],[21.265252929789675,49.26127883930238],[21.264904436463343,49.26135013000389],[21.264803160855195,49.26133345111636],[21.26457396771905,49.261324664723666],[21.26440743046382,49.26132057829974],[21.264192035356466,49.26127251588268],[21.263855364248045,49.261092666548834],[21.263788923357033,49.26106192656548],[21.263488517675064,49.26106626903723],[21.26330617631233,49.26098860822692],[21.2630505705102,49.26094129774667],[21.262617299659674,49.26077965186042],[21.26238974873282,49.26066478529189],[21.26216353082248,49.26060846767531],[21.261843824305533,49.26057873207197],[21.261665590355012,49.26048787185079],[21.26127291993236,49.26021008163641],[21.26086415471949,49.25990344451746],[21.260315355188542,49.2595760595138],[21.260202585037014,49.25951230857126],[21.259803334575235,49.25944674425543],[21.259545128831387,49.25946694664833],[21.25945103701612,49.25943058920712],[21.259277081192753,49.259420687943376],[21.258961170906282,49.259305006924805],[21.25861100177065,49.259206911764004],[21.25842233910415,49.25911779808263],[21.258336223189588,49.25911426823387],[21.258069813593796,49.259176253252285],[21.257692759186956,49.25935304646762],[21.257463366418115,49.25955550212074],[21.257097602540927,49.25967610973166],[21.256749206493044,49.259751789857106],[21.256409314081672,49.25970630009845],[21.25615575244896,49.25988308109431],[21.255745514528435,49.259952277989285],[21.25544279677381,49.25994860773841],[21.25510874413241,49.25985981595586],[21.254862548422537,49.25986390266794],[21.254596981104307,49.259790614792045],[21.25427607071891,49.2597528101452],[21.254132138685684,49.259788556060464],[21.254006355621982,49.25972224073703],[21.253816110870485,49.25973244654309],[21.25347559295775,49.25960519630854],[21.25297178199787,49.25937843637921],[21.252872575219726,49.25929627992039],[21.252381964313415,49.25925453988739],[21.252294356685265,49.25928345505154],[21.252206375976264,49.25929255563513],[21.25165012110739,49.25920712791658],[21.251622800625775,49.259167946028505],[21.25165535312992,49.25912231462719],[21.25169234063494,49.25907042789825],[21.251870127662187,49.25898621292336],[21.25190699111222,49.25896879775676],[21.251868531667593,49.25887760703329],[21.25183196012406,49.258790794725634],[21.251658498058113,49.2583792538698],[21.251584170320655,49.258202982364196],[21.251435582050185,49.25821922939088],[21.251061331138885,49.25826025614782],[21.250940264424127,49.25825124058919],[21.250919332967516,49.258249699918075],[21.25086849117886,49.25825102453535],[21.250759535650996,49.258259212073945],[21.250695911113645,49.2582642860844],[21.250682079411796,49.258265393030705],[21.25060432945169,49.25827183499041],[21.250501498567832,49.25826166679393],[21.250384872047167,49.25825017613566],[21.250346717749686,49.258254859309],[21.25030648030403,49.25821555175032],[21.25027939194103,49.25818276759854],[21.250253058773076,49.25797771922962],[21.250145430646548,49.257946160495344],[21.25000071760089,49.25763100163709],[21.249581626523387,49.257637525746595],[21.249562724082775,49.257638387310095],[21.249496359698796,49.257641396456854],[21.249482285784516,49.25764204577022],[21.249454686852683,49.25764336119594],[21.24908159602898,49.25762392741068],[21.248994569598114,49.257662039353775],[21.248982871844614,49.25766600187832],[21.248894776314614,49.25769597972419],[21.248870819036895,49.25770406758082],[21.248846574463258,49.25771232666466],[21.248829032214413,49.25771917070772],[21.248732668407797,49.25770127766036],[21.24857135095009,49.2576705038089],[21.248477420553954,49.25761856960505],[21.248189368178437,49.25753305603436],[21.24782367374613,49.257548680297425],[21.24762738906959,49.25760882887935],[21.247487879718467,49.2575904233604],[21.247418133835154,49.25751762559159],[21.24661795197484,49.25730507150731],[21.24660604685515,49.25729462512238],[21.246351951285693,49.257070894764475],[21.24633653646834,49.257038377258155],[21.246327220671475,49.257018648667874],[21.24631717148204,49.25699763740051],[21.246307626223086,49.25697727167493],[21.246290789634333,49.256941560084805],[21.245916970859177,49.25690931162084],[21.24597962362211,49.25698702386566],[21.24524878975897,49.25692600927877],[21.245262485844393,49.25686143852692],[21.244940399451213,49.25684040409072],[21.24471568954906,49.25679039871887],[21.24419701781458,49.25678565927238],[21.243790294797268,49.25681927600448],[21.243117434566873,49.256795671425415],[21.242378744627604,49.25673880848862],[21.241126846255366,49.2567449565087],[21.24057212295976,49.256819207919364],[21.24034940084118,49.256849008221174],[21.239647621150656,49.257069696691445],[21.23703757350605,49.25726309824045],[21.236710934267656,49.25732471513578],[21.236604284258195,49.257344842330824],[21.23660700489913,49.257347176298545],[21.23666977996079,49.25739231225755],[21.236595436281284,49.25740109995619],[21.236542222356174,49.25735112686258],[21.2362957514294,49.257382170239545],[21.235190786108383,49.25746199169402],[21.235118281308328,49.25747389550212],[21.23481639221829,49.25755085042979],[21.23443406551786,49.257686992156],[21.2342728284227,49.257781681979374],[21.23422236081233,49.257804614516424],[21.23368163265401,49.25798053134379],[21.233551365483255,49.25800776094948],[21.233372297918184,49.25803276960233],[21.233312917637566,49.25802275214817],[21.233265300840053,49.258021287811346],[21.231947341468793,49.25815393899997],[21.231262397899137,49.25821982027005],[21.230408801647283,49.258307331671894],[21.230027259148322,49.258369130915376],[21.22990339917627,49.2584181574708],[21.228950668672784,49.258732956516944],[21.228022451978795,49.25916381298067],[21.227931869622545,49.25920711123634],[21.227441156014518,49.25960309835305],[21.227137255085797,49.25983389880194],[21.226814033928942,49.25998524971458],[21.226231955082593,49.26021332891646],[21.22540320837531,49.26058566004229],[21.224961580363725,49.26055512599471],[21.224690784856595,49.26067730186217],[21.22438644633927,49.26068457329701],[21.224272932099836,49.26070816865075],[21.22416400699687,49.26074252722589],[21.22403150638317,49.26085411245471],[21.223820959819793,49.260955099855465],[21.223658224502607,49.26111220060316],[21.22349785740983,49.26129943941205],[21.223304553301677,49.26157927871679],[21.22329521250444,49.261626879036434],[21.22331456219067,49.26168670602335],[21.2230334928752,49.261846368119514],[21.222712242690832,49.2621056079933],[21.222341150273074,49.2626558608457],[21.222328215067378,49.26283549329734],[21.2223641251506,49.26296712364123],[21.22228559878383,49.26323438866442],[21.222249337047224,49.263357851941834],[21.222084215829504,49.263645309895544],[21.221911938923878,49.263900321301094],[21.22182558101792,49.26402800018148],[21.22155234477005,49.26428871834007],[21.22142110655835,49.264449398432134],[21.221183491964684,49.2649029481713],[21.22111754506348,49.2650737437066],[21.221009750448196,49.26521444306717],[21.220943591268675,49.2652736125102],[21.22085142042659,49.26533107919432],[21.22075645337284,49.26540826298742],[21.220673010276908,49.26551640762807],[21.220407112980734,49.265732341997115],[21.22000117222658,49.265963757455275],[21.21974996385309,49.2660712247434],[21.219393062364944,49.26615652591697],[21.219322160954547,49.266166939641565],[21.2193031664568,49.266106042785545],[21.218476620666568,49.26617288305149],[21.21814786509971,49.26623024442989],[21.217932868087328,49.266255111342254],[21.21738335807904,49.26631033462715],[21.217390050665045,49.26635104845188],[21.2170656204168,49.266329326473844],[21.216705016989767,49.2662560773306],[21.216480918278553,49.266254555842885],[21.216264742237513,49.26627668282094],[21.215918841809703,49.26637716611361],[21.215864326954065,49.26639303492746],[21.215637293404008,49.266508441907476],[21.21545080316723,49.26655758928843],[21.21495178002568,49.26659167733238],[21.21466974621488,49.26664957286535],[21.21440199744645,49.266662001101494],[21.213332903188828,49.266609148400065],[21.21287772138245,49.26662657991042],[21.212365630156093,49.2666701546898],[21.211969917386583,49.26668312069523],[21.211629196357503,49.266652688301946],[21.211482959366286,49.26663961321048],[21.211446470375247,49.26663632407795],[21.210433523566643,49.266720205993664],[21.209513102813116,49.26664671399258],[21.20939440363405,49.266614234909824],[21.209231795211398,49.266599300014526],[21.2091209415598,49.266572464466165],[21.208977807420236,49.266554531361635],[21.208832067394834,49.2665536205154],[21.20874619603785,49.26656176417512],[21.208430685385554,49.26674013063749],[21.20800673019472,49.26687733168244],[21.207939033620537,49.26690044014201],[21.206896427781665,49.2671850102521],[21.206586851264266,49.26735725467939],[21.20627659045978,49.267462864967385],[21.206077247496136,49.26759441480299],[21.20590065095183,49.267734770511744],[21.20556909609783,49.26820878688654],[21.204965788639917,49.268847213288545],[21.20449305489896,49.26916382397465],[21.204424948707626,49.26922103409006],[21.204349237173663,49.269284489645244],[21.20427381295544,49.269347774027864],[21.204249939042548,49.26936782789868],[21.203980258972315,49.269518798405265],[21.203766740008437,49.26968825228811],[21.203615546321025,49.26980814839842],[21.203549130940367,49.26984767720689],[21.203411412133036,49.269929643748654],[21.20328750448063,49.2699975456471],[21.203277905258695,49.270002829080255],[21.203147410402757,49.270074307320094],[21.203110738478706,49.27009441428612],[21.203007747169895,49.27015081214505],[21.202952739104617,49.27018097252331],[21.202699692529123,49.27033578661624],[21.202539111854048,49.270427575274034],[21.20222997836536,49.270583709841844],[21.2017296764443,49.270750567877876],[21.20168000603026,49.27072031206869],[21.201834531781753,49.27061339397947],[21.202091679904655,49.27043809504043],[21.202276786642102,49.27024129804164],[21.20244804904812,49.270007704785414],[21.202614049430927,49.26994173905052],[21.202634636672467,49.26992149356094],[21.202759003773913,49.26982066050915],[21.202876513153875,49.269734737494936],[21.20288451734785,49.26972868450758],[21.20308826099818,49.26957459194715],[21.20311218099534,49.26955390960971],[21.20330836522606,49.26937500781093],[21.203499274513387,49.26921574583184],[21.20352350556369,49.269188861918764],[21.20263450365847,49.2685042680213],[21.202356332373054,49.26842866970269],[21.201832989012413,49.26804220066081],[21.20139008177421,49.26775886277369],[21.199885283945605,49.26655626885054],[21.19982704537591,49.26650765274146],[21.199549614518588,49.266275890855354],[21.198770377037143,49.26562500568765],[21.19819906173922,49.26506239583618],[21.19809494465783,49.26443048409632],[21.198071126086234,49.26409308072395],[21.1980876931461,49.26382471414124],[21.197961352980805,49.26266461146105],[21.197961085766103,49.262543080036686],[21.19796104729389,49.262496179915104],[21.19796062351386,49.26227625488442],[21.19761601849761,49.26170420646368],[21.19609555006048,49.26021697048919],[21.19596625502631,49.26003318862284],[21.196024055911433,49.25984117719109],[21.1964754259586,49.25935218379535],[21.196525618774793,49.25930297334719],[21.196351730300627,49.259303602247705],[21.196148488401384,49.25941692079578],[21.19609172740987,49.259463766604114],[21.196010654847985,49.25943811316735],[21.1955617703144,49.2592026322092],[21.195415349550206,49.258940272219355],[21.195217756894113,49.258822149895295],[21.19521469626249,49.258684238077684],[21.194890631609002,49.25846487564591],[21.194602225432416,49.25826777472217],[21.194535698765744,49.2581971134669],[21.194210315423014,49.257986529632944],[21.194011612313634,49.25783452389181],[21.193912690357028,49.25772891845744],[21.193779212084618,49.25760297476662],[21.193500916425318,49.257477028945],[21.193074938923502,49.25725035114786],[21.19258728064716,49.25713643577337],[21.19223632155703,49.25690515649709],[21.191995901408866,49.25638646742277],[21.191915940238324,49.25617702926009],[21.19187476759861,49.25598077002926],[21.192027628272456,49.25559718870345],[21.19187571198006,49.255310527222875],[21.191840182439698,49.25513883824887],[21.191483432423606,49.25476217707506],[21.191329441078498,49.25465377535138],[21.190882791496225,49.254479285480585],[21.190408786050185,49.254346340839746],[21.18985622378191,49.25424416557834],[21.189541537897984,49.25405541420343],[21.188758386007795,49.253642514374526],[21.188500748958184,49.253476870488136],[21.187602010422758,49.25298573786179],[21.187325075178684,49.25284919599671],[21.18687618792554,49.25266237754431],[21.186678521831706,49.252525062863135],[21.18597208033324,49.25233057626169],[21.185519806053097,49.25219612734515],[21.18510107708448,49.25202401432029],[21.18459706239572,49.251931697823814],[21.183540151064133,49.251647863897794],[21.1835384716624,49.251659603938414],[21.182001158823734,49.25143539957123],[21.18152212182288,49.25121548221832],[21.18116271954646,49.250937093041514],[21.180964833331902,49.25072567571563],[21.18062499052275,49.250541334295725],[21.179948371512875,49.25029111846268],[21.179579460687407,49.250184992818134],[21.179235236711698,49.249879705153155],[21.178748063750806,49.24952269289743],[21.178585817167807,49.2494281479067],[21.178375294713973,49.24930544952044],[21.17799500986537,49.24908382922945],[21.177450242621937,49.2486965661223],[21.17735868795993,49.24865283761497],[21.177319616401324,49.24863424345095],[21.17729420619643,49.24861121501495],[21.17725785038513,49.24860629851435],[21.17707128929313,49.24858129638853],[21.176885374563177,49.2484776376331],[21.176585117174366,49.24818829770821],[21.175979154844388,49.24773727182256],[21.175845723867543,49.247638041919934],[21.175507163398972,49.247376307807336],[21.175492061472994,49.24736467344146],[21.17496467019671,49.24721099968697],[21.174957125126145,49.24720887343181],[21.174730171304972,49.2471175208914],[21.174651619837864,49.2470859890636],[21.17457484305861,49.24706594508591],[21.174304958705278,49.2469957543064],[21.174225620270615,49.24698067106931],[21.17409134928756,49.24695522837364],[21.17395956016081,49.24684299465776],[21.173914896863337,49.24680496031472],[21.173705254099204,49.24673458129036],[21.173686055528254,49.24672821971315],[21.173365595105086,49.24649567083568],[21.173300689513322,49.246448631391225],[21.173107031644314,49.246308086045765],[21.172994857009193,49.24622671100306],[21.17298701902796,49.24622106470157],[21.17289571883883,49.246104244728706],[21.172906167669066,49.2459271436451],[21.172991762174863,49.24569442054098],[21.17300435045684,49.24561235664723],[21.173029402821175,49.24544804492811],[21.172999010624487,49.24537462884832],[21.172937279766032,49.24522569660292],[21.172863510088796,49.24504767159747],[21.172841204516264,49.24500664526903],[21.172650380997837,49.24465590244934],[21.172497000556987,49.244374295082665],[21.1724559390988,49.24426057644151],[21.172365565314465,49.24401055616777],[21.17233125435849,49.243915502593154],[21.172289841108938,49.2438009626676],[21.17205260242425,49.243620973378235],[21.171920407037334,49.24356534625148],[21.171585559869538,49.243424791054565],[21.17115771534457,49.2431324323947],[21.171062995324572,49.243111554245125],[21.171040164186397,49.24311354031231],[21.169675020775596,49.24325831973954],[21.168749174717945,49.24333699364323],[21.168735613096548,49.24333818930888],[21.168262178048312,49.24337836451869],[21.168059766066143,49.243395610054634],[21.167481749894296,49.24368906246876],[21.167189776912085,49.24374274950127],[21.1669709201761,49.24379872659455],[21.165507408529628,49.244276690126725],[21.16519172711202,49.24440443566494],[21.164461971344103,49.24466287095812],[21.16387254618682,49.244940735516586],[21.163771247989686,49.24494962181955],[21.16359343781416,49.24517926788315],[21.163021139959966,49.24540518396276],[21.162020522640606,49.24580022150143],[21.161112985454583,49.246048648628125],[21.160965371922046,49.2460891165657],[21.160932622884133,49.24617207748458],[21.160793985564645,49.24618384047806],[21.160679971132115,49.246193585422255],[21.160536040794778,49.246208152663606],[21.160241146869158,49.24625822056741],[21.16009384678078,49.24629626674331],[21.159966766403524,49.246332336830314],[21.159752356318158,49.246393031582095],[21.15939381652316,49.24651041492976],[21.159113178910015,49.246602336839544],[21.158936520368165,49.246661964888276],[21.158758162216923,49.246735402402244],[21.158622910023784,49.24679101891521],[21.15858689978981,49.24680582174403],[21.158424552082977,49.246880301625886],[21.158242551691085,49.24696964759547],[21.158095922885103,49.24705290251329],[21.157991554669522,49.24712425151021],[21.15789511119635,49.24719440898313],[21.15785215140678,49.24721772529046],[21.157801741868155,49.247245128576125],[21.15759212296466,49.24734917967097],[21.157166245517548,49.24754464946976],[21.15706044665945,49.247599839161055],[21.15695093320524,49.247685068809744],[21.156693696671596,49.24788529437409],[21.156504998857585,49.248034020738594],[21.15641569205874,49.24810431128344],[21.156288527256283,49.248207079843915],[21.15604883709731,49.248400473753144],[21.15564123947911,49.24862585933359],[21.15539058556343,49.248702421400445],[21.155287625144606,49.24873384346378],[21.155041099408102,49.248787849465764],[21.15446738184031,49.24891762978643],[21.15417767538579,49.24898476993058],[21.15399363753086,49.2490585621793],[21.15386132188665,49.249111475202525],[21.15368027781133,49.24917068780684],[21.153210100133002,49.249315420129534],[21.15306380896636,49.249388237421925],[21.153050641930093,49.24940276673962],[21.153015874270857,49.24945118458723],[21.152991351775395,49.24950802642213],[21.152974099880304,49.24959696406092],[21.152971340914323,49.24965142958282],[21.152871848670884,49.249566202389346],[21.152775869883172,49.24948369617675],[21.15259826517626,49.249331107569915],[21.152476423849034,49.249226272846215],[21.1523443511698,49.24911283430823],[21.15218369964715,49.24897473132656],[21.151984341898405,49.248764474537495],[21.15198421789011,49.24876429059606],[21.15179966854895,49.2485696226465],[21.150945119123943,49.24793753049185],[21.15092550882874,49.2475004042511],[21.150743620599687,49.24713288861829],[21.150939314596407,49.24669614556867],[21.150867187123453,49.24634693696971],[21.15086221894702,49.24632283518132],[21.150921483259157,49.2462085735496],[21.1508424946517,49.246123269173445],[21.150820878063193,49.24608433024081],[21.150700451304342,49.245866741918356],[21.150563708382624,49.24572344703834],[21.150425947908634,49.24557903969408],[21.150406078091738,49.245518190610355],[21.150341788750602,49.24532073266021],[21.150290503594768,49.245326320263295],[21.150239375725405,49.245198682318325],[21.150244980453248,49.24502871978505],[21.150111557650217,49.24497320877789],[21.149996127168436,49.24497227628758],[21.150512461391564,49.2442134493501],[21.15045634633268,49.243929018579166],[21.150030575090398,49.24315494340715],[21.150023636336183,49.242893665005276],[21.15013617352883,49.24291521131809],[21.150291154895047,49.242770654940294],[21.150383707128977,49.24259622713964],[21.150637928568024,49.2425232094194],[21.15079765788098,49.242501229962315],[21.15089389159972,49.24231782558108],[21.15098885580845,49.242136721717706],[21.151018275699506,49.242080574406835],[21.151229754250338,49.24184057244025],[21.15132295613135,49.24163474722262],[21.1514430833053,49.24136927525488],[21.151663678235288,49.24096752224515],[21.151676154103864,49.24092866576463],[21.151828416153318,49.24045382618986],[21.151893687387027,49.24025009247828],[21.151655675317457,49.2396378448208],[21.15167165513395,49.23963366653553],[21.151756042394204,49.23961156598053],[21.15185038594993,49.2395868079351],[21.1526840295913,49.23936835740636],[21.15308649802562,49.23928514462075],[21.153517996881195,49.239184749314504],[21.1543190906765,49.239085621418205],[21.15474492701682,49.2390098893485],[21.154840340997424,49.23899299441086],[21.15484958378642,49.23899256481528],[21.15583665303568,49.238948244284494],[21.156769372559612,49.23908458918919],[21.156919257799622,49.23903915722686],[21.15697606163625,49.2390219476533],[21.157250343681543,49.23912130559191],[21.15727056219506,49.239128692318815],[21.157273332547476,49.239115276292246],[21.157301875255044,49.23911788338736],[21.15760762183069,49.23914621262647],[21.15779853159112,49.23916382225638],[21.157897673565774,49.23917296781938],[21.157964245864857,49.23918568131063],[21.158607758224726,49.239308245679766],[21.158602513625414,49.23931978361548],[21.15860929302554,49.239321076765755],[21.15893951109175,49.239385098852665],[21.1592102239424,49.23943752936032],[21.159214684877355,49.23942542667362],[21.159455598222856,49.23946800889385],[21.15963680281057,49.2394998940215],[21.160031079704407,49.23954152862379],[21.16017995570075,49.23959247251688],[21.160394427595065,49.239665729786644],[21.16056812810581,49.239725014076306],[21.160667165382623,49.239724341749636],[21.160963591354353,49.23972230274155],[21.16097385897826,49.23970975210051],[21.161130907138453,49.23951384586519],[21.16150431072145,49.23904800692716],[21.162553402374222,49.23773881291297],[21.16279123322781,49.23744200585157],[21.163198947866885,49.23693330863472],[21.163204067991547,49.236934729520165],[21.163276223695554,49.23696129824793],[21.163444633022262,49.23702329320541],[21.162910983280142,49.237652358592676],[21.162673263980377,49.23793260567586],[21.161579855550148,49.23922177589059],[21.16119572563967,49.23967449557534],[21.161166988825546,49.239708341520526],[21.16115629659681,49.23972105889196],[21.161220263913087,49.239720545781715],[21.16127404790637,49.23972016316711],[21.161495203008446,49.23973970601294],[21.161927696753466,49.239777672249424],[21.16193162724263,49.23976717319993],[21.162010528514433,49.23977676037518],[21.162342626146096,49.23981706626903],[21.16254517551385,49.239844755337245],[21.163106953839403,49.23992152057069],[21.163117868217693,49.23992267308996],[21.16331132910589,49.23994305417241],[21.163357442561434,49.239947921233345],[21.163539852075967,49.239967145138195],[21.163626755767215,49.23997635203464],[21.163971934649254,49.24001265247849],[21.164258716456406,49.24010113278161],[21.164280634979793,49.24010785139228],[21.16445421330841,49.24016136459013],[21.164628339625907,49.24023370886403],[21.164967123945154,49.24037440893371],[21.165049047919357,49.240408484160284],[21.16506265839154,49.24041413198768],[21.165074831634232,49.240403711215805],[21.16530510757822,49.24051292237529],[21.165477978449555,49.240594948085175],[21.165636501613434,49.24067013239852],[21.165648744903855,49.24068131853111],[21.16572144739606,49.24074751136209],[21.165767338745052,49.24078927861465],[21.165880637354977,49.24089257160425],[21.165956455005457,49.240927444976485],[21.166351245359593,49.241108964569],[21.16633549259644,49.241119453334235],[21.1663586347455,49.24129940795959],[21.166511369772344,49.24138611213655],[21.16653315647759,49.24139840738883],[21.166841201980176,49.241498979715324],[21.16685758924392,49.24150426422098],[21.166935293502878,49.24147384167119],[21.167063119302608,49.24142356474139],[21.167167876711545,49.24138228707761],[21.16772929905724,49.24153949572205],[21.167791544548574,49.2415569289469],[21.168201366219318,49.24179067402195],[21.168423468696453,49.241825626393656],[21.16868335831175,49.241866532752745],[21.168837434485113,49.241944363740885],[21.16885042493072,49.24195098189561],[21.16918349525419,49.24211939602076],[21.169188805144948,49.24212199281489],[21.16928071347423,49.24191215434356],[21.169624284457278,49.241127318470134],[21.169805491675476,49.24071314036094],[21.169826441206165,49.240665365695705],[21.170046093661252,49.240445753007535],[21.170123671059244,49.2403680641787],[21.170290370413394,49.24020143524728],[21.170778158807455,49.23971376462208],[21.17081034404916,49.2396815547964],[21.1677559076288,49.23850540313249],[21.167862518572676,49.238333294272934],[21.170970228410535,49.239506519904275],[21.170980305705694,49.23951160634912],[21.171053724783786,49.23943810775742],[21.171149083633022,49.23934279088736],[21.17148914492806,49.23900280718721],[21.17174735012429,49.23874451945211],[21.17182728735124,49.23866456294673],[21.171837067940256,49.23865487682838],[21.172041835771818,49.23846378131134],[21.172120464089925,49.238313208331626],[21.172120734922416,49.23827558862722],[21.172088697742335,49.238271885600554],[21.16989965785986,49.23753911444777],[21.169563228274097,49.237426498202105],[21.16861300068178,49.2371083170992],[21.168680187501568,49.23699780662242],[21.16874690349858,49.23688809154393],[21.16880335888615,49.236796509141136],[21.168840797508736,49.23673565802825],[21.168875437258837,49.2367055960452],[21.170805440271838,49.237392922164744],[21.170894653145456,49.237425061049706],[21.172123875999663,49.23786708806236],[21.17213732357261,49.237588628156914],[21.172232646204765,49.23732983379812],[21.172275836462322,49.23721271940023],[21.17239672721092,49.23703871320495],[21.172525928239992,49.236852544200985],[21.172601511767212,49.2367436447563],[21.172942391463625,49.23625263008934],[21.173071274814095,49.23606699073339],[21.173195243945866,49.23588839909261],[21.173200627658925,49.23588055576265],[21.173207840739487,49.23587024911018],[21.173329299984776,49.23583723052691],[21.17358022602359,49.23576883289599],[21.173891041280005,49.235684123923285],[21.17409186770954,49.235505324657474],[21.17422197099214,49.235389577503696],[21.17432370277478,49.23529904863429],[21.174479236120927,49.23516069140697],[21.174682854267285,49.23497936795916],[21.174765470406566,49.23490588482555],[21.1748787404566,49.23478528970988],[21.174959967402955,49.23469880020185],[21.17503239462102,49.23462175761034],[21.175140450393,49.23450667046282],[21.17518454855148,49.234442965123435],[21.175203291862964,49.234415915154955],[21.175017829974376,49.23435583459262],[21.17480268610977,49.23428618370862],[21.17421943718437,49.23409735726275],[21.17421809184619,49.23409695510952],[21.173646890607678,49.23390886251448],[21.173122812141507,49.23373628425107],[21.173101999001936,49.23372951178915],[21.17218617446702,49.23343034788731],[21.172394944407547,49.233206700146944],[21.173156459470082,49.23346160659032],[21.173230268240648,49.23348624048649],[21.17407184409285,49.23377065108029],[21.175350794325425,49.234202859642025],[21.175451892038776,49.23405685803771],[21.175506278765504,49.23397835097164],[21.175534089432436,49.23393817152419],[21.175568184679484,49.23388909657408],[21.175723492441257,49.233727325736176],[21.1757990719435,49.23364849085917],[21.175846078730334,49.2335995494095],[21.175875606523572,49.233596151534556],[21.17587575022349,49.23359606600718],[21.17591544682767,49.23355688817787],[21.176105776702286,49.23336911580735],[21.176120434977978,49.23335472078689],[21.17660121427927,49.23288040235481],[21.176531743294326,49.232726458124105],[21.17652156522035,49.232703905180855],[21.17649576426631,49.23264674653078],[21.176387475338103,49.232406790472695],[21.17636569623881,49.23235857940331],[21.176372926069526,49.23231973690753],[21.17647678605913,49.23233000476249],[21.17648472350476,49.23223807285326],[21.176497306967022,49.23209182433591],[21.17649822823654,49.23201128563988],[21.176499122371247,49.23193677740278],[21.176500938081954,49.231779840058955],[21.176501334629314,49.23175176635273],[21.176502865378836,49.23161948544979],[21.17650462026065,49.23147469882597],[21.17650497752903,49.231447164006006],[21.176506203046113,49.23134358978916],[21.176506844943294,49.231293288912845],[21.17650828962482,49.23116784678318],[21.176508382529867,49.23115902776861],[21.176509713083394,49.23105212609843],[21.176556226187106,49.230968421423576],[21.176577744983017,49.230929665449324],[21.176607018072634,49.230876928747755],[21.17664656700512,49.23080578914793],[21.176720294713437,49.23067306418164],[21.176790433283248,49.230561291578674],[21.17679040361066,49.23054283663686],[21.17679033999058,49.230532392376766],[21.176821336133322,49.23044280145198],[21.176845779861143,49.23036578850833],[21.176834403733515,49.23028234487246],[21.176820757545332,49.230182896812835],[21.17680310641351,49.23005352708357],[21.176802649778214,49.23005036212536],[21.17678831237499,49.22994531122874],[21.176782298214977,49.229901463745236],[21.176761888174,49.229751483285284],[21.176752932306787,49.22968575910298],[21.176733461568926,49.22954363968488],[21.176730891372646,49.22952609554373],[21.176726612182218,49.229496165297185],[21.176698242306838,49.2293026365518],[21.176696794207995,49.229292329050985],[21.17668475874529,49.22921039507265],[21.17669999614056,49.22908052290212],[21.176722786636144,49.22888661278046],[21.17673659823562,49.22876875866203],[21.176751822275993,49.228639066091596],[21.176765658604626,49.22860952201977],[21.176769245082397,49.22860180240976],[21.17688018379494,49.22836203678614],[21.176895543786816,49.22827762833062],[21.17692031576739,49.2281413926612],[21.17696204658876,49.227966708517755],[21.177003169375492,49.2277947059424],[21.177030302832875,49.22775432498146],[21.17712541327105,49.22761290603483],[21.177187844515664,49.22752006652609],[21.17722299220137,49.22746778334202],[21.177373427220935,49.22723294248168],[21.17757197310131,49.226837659558626],[21.177616829214816,49.22674832149898],[21.177713554717478,49.22661298392077],[21.177809358755265,49.226478967772444],[21.177854197320922,49.22641627490819],[21.17789606200517,49.22637176309435],[21.178113901179046,49.226234178418835],[21.17832439214225,49.226101224838125],[21.17835752880775,49.2260802953804],[21.178455335994002,49.225886658316476],[21.17845792890122,49.225883138541995],[21.178524411521,49.22573272238177],[21.17860235660026,49.22550983839745],[21.178623204598026,49.225425511178685],[21.178624191150842,49.2254214010964],[21.178631334713383,49.22531954197553],[21.17863897561892,49.225208966480835],[21.17863043960203,49.2251148092717],[21.17860211235764,49.224803626394795],[21.178581375649145,49.224576939055886],[21.178567372921886,49.22449368343482],[21.17855132082484,49.224402712102325],[21.178502682033308,49.22412699237293],[21.178501659629628,49.2241051756557],[21.178487234145578,49.22380693967449],[21.17848243546456,49.22364826498224],[21.178472129565307,49.22330667811081],[21.17846285755569,49.222999961139855],[21.17847352202737,49.22278559720612],[21.17847656613032,49.22272492897308],[21.17847920442799,49.22267171970058],[21.178483008024838,49.22259496165527],[21.178483427146716,49.22258543265431],[21.17848657612767,49.222521436961806],[21.178497291547988,49.22246866009948],[21.17854754954714,49.222218265048895],[21.17855423166683,49.22220010979639],[21.178653143292014,49.2219326908062],[21.17876205738277,49.22171662547808],[21.178770574016408,49.22169969778873],[21.178889765906796,49.22147270099702],[21.179189945531757,49.221040081922034],[21.179422425293062,49.22070481919577],[21.17948861007059,49.22056213488194],[21.1795321791909,49.22045637234332],[21.179638287352084,49.22015794054471],[21.179700723644217,49.21994591379847],[21.179701128452557,49.219946016463254],[21.17984277934704,49.21997672689589],[21.179904880742544,49.21990332009038],[21.18045328502399,49.21925475207081],[21.180493303593934,49.21902402088075],[21.180841021578026,49.2187289926391],[21.180871672416394,49.2184513385517],[21.181337120811225,49.21846839313791],[21.181158384640195,49.218131539364336],[21.180426697742014,49.21678413750234],[21.180355570513548,49.216653097518325],[21.18010340344777,49.21618873020235],[21.17987226705834,49.216015063337224],[21.179406820293828,49.215601914291526],[21.1793188041783,49.21544243962206],[21.17919398485734,49.21495234171436],[21.179197459477944,49.21494047761452],[21.17922463324898,49.214871111027094],[21.17924163365205,49.21487353261322],[21.17950798056366,49.2138820017019],[21.179221927995226,49.21380410895859],[21.17929973331814,49.213762160078936],[21.179322996293987,49.21362947718636],[21.179424505054065,49.21353938793672],[21.17952259438011,49.21331128104258],[21.179065198297348,49.21335037169945],[21.179213170139363,49.21308826573414],[21.17906783360113,49.213034843595075],[21.17912849844999,49.21289990861987],[21.17912977198862,49.21289562744866],[21.179328695937773,49.21222804249301],[21.17951469768697,49.21147741496851],[21.179656182031394,49.21106459213455],[21.179789853493226,49.21087045402662],[21.180159322682687,49.21044386852055],[21.18038586311076,49.20984582995477],[21.180496423699235,49.209750171396195],[21.180639871821505,49.20965572005267],[21.180976668858637,49.209434347832165],[21.181038001741033,49.20915035951423],[21.18104754250143,49.20910609753342],[21.180822236663616,49.208325877316355],[21.1812372904095,49.20751407606716],[21.18131562113558,49.20736087758332],[21.181305536277364,49.20726532126871],[21.181297120078845,49.20720348461234],[21.182215753281138,49.206024371065624],[21.182955693018155,49.20507453526276],[21.18294373037977,49.20486117408054],[21.18296388830102,49.20466330890259],[21.182981793285013,49.20448697822044],[21.183018157850057,49.20413046326768],[21.18313715729423,49.20393550367861],[21.183138061828387,49.203832368769305],[21.183140913450877,49.20349650238269],[21.183141706263534,49.203413798556625],[21.183191248523812,49.203388069049645],[21.18335383978661,49.203011098928556],[21.183537116938805,49.20249506293843],[21.183484031886845,49.20228987010009],[21.183435513097933,49.201972744540505],[21.183421491667872,49.20159872276322],[21.18250721264136,49.20127050031333],[21.182107839359904,49.20112722953101],[21.182034204326357,49.201104585376164],[21.181717362975064,49.2010071003492],[21.18152037305097,49.20094657543876],[21.18115649575572,49.20083474677014],[21.181136996862243,49.200791197935885],[21.18102282966335,49.20053827498836],[21.180964040054114,49.200407889275546],[21.180877707048673,49.20028600519582],[21.180692542090533,49.200212165044725],[21.180486409211433,49.20018862107186],[21.18036703054049,49.200162206065556],[21.18036422413125,49.20016112815574],[21.180245049968352,49.200113024468465],[21.180150136283096,49.199993932352996],[21.18011338868946,49.19994768384194],[21.180108598639716,49.199941772855695],[21.179943571367605,49.19973470013006],[21.17993548594318,49.19972310488694],[21.17974816488701,49.19945430123438],[21.179684852714594,49.19936347240988],[21.179478057178176,49.19916976691402],[21.17939321732201,49.19911238289851],[21.179213970906353,49.19899128427238],[21.178914156974287,49.19883752012256],[21.17861288301282,49.19868307934844],[21.178484852305818,49.19862461449458],[21.17825258611845,49.19851860059507],[21.178119222692782,49.19856547283531],[21.177949951618288,49.198599879637385],[21.177364735925796,49.19871904241308],[21.177345775638667,49.198722860519474],[21.17708248501879,49.19869392204165],[21.17652647042194,49.19863278211442],[21.17634154369364,49.198612414411265],[21.176336361692638,49.19861189223568],[21.175447275031555,49.198572735654096],[21.175292536007856,49.19854340847145],[21.17508847787257,49.19850470604395],[21.1747923157131,49.19841036881169],[21.174304583748498,49.198183285825465],[21.173721038532385,49.19857722670869],[21.173615640046744,49.19855322261951],[21.173167634913742,49.19837103852922],[21.172801406223588,49.19842006644942],[21.17266978674015,49.198361932713524],[21.172781886271903,49.19820169445421],[21.172713364164984,49.198069468589466],[21.172409777292778,49.19794140476567],[21.172176406616238,49.198031589553175],[21.172060772399266,49.19797278538543],[21.17204765588166,49.19796616316108],[21.172009637600322,49.19794687829696],[21.171623133249785,49.197750320095544],[21.17158741851104,49.19773335775824],[21.17158093866715,49.19772991404172],[21.17151405876965,49.19769388130128],[21.171183236699857,49.19751553943341],[21.17124671399667,49.19734396709594],[21.171246035281712,49.19734385581443],[21.17044921621425,49.19711166441751],[21.17012205565908,49.197090340944484],[21.169979059884504,49.19696982284253],[21.169767345589197,49.196925109484866],[21.169530474291346,49.196875016242686],[21.169273307900813,49.196820685572234],[21.16835199082013,49.19647079022306],[21.1683217844574,49.19645931075829],[21.168054313887385,49.19633542782335],[21.168059494754853,49.19631902632676],[21.167745066314346,49.196070701166164],[21.167712089902636,49.196087761474345],[21.16769889116274,49.196076635074505],[21.167765687224062,49.196038489934445],[21.16800586366356,49.19585130422586],[21.16812240308785,49.19573198885949],[21.168432781509537,49.19512120224037],[21.168596515761486,49.19475985818295],[21.168784437789544,49.19426279972779],[21.169072891906325,49.19365105425683],[21.169116167525868,49.19335543015779],[21.16939357060565,49.19291194766178],[21.16955729460606,49.192750089502496],[21.169606357467362,49.19253134485438],[21.169868100072055,49.191643474959974],[21.169872532381454,49.1912928003704],[21.169787654520256,49.19105365391993],[21.16955833448658,49.190877856348564],[21.169465695921026,49.19071498456266],[21.16933342192965,49.190218150840415],[21.16918494314999,49.189984841943456],[21.16901202459006,49.189742034550456],[21.16891841183928,49.18943446695437],[21.168936857374497,49.18911393830755],[21.169007535180054,49.189005517511774],[21.16919858397507,49.188858649970435],[21.169682552324623,49.18864444534801],[21.170500255410182,49.188343654293504],[21.171291590926632,49.187837412896876],[21.17183231644031,49.18722312231982],[21.172242884665504,49.1865177019205],[21.172557649181055,49.18615424190729],[21.17292540847074,49.185936025039936],[21.17335538849711,49.185734609034746],[21.173675980062818,49.18557180648989],[21.17386051194157,49.18547441975785],[21.174082398237978,49.185375141525085],[21.17460676266609,49.1851768561814],[21.17463190476432,49.185167290760006],[21.1746518462379,49.18515936296452],[21.17465094705664,49.185184900887506],[21.175236105386002,49.18515307489713],[21.175582589311027,49.18517013019887],[21.17647018906705,49.18507556559199],[21.176786433727013,49.18503261726339],[21.1774123962586,49.18490618442506],[21.178261560705597,49.1845904824614],[21.179343088925897,49.184125492638984],[21.17977667760297,49.18371153712062],[21.180124036528404,49.18323502081101],[21.180730299831932,49.18208369513822],[21.18071813457119,49.18182423410585],[21.18108234953001,49.18085690670428],[21.181119120966763,49.18051363488948],[21.181206915166094,49.1801995039997],[21.181306788383615,49.18009504973124],[21.18163610471593,49.17995302445226],[21.181934095160965,49.17973377163697],[21.182227342439838,49.17935494250484],[21.182679945432135,49.1790147587622],[21.18288481102777,49.17889773931257],[21.183208873763398,49.178646440243504],[21.183722837993933,49.17816458570497],[21.18402487777928,49.17803484543987],[21.184712829993206,49.17775106508974],[21.18570910211898,49.17741344023876],[21.18690253360449,49.177215820654126],[21.187231901013757,49.17709718759823],[21.187699896649427,49.17698116808725],[21.188123777126076,49.17687322287687],[21.18815918761794,49.17686775591115],[21.188777414707396,49.17685364078807],[21.189287541207065,49.176815446745806],[21.189774708798964,49.17683441803567],[21.190596549529484,49.17690189894132],[21.191081274787916,49.17699811639626],[21.19168172123008,49.17705121725981],[21.19224052866456,49.17701956849403],[21.19269393751651,49.17707240365422],[21.19323599061403,49.177355300198286],[21.19362385964561,49.177412571576625],[21.193886849739737,49.1775010605702],[21.19407934180746,49.17750318435927],[21.194817494128777,49.17781630523605],[21.195263454730014,49.17754176389648],[21.19559485533194,49.17743460373422],[21.19606584790045,49.17713662325786],[21.19742572174198,49.176611632890115],[21.1978746795607,49.176420534343556],[21.198261583818123,49.176339309146975],[21.19851649441487,49.176260548687026],[21.19907414742153,49.176043479982205],[21.199403546597612,49.17577583117179],[21.199809386077302,49.17537768845567],[21.200150965531815,49.17509718349047],[21.200879996116704,49.174465580593896],[21.201566514299312,49.174148263166],[21.20213361624123,49.173722087582256],[21.202406478061498,49.17337570690077],[21.202814501030367,49.173150011232195],[21.202980811596532,49.172949932333175],[21.202822052771158,49.17236923077733],[21.20277131631514,49.172111906994104],[21.202799682576792,49.17193787908228],[21.203006562937205,49.171501227301206],[21.203032791442524,49.171189582011166],[21.20320869585758,49.17080723992601],[21.2034259849555,49.17056652480252],[21.203476814564137,49.17039697541601],[21.20345359518175,49.17017111348847],[21.203384617006552,49.16999523152446],[21.20324573980663,49.16965433123374],[21.203239411693133,49.16956141375438],[21.203290606533884,49.16946470214112],[21.203521796174684,49.16924242282578],[21.203773833647354,49.1689063749662],[21.20407892186534,49.168601771187674],[21.204515718409116,49.16811392524763],[21.20465940990183,49.167943478626476],[21.204838257133243,49.16767402112771],[21.205996497183865,49.166626502256726],[21.206299517094756,49.166353966284724],[21.206716281448912,49.165895827926896],[21.207500203408262,49.16520818932715],[21.20764598928102,49.16515303025202],[21.207842908320153,49.16502465100362],[21.20802239390909,49.16479922887366],[21.20816342946415,49.16471475526543],[21.20839529043306,49.16444450737529],[21.208613081900165,49.16427410500892],[21.209060190826783,49.164055093883064],[21.209471051302668,49.164007435318226],[21.20960008657229,49.16397317916579],[21.209966249806293,49.16375345441796],[21.210327918870963,49.1636169478241],[21.211172041664778,49.16340114823572],[21.21166284736306,49.163426896553716],[21.212364788303855,49.16342578947773],[21.212567923732824,49.16345278984682],[21.213195123285352,49.163277333292015],[21.21393825800796,49.16329315674183],[21.214140145753436,49.16329364987366],[21.214604747668467,49.16319911772453],[21.21478387937415,49.163132470254205],[21.216321718283385,49.16269749618108],[21.21681399748182,49.1626054327822],[21.217680478976334,49.16231097229449],[21.217924006462773,49.16232409019004],[21.218037274600217,49.16228942709053],[21.218155316263033,49.1621750641554],[21.218389830047922,49.16204063000487],[21.218684470689297,49.16191183662071],[21.218943131564863,49.16182522882693],[21.219200017570078,49.16172893347796],[21.219575656511537,49.16149876109159],[21.219936992566506,49.16137580863472],[21.22010577760242,49.16127723648709],[21.220666184518354,49.160932239131895],[21.221120788991822,49.160449298601876],[21.221902130473772,49.159900481301584],[21.222502398491454,49.159349933286705],[21.22257258472484,49.15935309290384],[21.223694645300668,49.15929225853733],[21.224338048582677,49.15915550370057],[21.2244084605641,49.15913067315451],[21.224572637667844,49.15754609177087],[21.224779264614117,49.15688011951443],[21.224758943723685,49.15682097910631],[21.224732464421987,49.15687435283733],[21.224717282708916,49.1569233045374],[21.22470794547225,49.156908072856474],[21.224575449414402,49.15669279395983],[21.22438028538592,49.156375477028135],[21.22436972081587,49.156358226962006],[21.224346489404137,49.15632051119151],[21.224349254661472,49.15631258488852],[21.224364967934772,49.15626770052032],[21.224366184586454,49.15626413732855],[21.224558261038975,49.155714741049415],[21.225170649191895,49.15525232442397],[21.22521200602724,49.15522110485693],[21.225241743145926,49.1551987983684],[21.225277156348195,49.1551719861839],[21.225290509597347,49.15516186636166],[21.225406009799496,49.15507478427233],[21.225412441534125,49.15506931170284],[21.225474230877783,49.15501729851314],[21.225623410758743,49.15498679851002],[21.226760906130036,49.15420652903286],[21.227179801992897,49.15391924741546],[21.227467057291477,49.15372215101191],[21.22792401867918,49.153610049563206],[21.227947697741854,49.15358989595265],[21.228501965696164,49.153116127243706],[21.22871113036109,49.152840461549005],[21.228711299510778,49.152840016672066],[21.228733277698467,49.15278425276743],[21.22883525498626,49.152523913010214],[21.228443109899054,49.152473012533015],[21.228230689561308,49.152245008588785],[21.228771636387197,49.151761555749076],[21.228817087496854,49.15160812497413],[21.228705717064315,49.15137378812049],[21.22939430997114,49.15111237612164],[21.229959640708937,49.150864621324395],[21.23040411625567,49.150752035832575],[21.230978907771608,49.15054255635817],[21.231467518331375,49.15041341435133],[21.232227852074537,49.15007543190657],[21.23271983981063,49.14974771648164],[21.23330169676846,49.149510177936534],[21.233438261535564,49.149421757423326],[21.233583348388155,49.14945575552396],[21.23383817341458,49.149459738339374],[21.23415672213995,49.14944579007512],[21.234475758338803,49.149490188397685],[21.234916116202747,49.149501865975914],[21.23549459748725,49.14953940136506],[21.23624159799477,49.14944655529278],[21.238516051667975,49.149095292992946],[21.239729272521757,49.14870782885766],[21.239921816179386,49.14855793027484],[21.239990778506787,49.148426373952326],[21.240003623316372,49.148384910351915],[21.240020880199463,49.14832971958222],[21.240024817298107,49.14831687798996],[21.240086461518747,49.148314543648084],[21.24088563049488,49.14826513242835],[21.243101024741524,49.14831480058941],[21.24332890827252,49.14829434976558],[21.243518529030563,49.14825435863684],[21.24406380641188,49.148084148381066],[21.244050950379503,49.148029742082606],[21.244113981547994,49.14805409378345],[21.244376069849984,49.147963937446264],[21.244874708145385,49.14779724140929],[21.24490890415044,49.147785329390764],[21.245197427983147,49.147684281090086],[21.245643948853616,49.14751904137507],[21.24579758065381,49.147462187894206],[21.245935147692283,49.14741123209552],[21.246053541598524,49.14736742883788],[21.246067774699366,49.14736219483715],[21.246132892207704,49.147338089512864],[21.24620427834509,49.14731651717119],[21.24634396762245,49.14727426787946],[21.2466686418669,49.14717612675221],[21.24669640630419,49.14716779750042],[21.24696307716665,49.147084437721276],[21.24723494143213,49.14699943645238],[21.247423578689997,49.146940415107245],[21.24748728092317,49.146916895737164],[21.24777846589742,49.14680917166435],[21.247969147839935,49.14673877989954],[21.248127427565358,49.14668017579377],[21.24819718973657,49.14665441158207],[21.248312441134622,49.146608439248745],[21.248386449306064,49.14657893447063],[21.248407022030463,49.14656561309568],[21.24850298015766,49.1465034751704],[21.248604834426718,49.14644331851716],[21.248644988399075,49.14641133417077],[21.248722235087758,49.146349882017375],[21.248899306928656,49.14619706425847],[21.249023137673007,49.14609041208007],[21.249028992382435,49.146085280674065],[21.249280878164477,49.14584735050899],[21.24929785601954,49.14583247837416],[21.249371316114978,49.14576829909171],[21.249451809253905,49.14569785426192],[21.24965779633816,49.145574368609616],[21.24966389516606,49.1455715851452],[21.24975782679061,49.145528197945595],[21.249882408407032,49.145470628028875],[21.249936767621087,49.14544916120732],[21.250148411089434,49.14536563644866],[21.250193732000547,49.14534776299918],[21.250344369374876,49.145288471511364],[21.250526480174663,49.145216912681676],[21.250534808005114,49.145213657445424],[21.250759467865272,49.14510919659049],[21.25085711902757,49.14505980140622],[21.25109544817469,49.144875192792945],[21.251130298363588,49.14483287289886],[21.25121351808432,49.14473181431716],[21.25122599596388,49.144716533844786],[21.251280985746824,49.144630362555006],[21.251345858142468,49.14452874113938],[21.251468222259835,49.14422688174181],[21.251473268136575,49.14421191341204],[21.251572448565504,49.14391573415805],[21.25168274785278,49.14359829141334],[21.251701900649884,49.14354324744031],[21.251759941214697,49.14336994168279],[21.25177214278668,49.14333349836039],[21.251788682376883,49.1432843154451],[21.251807137578414,49.143229430098124],[21.25183224821876,49.14315431468],[21.25183485870606,49.14314656313733],[21.251842668453023,49.143121687511595],[21.25191952301183,49.14287496353246],[21.251940711345362,49.142806749239824],[21.251959193177484,49.142747633820605],[21.251977882274545,49.14268753455207],[21.25199659692615,49.14262707599063],[21.252012942925376,49.142574826481194],[21.252033110004692,49.14250361024511],[21.25207323028796,49.14236225142414],[21.252107842534183,49.14225583086327],[21.252133864647874,49.14217561228289],[21.252167032711277,49.14210101394068],[21.252231931589783,49.14195465374671],[21.252367815833193,49.14176330061663],[21.25245260077023,49.14164401552784],[21.252532627953187,49.14153565676303],[21.252570754112128,49.141483894994934],[21.252608880192657,49.141432133213435],[21.252638351495904,49.141392078495194],[21.252664005916266,49.14135937826558],[21.25285766180924,49.141112004198796],[21.252868004071107,49.1410997187206],[21.25303254300376,49.140895110583436],[21.25304691688835,49.14087052615613],[21.2531346184987,49.14076996386586],[21.25317944669972,49.14071462662336],[21.253343731053437,49.140511630623955],[21.253351671493768,49.14050224208288],[21.253511069499666,49.14031196870767],[21.25358425622044,49.1402244639151],[21.253591148690003,49.140216303491705],[21.253693011676805,49.140099881612386],[21.25371527167109,49.1400743686158],[21.253844919892213,49.139926121662455],[21.253926624068825,49.1398326664944],[21.25399309748873,49.139756568069515],[21.254021176068022,49.139724481990946],[21.254077518945557,49.139676968912916],[21.25456077595236,49.13926986415119],[21.254939329863543,49.13894002549851],[21.255375677382542,49.13849592290924],[21.255712626564513,49.13812591925316],[21.256146735493157,49.13762053301376],[21.256202212300234,49.137604408884556],[21.256238499550026,49.137593818127],[21.256266731709175,49.13758460093162],[21.25631181333424,49.13756995867568],[21.25634652807713,49.137558329512885],[21.256364374168875,49.137552394871165],[21.256623255209146,49.13746571559773],[21.256851734371114,49.13741681248463],[21.257136935685498,49.13737090640371],[21.257451248665376,49.1373477655986],[21.25784588483398,49.137366151437405],[21.258331876958906,49.13738283202289],[21.258344745245054,49.137383225999464],[21.258995876540386,49.13737543362383],[21.259262943231878,49.13739738112964],[21.259324323272132,49.13740241047854],[21.259711176645993,49.137499407669736],[21.260125781598145,49.13755728469489],[21.26036409839881,49.137593832981764],[21.26058063322899,49.13761063047848],[21.260603698678974,49.13761232640157],[21.2607926122842,49.13762782829407],[21.26112026099482,49.137608146231216],[21.26157008224805,49.13755466283164],[21.261801431628122,49.13752708222283],[21.262249945100038,49.137480397616336],[21.262287554710653,49.137474346362545],[21.262315963773162,49.1374664834211],[21.262344459251192,49.137455472485385],[21.262367441117682,49.13744096226257],[21.262383560112468,49.13741877066536],[21.262393663141413,49.13738856352374],[21.262393354475066,49.13736586954575],[21.26236778306936,49.13732412934087],[21.262505470840736,49.13727468922871],[21.262571073351154,49.13736320265939],[21.26275465509725,49.1374846695487],[21.262813219718115,49.13752354773707],[21.26285081572421,49.13754666171218],[21.262935738749178,49.13760461944497],[21.262996215723817,49.13765327794409],[21.263357550114737,49.13793392924301],[21.263449262298536,49.13788857349588],[21.263544928110623,49.137820383976056],[21.263677553194196,49.13775143385848],[21.263691648256348,49.137744213220145],[21.263870395449107,49.13764399633069],[21.26406981059645,49.13751353479752],[21.264132131341672,49.13748213309979],[21.264230779134483,49.13740863313483],[21.264344013775954,49.13730938372559],[21.264427993837245,49.13723570534896],[21.264537814651014,49.137138151787575],[21.264548751434834,49.13712903416893],[21.264597329358786,49.13708055891038],[21.264646306704652,49.13701679279883],[21.264668935344613,49.136960863120954],[21.264614140270123,49.13694424549014],[21.26468736572294,49.13686357693553],[21.264810459310564,49.13691144760991],[21.264850567533134,49.13693589795746],[21.264901976283976,49.13690938344092],[21.264957931790782,49.13687679661633],[21.26501688317481,49.13684259097839],[21.265126849127082,49.136771956691774],[21.26518345764222,49.13673209827376],[21.26525838291857,49.136675786161405],[21.265351784199527,49.136600774741815],[21.265434558399843,49.13652471839381],[21.265561801196036,49.13640780234602],[21.265563584175194,49.136405876431375],[21.26561760528714,49.13634640488769],[21.265669544013928,49.13628921016125],[21.265701233159543,49.13625444129104],[21.26571179407354,49.13624288160667],[21.265753119594475,49.1361322520376],[21.265836305829342,49.13606196916671],[21.265906771996246,49.1360104714232],[21.266169777800105,49.135776358462955],[21.266221651301493,49.13572393247024],[21.266235261865482,49.13571192580146],[21.266322795958118,49.135634483994494],[21.26637278400151,49.13558929178874],[21.266448753454245,49.13553562139883],[21.266464306151658,49.13551944319473],[21.26655120864408,49.13545089370492],[21.26673929025612,49.135327193200894],[21.26685658788826,49.13526722344153],[21.266982573335888,49.13520274798148],[21.267061708330694,49.13516438692175],[21.267450293901604,49.1349274454754],[21.267514774091378,49.13489646812811],[21.267726344788905,49.13478968668129],[21.26786107630057,49.134721786684544],[21.2679124081538,49.13469049765045],[21.267995422670936,49.134641902416135],[21.268701533028572,49.13437666473584],[21.26894440131215,49.134314045209166],[21.26948286332376,49.13425972765585],[21.270365855049253,49.133981965503374],[21.270714440362955,49.133683841478835],[21.271173319643804,49.133244333071794],[21.271461027712274,49.13291464391919],[21.27156446334671,49.132589324901055],[21.27157826858583,49.132293767968754],[21.272753216369477,49.13065113590529],[21.273678946884132,49.1287629784106],[21.27421952906423,49.12752866405199],[21.274344468615208,49.12677704445962],[21.274304158944314,49.12649000937079],[21.274301745832236,49.12648534490129],[21.27436363130503,49.126473368797704],[21.27577233828919,49.12620142366724],[21.277599755214663,49.12613548347579],[21.27773662278414,49.1261396520929],[21.27781367662072,49.125885989016325],[21.27793190276923,49.12462133240848],[21.27713443317292,49.124280449945054],[21.2768711638043,49.123773281763455],[21.27664410954831,49.12333202886396],[21.2766312063645,49.12330697088289],[21.276447171910114,49.12294399326773],[21.276402158372026,49.12209510475689],[21.27634545377527,49.12127385518563],[21.276519667327946,49.1200479003273],[21.27626895659086,49.11959431228689],[21.276118054234505,49.11932155047613],[21.276106992469675,49.119301499457194],[21.276254907412163,49.11925973790908],[21.27646574989912,49.11912132419056],[21.276878018415424,49.11909976940388],[21.277399313145217,49.11910151856221],[21.278087689000447,49.12039659826739],[21.27825749615909,49.12070089882485],[21.2786265803187,49.12073941431792],[21.279454443748122,49.12062239406102],[21.281072558798744,49.12032651986394],[21.282625301110894,49.120056900746626],[21.282878578022803,49.12003985000527],[21.283316720635398,49.119964598774715],[21.283864277056068,49.11986251722408],[21.28596004472644,49.119501975149326],[21.287213174183442,49.11929511452726],[21.287391904837296,49.119123480291435],[21.287976059352232,49.11908559379913],[21.288080244840327,49.119164012576825],[21.28851887548994,49.11909910906847],[21.28881582577445,49.119083011870124],[21.2890696954115,49.1189367913102],[21.289046977886326,49.118718170006495],[21.289094169368667,49.118680985577996],[21.288982864402964,49.11850315261942],[21.288618756749383,49.11832025311717],[21.2885806643582,49.11824780269766],[21.28901190495697,49.11807942346449],[21.289437136435406,49.11782696428287],[21.289664774009193,49.11769479899324],[21.290283887796022,49.116412935831804],[21.29026506783025,49.11559194802905],[21.29014766078605,49.11524577851602],[21.290079262980672,49.11479181570538],[21.289743522490884,49.114111264318446],[21.28934904378374,49.113762352033724],[21.288213647883484,49.112773776070455],[21.288006395472443,49.11265396857905],[21.287964401237573,49.1126272179778],[21.28790245713166,49.112587798988486],[21.287868076299084,49.11256587051746],[21.288106440211642,49.11239019598939],[21.288567551630347,49.11206384620865],[21.288915723354012,49.11177952362585],[21.290358048433934,49.11049565222298],[21.29049952715702,49.11043180405551],[21.29066577493103,49.11037059797581],[21.291202663805333,49.110178774352676],[21.29153256889048,49.11007167440104],[21.29193264852959,49.10999028756084],[21.293446719191902,49.1097756224986],[21.293719194195447,49.109677846695725],[21.293929196138034,49.10961634289462],[21.294331731401666,49.109418090220956],[21.295359663107867,49.10868933297388],[21.295604174402225,49.1085386753635],[21.295917012456005,49.10839125863308],[21.296214231187115,49.10829629775865],[21.296442273909253,49.1082452383628],[21.296499505084935,49.10822689906929],[21.296538814895886,49.108206036237796],[21.297476485810293,49.108083671583174],[21.29820898859475,49.10799316185373],[21.299153999205828,49.10801989432914],[21.299852063633463,49.108007726369685],[21.300675367205095,49.10794983618079],[21.301246499669993,49.10796451319671],[21.301621008427585,49.10796171497036],[21.301918256332012,49.107938394216966],[21.30233218253327,49.1078838566413],[21.303180716286143,49.10774965798987],[21.30333673154872,49.10771080923436],[21.306047740987474,49.107144662362636],[21.30669525467642,49.10703973917102],[21.306857634122252,49.10702151193306],[21.306915034103877,49.107010464125054],[21.30695083171548,49.107010285629606],[21.307201734957946,49.106998603604275],[21.307504455949754,49.106987046370875],[21.307826699361367,49.106974727891505],[21.30813121717714,49.1069707847075],[21.308282094464577,49.106969941298104],[21.30834957249398,49.10696963912838],[21.308417604088277,49.10696926362383],[21.30864222186146,49.10696092530806],[21.308709166844046,49.10695844643618],[21.308941498307696,49.10694764002952],[21.309016740434604,49.10694415133293],[21.309011674049078,49.10692644512278],[21.309273714073726,49.10690060235901],[21.30938926881603,49.10688923912365],[21.309731260441197,49.10685725806492],[21.309794322533556,49.106849530401284],[21.309804320493896,49.1068907897322],[21.30986402817465,49.10688593128916],[21.310255036489515,49.106841206070946],[21.310541929028425,49.106820701611944],[21.310632318284497,49.10682018958894],[21.310891941475184,49.10682100512646],[21.311120457269976,49.10688425268455],[21.311235838963086,49.10691059924379],[21.31122829200681,49.10691460223378],[21.311162515960635,49.106949343665335],[21.311155398315677,49.106953089559376],[21.311238701777192,49.10697153666941],[21.311247846531167,49.106968212016],[21.31134053165507,49.10693491277858],[21.311350379353332,49.10693133928364],[21.311741444414178,49.106940620593456],[21.311740153552154,49.106953183918144],[21.311742207116378,49.10701589721604],[21.311742150518665,49.10701670565458],[21.31174117884367,49.10702666813905],[21.31179323895135,49.10702724895518],[21.312156792007908,49.1070437100781],[21.312485148253778,49.10705568754786],[21.312648837533562,49.107046133388025],[21.312765632794424,49.10703858492825],[21.312825277493523,49.10703462323532],[21.312983276846513,49.10702408681354],[21.313146748865453,49.107013715261346],[21.31323186204191,49.10700827120426],[21.313301456688823,49.107005149496906],[21.313431155208782,49.10699933982481],[21.31350590156674,49.10699313280118],[21.313589161167364,49.106971069603],[21.31364360708542,49.10697478210251],[21.313722947180942,49.10697150399198],[21.31377553374005,49.106966518800164],[21.313947907764494,49.10695236388743],[21.314000393727618,49.10694881582013],[21.314188457728743,49.10693576383709],[21.314240234429715,49.106932554339075],[21.314433500248416,49.106915698117795],[21.314484655659253,49.10691156961697],[21.314624289225357,49.10690092728508],[21.31467756457811,49.10689785279852],[21.314770333700203,49.10688291672924],[21.314822523583995,49.106875758724726],[21.314957189033272,49.10684597281156],[21.31500661528776,49.10683324042316],[21.31516053973165,49.10679665359766],[21.315208404347793,49.106784684191894],[21.315768049962628,49.106651677826505],[21.315760623339525,49.10664416266881],[21.31573463959845,49.10661772487278],[21.315686910781693,49.10656893773401],[21.315672573447763,49.106554373037305],[21.31566143669775,49.106543055377585],[21.315653746347074,49.10639618737901],[21.315651052115168,49.106344526952675],[21.315648122715096,49.10630015073875],[21.31565247247401,49.1062516731727],[21.315663268056593,49.10599338237682],[21.315663043677468,49.105886796560455],[21.315662928733747,49.10583746427587],[21.3156628261869,49.105770309176684],[21.315668415485323,49.10570998684159],[21.315678911172625,49.10571282367264],[21.315670591818265,49.10554946371862],[21.315661954149572,49.10537889286798],[21.31565967255706,49.10533309590636],[21.31564336818858,49.10512511727276],[21.315630876180347,49.10495280990932],[21.315618217088772,49.104904449707554],[21.315611261883035,49.10480981312158],[21.31560061048779,49.10469157089713],[21.31559935024454,49.104652735951085],[21.315597068885918,49.10462458214346],[21.31558094165333,49.10442191972237],[21.31553912825306,49.10431209975098],[21.31546194475578,49.104110117113],[21.315467104098975,49.10404222042791],[21.315451964523227,49.10396660051723],[21.315434692965486,49.103827364907914],[21.31540513443785,49.10367758703707],[21.315374539539796,49.10352498739853],[21.315361045469363,49.10345328775676],[21.315299212307014,49.10322395265641],[21.31524801514533,49.103036615660805],[21.315190340965614,49.102863485932694],[21.31512142739027,49.102694248042425],[21.31505847156145,49.10255156447805],[21.314996269296113,49.10239027021817],[21.314969185524756,49.102322751547916],[21.314638362791385,49.10150758041012],[21.314564115007975,49.10132449865211],[21.3145035363796,49.101175315106964],[21.314439005956338,49.10099639696257],[21.31405897709504,49.10002653138212],[21.313515742868884,49.098718949685555],[21.313377777545785,49.09842196404804],[21.312949423593835,49.097512476095716],[21.312891090216414,49.09739990566406],[21.31282051665455,49.09725068919089],[21.312574964427416,49.09668319660278],[21.31197225038843,49.095409815451156],[21.311788148475657,49.094969298133364],[21.311382180286014,49.09409135286274],[21.31111427771307,49.093491134837365],[21.310730969395124,49.09268534355419],[21.310670447121577,49.09258656797454],[21.31070172865285,49.09252936165115],[21.310673608974984,49.09242589339026],[21.310624227507056,49.09231287143513],[21.310566383434985,49.09216997836606],[21.31050314553727,49.092047356199416],[21.310439023542838,49.09206657385632],[21.31022850433942,49.091588708117364],[21.31002656215536,49.09109606800287],[21.309976955177664,49.0910039227452],[21.309827632273173,49.09072684151239],[21.30968590032314,49.09041380247689],[21.30960475658934,49.09025922283688],[21.309603459676737,49.09025621310277],[21.309586939331183,49.090220067372655],[21.309585642420664,49.09021705763832],[21.30953494693995,49.09008959257649],[21.309514212124547,49.09004512798113],[21.309462655539203,49.08979296333082],[21.30940304522153,49.08979476332881],[21.30941498126431,49.089765238248546],[21.309456419862872,49.089762619276236],[21.309459867749116,49.089750571134054],[21.309525449710613,49.08951670765703],[21.309600768141316,49.089296460761766],[21.309626741962855,49.08922109095507],[21.309631087139834,49.08922167229145],[21.309640095756464,49.089190888542745],[21.30972358159784,49.088971428381114],[21.30983383425271,49.08873963417027],[21.30983800034351,49.088731028356676],[21.310229656905385,49.08867111404598],[21.310721964329794,49.08872009780783],[21.311068908443115,49.08880159737351],[21.311231947884078,49.088831814846216],[21.311741875732068,49.088873854823156],[21.311878814327024,49.08887555822812],[21.31196671367011,49.088853366963065],[21.31233166376462,49.088830356534],[21.312475205839828,49.08881407515165],[21.312538626884617,49.08876170914885],[21.31256132034282,49.08874295042982],[21.312759222502155,49.08881751604166],[21.312936967274503,49.08861404112111],[21.31305913633225,49.0884213111727],[21.313066629738675,49.08841019518182],[21.313228464261464,49.08817158325961],[21.313291261814374,49.088069328745426],[21.313306182240712,49.08804412417832],[21.313359543403617,49.08795724781379],[21.313418782204618,49.08784120329531],[21.313533998120597,49.08757147874127],[21.31353279106595,49.08754758785832],[21.31355470758521,49.087510532105156],[21.313571339471327,49.08748240859339],[21.313593872107024,49.087444381238875],[21.313566232550357,49.08743589582839],[21.314044546063315,49.08651685274694],[21.31415658319659,49.086523743508465],[21.314163135240445,49.08652412121067],[21.314280767112773,49.08653136067276],[21.314341761842442,49.08653518111275],[21.31450309572425,49.08625847541126],[21.31458665224116,49.08611210813828],[21.314610703276166,49.08606998564038],[21.31470676397238,49.08590158129496],[21.314778910073485,49.08577530352825],[21.31485314650041,49.08580337761081],[21.315066645854376,49.08588408116672],[21.31523985505999,49.08594907645739],[21.315351921175104,49.08599278384651],[21.3154896365775,49.086045996279374],[21.31563276760331,49.086098201638315],[21.31574269918681,49.08613716338664],[21.315907993240227,49.08619777816729],[21.315917079575254,49.086201112727295],[21.316012759689773,49.08623613381206],[21.316126408198784,49.08627682755646],[21.316316434259363,49.086344398601796],[21.316382351409686,49.086367990034894],[21.316473506446652,49.086403054321735],[21.31646897399292,49.08641299954351],[21.316451970997804,49.08645038395067],[21.317187932272535,49.08640136717681],[21.317888724542836,49.08625739856638],[21.318469715130124,49.08710062866661],[21.31879036774249,49.08739177175504],[21.319289251643674,49.08767424044451],[21.321352929827714,49.088517820903654],[21.323811288671795,49.08957919380924],[21.326001169766805,49.090415501201015],[21.32992304468201,49.09197233770543],[21.332378213974376,49.09308833146429],[21.332974042806498,49.09351199985678],[21.33365783223607,49.093906797965296],[21.334512585705887,49.09425982082289],[21.33545881272131,49.09463205229824],[21.33609552246446,49.09499472815568],[21.336487047354435,49.095132124863866],[21.337667740638548,49.09535185740577],[21.338809111432315,49.095516210773035],[21.339245063831218,49.09564169627172],[21.34038155421836,49.09601274230981],[21.34128946339601,49.09614613713212],[21.34220988324975,49.09678677316074],[21.34328928449953,49.097414333628564],[21.34460791979627,49.09846292426026],[21.345016250351716,49.09878766360263],[21.345520596649898,49.0990938479214],[21.346744758981334,49.09992643251689],[21.346831710629356,49.09990607693192],[21.34676674091425,49.10024421063702],[21.346453310985478,49.10041901469185],[21.34596609440079,49.10086217847665],[21.345237962111455,49.10215813843713],[21.344797469226535,49.10260323463528],[21.344887562812172,49.10261672974878],[21.344390291655245,49.10306993876953],[21.343929958040945,49.103002345705214],[21.343891912502354,49.10364967326339],[21.343922349947057,49.10381368986124],[21.343974115115042,49.1040932027757],[21.34413042707337,49.10445658469277],[21.344175461925634,49.10476200037402],[21.34431944685855,49.105261655305675],[21.344308141235878,49.105950468347345],[21.344121909039963,49.106603446322225],[21.343724150175134,49.10735676629486],[21.343709417959783,49.10757506094906],[21.34369228643805,49.10782793941234],[21.343778859263928,49.10818680526595],[21.34399823838603,49.10856620443298],[21.344156091652184,49.10870990618084],[21.34423371890677,49.10878072795588],[21.344426299096884,49.108902153764895],[21.344862581522378,49.10907416087977],[21.345454909275517,49.10927567384648],[21.346121430618865,49.10944141453892],[21.346476591197185,49.10952979847278],[21.346695445836374,49.109634272431165],[21.3467395954301,49.1096659261813],[21.346957844105386,49.109822679762544],[21.34732118821162,49.10999483861193],[21.347690237139048,49.11029048601929],[21.347878504410193,49.11037937172068],[21.348448017196027,49.11067506205253],[21.34875668651195,49.11076376067813],[21.349251542650208,49.111032823952215],[21.349629448406777,49.111660160488235],[21.349861144536316,49.112139739423],[21.3499166779678,49.11235554008969],[21.34993234483864,49.112416407041025],[21.349975833314286,49.11294275631551],[21.349807440720735,49.11343784803196],[21.350148488307415,49.11390673719748]],[[21.182408710143285,49.21458301651645],[21.182429973616273,49.214589171512365],[21.18261238335896,49.21459963671798],[21.182804079207465,49.21455610953793],[21.182864697765847,49.214552060354436],[21.18312581475079,49.21443634314461],[21.18318946915053,49.214426447243035],[21.183344362649386,49.21436367659928],[21.183501664138337,49.2143244760761],[21.183615633939173,49.21432749267708],[21.183711942920862,49.21436929668367],[21.18379468578017,49.21440302558766],[21.183863660652257,49.214401217091925],[21.183951293475538,49.214441399853555],[21.184020535892806,49.21444914170657],[21.184097149485407,49.21443676905555],[21.184198212493175,49.21443965240842],[21.184244840307645,49.21441068060624],[21.184288615709004,49.214332108927785],[21.184439009564084,49.21424615143669],[21.18458066695628,49.21425768262924],[21.184664852966865,49.214303698613094],[21.18482323689267,49.214300628026585],[21.184996434260878,49.21435464173083],[21.185102191228367,49.21435911104999],[21.18519654910475,49.214333248138196],[21.18528718538484,49.214279182923136],[21.185404751723954,49.214204352918436],[21.185449126400716,49.21418935345405],[21.185575480759287,49.2141940147173],[21.185640792649984,49.21418587957688],[21.185874319483617,49.21414527253833],[21.18607767173566,49.21414360272591],[21.186112194691923,49.21413558737211],[21.18616293453757,49.21412375679612],[21.186232959664803,49.21410748650762],[21.18634811644707,49.21407903059855],[21.18652378016468,49.214059392853194],[21.186687566923563,49.21400085611776],[21.186763239387776,49.213997634415925],[21.186868197658022,49.21396012811581],[21.186961220803184,49.2139034355078],[21.187023933718503,49.21389512856092],[21.1871169398616,49.21390486977073],[21.187692788740275,49.21339269650918],[21.18490692220758,49.21205481533268],[21.1848572613914,49.21203103113856],[21.183837067500757,49.211540997587],[21.183566351335184,49.211411022170374],[21.183135391381683,49.21120402851886],[21.182931069195764,49.21110583043599],[21.1826434958309,49.21096776482697],[21.182021496224944,49.21066901371975],[21.181646976160735,49.210489071960474],[21.180898864498953,49.21012975365866],[21.180892891557058,49.21012686650172],[21.180791332043302,49.21007805423401],[21.18045118937814,49.20991484556178],[21.180444535032546,49.20994020341688],[21.18061423228185,49.210457448541796],[21.180155757240584,49.21161617905027],[21.180149188225354,49.21163280760016],[21.180105425184973,49.211743245446506],[21.180086061920903,49.21181483666734],[21.179959862977263,49.21228196936832],[21.179884876610664,49.212558959077924],[21.179688936277547,49.21328380063891],[21.179647216130956,49.21343787184681],[21.181282703882214,49.21420596458387],[21.18191210830416,49.214488475457244],[21.182093684358463,49.21457084133322],[21.182324335275773,49.21455850770994],[21.182408710143285,49.21458301651645]]],[[[21.159710246022794,49.23631350038773],[21.159594107605677,49.23652527263333],[21.1547770989923,49.23488129407344],[21.154810702490416,49.23484859281836],[21.15495103022371,49.23471212228926],[21.155029483506954,49.234635820661154],[21.159710246022794,49.23631350038773]]],[[[21.164866507826364,49.23511174532383],[21.16397865035862,49.23721981152512],[21.163858565968184,49.23717562656565],[21.163622283522574,49.23708863842375],[21.164512406167212,49.234998649455555],[21.164866507826364,49.23511174532383]]],[[[21.167709355818104,49.231123388659874],[21.16789209109237,49.231132084699304],[21.167897223878864,49.23113332575421],[21.166957172882956,49.232159985535255],[21.166699183774476,49.23244176511829],[21.16660985531763,49.23240007683337],[21.16645479077247,49.232328691998454],[21.166377967381468,49.23229270664568],[21.167396156766706,49.23112806822341],[21.167607581570635,49.231118489410115],[21.167709355818104,49.231123388659874]]]]}},{"type":"Feature","properties":{"LC":"Lesy Plavnica","KLC":"PO026   ","KPL":"PO026","RZP":2026,"RUP":2035,"PSL":1},"geometry":{"type":"Polygon","coordinates":[[[20.75623061001964,49.38566955203116],[20.755820452534355,49.385736875235025],[20.75564214647054,49.38578218147011],[20.755446147637358,49.38585163347654],[20.755374887784637,49.385883191890365],[20.754963615909613,49.38610957375044],[20.75485062020145,49.386182720205944],[20.754845788616294,49.38618615385482],[20.75468695233327,49.38630893940854],[20.754638560489894,49.38633913135628],[20.754600932113743,49.38636249425464],[20.754530965915652,49.38641030432553],[20.75447607964205,49.38644909435333],[20.754366821137754,49.38651867866706],[20.75432900453504,49.38654941820596],[20.754031659135983,49.386728344771164],[20.753922320526897,49.3867819888746],[20.753758853793375,49.38686004259278],[20.753648280056726,49.38691022200224],[20.753467001793386,49.38674337796015],[20.753419143719405,49.386699395163895],[20.753395611263993,49.38669029324572],[20.753356701674544,49.38667525424382],[20.75334613665567,49.386671195246024],[20.753261370798043,49.38663835452372],[20.753190498557284,49.38661103909356],[20.753181800463693,49.386607765317656],[20.752874521942072,49.38649425429714],[20.75286930457572,49.38649227206042],[20.752867430360027,49.386491576603504],[20.75267944425831,49.38642219119457],[20.752679306722662,49.38642218641142],[20.752650788291994,49.38641165037348],[20.752585313867424,49.38638749359265],[20.752454502743447,49.386339184703466],[20.75231405312703,49.386287298985536],[20.75228887458969,49.386281471054694],[20.752272228879185,49.38627756061976],[20.75227209134392,49.38627755583611],[20.7524342192756,49.38621422414216],[20.75274752303666,49.38609330195169],[20.75268271521078,49.3859950655309],[20.752231960462137,49.385653893868685],[20.7515991772452,49.38519752958773],[20.751440655120355,49.384988614379125],[20.75106217238677,49.384828411162495],[20.750437269185436,49.384677820016],[20.749786315248503,49.384613207498056],[20.74987195059216,49.38455595102344],[20.750471135594584,49.384229248018336],[20.75069314551933,49.38410812591631],[20.75093766435234,49.38397482083382],[20.75126417517594,49.383796736730375],[20.752112627413705,49.38333400371805],[20.75230191208721,49.38322677715322],[20.752547448653516,49.383087651770644],[20.752719240919962,49.38299026082311],[20.752287005742826,49.38273851157039],[20.7512753486853,49.38214939086189],[20.750863925837038,49.38190979496355],[20.75031598795625,49.38159062315832],[20.75000094399098,49.38140714154996],[20.749109536373346,49.38088800452682],[20.749024221740893,49.38083839358025],[20.748133362491114,49.380319537469695],[20.748098474992197,49.3802992340659],[20.748053713714302,49.38027318440024],[20.747966831642827,49.38022252756717],[20.747966694124617,49.38022252277841],[20.747741189178004,49.380091134340105],[20.74669107127192,49.37947947049383],[20.74669093375589,49.3794794657036],[20.746656575482987,49.379459450376906],[20.74665658281985,49.37945936059188],[20.74629285692783,49.37924752001126],[20.746183207044503,49.37935399978129],[20.746016322635093,49.37945713482208],[20.74595372177985,49.379495832247535],[20.745726937065026,49.379616418763845],[20.745618933358404,49.37965380420112],[20.745307556574563,49.379761538004566],[20.74501016063839,49.37981969561353],[20.7449914328778,49.37981598159986],[20.74495465026876,49.37980875709469],[20.744908771489904,49.379799774933616],[20.7448016801244,49.37977875503361],[20.744647632052075,49.379748445076345],[20.74442709413053,49.3797638992858],[20.744118841958805,49.379782778694974],[20.74397339994793,49.379809133319355],[20.743426844667283,49.37990722377198],[20.743363458782106,49.37992176160177],[20.74322680305521,49.37999749386887],[20.74309381501682,49.38013629237855],[20.7429841972583,49.38020180198998],[20.7428449248856,49.380248809644726],[20.742640724121745,49.380322456331626],[20.7424763761642,49.38040793707103],[20.74217761961855,49.38054500611066],[20.742073893889835,49.38060252668452],[20.74171592677815,49.38079407543449],[20.741569982132855,49.38087371388246],[20.74135866536575,49.38081853191569],[20.740852531859403,49.380692108098344],[20.740668046263252,49.38060904767853],[20.740618832361882,49.380586891558195],[20.740412659514863,49.38045877398388],[20.740248599480193,49.38040082652848],[20.739859092264005,49.38026325008305],[20.73954900497189,49.380188230862586],[20.739475909038042,49.38016974291772],[20.739365369597117,49.38015210927708],[20.738791877088413,49.38009391769385],[20.738659804549826,49.380076522290196],[20.738441808686588,49.38007098445886],[20.73783003039872,49.379813451253156],[20.7372789475847,49.37969723746145],[20.736999606625226,49.3797234105285],[20.736911165526205,49.3797289663678],[20.736736405703617,49.37972763622839],[20.73657031638081,49.379593527645056],[20.736331596057997,49.37951946101463],[20.736062144800623,49.37936769545555],[20.735882549965158,49.37906518703464],[20.735617209851306,49.378971010245344],[20.735588009434675,49.37889651655966],[20.73552952284838,49.378746895864644],[20.735461781343183,49.37861766134897],[20.73541418984536,49.378526948017225],[20.735008468883947,49.37838392570366],[20.734731152656384,49.3783080569162],[20.734548530704757,49.37825800635448],[20.73444674368981,49.378237972396946],[20.73412877856405,49.37817517851959],[20.73368173662902,49.37812245976532],[20.733016432843634,49.37804401239435],[20.732820617475785,49.37803716805157],[20.732702443754587,49.37807067473592],[20.73254590664908,49.37814822122827],[20.732494976603896,49.37825638166057],[20.732468452024417,49.37831245076625],[20.732463435850594,49.378323170447466],[20.73246076448354,49.37832883972575],[20.732434043417477,49.37838562228872],[20.7323203311335,49.37864555905131],[20.732167037043766,49.378871877108786],[20.73215478691787,49.37889008746267],[20.731725877480233,49.37925686879524],[20.731327163526334,49.37935295898473],[20.731112470759843,49.379404699293374],[20.730930135032974,49.379448656600495],[20.73086485526264,49.37946438213985],[20.730807025760797,49.37947838726467],[20.730304472511218,49.379599566081396],[20.729932570966977,49.379694878658874],[20.729762255894684,49.379738534336305],[20.72965917096018,49.37975446755376],[20.72964869523459,49.379756082033474],[20.72964086913503,49.37975733898712],[20.729493506586135,49.37978009711003],[20.729379312029646,49.37981040830203],[20.729344063766288,49.37981980016434],[20.72922211410386,49.37985218100255],[20.729006799929156,49.37994000259776],[20.72876180580124,49.38003993150423],[20.728369633253624,49.38015866130066],[20.72832808828669,49.38016747238056],[20.72831236956158,49.3801707941659],[20.728245555743882,49.38018502395987],[20.727936632209968,49.38025056931552],[20.727675377051742,49.38031670160534],[20.727383459869806,49.380334668335344],[20.727008513884762,49.380357741934354],[20.7262706658858,49.38043690237546],[20.726115421083225,49.38047162612921],[20.725691637633112,49.38055196325488],[20.725460137306694,49.38068225196651],[20.72511826641507,49.38079958114523],[20.724909681921922,49.38088592045049],[20.72448516856964,49.3810556395358],[20.724230634566037,49.38132351383542],[20.724063643346582,49.38135007998017],[20.72389854605722,49.38135023988041],[20.723608151888534,49.3814217357854],[20.723277383182484,49.38150622329421],[20.722784543961858,49.381721805453125],[20.722642087994114,49.38176696757437],[20.72221849817295,49.38177427533569],[20.72189408630587,49.381927323829125],[20.721575579065174,49.38212091730652],[20.721310624637137,49.38225695916761],[20.720908328253433,49.38255368387512],[20.720655901384443,49.3828090191734],[20.71966802886332,49.38284704976869],[20.7196446471758,49.38284794074027],[20.71962374089805,49.38284891850312],[20.71956879150188,49.38278423234164],[20.719543643135086,49.382754627065424],[20.71947485168372,49.38267378813767],[20.719329453935902,49.38241432030796],[20.71932452008111,49.38240388247722],[20.719324527467524,49.382403792693964],[20.719326624942024,49.38235650400538],[20.719327587324088,49.3823347475205],[20.719324630756326,49.38225333566367],[20.719253104052545,49.381900652979056],[20.71924016873472,49.381585141329666],[20.719227374584385,49.38127629771139],[20.719226956812815,49.38126628836238],[20.719223790835517,49.38118910110207],[20.719221504724917,49.38113139383852],[20.7192212501098,49.381127783216215],[20.719221133012717,49.38112417741642],[20.719165544279907,49.38065490822425],[20.719164674218007,49.38064704402699],[20.719164681604465,49.380646954243666],[20.71874453426454,49.37976772228428],[20.71867854346293,49.379629443696544],[20.718381321316844,49.37940012541141],[20.71823071968424,49.379019725774526],[20.71819845531868,49.378979425516576],[20.717848452700807,49.3785435874537],[20.7176587205732,49.378414203189514],[20.717658590451666,49.37841410858184],[20.71753993627301,49.37823211167421],[20.71748869013323,49.37824652137763],[20.717325140503508,49.378090592104385],[20.717125687057457,49.37788667064406],[20.716993184403385,49.37769536292273],[20.716944033182262,49.37764411477015],[20.716827930490204,49.37754342490972],[20.716568628198463,49.377321104384144],[20.71646164912567,49.37725702146937],[20.716283031166967,49.37705806146604],[20.716075765250164,49.37680172889391],[20.715998698716355,49.376709341421154],[20.715843731808118,49.37659332966848],[20.71558044047526,49.37628892758141],[20.715438321051217,49.37598508669761],[20.715340174632626,49.375766889214766],[20.715254639510984,49.37547592951555],[20.715121603989893,49.37515727968458],[20.714930099563244,49.37488889170746],[20.71467721616265,49.37461735772955],[20.714532127049512,49.37445351765113],[20.714435476870275,49.37437295713567],[20.714440582465386,49.37370816932533],[20.71437197701464,49.373421044419615],[20.714365683607593,49.373179328175794],[20.714292873049974,49.37269044917976],[20.71434158793914,49.37266820842926],[20.714812623777373,49.3724672946505],[20.715157179592183,49.37230191760004],[20.715741706194628,49.372020434544744],[20.7156378387625,49.3717662888055],[20.71551994571712,49.37163897126185],[20.7153276794004,49.37151228400408],[20.715143630648353,49.37113340433438],[20.71493954738712,49.370853858559705],[20.71482025507689,49.370746930754905],[20.714603919816714,49.370448765309845],[20.714339559649076,49.37000880573563],[20.71414130304411,49.36977916652521],[20.71382946146943,49.369497274384365],[20.713532951940135,49.36926364268719],[20.71341824892752,49.369278522689356],[20.71326282129967,49.36903453848473],[20.71310354204016,49.36883733120989],[20.71270971332024,49.36852482198928],[20.712386319825956,49.368269532396646],[20.712128807682767,49.368071483185794],[20.711855706972017,49.36794383968087],[20.71154672088709,49.36781331356066],[20.711339350595974,49.36774137446161],[20.71137624970484,49.367728624525455],[20.711312019070085,49.36758950114256],[20.711171905897906,49.367360638685206],[20.71109060646704,49.36724126501081],[20.710993424404155,49.36709377970949],[20.71092178038297,49.36684220128648],[20.710876796417047,49.36674895585762],[20.710980646197434,49.366424037560776],[20.711061836875075,49.366108047424916],[20.711045511329797,49.365494727649505],[20.711038869445943,49.36544650100177],[20.710980060269637,49.3653085581969],[20.71096511666705,49.36516198233696],[20.71096432106542,49.36489893723365],[20.710950666987536,49.36473169665366],[20.710948975655917,49.3646351105265],[20.71092105212363,49.36429304400754],[20.71075920752655,49.363936545011825],[20.710707409911326,49.36380389080622],[20.71065816486444,49.363692126365244],[20.710540128484606,49.36335949770548],[20.710505550893178,49.363168470139044],[20.710449481177196,49.362784893982955],[20.710449933606547,49.36254521368481],[20.71047769621846,49.36242246974691],[20.710608787481775,49.36192751620262],[20.710630242419388,49.36178762225699],[20.710668928779715,49.36107394539255],[20.710710260467636,49.36071459332625],[20.710736332986585,49.36056549710708],[20.710754464192988,49.36044250450341],[20.710772328153016,49.36004504921089],[20.71074977984702,49.359860297135505],[20.7107801106364,49.35948218922912],[20.710810295100536,49.35929154724518],[20.710959873660055,49.35863399364268],[20.71096310304269,49.35846932705438],[20.710942800354584,49.35827907112012],[20.710930012644667,49.358097993696234],[20.710944678395,49.35793841140668],[20.71095017191273,49.35784162735713],[20.710974558059974,49.35746871280355],[20.710976570535596,49.35730877567633],[20.710994049020403,49.35711003311378],[20.71099261002217,49.357053885213254],[20.710975331852907,49.356895520959604],[20.710930579691777,49.35659212060786],[20.710920998447616,49.35635875023174],[20.710913155790163,49.356104280641055],[20.71095479106144,49.35567425414127],[20.711021022266866,49.35549946633429],[20.711103392476495,49.35530111412717],[20.711324712229818,49.35496384664588],[20.711574421319312,49.35466008263745],[20.711896776619824,49.35439137760749],[20.71215333028914,49.35420860195275],[20.712646287486216,49.35386170037836],[20.713196132348045,49.35349176380925],[20.713454954000238,49.35330978562509],[20.713619893322903,49.35315809456194],[20.713666140344262,49.35318736298387],[20.714298647689525,49.35271893684466],[20.714570365215994,49.35257108585426],[20.714734564917556,49.35247519454206],[20.714898045885853,49.35236793225807],[20.715152893298274,49.352213994767],[20.71537586545442,49.35203534576525],[20.715545457350288,49.35192748690005],[20.715705334772057,49.351810372308606],[20.715977037767903,49.35156878230737],[20.716140660164736,49.35140947815202],[20.71640165152021,49.35113050315617],[20.716631253619983,49.35093146482295],[20.71686188523351,49.35067465418297],[20.716956727019312,49.35054715065271],[20.71704756878551,49.35044480889557],[20.717086998654125,49.35039441813415],[20.717142026341197,49.35030018344376],[20.71719759095947,49.35022622741343],[20.717493104733183,49.34989101444743],[20.717595601766902,49.3497776459454],[20.717848612426817,49.34955025312994],[20.7179207665487,49.34946058124501],[20.718010368416312,49.349405108067614],[20.71825385571642,49.34917783040414],[20.718404210350084,49.349062359251946],[20.718578205636668,49.348932590327074],[20.718719565080864,49.348835982398],[20.718789401326898,49.34875100100908],[20.718785215636117,49.348584003224566],[20.718761528117962,49.34849997154241],[20.718726531776166,49.34843949456082],[20.71870461459136,49.3483305828928],[20.71866850271864,49.34822333406378],[20.718625428734057,49.34812700627421],[20.71860961353568,49.34806792279862],[20.718699207607525,49.348010828120636],[20.718754502970107,49.34782610827651],[20.718759835477936,49.3477511989973],[20.718727195211745,49.347692245367305],[20.718711020039617,49.34761910244297],[20.71891261902452,49.34753739482304],[20.71889859302433,49.34745487276756],[20.71881643548368,49.347329349817066],[20.718986323735955,49.34722933081116],[20.71890324466008,49.34706640742476],[20.718839697341863,49.34691569505066],[20.71871078604672,49.34683751481778],[20.718597839241095,49.3468199539383],[20.718476493410105,49.34685090184842],[20.718223880929415,49.34671165148015],[20.718092279638896,49.346620950038194],[20.718005807179836,49.34651274337354],[20.717949305919028,49.34645403232852],[20.71789012239411,49.3463860426203],[20.71780959756651,49.34632450716802],[20.717689351216784,49.34630858001432],[20.71767587676067,49.34624786764878],[20.7175214276058,49.346200394765106],[20.717349260945472,49.34621082809786],[20.717340966556854,49.34616254351136],[20.716642116153473,49.345775217657234],[20.71621075808571,49.34558412315767],[20.716043166848056,49.34549206508844],[20.715765113882203,49.34551309402355],[20.71582142247679,49.345374783303996],[20.717575403340017,49.34434099308847],[20.71985896259458,49.3447552080856],[20.72150384506499,49.34473088540101],[20.723491228194646,49.34431344211218],[20.72357177668209,49.344279078072056],[20.726939997307383,49.34280010565125],[20.727085207806002,49.341653447864815],[20.72736494507673,49.34047440407284],[20.72772238497516,49.33946673250605],[20.72831901943034,49.33872793286735],[20.72844271087549,49.33815562671555],[20.728019540820284,49.33689064240937],[20.72648679174731,49.335363562583396],[20.726191032232084,49.335068840807764],[20.7261834099858,49.33503075535208],[20.72618235545672,49.335025135689435],[20.72617593251041,49.334992584924464],[20.726144965612544,49.33483599427865],[20.726034360305153,49.33326220564277],[20.726056063548697,49.332683714610496],[20.726178590680824,49.33236250031271],[20.72586457140682,49.3320672267389],[20.726236938691997,49.33175548882244],[20.726165011998056,49.33091934230381],[20.726128282681827,49.33088338819108],[20.726127920333674,49.33087437110648],[20.726126713643644,49.33084038228226],[20.726122719095827,49.330727867550166],[20.726044096768707,49.33065676877419],[20.72601838013099,49.33059238653907],[20.725720034616295,49.32987958735402],[20.725839154627995,49.326988938986474],[20.725226646053372,49.32594816871583],[20.726143972813162,49.32506529695594],[20.72711953783384,49.3234736518997],[20.72835056014147,49.32366463705916],[20.728765222646555,49.323353564171626],[20.729017117293935,49.322703986174844],[20.72923803488626,49.322640589512126],[20.72951410872835,49.322561385583754],[20.72956770951854,49.32223181107338],[20.729499605820752,49.3219972024209],[20.729176008399424,49.32166306044761],[20.729328393091947,49.32146435826494],[20.729510373425914,49.32130622181187],[20.72972533237252,49.32088856274873],[20.729743813007193,49.32070678084411],[20.729831964886735,49.32060433659575],[20.729865145611402,49.32056587930042],[20.729884944139766,49.32054280107017],[20.73069379228966,49.32048900572047],[20.731388531935146,49.32037196114862],[20.731620654791307,49.320304450506605],[20.732404124491723,49.31998358546696],[20.733016881345492,49.31963963305331],[20.733624038845072,49.31945648008366],[20.73460151185976,49.319277545058256],[20.735158037096564,49.31944864602514],[20.735878548645214,49.31937317683246],[20.736835484287486,49.319258246614936],[20.737355076757574,49.31904743142431],[20.737811639958775,49.31866242768647],[20.738212690017427,49.31814771026524],[20.73861117309827,49.31767270118943],[20.739035590128662,49.31735545305724],[20.73916296280756,49.31729354208577],[20.739890324194544,49.316940054499085],[20.74108839436738,49.31649963520982],[20.741351344244805,49.3163022599314],[20.741535436871178,49.316083851203544],[20.741555640262966,49.31606078535693],[20.742281017851333,49.31523214582363],[20.742619541338634,49.315026691844515],[20.74287915782031,49.31495930978401],[20.7432303735504,49.31486820215318],[20.743256267129524,49.31486145246129],[20.743277359891394,49.31484940268958],[20.743407221691065,49.31477541850649],[20.743533184322786,49.3147036391998],[20.743554452192996,49.31464054092693],[20.743642294510188,49.31437951032242],[20.743781103808814,49.31426171688859],[20.744332058474875,49.31379399394478],[20.744833183680594,49.31314363269356],[20.74468106459621,49.31271268892991],[20.744602992272682,49.31249151894953],[20.744284427161833,49.31158933065573],[20.744257794149238,49.31121724208783],[20.744233075660368,49.311209626008996],[20.744288835555803,49.31113224410547],[20.74430456301151,49.311057696871465],[20.744219665232546,49.310967391311806],[20.744441403021806,49.31076992221396],[20.744574422437065,49.31054747563356],[20.744660922513205,49.31048827476834],[20.74477657267346,49.31029637677479],[20.744868001647824,49.310256076833554],[20.74500496941987,49.310029085380506],[20.744946771205196,49.30992044282221],[20.745029548709578,49.309841032121064],[20.745100152557004,49.30969312368838],[20.745095427737578,49.30959580194239],[20.74526042866463,49.30948423376988],[20.745399421038034,49.30941290759572],[20.745453334433346,49.309347976812994],[20.745504828073358,49.309172658390814],[20.745553750808707,49.30899508918889],[20.74534188720696,49.30880013524842],[20.745337918193876,49.308583892478],[20.74540830428314,49.30851116255557],[20.745348779674597,49.30822139641897],[20.745281001894053,49.308078293104316],[20.745365951873097,49.30786425302394],[20.74523093219115,49.30752088736276],[20.745314228341517,49.307362526499816],[20.745472387273786,49.306806624906294],[20.745851181064996,49.306198003365566],[20.745885999987507,49.306026154786174],[20.746177468928835,49.305775379411784],[20.746228071996494,49.30560246073268],[20.746270352321513,49.305543336744066],[20.74675170509841,49.30527910582767],[20.746801592023356,49.30503898953164],[20.746846486792048,49.30500012631739],[20.74736286229996,49.30472171758062],[20.74756674499553,49.304497868211556],[20.74756348737859,49.3043234304439],[20.747374784000414,49.304227884864254],[20.74737266719721,49.30416099876003],[20.747440711470382,49.30409998181667],[20.74747940172842,49.30399030786889],[20.747536413420786,49.303926114673544],[20.747497525770626,49.303832283486315],[20.747527402936125,49.30379181565937],[20.74780705815235,49.303439145660896],[20.747868666303006,49.30333378270089],[20.74793010793616,49.303195007774434],[20.748657542750752,49.3027731329106],[20.748922871626903,49.302601038323125],[20.749220288759403,49.302384950349236],[20.749554592604415,49.30218590543167],[20.74972326118815,49.302086345480944],[20.749811203778762,49.30204466006657],[20.74991988614068,49.30199685436949],[20.75017274654988,49.30192355030211],[20.750316406989977,49.30181150212706],[20.750834916993114,49.30162787961085],[20.7510828688519,49.301467780896225],[20.751264917276465,49.30132393370548],[20.751336950054927,49.30121217926719],[20.751446276528885,49.3011530492443],[20.751647344771683,49.3012015666105],[20.751668125888973,49.30118986485285],[20.751629008842144,49.30097374831416],[20.752048657982805,49.30085753953926],[20.752169514634957,49.30070588600034],[20.752247988194956,49.30049476762656],[20.752482041806918,49.30036992913368],[20.752588651812495,49.30019706886105],[20.752731214134528,49.30005949750644],[20.753059587583255,49.2998720324968],[20.75313436866126,49.29959631401263],[20.753505208389306,49.29954161040207],[20.753586210691108,49.29933823306544],[20.753777078670982,49.29928032073531],[20.754035349032517,49.299106529053475],[20.754438090587676,49.298692130643744],[20.754639621633576,49.29857254861409],[20.75479543178793,49.298544388678174],[20.75504303951629,49.29851330229178],[20.75510273133582,49.29836356809758],[20.755312608160505,49.29828011280546],[20.755375524505588,49.29829031742247],[20.75545829410295,49.298305265228116],[20.75551216374543,49.29831497468162],[20.75586616767845,49.298378984956955],[20.756100726251212,49.2983762558656],[20.756400662042942,49.29844315443235],[20.75663520521732,49.29832219714455],[20.756852278472714,49.29826870390821],[20.75710405920655,49.298206603602914],[20.756445915660688,49.297789035804286],[20.75620603882583,49.29760510098702],[20.756179776459927,49.29746597045799],[20.756043249201376,49.29732156038273],[20.755829905308982,49.29709586789887],[20.755800249787917,49.29706440077451],[20.755666309248703,49.296867945199295],[20.755618097866048,49.29679720338379],[20.75552798413646,49.29664756533287],[20.75543691151859,49.2964961829725],[20.755424870945543,49.29642084772916],[20.75540918088305,49.2963226945022],[20.755367575208933,49.29613530640702],[20.755362700868517,49.29584510731688],[20.75543826018725,49.29582342674302],[20.75552650416726,49.295798135865276],[20.755709482459118,49.29574561886923],[20.75581111920905,49.29571647203488],[20.756098407534655,49.29563409022674],[20.75601448084999,49.29544396831642],[20.75655905665691,49.29513012770632],[20.755470605520397,49.295043877821385],[20.7546931421791,49.29457234859536],[20.75458309767569,49.294493419657876],[20.754477403650736,49.29390454631614],[20.754414214876046,49.293062510369786],[20.754823154529277,49.29213507977957],[20.754911514444203,49.291749799886574],[20.755236392227918,49.290929743437594],[20.755617744755828,49.29023429209365],[20.75596835354022,49.28972532968622],[20.755939828200034,49.28949904763424],[20.755832785995654,49.28865098232941],[20.755846566753227,49.288545931225585],[20.755857099648722,49.28821016555869],[20.755648991486048,49.286268242051264],[20.755716442453338,49.285452995033545],[20.755608626357766,49.284736364454304],[20.755540195993504,49.28435777861752],[20.75518539222135,49.28339500899801],[20.754651978016927,49.28304056410517],[20.754541360353223,49.282427924146404],[20.754513860039303,49.282327827798994],[20.754621835630257,49.28224415699442],[20.75396565395924,49.28173937988793],[20.753655446528892,49.28150238012775],[20.753609320664424,49.281467096326594],[20.753007704775282,49.281007435556376],[20.75291974611581,49.2809365667522],[20.752708959651706,49.28076669035952],[20.75265419713033,49.28072255090047],[20.75259672074526,49.28067624580173],[20.752221788155193,49.28037395466192],[20.752339290375627,49.280080365143625],[20.75243949843814,49.27983011416796],[20.752060950013014,49.279372910285424],[20.75151090529001,49.27880608446188],[20.751508238819056,49.278799958529156],[20.751450786376115,49.27866892198318],[20.751451880437,49.27866562849696],[20.75181330810089,49.278501563701795],[20.752166772316862,49.27829498953923],[20.752834965231717,49.27789939733688],[20.75066431433556,49.27548040176808],[20.749695013042718,49.2743274287727],[20.748945677434133,49.27342587179523],[20.74852610434944,49.273766726450944],[20.74813223770483,49.27371957444946],[20.747682918569275,49.273962680290694],[20.74716099327742,49.27419154419229],[20.746967209227503,49.27388799220219],[20.746856481848297,49.273472172310086],[20.746539111489316,49.27370709403056],[20.7462623867673,49.27381313951644],[20.74578375522066,49.27342679279123],[20.745577260772997,49.27312567556042],[20.745550398188374,49.27281390289693],[20.747425652868458,49.271654410167784],[20.748269647925845,49.271134056737445],[20.747725334910474,49.27070616526974],[20.747405762267256,49.27058353437542],[20.747357559290812,49.27056546350237],[20.74680856588312,49.27034027467206],[20.746613105451505,49.27044393509469],[20.74629178694484,49.27038832341205],[20.74619581455022,49.27026251117411],[20.744506090177055,49.26804349529147],[20.742416139808398,49.265291437323896],[20.7447034186908,49.26460580485544],[20.744293108605326,49.26411179864186],[20.743190749046388,49.26278806012837],[20.742344744902002,49.261798334536145],[20.7410831721924,49.26025883870234],[20.739918866786645,49.25948514462386],[20.73863227440384,49.25866618743415],[20.738429018532784,49.25829637032682],[20.737192569294155,49.256046159012044],[20.737150975594734,49.25604506309777],[20.736880383009776,49.255516384857465],[20.736672683791173,49.25381579751778],[20.73643993494263,49.25166779215385],[20.736386566541537,49.251174541427204],[20.73691335392253,49.25116840468669],[20.73656657381871,49.25000187015364],[20.735884196491707,49.24959770777936],[20.734868520695926,49.24942607081262],[20.73418311723504,49.24874624963272],[20.735063528149066,49.24864238544296],[20.73568437774388,49.247720627530526],[20.736257697247318,49.24693083096594],[20.736777484797717,49.24655697233114],[20.737589428123233,49.24598074150014],[20.738036342276306,49.245806750386656],[20.738582769273137,49.24542805409658],[20.73896582172472,49.24518374935085],[20.739010838717885,49.24444379425368],[20.738978913595155,49.244299143136],[20.73866937205839,49.24452756143006],[20.738167257657032,49.24440760201453],[20.73801311882079,49.2441679953951],[20.737590724345992,49.24403524619366],[20.737406645754575,49.2438473574796],[20.737148759453707,49.243732973106916],[20.737009898856623,49.24377277355625],[20.73662891158996,49.24365344681467],[20.736458216700285,49.24358965888016],[20.736306065783612,49.243674286396924],[20.73564296714634,49.24370175612852],[20.73539455689194,49.24394941645678],[20.73521675630526,49.243866558048026],[20.735187487434203,49.243644108265215],[20.734204982674214,49.243364306170946],[20.733824538121084,49.24341508699793],[20.73376393799659,49.24351201448866],[20.733668789191547,49.243515073154406],[20.733656801066306,49.24366169914387],[20.733575202158146,49.2436268727631],[20.733447928577945,49.24339540445745],[20.73304850368519,49.24325443850959],[20.733061859050355,49.24323239497933],[20.733004108764934,49.24319354158322],[20.732421746325308,49.24297043140903],[20.73211417390038,49.242818004544276],[20.732241646584917,49.24265849865198],[20.73185972205369,49.24165801481717],[20.732298144018454,49.241602790112715],[20.731189820138287,49.23901685996695],[20.731125084647044,49.238549046761534],[20.73029836701223,49.23800038726278],[20.729612119036954,49.23680921096994],[20.72957925470832,49.23675204853993],[20.729065469761014,49.23586011217538],[20.729026213785794,49.23579200960704],[20.728637547963142,49.2351172427588],[20.72812976178305,49.234520325936444],[20.72678094609194,49.23400112451682],[20.725782698216598,49.23318265524192],[20.7256709601078,49.232686710955974],[20.725660172127824,49.23263878693836],[20.725541907076018,49.23211343766604],[20.726105687145413,49.23196214890931],[20.725148199121065,49.23114861504427],[20.724992438494926,49.23081086734685],[20.724986490495887,49.230797871620894],[20.724980535144976,49.230784965683796],[20.724786477596812,49.230364198904525],[20.724971163051944,49.2302547959686],[20.72427716470724,49.2298860701409],[20.723739261326013,49.229657987180076],[20.72334996144641,49.22923233679164],[20.723476445365275,49.22897240177437],[20.723452996783177,49.22870818777472],[20.723089900614013,49.22857530208115],[20.72272268862936,49.22833160164545],[20.722335920089616,49.228126923511255],[20.722073637119838,49.22809942272311],[20.721818907774797,49.22796971234214],[20.72179990976903,49.22781569267547],[20.721431031346928,49.22757904287147],[20.72115790003319,49.227532968726045],[20.721024625535804,49.227422835627685],[20.720883306029272,49.22715258412607],[20.72062517322296,49.22688002490312],[20.720269795636728,49.22661133836493],[20.720045828091283,49.226545919416104],[20.71980268798187,49.226546641275554],[20.719476713099244,49.226348683681046],[20.71919139814875,49.226261834369794],[20.719091391608362,49.22615016778513],[20.718770440693827,49.22617093182035],[20.718265160509436,49.22596828191208],[20.717827669696756,49.22581249946482],[20.717203809455686,49.225684463322814],[20.717005439663275,49.22532061852356],[20.71681267539809,49.22518335224395],[20.71652784222247,49.22512091605541],[20.716313330903855,49.225089500534416],[20.715806046280754,49.224831118607106],[20.715364443565992,49.22473065130031],[20.714973838249684,49.224533195233015],[20.714425013018975,49.22410945522138],[20.714200626790692,49.22386184122721],[20.7142970796718,49.22357627311743],[20.713994914182447,49.223427043126904],[20.713995081336808,49.223373109879766],[20.71387735234366,49.223222993251326],[20.71314080640746,49.22300280582138],[20.7131672777299,49.22274412818529],[20.713289271652567,49.22155510120739],[20.71268953533296,49.22092829768064],[20.71202748000267,49.220620137775754],[20.71148421948139,49.220256639592954],[20.711528877510435,49.219425351441494],[20.711840649758173,49.2188114029635],[20.711540509185383,49.21820127568115],[20.71125446787471,49.21776093650335],[20.71136525896046,49.215925681063034],[20.712220211785073,49.21566361366547],[20.711804407974025,49.215199970382486],[20.712484034379226,49.215082462163174],[20.713145081137416,49.21492836572121],[20.71319004608271,49.21487628127964],[20.71382266801325,49.21460960868864],[20.71453703681269,49.21420101442847],[20.714610977866933,49.214104025464025],[20.715079632826857,49.21355728050576],[20.715438919487305,49.213636213220674],[20.71641673037266,49.21386281744906],[20.716987595641626,49.213996651941436],[20.717033731993247,49.214020698640205],[20.71734351611377,49.214009454291],[20.717430213654186,49.213946230926275],[20.718297367090603,49.2138462782601],[20.719673385352934,49.2136908373828],[20.720156101689373,49.213573740527494],[20.720525104891085,49.2134855989013],[20.72065777407767,49.213505394577915],[20.720941979864484,49.213547900410866],[20.722077185179398,49.21371758959966],[20.722311852199216,49.213738989370135],[20.722886137292715,49.21378592802161],[20.723389718287116,49.21382848704574],[20.72382505726587,49.213865133049914],[20.724210898997057,49.21389859680455],[20.72486345725542,49.213938101433996],[20.725273169087533,49.21398725849254],[20.72552386526281,49.21400597325405],[20.726344772087025,49.214084522689596],[20.726839170775992,49.214130165854165],[20.727110067218344,49.21415399910172],[20.72730262530768,49.21419281969595],[20.7276226020425,49.21426357972337],[20.728847982652198,49.214529388156],[20.729231326876995,49.21454978041171],[20.729769668805247,49.21457417146342],[20.72987698613472,49.21455443596202],[20.730348942022953,49.214464474526174],[20.730463219668913,49.21444030029931],[20.73074710827002,49.2143859691756],[20.73103209796771,49.2143685956375],[20.731427201409744,49.21434265852738],[20.731597759381277,49.21433621633186],[20.731930049750144,49.21433544815968],[20.732521870645186,49.214337840131144],[20.732532483090935,49.21433749201777],[20.732547084997258,49.21433710375159],[20.732891762252564,49.21433613701949],[20.732902619464582,49.21433615764873],[20.733601323763033,49.2143392314395],[20.734020357610575,49.214279456486985],[20.734030091303246,49.21427808690006],[20.73423974337116,49.21424401637961],[20.734510007508778,49.214204956899906],[20.73525551097579,49.21409782261253],[20.736006755392435,49.21398935408341],[20.73604322262054,49.2139837886005],[20.736144321712104,49.213895393413445],[20.736433995523484,49.213642156503866],[20.73662705729873,49.213471168507574],[20.736784826810926,49.21347147450757],[20.736839499516222,49.2134786131211],[20.736890239569096,49.213508666059006],[20.73702161776433,49.21327833580546],[20.737118991026513,49.21324563874892],[20.737255498560895,49.21320836970314],[20.737292424091557,49.21324937445565],[20.737379520127977,49.21334256363739],[20.737725160217593,49.21329434172026],[20.737674064625526,49.21320970794384],[20.737776278328727,49.213193478531124],[20.737835027773325,49.2127903232573],[20.738108414190204,49.212524265558486],[20.738529175478188,49.21212811847208],[20.73870048081362,49.212134299022566],[20.73893692315215,49.21204631999592],[20.73944686158909,49.21217592832478],[20.739633044920605,49.21247987483748],[20.740683760204668,49.2127403423291],[20.740735636330133,49.212692452390634],[20.740706161759125,49.2122921508893],[20.741356554897653,49.21196364487129],[20.741805261781973,49.21196098109216],[20.74175447417925,49.21192138365167],[20.741477350113858,49.2114161536577],[20.741785988449866,49.21085398609258],[20.741359046244195,49.21042473405347],[20.741291109963722,49.21032915692097],[20.7410531111428,49.209994853895594],[20.740927696700226,49.209818742959854],[20.741019206250154,49.20977188031794],[20.741279407573654,49.209643487115834],[20.741328269165727,49.20961566206731],[20.741356089020474,49.209599797085296],[20.74197610822876,49.20991469389395],[20.74262978563578,49.210187722377846],[20.74308771243694,49.210213381577624],[20.743573423817242,49.21024721483018],[20.743694700269796,49.21024488438006],[20.744326515178898,49.21021629055815],[20.744697205688414,49.21018918583593],[20.745017844293102,49.210165732256215],[20.745167344325473,49.21031125414175],[20.74536934655987,49.2104939103057],[20.746275033718483,49.2104068976658],[20.74681623019191,49.21038052481354],[20.747218649522633,49.21033678204318],[20.747806799259774,49.21028233042616],[20.748124129501722,49.210255601080284],[20.748249853850538,49.21022226513507],[20.74879152595971,49.21008532235124],[20.749462634849476,49.2100568132623],[20.74958415912784,49.210058177298],[20.750340309877192,49.21019390780609],[20.75097651391386,49.210305544108536],[20.751510505128454,49.21034571260998],[20.752396750286742,49.210333613217394],[20.752888167941197,49.210315919939994],[20.753451238552984,49.210267228137745],[20.753649728095883,49.210250023143026],[20.754519895108498,49.210280118651205],[20.754543957157626,49.210274925123954],[20.75523345670089,49.210126632542675],[20.755527026788386,49.210008287579235],[20.755676491444365,49.209944886083605],[20.7558675918208,49.209959386098],[20.75618548544903,49.2099797489665],[20.757128551470565,49.21005477953866],[20.757657927963642,49.21007900083885],[20.75814286055835,49.210105542330574],[20.75852185948399,49.21012829912035],[20.75865290623229,49.210137639565765],[20.759127609727273,49.209931321187035],[20.75934114143844,49.20983205858185],[20.759354800499086,49.20970953157358],[20.75974991447152,49.209550682774584],[20.760623898644635,49.20916107128197],[20.760800006518423,49.209055459732284],[20.761109590021704,49.209018970887605],[20.76134647746069,49.20899084447142],[20.761405977713377,49.20900282220752],[20.761686614645406,49.209053748720294],[20.761771546898746,49.20890813110413],[20.761825966770875,49.20886923575842],[20.761907325567552,49.208833709924065],[20.762160111804306,49.208740041891815],[20.762304904608033,49.20867646960939],[20.762647355442727,49.20858547305429],[20.76280499855161,49.208763310699915],[20.76293076243946,49.2088919534687],[20.763012679930924,49.20872245797138],[20.763107212460756,49.20848892877998],[20.763154094578276,49.20834639763996],[20.76302874326383,49.20829061661014],[20.76311987301297,49.20825660081919],[20.763539804857164,49.20807105005848],[20.763783121470578,49.20788223066658],[20.764098645910604,49.207770662669134],[20.764342686708822,49.20763049221778],[20.764418935341638,49.20770878497618],[20.764783991026615,49.20819315203606],[20.765369551949426,49.20895830042796],[20.76706820236688,49.211240178300805],[20.76681167356578,49.21148005091888],[20.76833150884534,49.21299686962326],[20.768617313062602,49.212948727940486],[20.76933832576729,49.21281000241958],[20.77007898068398,49.21366596576393],[20.77014620848944,49.214261520808385],[20.77011786313243,49.21509525539918],[20.769960831489602,49.21571038961081],[20.769739219983453,49.216503369475525],[20.7713815721531,49.215886813878946],[20.77248733898252,49.21774710849145],[20.77330330296911,49.21851993798237],[20.773170002212986,49.21887107656404],[20.772400725681507,49.21954229861278],[20.772141866338085,49.219958499907555],[20.77145077482809,49.2204107413816],[20.77121966445916,49.22091191689147],[20.771045178168507,49.221521852631],[20.770997479452813,49.221613482050536],[20.770997449300943,49.22161555203745],[20.770999087717637,49.221637760024585],[20.77100397582804,49.22171320744886],[20.771005490641098,49.22173694190505],[20.771348330511046,49.222175125294434],[20.771675824451037,49.22333097232062],[20.77176904738722,49.223425876114085],[20.772063198072136,49.22372531701964],[20.77229371418616,49.22396005592416],[20.771990499469492,49.22469797741776],[20.771421939623718,49.225882398181696],[20.77139844742959,49.22696878280919],[20.77134740082769,49.227392020917506],[20.77134148217316,49.227441339940576],[20.771711341007745,49.227921608689506],[20.77165809569967,49.22850955212985],[20.77152332544211,49.22999556070424],[20.77430408195009,49.23012866688457],[20.775094076008347,49.23033653236767],[20.776524470809125,49.22976989663271],[20.777757850715165,49.22954452339423],[20.779571123297046,49.22956281964606],[20.779654893631697,49.22957085588707],[20.779688866487152,49.2295741044835],[20.7796890035946,49.229574109235955],[20.779798693776442,49.22958466460437],[20.77979883088393,49.2295846693567],[20.780144137698436,49.22961788804157],[20.781106255405543,49.22971038838327],[20.78148051895679,49.229579195558],[20.7819975673231,49.22930923791546],[20.782116694494494,49.2292523149167],[20.782573626509496,49.22903375848975],[20.783307710685133,49.22876609036134],[20.784393374936766,49.22828683204346],[20.787205040876625,49.22753116189353],[20.787706779414727,49.22737194492208],[20.787749597441493,49.2273524460278],[20.787981830406448,49.22724648453807],[20.788155900485364,49.22719685899312],[20.78856122027802,49.22711822393191],[20.78883566390728,49.22706504567643],[20.78936010274512,49.22712379217828],[20.789360095506094,49.227123881971515],[20.789639743764553,49.227461490826],[20.79061076350889,49.22783380667729],[20.791510815826758,49.22802402453187],[20.792700215450182,49.228269704837416],[20.792700345322103,49.228269799368036],[20.793026301731324,49.22808575725613],[20.793548587672248,49.22779071995551],[20.795645741014884,49.227623901667386],[20.796070488056557,49.22746262171689],[20.79636376606584,49.227351278062166],[20.79693868809959,49.22731412610408],[20.79724511366502,49.22724609463398],[20.79863387546592,49.22693789700855],[20.798634431096197,49.22693782613569],[20.799319384347722,49.226860698008736],[20.799332704988096,49.226859176568304],[20.800758788051372,49.22669865160967],[20.801065434728255,49.226665374588265],[20.80186001806527,49.22661308193561],[20.802059731585324,49.22659997721074],[20.802807381243607,49.22657739513417],[20.80301052200741,49.22657125016832],[20.80339847563426,49.226581738689504],[20.803584991641593,49.226599421389906],[20.80420018444499,49.2267145333611],[20.804658240845107,49.22685700426428],[20.80505608194144,49.22698065116569],[20.805198558424692,49.22707254000303],[20.80538219403692,49.227261381461815],[20.805439976002088,49.22732081879822],[20.805720906392587,49.22760953627448],[20.80594783596502,49.2278122935666],[20.80598862373628,49.22784881478552],[20.80682725576765,49.22798610345892],[20.806914574530136,49.22818801355972],[20.80697949749867,49.228338368576686],[20.807206273360592,49.22865277032829],[20.807241543593015,49.22870152693755],[20.80733124594082,49.22882581206044],[20.80738518491172,49.22887665197092],[20.807422120977975,49.22891150929015],[20.808398549217664,49.22983167469491],[20.809060046607836,49.2304550201916],[20.81146323337731,49.23005056030168],[20.811463370488994,49.230050565016846],[20.812544108015434,49.22953171632041],[20.816551065684045,49.228704069751856],[20.81843799932068,49.22948802653585],[20.81847378085919,49.22954255954256],[20.818553307708914,49.2296637843899],[20.818600489708444,49.22973563652842],[20.818667665776392,49.229799891161605],[20.818788988832914,49.22991597751676],[20.81889720296848,49.22999658757771],[20.818995434701513,49.23006965155711],[20.819166441387768,49.230178258569026],[20.81934712092182,49.23029314002651],[20.81936980615536,49.230305173803856],[20.819656681776134,49.23045719489784],[20.819887644678904,49.23056398654372],[20.82020056733564,49.23065513156358],[20.820436634964302,49.23072391962614],[20.82045301108068,49.23130461854511],[20.821083149523407,49.23185451036836],[20.821475001628976,49.23224135374678],[20.82208698043408,49.23227242863347],[20.823075864219227,49.23221368711164],[20.82318581616386,49.23219359615754],[20.823351173217315,49.23216324914815],[20.82414473280279,49.23201775513408],[20.824434072773588,49.23189495236228],[20.825399502470333,49.231795769519714],[20.82539963958805,49.23179577421849],[20.825531819404635,49.2318743174926],[20.826368105931067,49.232494991302936],[20.826441414454703,49.232572146783276],[20.827524855617536,49.233591605478885],[20.827761338340277,49.23394645188435],[20.828222193823905,49.23448420032299],[20.82823537740226,49.23452228881797],[20.82848268839385,49.23523586638925],[20.829313521968984,49.235357592777525],[20.829883944258942,49.23544122709236],[20.83037002849399,49.234894929155224],[20.830179412794113,49.23400474609181],[20.830585066692038,49.23412838874423],[20.830962932462224,49.234243605665114],[20.831276239882254,49.234339054464826],[20.83150041010749,49.234407411828904],[20.83158363676714,49.23443276946928],[20.83170160432565,49.234357029494525],[20.83213464427463,49.23407885194608],[20.832314060187745,49.233963614717325],[20.83251886422529,49.233931722817246],[20.83277796288775,49.23389142301881],[20.832883878062162,49.23390296920015],[20.83310143912728,49.23392661742577],[20.833396168561862,49.23386538489829],[20.833533483105946,49.23387458274413],[20.83370703535364,49.2338862801641],[20.833891666101835,49.233898716302534],[20.834047824315963,49.23388541747299],[20.834446803511767,49.23385142750177],[20.834506888108432,49.233846278491114],[20.834762729400403,49.23378299272943],[20.83491659038672,49.233745033191006],[20.83513961358696,49.23368980886163],[20.835349020374135,49.233638080470975],[20.83560654080078,49.23357440012572],[20.835804535702916,49.23360718896603],[20.835859635354343,49.23361627535893],[20.836110824908964,49.2336579048442],[20.836472377390074,49.233670800576235],[20.83665733597646,49.23367739093228],[20.837052021537556,49.233638563374875],[20.837148612723826,49.23362907783896],[20.83746135210767,49.23354188874034],[20.837980090337204,49.23339735698862],[20.839413225628586,49.2325735435641],[20.839726620961535,49.23239335965539],[20.839924244384505,49.23238588097077],[20.84007869832334,49.23249407029244],[20.84045779241782,49.23236249824113],[20.84044176431254,49.23217349709362],[20.840937061604436,49.232084787911994],[20.841711784837493,49.23193160038703],[20.842396448832467,49.23169024706851],[20.84262329821236,49.23168520182768],[20.842916005278326,49.231528074566015],[20.84292102938083,49.231876250505785],[20.842694435491687,49.232279011671096],[20.841537155767085,49.23281289509163],[20.841670216929522,49.2329670827736],[20.841224053570663,49.23351289480491],[20.841193439919333,49.233550297010595],[20.84110371140422,49.233660144607214],[20.840934470413558,49.23376529725041],[20.840764500201818,49.23387096501764],[20.840586147133017,49.23398174880162],[20.84046188746317,49.234058993212976],[20.840293220874695,49.234163804454596],[20.84014900035415,49.234253422930465],[20.839925941922843,49.2343920326091],[20.839768266670685,49.23449001521394],[20.839668740096922,49.23455189609846],[20.83960813094974,49.23458953433472],[20.839486039569884,49.23466541118973],[20.839382321104722,49.23472984992037],[20.839275709667156,49.2347960806226],[20.839204106199503,49.23484054645159],[20.839078976597815,49.234918300051724],[20.839033984411092,49.23494629677948],[20.838934751732918,49.23500791700782],[20.838844189869928,49.23506425078473],[20.838750309372926,49.23512254208467],[20.83864499478367,49.235188006188245],[20.838583229856372,49.23522632478662],[20.83844420447388,49.235312787279774],[20.83834251041478,49.23537594370487],[20.83876133193686,49.235887088922965],[20.839519559193963,49.236812210158924],[20.839648488197643,49.23706152096879],[20.84027083235387,49.23826544200585],[20.840330385262224,49.23861764006361],[20.84036223706912,49.23867527237899],[20.83990842975303,49.23876017534753],[20.839490083277468,49.23883836380854],[20.839501731696814,49.24029110532044],[20.839973883023216,49.24000018819086],[20.840043725920587,49.23995719232263],[20.840732343804657,49.23953292934379],[20.841172666152506,49.239261630580195],[20.84172360523697,49.238922163125004],[20.842809842862483,49.23825286200752],[20.84300158144572,49.238134697812924],[20.843017457928784,49.23813217804897],[20.84307998245605,49.23812233561372],[20.843889320658317,49.23799489255725],[20.84451665412967,49.2378960831974],[20.84475080361634,49.23797249753329],[20.844865001603683,49.23800970603074],[20.84486526873556,49.238009805178706],[20.845411440654498,49.23818806675311],[20.846436325124547,49.23841253566914],[20.84693654180411,49.238522053991204],[20.84696276116696,49.2385278096382],[20.847415043093612,49.23871969908109],[20.847640925349467,49.23881545420079],[20.848854259778996,49.2393302157895],[20.85025107536275,49.23992270245039],[20.850271024596967,49.23992950436888],[20.850373045216617,49.23996431166124],[20.85052272629306,49.240015417939816],[20.85067977224511,49.24006902573419],[20.851190536790707,49.24024344202815],[20.851554027868275,49.24026715992276],[20.851945432366442,49.24029263704353],[20.85206595625429,49.24030052056947],[20.85242972956609,49.240324155276745],[20.852802114752944,49.240348442031284],[20.85320104202921,49.24037444099448],[20.853353472515895,49.240392682763996],[20.853910881411306,49.24045945636626],[20.8545057499708,49.240530742747005],[20.854997499941963,49.24058969542624],[20.85508141106049,49.24059975214768],[20.855107290430734,49.24060288320108],[20.85531734268866,49.24062803402133],[20.85563329107577,49.24068253633637],[20.856155175851338,49.24077249161346],[20.85622341208895,49.240784265552186],[20.856629307130007,49.24085424835134],[20.857070750970166,49.2409303000953],[20.857145499429436,49.24094319521634],[20.857515400500315,49.24106480415518],[20.85800821225889,49.24122669413278],[20.85857969627923,49.24141448491692],[20.85907156910547,49.24157615816524],[20.859252197791097,49.241637758149636],[20.85939064998006,49.24168495958089],[20.859449030463733,49.24170486039139],[20.859575561457262,49.241748055096934],[20.859805069416645,49.241826260883705],[20.860391948683457,49.24202645026866],[20.860536425337724,49.24207574566112],[20.860647028690508,49.24211344612566],[20.860831004620856,49.242176237647506],[20.8609061244829,49.2422018382901],[20.861018173141737,49.24230810671342],[20.861161569381697,49.24244398155995],[20.86121579808106,49.24249201252188],[20.86124059667949,49.242514013539065],[20.861468965266518,49.242716069971216],[20.86154375902334,49.24278226640112],[20.86177366920565,49.24298572504194],[20.861776334440094,49.24320559916844],[20.861779456968144,49.24347005778225],[20.86178219543683,49.2437028998708],[20.861784580289317,49.24389332187687],[20.86178584132728,49.244000690377966],[20.861786020173145,49.244017533617026],[20.86178664916136,49.24406689597359],[20.861787553546527,49.24414751097707],[20.861684108447488,49.24445868322123],[20.861473373960195,49.24509305211482],[20.861386512254864,49.245354545725874],[20.86137478631121,49.24543140049976],[20.86136978333641,49.245473728729486],[20.86134603331741,49.24567460821454],[20.861334812067454,49.24576939773408],[20.86132937313876,49.245815492766404],[20.86130593777614,49.24601413195208],[20.86124093252654,49.24656394971644],[20.861286668459645,49.24680086246509],[20.86138949538124,49.24733449851345],[20.86144105851613,49.24760204181789],[20.86150868499767,49.24912535265935],[20.86151365322212,49.249236268243706],[20.861516121090208,49.24929019483359],[20.861577927117985,49.249426719819354],[20.862198769826655,49.25079701332954],[20.862609714559206,49.25159113894307],[20.86279652182464,49.25195213763877],[20.863070297020496,49.25184887982756],[20.86398347674699,49.251504582908545],[20.864109818013464,49.251569644293205],[20.865078255279464,49.25206852722609],[20.86698987031673,49.25288380449726],[20.867356716062975,49.253040208775694],[20.86744796733034,49.25321338260139],[20.867848111590988,49.25397317515792],[20.868072448143607,49.254715933854875],[20.86820356427429,49.25515039591766],[20.868570549162865,49.25529833671196],[20.869166021101204,49.25553838171747],[20.86975096619223,49.25577419530887],[20.86989120557772,49.255830716680975],[20.870043197024778,49.25585342168953],[20.870944149906425,49.255987834570355],[20.87177726785306,49.25611211070891],[20.872218840507216,49.2561780193935],[20.87235901848729,49.25676467460032],[20.872401622041327,49.25694276955932],[20.872706793819617,49.25758966088258],[20.872765480099652,49.25771220674678],[20.872977118794385,49.258153618031734],[20.873322908874876,49.2583909523021],[20.873764879265202,49.25869420537822],[20.87474956947266,49.259369930732404],[20.87471852589546,49.25941813088798],[20.874702618002964,49.25945234705873],[20.874652964196315,49.259558531749484],[20.87447001153763,49.259950396443486],[20.874185098296774,49.260481880393755],[20.873935594095958,49.26097602585935],[20.87386308118226,49.26093962874457],[20.8735526604827,49.26078371667005],[20.873296255342147,49.2604821508165],[20.873213881913145,49.26070643684378],[20.873149706491056,49.260881458106205],[20.873094955984584,49.26101727202102],[20.872911868627718,49.261443704301875],[20.872629694313435,49.26191756399696],[20.872545349894125,49.2620483245251],[20.87252749500721,49.26207581181822],[20.872515419059905,49.262094581019674],[20.872487354568754,49.26213810952273],[20.87246117061972,49.26217873044191],[20.872393455022497,49.26228358276407],[20.87198309971509,49.262826483157],[20.87198124745544,49.2628290315377],[20.871972180127496,49.262841059710105],[20.871960510636523,49.262856421213755],[20.87194898544122,49.26287169756324],[20.87193761163766,49.26288679896189],[20.871926403417824,49.262901545816064],[20.87191487110586,49.262916911958776],[20.87185618512483,49.26299451831673],[20.87240417996856,49.26315424302256],[20.872384403487512,49.26317122098072],[20.871361777927035,49.26404895319196],[20.871279870476425,49.26411920053948],[20.870512255223275,49.26477794478995],[20.8703209783235,49.264933355053614],[20.870234518653028,49.26500371772379],[20.869880929541193,49.265290937863455],[20.869610689323885,49.265510570682444],[20.869390292759043,49.265689663598735],[20.86908872653034,49.2659347953615],[20.868797314125437,49.26617153675222],[20.868613377449655,49.266320980571685],[20.868373685826672,49.26645169853936],[20.86789199679618,49.26671440555235],[20.86749039179462,49.26693345502698],[20.867300452369715,49.26703695472751],[20.86716859138308,49.26710892829454],[20.86657682535881,49.267300282433546],[20.86608969065742,49.267457724605954],[20.866030530102215,49.267480299593146],[20.865986267895508,49.26749716695481],[20.86594285029548,49.26751379281662],[20.86586864685588,49.267542160456784],[20.86577047144113,49.26757961959249],[20.86567129269704,49.26761758486395],[20.86557126916154,49.26765579153121],[20.86547039372317,49.26769432938832],[20.865368810705917,49.267733113288486],[20.86526637577835,49.26777222837432],[20.865163226156376,49.26781167929551],[20.86497892776795,49.26788205293233],[20.864448579895974,49.26808466287202],[20.8644123343506,49.26813754628851],[20.864400057673972,49.26815531754787],[20.864370621068257,49.26824210576505],[20.8643723103296,49.26825900001294],[20.864373196194563,49.26826866403808],[20.86427724111689,49.26853174064162],[20.86426667560118,49.268560914606695],[20.86411501788602,49.26897660624381],[20.864110260476764,49.26898977043784],[20.864109674523714,49.2690006450767],[20.86410791242518,49.26902984743368],[20.8641029226508,49.26911197228505],[20.864101416532367,49.26913794197985],[20.8641657023475,49.26916362156558],[20.864551953297326,49.26931789653279],[20.864637714088925,49.26935213718959],[20.864899017995583,49.269372791137805],[20.864948309603147,49.269339347717555],[20.864963505263013,49.2693455352199],[20.86515609984336,49.269424184117696],[20.865307677931074,49.26947173001561],[20.86557342597743,49.26953359001199],[20.865614365316166,49.269543081040084],[20.865657187512088,49.269556597507844],[20.86567464289308,49.26956205117212],[20.8659872953871,49.26966061450121],[20.866114830499416,49.26970077170421],[20.866196002805765,49.26973737667964],[20.866447895595055,49.269850896494894],[20.866614992859265,49.26961543979065],[20.86662041398265,49.269607790272374],[20.86662015940595,49.26952233646017],[20.866893590829232,49.26945930224293],[20.86696321524719,49.26944014259155],[20.867205578895117,49.26937326380523],[20.86724735767164,49.26936171402994],[20.86752020695544,49.269744251893016],[20.86754337436225,49.269776639780645],[20.867564928378254,49.2698068121139],[20.867636062739813,49.269848568225555],[20.867806736484514,49.26994870901671],[20.867898383407887,49.270002504510124],[20.867984768802234,49.27005324050495],[20.868066029862128,49.270100921661566],[20.86814295439913,49.270146024862875],[20.868222368530013,49.270184009382085],[20.86827552822304,49.270209489772114],[20.86827888753887,49.27021572607336],[20.868295473607766,49.270246090114476],[20.868325981979382,49.270302226111944],[20.868347600001403,49.27034203438996],[20.86841772438762,49.27044354027867],[20.86851921729775,49.270590316703874],[20.868872669976586,49.27072464784715],[20.869080125066947,49.27080343296638],[20.869108553586653,49.270783237039055],[20.86918225143911,49.27080653131691],[20.869434190755555,49.27088655208807],[20.869471776829347,49.27089844917801],[20.869530162016563,49.270925726548896],[20.86960633234206,49.270961259237666],[20.86964998072376,49.270959135721],[20.869741011060107,49.27095465490905],[20.869893944102213,49.27092949064534],[20.87004242176519,49.270904985672395],[20.870061657553475,49.270901855391024],[20.870110474996498,49.27092484690755],[20.87014111693737,49.27093929981278],[20.870157305051954,49.27094687074896],[20.87016590995727,49.27095985726481],[20.87015423778294,49.27098566280069],[20.869820787492,49.27130129670555],[20.869439232360918,49.27164924474793],[20.869156440226003,49.27190707799097],[20.868948541455108,49.27215394142407],[20.868889252101305,49.27220766634665],[20.86859757447543,49.2724142366227],[20.868371017081255,49.27265164360355],[20.868239207495023,49.272865428461664],[20.868011613154188,49.27323416347972],[20.867953674600372,49.273328180212346],[20.86764940723274,49.27399981247281],[20.867631383018075,49.27407978487148],[20.867476559390727,49.27476692335567],[20.867497482588927,49.27484335312158],[20.867545127203847,49.275016847402284],[20.86759449193944,49.27519643237407],[20.86761704672535,49.27542093785459],[20.867619725670636,49.2754479496036],[20.867665788739256,49.275907527060106],[20.867813957467895,49.27619670200471],[20.86783923050493,49.27624599782874],[20.868010762339033,49.276481671614505],[20.868039308939665,49.27652090410432],[20.868071205943814,49.276564751898675],[20.868276026783178,49.276758875273075],[20.868437072644685,49.276911449399286],[20.86869271739302,49.27715375203866],[20.869029925185426,49.277436631226216],[20.86939603517368,49.27770212037181],[20.869683202849433,49.27789569751936],[20.86977334458446,49.27795655270963],[20.870189402747954,49.278189155950884],[20.870515108709522,49.278480194314504],[20.871050910403557,49.278907634331404],[20.871248982065907,49.27915257380472],[20.871691823380903,49.27936167748415],[20.87204000459462,49.2797516109853],[20.872757011878797,49.28028961472907],[20.87295618658286,49.28041105824015],[20.873168245605584,49.280540140062044],[20.873742979927417,49.28095438678041],[20.873916885280188,49.281117020779085],[20.8741221201995,49.28124893110334],[20.8763942256257,49.28023540282412],[20.87652836589708,49.28025857358911],[20.876571407805837,49.28026597054645],[20.87667506118039,49.280267402563055],[20.876805796346886,49.28026920942975],[20.876898036293934,49.28027052567011],[20.87695027829928,49.28027121056086],[20.87700542273919,49.280261279217484],[20.87712633433579,49.28023934441996],[20.87724458836068,49.28021794995755],[20.877291081104033,49.28020952687475],[20.877356650958685,49.280210481836704],[20.877757337564383,49.2802165463966],[20.877852734302348,49.28021796853614],[20.87794950359583,49.28021943696604],[20.87806455616573,49.280221162810115],[20.87815500465086,49.28022250757892],[20.87824944062479,49.28022389693879],[20.878298099791984,49.28022464027247],[20.878347994256416,49.280225425313034],[20.878401052676164,49.28022622717043],[20.878429334313374,49.28022709244593],[20.878604242468004,49.280234170896],[20.878709879328714,49.280238369182854],[20.87885790680094,49.28024426921913],[20.879004574904776,49.28025867656564],[20.87940334113502,49.28029780380554],[20.879510678356006,49.28030836129282],[20.87955885475905,49.28036581038096],[20.8796185961317,49.28043715534724],[20.879671925623263,49.28050081078729],[20.87968107218233,49.280501749894555],[20.87974126910594,49.280508014259894],[20.87980283860459,49.280514324940704],[20.880425066074253,49.28057837076499],[20.880456465019073,49.28058159168],[20.88042910888688,49.280609119421044],[20.88042619621038,49.280663492734924],[20.880420357447107,49.28076368550764],[20.880417031255433,49.280821556253045],[20.87995066094698,49.2808612722857],[20.879554812602507,49.28089499457691],[20.879204309305877,49.28090692762884],[20.87891948030863,49.28091675599618],[20.878753611607625,49.28092240836536],[20.878577401936965,49.28091609658849],[20.878565597834637,49.28091569788525],[20.87828273955205,49.28090578337262],[20.878103380174966,49.280899274447066],[20.878086634831245,49.28089870877651],[20.8779721767486,49.28089466215834],[20.877854662909993,49.280885740290856],[20.877834288175514,49.28130777066417],[20.877834047190788,49.28131082374439],[20.877795801238396,49.282105719232824],[20.877795794150448,49.282105809029254],[20.877785919174105,49.28231111740302],[20.87772375583627,49.283609495417075],[20.877589700764172,49.28358686948544],[20.87705115345273,49.28356246193012],[20.876536694348243,49.2834282117249],[20.87609432556106,49.283278658469065],[20.875382652578296,49.28303806784583],[20.875321124320205,49.28301726053039],[20.874849226678695,49.28288444121419],[20.874850026596647,49.28291787163217],[20.874852836772497,49.28303213234549],[20.87485515105227,49.283128279043616],[20.87485965370223,49.28331345532375],[20.874865003865533,49.28353494475858],[20.87597403373644,49.283759706733996],[20.876188277766566,49.28359821997323],[20.87621506349144,49.283577966752695],[20.877421029845916,49.28389638665882],[20.87867337507293,49.28415747654354],[20.87986693854052,49.28423919760779],[20.880161260504806,49.28425930850909],[20.880501557327896,49.28422875000419],[20.88113807590383,49.28430065562839],[20.88173652651869,49.28421479124139],[20.883082457324768,49.28412010959752],[20.88444507427546,49.28402318427243],[20.88579532488841,49.283925916392214],[20.886588667353827,49.28404422517288],[20.886602291705824,49.284073945850416],[20.886758336729883,49.284413326123776],[20.88689781070489,49.28436022424949],[20.886715591746604,49.284042110675365],[20.88670047026716,49.284015670856874],[20.887241267757567,49.28399410147909],[20.887181484266925,49.2838898967663],[20.88865158184954,49.28372640768705],[20.889800447511902,49.28363455441963],[20.889806145657005,49.283658335513756],[20.889826646304627,49.283744109083024],[20.8910359521806,49.283744674380216],[20.892661717277953,49.283640307280855],[20.89403398845386,49.28354260587615],[20.894971552392477,49.28348257849957],[20.8952881736356,49.28346234546955],[20.895785802496846,49.283292888657705],[20.896452566134297,49.28323211623801],[20.89651760437568,49.28325915248515],[20.896715694255406,49.28325158685036],[20.897515507790015,49.283221031319265],[20.898414778868116,49.28329095993467],[20.89882535593396,49.28331330987467],[20.89884563595649,49.283314441481146],[20.898994365290662,49.28331502717216],[20.89916909418685,49.28331576594401],[20.899878027593804,49.28344708392653],[20.900150559635915,49.283497564362044],[20.902440128447992,49.283908205117996],[20.903815067436316,49.28433258712871],[20.90475995597424,49.28479177357701],[20.905430832248797,49.285126337111265],[20.9061001335613,49.285460033310734],[20.906548187991067,49.28532227143057],[20.90675338544477,49.28525919590558],[20.907129335727845,49.28549886718673],[20.907587208815897,49.285790892221144],[20.907592193032254,49.285794030431894],[20.9080335558256,49.286075506243115],[20.908362582698683,49.28628532954167],[20.90870721660831,49.28650503837261],[20.908912188249268,49.28685961803351],[20.90937072564522,49.287403571676876],[20.909566433546416,49.287635753695675],[20.90963154201465,49.28771302329317],[20.909666918378175,49.2878360241391],[20.909713794832733,49.287998484874464],[20.90966758179031,49.288080667811066],[20.909390733295975,49.28857350939784],[20.909272711248562,49.28878347473387],[20.909023132024515,49.28918989666023],[20.9087727779392,49.289597372563286],[20.90869107749084,49.28984438797126],[20.90852458066872,49.29034803850197],[20.90850420692878,49.29040956895514],[20.908482390184766,49.290475462693],[20.908320286690056,49.29072617564283],[20.90831777355931,49.29073014292973],[20.908241963960215,49.29084743694452],[20.90822723704993,49.29087026207967],[20.908163654921072,49.29096851859236],[20.908063258437373,49.29112379295254],[20.90776017858479,49.291592613365495],[20.907802399819186,49.292151786868324],[20.908508731654987,49.29263445068757],[20.908843174649476,49.292601721586024],[20.909273326028256,49.29255968364999],[20.909331586308316,49.292553982808116],[20.909395950700535,49.29254767614929],[20.909566533914056,49.29263163036467],[20.909725053075565,49.29270968810718],[20.90994890925854,49.292820005545636],[20.910042078817828,49.292865982533634],[20.91005506940704,49.2928723599037],[20.910135639332037,49.29291224263687],[20.91024710174254,49.29296720531984],[20.910331794464934,49.29300893663989],[20.910759766478453,49.29321981399843],[20.910905540867336,49.293256748058745],[20.911063566258203,49.29335171356015],[20.911295119251385,49.29356600435837],[20.91138928226594,49.293652078267435],[20.911387827212323,49.293670666442495],[20.91171385690207,49.293891451132005],[20.911692791209973,49.29394602622813],[20.912068017503085,49.2941872740011],[20.912117857322176,49.29422234497103],[20.912036545748244,49.29431676855762],[20.912230848279936,49.294490015265666],[20.912342745707253,49.29454300954431],[20.912412282750683,49.29469578297184],[20.913008192393537,49.29501256996062],[20.914055638289387,49.29547708262767],[20.91529315030308,49.29572763248047],[20.918119876945642,49.29594054904191],[20.919438182025633,49.2960453805797],[20.922515083818233,49.29608171232743],[20.9237522498045,49.29625266044632],[20.923461033683616,49.2964528054193],[20.923581539301278,49.296482127052116],[20.92363155371862,49.296504503974326],[20.923686503887584,49.296535958835264],[20.923946570063507,49.29668031811431],[20.924103945203758,49.29689696673694],[20.924178613035107,49.296950957283876],[20.924187699312093,49.2971150294597],[20.9241047380715,49.29723965651202],[20.924087607005465,49.29748919474366],[20.92408501263124,49.297545378396975],[20.924091470508976,49.29761257801778],[20.924076076118393,49.297809865367206],[20.92407441763994,49.29794755954299],[20.924110546819847,49.29826081748831],[20.924164656461297,49.29851831518877],[20.924203933336685,49.298655394742795],[20.924252925640882,49.298805583085304],[20.92427618442279,49.29900857186993],[20.924208416221553,49.29908841976257],[20.924125565094585,49.29922394442207],[20.923871241117293,49.29946979787716],[20.923506528298265,49.299651824722545],[20.923421576256434,49.29975954886525],[20.923336757131835,49.29981793966775],[20.9232817594802,49.29984878560307],[20.92306771570381,49.29994535791466],[20.92265396839113,49.30000591233845],[20.922338558401346,49.300132951387155],[20.922268114275724,49.300225853665424],[20.92215088959468,49.30026020343848],[20.921773398117644,49.30047348998148],[20.921757041436404,49.30050841656311],[20.92162754334143,49.30064175179408],[20.921540828527586,49.30074905573119],[20.921417171061663,49.300938045771304],[20.921267373350986,49.30114795056016],[20.921280638452174,49.301358889353295],[20.92116957561277,49.30173034530697],[20.92079532584581,49.30202179546354],[20.920608197512138,49.30215608590354],[20.92027884469351,49.30234504671236],[20.920106759844376,49.3024241988808],[20.920031133905272,49.302428244918104],[20.91976943827406,49.30256355437656],[20.919246867702352,49.302899382601],[20.918854556025796,49.30315213986922],[20.91874111027636,49.30326133975521],[20.918295311362716,49.30352545269155],[20.918162323053345,49.30361338151088],[20.917673363909977,49.304017400878685],[20.91751393378678,49.30416350655503],[20.917346907820193,49.30428171813531],[20.9170634684387,49.3044254785078],[20.916906318716332,49.30450539570442],[20.916842636895712,49.3045256848351],[20.91645916392597,49.30465979721426],[20.916243135631593,49.30472496032877],[20.915819365305463,49.30485142100996],[20.915500519882404,49.30494429582273],[20.91528927930286,49.304999263615834],[20.914958783775656,49.305038628106146],[20.914907609141075,49.305048620676665],[20.9146944541553,49.305078764411235],[20.914483607870228,49.30510403319764],[20.914117832850945,49.305203617511445],[20.91371314228431,49.30531486341217],[20.913657309453985,49.305329831465464],[20.913128261390366,49.30547832961176],[20.912961305131795,49.305530363626985],[20.912654447854006,49.305630024498264],[20.912320560586412,49.305730220447394],[20.912212701439817,49.305773067321745],[20.911909837239904,49.30594479621346],[20.91156434738813,49.30612455090771],[20.911340330061545,49.30626695622104],[20.911294791531876,49.30633682773898],[20.91108085412497,49.306538631610415],[20.91098856844504,49.3065953236965],[20.91078752740211,49.30685923137529],[20.91051986763273,49.30718258061889],[20.910382462028235,49.30737407123482],[20.910276449075138,49.307838061998375],[20.91015456281445,49.30839920673878],[20.910139617257258,49.308459928598296],[20.910096690670002,49.3087266989567],[20.910057398644557,49.30879587890381],[20.909992905734047,49.30906021640139],[20.90998937944024,49.30922125706855],[20.910050375129458,49.3094322657789],[20.910066946856457,49.30953185679127],[20.91010557861378,49.30967855338509],[20.910116975619054,49.30982838945556],[20.91023801231239,49.31011847650427],[20.910250500661807,49.310161210068706],[20.910311862379984,49.3104800899727],[20.910315038012737,49.31053799732894],[20.910319378816087,49.310820125223195],[20.91032329080382,49.310880938272575],[20.910327658838696,49.31092538063254],[20.910341930452635,49.31114049651024],[20.910313111257263,49.3113836102661],[20.91024038190467,49.311473548629884],[20.91002443150693,49.311669071384586],[20.90945620613075,49.31214261210381],[20.909183531459224,49.31231858736099],[20.908700691123396,49.31254406313561],[20.90829173628914,49.312729876826786],[20.908241356586842,49.3127577198946],[20.907879699131783,49.312953219629385],[20.907755809248613,49.313029918406926],[20.90757981978682,49.313131791293586],[20.907368848735786,49.31324599674825],[20.907117249555654,49.31335496904723],[20.906916333877383,49.313449793493376],[20.906723855124614,49.31353184559158],[20.90665847095167,49.3135578347039],[20.90642257660915,49.31369479193752],[20.906359830174704,49.313731043011266],[20.906131818956762,49.31384647595008],[20.90608199684749,49.31387244615499],[20.90589118093745,49.31395608326724],[20.905840083940028,49.31399479531475],[20.905683192704714,49.31407956923706],[20.905431078689894,49.31420553711209],[20.90537019740034,49.31423554791543],[20.905293753158542,49.31426908844332],[20.90515339852886,49.31433613939088],[20.904964062007323,49.31444125252651],[20.904681318357632,49.31458897032635],[20.904533414382932,49.31469781285049],[20.904274591513026,49.314882885187224],[20.903919206839287,49.31510334299633],[20.903645703492835,49.31544385888104],[20.903583483305873,49.31553126496869],[20.903514240259067,49.31561690493435],[20.90328005227174,49.31589508530858],[20.90325967715212,49.31591781050513],[20.90318364835892,49.316044277747146],[20.90314494982239,49.31612851110739],[20.90313868659309,49.31616269363327],[20.90310216997615,49.31628931566543],[20.903073688788403,49.31645744230742],[20.903070029860057,49.316542670842296],[20.90307936424498,49.31670450307436],[20.903091528734258,49.31681448119833],[20.90310566933292,49.31691858341863],[20.903127786531595,49.31704564147188],[20.903192597772644,49.31727622881345],[20.90320886084429,49.317325211987665],[20.90321193808391,49.31745973436194],[20.903217523366322,49.31747981896513],[20.903237466351797,49.31755035338488],[20.903244414739827,49.31756886310987],[20.903331892660926,49.317768608938955],[20.903366934741808,49.31784856296784],[20.90342682623762,49.3180120005569],[20.903466052095762,49.318119374812326],[20.90355979094934,49.31830780612046],[20.903612684694924,49.31835333591131],[20.903787972482895,49.31852577487107],[20.903889555655073,49.31861075102958],[20.903918545747146,49.31863621207269],[20.90409150063297,49.31879452713755],[20.90411868757053,49.31882190838255],[20.904309455899902,49.31892346946483],[20.904514761222302,49.31898545299769],[20.904802696736258,49.31906155044613],[20.904944178174834,49.31909618433082],[20.90515249275208,49.319126846141856],[20.905338269224725,49.31915162023553],[20.905400291028098,49.31915982140628],[20.905538282564024,49.319184524002374],[20.90600695697107,49.319246058780195],[20.90665805881781,49.31917838558197],[20.906880003392054,49.319154671117985],[20.907191341344884,49.319157179723945],[20.90732316676649,49.31918851607373],[20.907452687109295,49.319254527624906],[20.907594760685384,49.31944853571854],[20.907615865701906,49.31957988000017],[20.9075948042056,49.31979759343839],[20.90750028400332,49.32010026757395],[20.90742106509736,49.32029910652042],[20.907353488042464,49.320526875757444],[20.9073214539176,49.32061574507288],[20.907296489353847,49.32071457473923],[20.90724027284236,49.32084134786784],[20.90717664841676,49.320962470834246],[20.90709794021569,49.32114070923947],[20.907079407148192,49.32116979905605],[20.90684619418878,49.32149519583116],[20.906837265631264,49.3215089417536],[20.90653892064069,49.32181477942426],[20.906377950329393,49.32196532195943],[20.906324126578713,49.32201411666617],[20.90619986720781,49.32210925866108],[20.906007799516516,49.32226641141986],[20.905918931309497,49.32233527923376],[20.905673057545783,49.32250935507709],[20.905400686371326,49.32267002781627],[20.905369287797406,49.322687522145465],[20.905179536175073,49.32278172848668],[20.905146608753657,49.32280466350407],[20.904568402385827,49.323050337298646],[20.904496956548098,49.32308845683357],[20.904079759200055,49.32329901128988],[20.903669195182143,49.323488178947024],[20.903574541805526,49.323534162919266],[20.903307542144656,49.323647293946],[20.903037490534953,49.323767704730706],[20.902858728617186,49.323837607156925],[20.902578376498635,49.32392778062986],[20.902144650577565,49.32400830719864],[20.90205452096046,49.3239966407366],[20.901872274062857,49.32399160760417],[20.901410075755106,49.323996179059456],[20.901280801380356,49.32397608608929],[20.900878682131196,49.32403471012047],[20.900660520653304,49.32406079178608],[20.900382581035664,49.32409738155354],[20.90010973975681,49.32411640530649],[20.900055185104435,49.3241323108556],[20.89951792910092,49.32428750177677],[20.899457054308044,49.32430670620015],[20.89908605884134,49.32445649189804],[20.898971081097727,49.324505121277895],[20.898529176857043,49.32471410737268],[20.89848348297365,49.32473643195883],[20.897947931563568,49.324964419905356],[20.897905221460785,49.32498207272534],[20.89758671043464,49.32510363535988],[20.897526817255024,49.32511909041284],[20.89735678854108,49.32521790861319],[20.89721493735283,49.32531047029183],[20.897171553386766,49.325354209800196],[20.897034067175007,49.32521427257575],[20.896981518589264,49.32516082867971],[20.896975156269153,49.3251418881188],[20.89693146208941,49.32507568679926],[20.896925708486684,49.32506126833074],[20.896848206595003,49.32489597549786],[20.896753635951175,49.32481113900267],[20.896656716565403,49.32478771610084],[20.896523644005953,49.324835195173],[20.896508644677027,49.3248367620859],[20.896280840058697,49.32484000358843],[20.896268468877317,49.32483967803142],[20.896078505873906,49.32476982303116],[20.89606038659842,49.324765522953264],[20.895832451914345,49.3247494020847],[20.895814244082153,49.32474798005204],[20.895582180534763,49.324716054207016],[20.89518937646759,49.3245737480074],[20.895174635976993,49.32456677029586],[20.8949497541536,49.324438298813114],[20.894725716174232,49.32447947774893],[20.89458565741118,49.32438986940958],[20.89453319977846,49.32435632466901],[20.893837532996862,49.32430476174753],[20.89367116741256,49.32419590114758],[20.893486729745952,49.3241591796314],[20.893469640074716,49.32415230278362],[20.89325103353305,49.3240281802895],[20.89312242499085,49.324066172069685],[20.893046326800384,49.324012744727455],[20.89290591694497,49.32400991453148],[20.89270495846121,49.32405186559555],[20.89233568530968,49.32407276071086],[20.89211279140256,49.324087143199],[20.891962220413212,49.32401041288718],[20.891467336847576,49.324036444276466],[20.89102659364611,49.32410084840467],[20.890799541204977,49.3240578272438],[20.89055463113187,49.32393722622349],[20.89054244404785,49.32393456537525],[20.890265031277885,49.32390488443454],[20.890248303737348,49.32390216082208],[20.88998643035289,49.32383257699218],[20.889914748546076,49.32373535972091],[20.88989948376016,49.32372980420263],[20.889831538565907,49.3237180643873],[20.889807299842175,49.32371976970529],[20.889708978247924,49.32372645490402],[20.889618315356337,49.323672625102525],[20.889259667236683,49.32347994824165],[20.88909521500271,49.323275259268286],[20.88907915151395,49.32326760597989],[20.888947465558832,49.32322049793179],[20.888934078855115,49.32321383505137],[20.888835850762526,49.323107440412095],[20.888506297850537,49.323033324184884],[20.88849234350093,49.32302862288208],[20.888390845484462,49.322982980493954],[20.888352406704794,49.322946393358464],[20.88833330232407,49.32293188507017],[20.8882165325078,49.3228300876173],[20.887940778493082,49.3226465891536],[20.88785326473694,49.322365798838604],[20.887693453547598,49.32217224783225],[20.88749913920306,49.321997072133335],[20.887411643042192,49.32194856897194],[20.887395761291614,49.3219368700244],[20.88718846898705,49.32169220082564],[20.887180529420412,49.32168284006074],[20.88717329085782,49.32167332283298],[20.887093615649924,49.32156403984745],[20.887111332059742,49.321358459051055],[20.887108827316197,49.32116129071637],[20.887025086945226,49.32107563966],[20.887007766189033,49.3210210360874],[20.88715372668719,49.32075233853764],[20.887110474757748,49.32063878993523],[20.88713326131447,49.32050693744341],[20.887199311911903,49.32042380960004],[20.887156838526646,49.320270672321826],[20.886656581550135,49.31994239802878],[20.886135805499883,49.319750461788736],[20.885874686101133,49.31962273113943],[20.885804474608126,49.31961361341131],[20.885597264280552,49.319576021418165],[20.885580563894578,49.31957122720732],[20.885458671964873,49.31951535121772],[20.885446059978975,49.319512855539394],[20.885181715702497,49.31947846986456],[20.885156062681006,49.319471933411485],[20.885058174810666,49.31944351579707],[20.8849951716759,49.319421585511535],[20.884950136252122,49.31939710941069],[20.88472498387031,49.319293636598964],[20.88469639965437,49.31928060885246],[20.884490021637273,49.31918533103842],[20.884477586807076,49.3191805903694],[20.8841866212524,49.319094345972516],[20.88395005338608,49.31910771121869],[20.88363881229597,49.319137106123456],[20.88356412688764,49.31913233792003],[20.883540493485583,49.31913163135532],[20.883311640566124,49.31913274062452],[20.883293578057142,49.31913474275187],[20.883241653071245,49.319153970368596],[20.8830540233602,49.31922786580103],[20.88289237504486,49.319248256214074],[20.88262091150276,49.31933382024332],[20.88230986723657,49.31940607459388],[20.88222185010743,49.31943236800278],[20.88196342731784,49.31950972699587],[20.881918005978836,49.31952332113292],[20.881756539439998,49.31955884190137],[20.881741420242594,49.31957066674391],[20.881531857510957,49.31974267780631],[20.881552204767306,49.31978153848789],[20.881563102296305,49.3197970317336],[20.881549866836313,49.31980243761658],[20.881446438713457,49.31984423685896],[20.881297281852316,49.31987035843791],[20.881193362028142,49.31987126534505],[20.88096068752233,49.3198945697445],[20.8807183914172,49.31997346042487],[20.88033878498116,49.32011506441047],[20.879809200989286,49.320190204029764],[20.87959145283558,49.320190150266114],[20.879574736860068,49.32018904606789],[20.879071917575747,49.3201118469807],[20.87890595439033,49.32011705069897],[20.878408792279924,49.320201921450916],[20.878387427954387,49.32020561209323],[20.878064426288272,49.32026169595999],[20.877876577508093,49.32025625575356],[20.877739566426715,49.320222729907385],[20.877722705336037,49.32021648858224],[20.877586501107782,49.32015705986363],[20.877436268479403,49.32003287279562],[20.87742756614754,49.320024475918366],[20.87714486887303,49.31996091150489],[20.87690428036199,49.31991002241495],[20.876561873795218,49.31980032365065],[20.87634858798512,49.31967409600526],[20.87624044564778,49.319557630928585],[20.87608348394223,49.31949425811603],[20.87586686812103,49.31949036406931],[20.875639808667913,49.319493139596396],[20.87545084570014,49.3195488812881],[20.87540789818603,49.319599110569094],[20.87523570997696,49.31966217111157],[20.874843370539644,49.31968241115476],[20.874110826943905,49.31972194779176],[20.873227473655287,49.31974747000901],[20.872737582,49.319789075807066],[20.87312136016924,49.32051278053828],[20.873523408124,49.32095160080459],[20.873840226855563,49.32117415755465],[20.8742517406073,49.32145159245695],[20.87519128796874,49.32172093194519],[20.875804468743237,49.32196861823197],[20.87602276656808,49.322036763391566],[20.87623985385014,49.322073175115136],[20.876436621242693,49.322096565600155],[20.8766320222143,49.32211981957799],[20.876780108765526,49.3221404854093],[20.87693215079041,49.32216164472731],[20.87712305075613,49.32215296376622],[20.87735977163347,49.32215357225504],[20.877692953335853,49.3221466321673],[20.87809133536497,49.32213729998366],[20.878158842702135,49.32213534679676],[20.87822958904428,49.32214295649199],[20.87848189525168,49.32219909968066],[20.87887891430573,49.32231864790604],[20.879133587460593,49.32238495333704],[20.879237260772417,49.32239421362684],[20.879367914545252,49.32242635250278],[20.879513378759793,49.322502927619105],[20.87958119313194,49.32254942237127],[20.879637902698946,49.32261444961749],[20.879751383626388,49.322825716947186],[20.879836624129734,49.322984711921706],[20.879865431852764,49.32303853383292],[20.879872455048794,49.323110077840084],[20.87987837303315,49.323172941277754],[20.87996791638531,49.32330885243688],[20.879981730993283,49.32333101669615],[20.880029674554724,49.32346696499324],[20.88005505922676,49.323541469248866],[20.880079648086724,49.3236155865122],[20.880450280071727,49.324242301210695],[20.880824663313373,49.32486697993393],[20.881082482536723,49.325572448133464],[20.880860736551913,49.326315493530764],[20.88080730539971,49.32656308576364],[20.880809715820625,49.326619798435516],[20.88080247400808,49.32667663575843],[20.880794503742393,49.326739210688494],[20.88078906810761,49.32682726068037],[20.880782966120698,49.326923751391035],[20.880802030312804,49.32702775332829],[20.880806682449784,49.32705257952775],[20.880826486657188,49.32714895352071],[20.8808294871677,49.327158058107],[20.880835913507706,49.32717087958444],[20.88085535085092,49.32719512398613],[20.880873148374157,49.3272157117245],[20.880955003961454,49.327293830583464],[20.881036990101148,49.327372043809945],[20.881060670297583,49.32738616737719],[20.88108349784577,49.327400622322145],[20.881142892518053,49.32743521748041],[20.881263542444966,49.32747385889952],[20.881415926379155,49.32750312628764],[20.88154521285567,49.32757546119504],[20.881612119582204,49.327645782738955],[20.88163492178752,49.327662307490115],[20.881750464948336,49.32773075747233],[20.881809768063714,49.327820629973836],[20.881829922029524,49.327858493458024],[20.88183256021543,49.32786695555491],[20.881845512940163,49.32791402980195],[20.88187891367908,49.32801095193418],[20.881993302851303,49.328409967027156],[20.882006433705655,49.32846875163986],[20.882004796216936,49.32849822753558],[20.88200163328504,49.3285278320714],[20.88199673277555,49.32855152582828],[20.88199077293604,49.32857293302569],[20.881919007865307,49.32865316465177],[20.88182988112434,49.32877359623467],[20.88170621548736,49.328940671247295],[20.881676839944976,49.328982987119865],[20.881647123707552,49.32908372346342],[20.881590953324295,49.32925433447158],[20.881533351954552,49.32942561747671],[20.881515708707497,49.32945716468892],[20.88149102636007,49.329481902093924],[20.881426972300677,49.329506302368934],[20.881353947974674,49.329532650999525],[20.88129657631385,49.32955790675983],[20.881222956432747,49.32959179807543],[20.88114066103334,49.329644844125404],[20.88113433585993,49.32967785333449],[20.88115205080503,49.32971869580448],[20.881172427495024,49.32975548646509],[20.881210039062953,49.32981302584272],[20.881274708461937,49.329911722673295],[20.881325553377817,49.32999707848865],[20.881361807699495,49.33006483589129],[20.881380195098334,49.330137302852],[20.88138049321189,49.330170175246685],[20.881366824097768,49.330222924347915],[20.881266134284033,49.330336213154865],[20.881219949757828,49.33038552500415],[20.881178527265295,49.33047398205007],[20.881182232443468,49.330557928465645],[20.881224730777173,49.33062337547856],[20.881456360130823,49.33095251594401],[20.881565194704027,49.33112175745412],[20.88159525591628,49.33116850811208],[20.881614248126407,49.33120714267206],[20.881619143143606,49.33123413776486],[20.88161359776983,49.33127995805698],[20.881655093515644,49.33133717797847],[20.881710081392875,49.33138927065485],[20.881805843405264,49.331467587220025],[20.88191786873736,49.331559776947884],[20.88199442329961,49.33165455222377],[20.88208011516361,49.33176097970161],[20.882168914891995,49.33184374296566],[20.882242428374557,49.331926441042356],[20.882287992865308,49.33202638376376],[20.882312082180754,49.33209994298001],[20.882334964911784,49.33216959006735],[20.882338059008422,49.332371279755336],[20.882344960137107,49.332584081855444],[20.88236152898254,49.332733736077145],[20.882412150294865,49.33285689774312],[20.88242145018637,49.33287521793708],[20.88242631706849,49.33291130540492],[20.882386418587306,49.333097410612794],[20.88229065527994,49.33334897793412],[20.881255551413744,49.33441429460487],[20.87966213944919,49.33474878714575],[20.878356667857883,49.335156267793366],[20.878132231101628,49.33529409983677],[20.877703845157612,49.33559638383389],[20.877063247937215,49.33606121830825],[20.876524113726823,49.33668550314592],[20.87628586888074,49.33713555354363],[20.875858340788056,49.33777170606805],[20.875382783601413,49.338060235459345],[20.8752613270136,49.338146528712194],[20.87510900322861,49.33825203725058],[20.87479948996347,49.33830677068008],[20.874574609087944,49.33856837820889],[20.874272219916037,49.33899465082772],[20.874023541828542,49.33946820391936],[20.87320459544486,49.33980725076546],[20.872819284332508,49.34006577672613],[20.871943192799936,49.3406269793989],[20.871468948617068,49.340964427140335],[20.87123907012301,49.34129923784193],[20.87140014410644,49.34145593851465],[20.87132632461274,49.341478113122285],[20.871052467352662,49.34159733633609],[20.870964694356704,49.341602562908314],[20.87091404931257,49.341584374964825],[20.870842331093844,49.341593925501044],[20.870626346378245,49.34169223514947],[20.870463342145605,49.3418035895521],[20.87031001082791,49.341949393634714],[20.87026405755941,49.342045977372905],[20.870289216828787,49.34212326675963],[20.870301448577095,49.3422141644549],[20.870345588271046,49.3423562896885],[20.87035229905078,49.3424768920392],[20.87033160278919,49.3426060215248],[20.870261115382142,49.34274445206216],[20.870033945989086,49.34294042977494],[20.87002111581284,49.34304155444147],[20.869865569519757,49.343253548216914],[20.869739276001443,49.34352244190592],[20.869643898619852,49.34368280927072],[20.869550859396412,49.343839744290705],[20.869493500777857,49.34394458542894],[20.869464740339627,49.34401194889521],[20.86941350596176,49.344131672601364],[20.869376691521783,49.34419633282753],[20.86932402840405,49.344302773191686],[20.869248347324618,49.34448757519345],[20.869170674944527,49.34468185342929],[20.869120780442845,49.3447985611675],[20.86900336407402,49.34502660876215],[20.868990070364127,49.345043085665345],[20.868881918840387,49.34519068590504],[20.86877687398086,49.34531993413235],[20.86876737411068,49.34532852627069],[20.868642756479332,49.345452610852334],[20.868476505084132,49.345625616439605],[20.868371490678182,49.34572488404536],[20.868064137943875,49.34596037279137],[20.86788047719081,49.34607651756506],[20.86768523734932,49.34619965323104],[20.86742833511141,49.34635662648302],[20.86725486224403,49.346483288812856],[20.866984764786153,49.346679789960746],[20.866739380786846,49.346842643556144],[20.866226412660932,49.34710934613792],[20.86597643660255,49.34727096248697],[20.865549301499723,49.3474839351341],[20.865502672468956,49.3474984733027],[20.865152678217978,49.347604033329674],[20.865088599163577,49.34761618008682],[20.864889683616354,49.347656895828706],[20.864615933269384,49.34770462188355],[20.86438106775469,49.34775726494148],[20.86431979193017,49.34776707525634],[20.86424726741959,49.34777623465744],[20.864188432698576,49.347783066375804],[20.86406868025291,49.34779692931313],[20.86356034588474,49.347864171888546],[20.86352270013228,49.34787316121861],[20.863165241608243,49.347949381740406],[20.863155551696448,49.34795166463132],[20.862780202123187,49.34805014692988],[20.862632448033725,49.34808169729948],[20.862604020519786,49.34808739714535],[20.86229518969116,49.34817597595538],[20.862183576886906,49.3482227051118],[20.86202059469515,49.348265533484145],[20.86176343498736,49.34831597581989],[20.8617196006146,49.348316111673185],[20.86168587271259,49.34831740015261],[20.86123481006861,49.34834704775555],[20.860288094458898,49.34839861451558],[20.860258395013467,49.34839949888289],[20.860015868948036,49.34840271505951],[20.85973050532027,49.34839871680049],[20.85970783474373,49.34839785847339],[20.859567619961037,49.34838995537074],[20.859539871218605,49.348388834873504],[20.85892665073449,49.34831375980449],[20.858903312446348,49.348310897927014],[20.858728951855493,49.34828004801881],[20.858685769025847,49.34826156766978],[20.858343916079193,49.34820883311135],[20.858265729657255,49.34819555838077],[20.85770097397694,49.34811761805277],[20.857680846893405,49.348114234565344],[20.857299449141166,49.34803368583748],[20.857290544113386,49.34803302372549],[20.856896865171127,49.34794575474949],[20.85687735217719,49.347941581633435],[20.855581237506954,49.3476626271352],[20.855545767623447,49.34765809251376],[20.85532634150922,49.34759437638021],[20.85520681403612,49.34754989541104],[20.854987465807373,49.347497345567476],[20.85473855808973,49.34743352829296],[20.854686740415698,49.34742141595793],[20.85438508723892,49.34728089905797],[20.854179345240887,49.347164704525056],[20.85406699680468,49.347094085728],[20.85388558444516,49.34689030204972],[20.853734992735603,49.3467477975032],[20.853670723153922,49.346696456982784],[20.85337652109475,49.34647272768388],[20.853324921347117,49.34641110285947],[20.853229073832356,49.34630457909942],[20.85314535288309,49.34620846078988],[20.853017704754347,49.34604089395715],[20.853001072190587,49.34601610988908],[20.852917319224908,49.34587362225188],[20.852821530268454,49.345709207530966],[20.852803473758406,49.34567807262802],[20.852738803399447,49.3455434354716],[20.852690227193854,49.34540916461511],[20.852620451233314,49.345203586452136],[20.85257173554233,49.34510226360285],[20.852560524316065,49.34506649916495],[20.85254845821797,49.345029355173054],[20.852474091386416,49.34475330357004],[20.852459898122866,49.34465108199625],[20.85242268380757,49.34428562641201],[20.852228693439834,49.343971659400175],[20.852109962803045,49.34378044456099],[20.85210003628844,49.34377011357495],[20.85203229159948,49.34368110922329],[20.85196666713218,49.34360009991628],[20.851789874799984,49.343409523918595],[20.851621555982806,49.34325795050966],[20.851495577077255,49.34315616374965],[20.851401530267836,49.34307562928408],[20.851309932224208,49.34299895938235],[20.851184922315056,49.342954287487515],[20.85110444531118,49.34288159655355],[20.850984966004425,49.342760492277726],[20.850885159488204,49.34265365145071],[20.85080966973953,49.342584100849514],[20.85058224312884,49.34237883751432],[20.85050390787169,49.34230522845632],[20.850318716144354,49.3421389440613],[20.850282223120473,49.34210403101044],[20.850047597197158,49.34188366600853],[20.849906842296992,49.34175985674167],[20.849771566672274,49.341662433754216],[20.849692116649273,49.341608053742156],[20.849432165622613,49.341446250098855],[20.849365475319907,49.34140814967632],[20.849194545538648,49.34131032460615],[20.848934941186474,49.34117536207351],[20.84873864367524,49.34107946519139],[20.848596706371694,49.34101557755534],[20.848549005869643,49.34099684946191],[20.84844880327716,49.340967783372385],[20.848316903825964,49.34091801200201],[20.847851754426422,49.34074454725843],[20.847513489967863,49.34065615655352],[20.847389234884293,49.34062807244184],[20.84736689695903,49.34062308126376],[20.847144239499634,49.340595252502816],[20.846967282746213,49.34057491968871],[20.846836359603405,49.34055444132688],[20.84666401197462,49.340528142357144],[20.846374297927337,49.34051702921461],[20.846255934817076,49.34050147913089],[20.846023667532283,49.34046629857932],[20.845700482565334,49.34041352925626],[20.845599750757852,49.340396327332115],[20.845201223051216,49.34032937909205],[20.84489765972708,49.340249994174556],[20.844598463149637,49.34016769579476],[20.844510347818254,49.34017892330177],[20.844430728829217,49.34015442552905],[20.844173424288254,49.340091108421255],[20.843996687862806,49.34003692503717],[20.84368239401336,49.33992971073361],[20.843641681690073,49.33990977778413],[20.843330192422087,49.33975529905443],[20.843306338043558,49.339743412731046],[20.843060870315316,49.33957659449921],[20.8430022305178,49.33953093106316],[20.84292121116188,49.33946352743401],[20.842865922904732,49.33939483877346],[20.842831082139536,49.33933756040101],[20.842743773156155,49.339148574084824],[20.842674099661618,49.33902528400512],[20.842532627708003,49.33885894340015],[20.84242048247569,49.33876373902038],[20.84231018224709,49.33863330322352],[20.84225818257591,49.33855104068008],[20.842159893618113,49.338382298154656],[20.842143338359726,49.338335906169775],[20.84196821151412,49.33808711630565],[20.84188150191395,49.337980532431445],[20.841800196654674,49.337858016043484],[20.841696121677284,49.33770312158127],[20.841437296341766,49.33734289706869],[20.841294519894166,49.33713428317228],[20.841198525115278,49.33700595383061],[20.841165873476868,49.33695064008766],[20.841084180916024,49.33682783972655],[20.840912238741215,49.3366152607021],[20.840887768942714,49.33656274652967],[20.840839377652088,49.33648366725007],[20.84076339792946,49.3363307189728],[20.840698697876007,49.336193551005906],[20.8406297561287,49.33605083633101],[20.840542416341453,49.33591595830996],[20.840418839619748,49.33573446758158],[20.8403788343267,49.33567809270741],[20.840254595166567,49.335489376280144],[20.840248746027743,49.33548152394601],[20.840107636710783,49.33532122429103],[20.840028604399542,49.3352186816681],[20.839915611887836,49.33510489793948],[20.839699405253214,49.334915388448266],[20.83953589728725,49.334804475028974],[20.839411232490622,49.33473513110695],[20.83921886795766,49.33464745372417],[20.838983057969823,49.33453101449709],[20.838636465790294,49.33436812208535],[20.838234484169448,49.334186323807444],[20.837901844194473,49.334111059847],[20.837838309559235,49.33411132513172],[20.83767725398204,49.33406297773575],[20.837330045752736,49.33402007879101],[20.837277240375656,49.33402746228091],[20.837135654761777,49.33402344558],[20.836958278452165,49.33400524317944],[20.83672871093098,49.33402469696194],[20.83656258468051,49.33402434463426],[20.835957419859074,49.33413903301299],[20.8357463594167,49.33422691359806],[20.835594744205057,49.33433122714785],[20.835394334986788,49.33454966332344],[20.834994443661653,49.33497486163821],[20.834962181480424,49.33498204450852],[20.83482179818185,49.335149225697556],[20.834399069778406,49.33533414579611],[20.83384688737613,49.335340696710645],[20.83327623444152,49.33531114025746],[20.833118217964017,49.33527648584946],[20.83266827907776,49.33525356694008],[20.83238980799699,49.335231457069376],[20.832135842871278,49.335206131391395],[20.831987161674263,49.33519259257365],[20.831440716932864,49.33514116417672],[20.831293794627918,49.33512975536229],[20.83070763193511,49.33503401982776],[20.830626124525487,49.33501953172477],[20.83021690249721,49.33494577227032],[20.829808067547464,49.33486374116297],[20.829704921268394,49.33484419153851],[20.82962104547482,49.334861044712596],[20.829030785850684,49.33475975838657],[20.82897887976824,49.334748981452925],[20.828750945476752,49.3346979766395],[20.827744885089338,49.33447785416581],[20.827643801146053,49.334485924491396],[20.826992244207545,49.334446549163204],[20.826656446550917,49.33443327042941],[20.82642332476733,49.334428182650036],[20.82609248785072,49.33439940539906],[20.82590336686763,49.33440401423483],[20.825757127339845,49.33449769511688],[20.825702259864435,49.33453768646864],[20.825543549704438,49.3346253584176],[20.825308185894816,49.33476010964457],[20.82527819998308,49.334797350124475],[20.824926779051477,49.33523551923572],[20.824900729666936,49.3353423129558],[20.8247508251186,49.335622784674705],[20.824500747775478,49.335858593296216],[20.824311064862815,49.33605766099379],[20.824110286915904,49.336207728821805],[20.823636635311544,49.33650998928589],[20.823607053366906,49.33653355754536],[20.823511683154656,49.336604395825745],[20.82342959117058,49.33666083211733],[20.82319281054103,49.336883587516795],[20.823105601471312,49.33696604939529],[20.82292740490567,49.337159205455485],[20.82280131097882,49.33724546889754],[20.82258604765966,49.337417998282454],[20.822539327588174,49.33744737255969],[20.822367408207086,49.33757933720147],[20.822176522843332,49.33770380979043],[20.821981314179826,49.337834076614456],[20.821797170879876,49.33795004573393],[20.821691231765993,49.33800827591288],[20.821473054917682,49.33812767174605],[20.82127274211465,49.33823390290563],[20.821210949326648,49.338263931302926],[20.821070703622816,49.33833071079612],[20.82089094895877,49.33841594600134],[20.820812588659585,49.33844981894057],[20.820531728449613,49.33857075902191],[20.820471511736372,49.33860174138181],[20.820363563821388,49.33863343068717],[20.82011435569827,49.33875311241711],[20.82005675803647,49.3388081341941],[20.819979634124,49.33886437821969],[20.819748591012416,49.339065084556495],[20.81968383523043,49.33912688400562],[20.819438137656675,49.339348787060416],[20.819404246679866,49.3393865227662],[20.819222077516123,49.339618614026094],[20.81911827717914,49.33977379558554],[20.819047769730023,49.339960549798484],[20.819010782772118,49.3401038833282],[20.819008753303123,49.340112007236684],[20.81897456192739,49.34039400407425],[20.818965406792714,49.34046004813993],[20.81895923483073,49.34049405100364],[20.818942475729912,49.340615387757325],[20.818921552398177,49.34069930641706],[20.81890927729036,49.34090561194539],[20.818904090166257,49.341176446878094],[20.818871983338713,49.3413396656382],[20.818892837727844,49.34173078184951],[20.818917332388505,49.3418737896387],[20.818996161532155,49.34198534416411],[20.818960869137477,49.34216078893317],[20.818946417518408,49.342200090574124],[20.818892411089966,49.34230304469091],[20.81881697359188,49.34244641196992],[20.81876500310696,49.34251882305686],[20.81868430574819,49.34265903890904],[20.818646764686243,49.34269070698009],[20.818549752512116,49.342795519591974],[20.818508029849784,49.34282434329971],[20.818354996727138,49.342940382695346],[20.818164864479026,49.343072258403154],[20.81802403048537,49.343163324679175],[20.817945542757787,49.34321240791814],[20.817909424869416,49.34326411281877],[20.817771358413797,49.34332754209792],[20.817643201729446,49.343372222742545],[20.81751264109576,49.3434090776926],[20.81734751149976,49.343457713705604],[20.817106147742912,49.3435273277045],[20.81701824673317,49.34354601539026],[20.816793055903926,49.343596104485414],[20.816523389779316,49.3436440390631],[20.816466029947218,49.34365476902394],[20.816010105462478,49.34372954431297],[20.815752674852444,49.3437743849782],[20.815596913573362,49.34391913956317],[20.815484724900326,49.34396913717602],[20.81537255990924,49.344080631116775],[20.81522520304653,49.34434038108272],[20.815204743165832,49.34450940054413],[20.81514592519903,49.344752826856954],[20.815082503103856,49.34501068140561],[20.815063800017512,49.3450702754519],[20.81501153305652,49.345228660719975],[20.814971968661432,49.34533868102932],[20.814911031919667,49.34545400129721],[20.814755854582756,49.34570465902776],[20.81474435776989,49.34571912114256],[20.81456676219423,49.34593659674295],[20.814404077827135,49.34611766788242],[20.814382840694513,49.346143590987566],[20.81417781312638,49.3463285225613],[20.814155293952634,49.34634809905619],[20.814027179383533,49.34649163869698],[20.813873936124928,49.34663575732475],[20.813736347267735,49.34679085682671],[20.81363900876718,49.34690807982647],[20.813399531798748,49.34706715880818],[20.81332459668894,49.347104476105784],[20.813130962130863,49.34719894882516],[20.812914623752004,49.34730326714224],[20.812609061682195,49.34744090049911],[20.812252632209923,49.347539242884665],[20.81216144223242,49.347576452189244],[20.811836434934943,49.3476867656044],[20.8117974702105,49.34769317234408],[20.811587400098116,49.347733146403634],[20.81148320640341,49.34774694956227],[20.811362623163745,49.34776748345288],[20.81131154963704,49.34777365473039],[20.81125076218461,49.3477823739556],[20.811052400175498,49.34781212428601],[20.810522516150897,49.3478702965374],[20.810325931040115,49.347889932373526],[20.810255950730472,49.347904998449906],[20.80997733615823,49.34790786313621],[20.809852971785812,49.34790170463024],[20.80964006146356,49.34788098242483],[20.809156438812508,49.34778542105987],[20.80902495965953,49.34774606363602],[20.80900751173468,49.34773853184446],[20.80875922829699,49.347643573193025],[20.808552577077954,49.34752105096631],[20.808290187731465,49.34734790435924],[20.807722877079684,49.34695134825667],[20.807533328221528,49.34680816227596],[20.80722168969119,49.3466494386425],[20.80709400080226,49.34656816130825],[20.806900936930056,49.346466991217795],[20.806566464298474,49.346350609665585],[20.806305457200505,49.34620154567779],[20.805983728257523,49.34603472856939],[20.80592514385057,49.345992108950355],[20.805635603968266,49.34581577203559],[20.80560278585482,49.345793755752275],[20.805392091349518,49.345658302980844],[20.805233145826772,49.34556307405772],[20.805060957259517,49.34546802013531],[20.80504393001531,49.34545699066338],[20.80456995575288,49.34516320647346],[20.804478419440073,49.3451071184399],[20.804159841465392,49.34491330255299],[20.804125411704945,49.34489249094842],[20.80393455861165,49.34477941634136],[20.803527532129305,49.344537449392554],[20.803312002375613,49.34439714421645],[20.80294058973215,49.34417674786301],[20.802575907340515,49.343987464741986],[20.802230923118753,49.34386503589356],[20.802067346058315,49.34380691880977],[20.801613800768266,49.34362943305928],[20.801299466609596,49.34349436949913],[20.80113352718321,49.34340402604124],[20.801044522064537,49.343354234739216],[20.80067883317414,49.343158787930804],[20.80031940997944,49.3429848045052],[20.800011431708327,49.34290262838407],[20.799913871721515,49.34287009932924],[20.79940722482973,49.34272076021993],[20.798982784058893,49.34261836677675],[20.79865748979236,49.34262454919475],[20.798402067021065,49.34266996143049],[20.798128298040535,49.34276687402544],[20.797876541437855,49.34289839829531],[20.797848101378957,49.342914436611956],[20.79767553760979,49.343000335754155],[20.797379988353843,49.34317248959361],[20.797271303766898,49.34324032863144],[20.797237865008807,49.34326195719429],[20.796886730617793,49.34349279224127],[20.79682825770232,49.343527514745915],[20.796650750105787,49.34368320236952],[20.796524171185176,49.34380372755385],[20.796503114229324,49.343825602202315],[20.796384625259428,49.34397224694194],[20.79632348979625,49.3440724257397],[20.796293009576196,49.344147909066585],[20.796262571960867,49.34422969656523],[20.79619421701831,49.3443988664854],[20.796181744180373,49.344428780020706],[20.796178653927402,49.34444488057606],[20.796175275595164,49.344514094064046],[20.79617658882296,49.34479848158839],[20.79618656668347,49.34483024870057],[20.796240271313817,49.34495887257224],[20.79637612364444,49.34513003218862],[20.796507476797142,49.34524422227295],[20.796602003599432,49.345324640219175],[20.79674038138251,49.34543547032118],[20.796837526937875,49.34551930963979],[20.796876575597388,49.34554433424119],[20.797011009528312,49.3456869918987],[20.797114813395407,49.345816439643514],[20.7971370740033,49.34584628848932],[20.797314030976803,49.346170847008416],[20.797433149368302,49.3462983905435],[20.797616238331248,49.346427325633385],[20.79769871504759,49.34646410920515],[20.79790326975825,49.346639612293664],[20.79801134385962,49.346695644539935],[20.798179978028546,49.34670478006864],[20.798854390356517,49.34701980442906],[20.798987562663623,49.34713036227744],[20.799056903455384,49.34721216220348],[20.79927325472098,49.34756112230745],[20.799506690393994,49.347993955148404],[20.79975364521298,49.34817703581498],[20.800068507587408,49.34841188297571],[20.80054251283069,49.348802837181715],[20.800690760686656,49.34892993804599],[20.800699064554546,49.34893976770875],[20.8008768465485,49.34913307179319],[20.80088275623155,49.349140117949645],[20.801034159003972,49.349318738627744],[20.801098073657645,49.34940809371232],[20.80119733097781,49.34957708745913],[20.80129554666517,49.34981204326036],[20.801308812767132,49.349854367220935],[20.80135972121731,49.35008634550364],[20.801345839292914,49.35013890061918],[20.80132521499664,49.350247767849055],[20.801333518198703,49.350367083840204],[20.80141171378654,49.350503299385586],[20.801426946929524,49.350658058564505],[20.80141181338297,49.35072272578861],[20.80140308134903,49.35083281228822],[20.801386738386334,49.35105617515988],[20.801302577147172,49.3513480659429],[20.801290076780223,49.35137149619154],[20.801334563384497,49.3515617458748],[20.801385055206648,49.351663784585924],[20.801503379438657,49.35183397357845],[20.80160230256531,49.35211496246339],[20.801676067128945,49.35228055773262],[20.801740456854684,49.352471851591126],[20.80181200881854,49.35270084746011],[20.801776742656273,49.3532104207122],[20.801750996147025,49.35351971647864],[20.80175499656871,49.353675349668556],[20.80174886910933,49.353804433573515],[20.8018417498992,49.354237468309215],[20.801970261422127,49.35464912826746],[20.802041686967723,49.35480104679991],[20.8021825348564,49.355033954944204],[20.80221800006056,49.35527638572201],[20.802219194599854,49.35537276735424],[20.802183197141982,49.35551847174959],[20.802072720779172,49.355740038764175],[20.801927582716658,49.35594870914199],[20.801775968499285,49.35607693293661],[20.801606730095465,49.35619977860597],[20.801563756564747,49.35623701742051],[20.801460641779844,49.356286774577015],[20.80128741628629,49.35634105391271],[20.80123109457876,49.35637630300841],[20.80066055473673,49.35659042254749],[20.800540204905307,49.35666074517006],[20.800254477311356,49.35674779951035],[20.800095601852647,49.35682066834511],[20.79974371738882,49.35711793579663],[20.799549966006563,49.357250650107154],[20.799245442158828,49.357387837038836],[20.799037895060223,49.35745912024219],[20.79898206290415,49.35748655187426],[20.79873269508832,49.35760636692634],[20.79843428956381,49.35771206898732],[20.798416201634918,49.35772612283401],[20.79826590089258,49.3577985640934],[20.798245852465683,49.35780957920151],[20.798085761504982,49.357895729315764],[20.798005999479543,49.35796690593309],[20.797933797617127,49.35803834265767],[20.797850178707048,49.35811289794546],[20.79782702408381,49.35815216809547],[20.797789129296056,49.358225505622684],[20.797738916669804,49.35843788824131],[20.797769387617684,49.35846855935334],[20.797791554969578,49.358564582467174],[20.797794202570667,49.35856935555666],[20.797871171646783,49.35870372989142],[20.797907973403696,49.35873452876854],[20.797961407265717,49.35877958573761],[20.798062125989887,49.35886390564615],[20.798317267119664,49.35907085836746],[20.798350871764228,49.3590985758223],[20.798569462689212,49.3592118012831],[20.79869109375821,49.359276131316165],[20.798707777198086,49.35928462863383],[20.798944117559458,49.359393151732746],[20.799075647169857,49.359456111132566],[20.799256061529,49.3595761252965],[20.799404912187597,49.35965165515665],[20.799563862445144,49.35975067193977],[20.79987879880372,49.35993932892887],[20.80005380563998,49.36003925735534],[20.80030724250028,49.36012729655274],[20.800705723588027,49.360208167641694],[20.801424825496845,49.360237934580944],[20.801495563654832,49.36023766539233],[20.801858146352394,49.36019268605981],[20.8018694910712,49.36019217566961],[20.802101384506905,49.36012676627107],[20.80222655944903,49.360097574949144],[20.80245546407507,49.360047008405076],[20.802797192643265,49.35999050493772],[20.802880142998177,49.35997552830601],[20.803227449949045,49.359955860662005],[20.803648509962443,49.35989847942681],[20.803731127120173,49.359884211058684],[20.803999032668692,49.35981148184494],[20.80413167165758,49.359768319059285],[20.804383411953058,49.359678916884235],[20.804542601385542,49.3596073135362],[20.804715043857282,49.35951662710156],[20.80473741400462,49.359505870752265],[20.804858480254236,49.35942323333298],[20.804870691235344,49.35939484076665],[20.80500139206091,49.35928156124426],[20.80511903101217,49.35913704008001],[20.805153150163125,49.35912074474515],[20.805273688555882,49.35896245725129],[20.805413986671283,49.358829248514375],[20.805465580493784,49.35874998677226],[20.805530958767182,49.35860222967303],[20.805541506439127,49.35859106713289],[20.80562788643422,49.358339947874114],[20.8056558110404,49.358220796825115],[20.80566981257915,49.35815473993952],[20.80565619824849,49.357897485165765],[20.805660221878238,49.357818390279334],[20.805649522441215,49.35764307975431],[20.80563337776092,49.35749945550346],[20.805594707392903,49.357397645358304],[20.805555893921596,49.35731473817495],[20.80544882797839,49.35693416324138],[20.80541161912868,49.35672345762585],[20.805407007247624,49.35637836494646],[20.805436708010284,49.35621830773648],[20.80545790071481,49.3560577782015],[20.805471786537566,49.35589897850588],[20.805482595869805,49.355716753367496],[20.80548377171072,49.35557372386755],[20.805481074201055,49.35539148495328],[20.805472195941807,49.355272330229326],[20.80551326899577,49.35483057542082],[20.805582586057582,49.354604710739665],[20.805604908385533,49.35447294194185],[20.80564513458842,49.354329362893914],[20.805664035323556,49.354204139346194],[20.805675984452716,49.35399404154252],[20.80570050693963,49.35378869740379],[20.8057949097669,49.35356108312787],[20.805975572734265,49.35334399467333],[20.806046602423244,49.353314290758725],[20.806157504082353,49.35325498320816],[20.806286261100247,49.353215286737345],[20.80633972787472,49.35320685865359],[20.806598091656642,49.353169992176944],[20.80682717344932,49.35315444898851],[20.80688041626682,49.353150514857795],[20.807058291003155,49.35316841758186],[20.807101088416804,49.35317096755259],[20.807339893959877,49.353231568960126],[20.80752482147058,49.35330400581421],[20.808085302713245,49.353481353347],[20.80826093239757,49.35352375737969],[20.808403530752088,49.353563856853405],[20.80845250798162,49.353576972758795],[20.80856965571563,49.35360962569232],[20.808677905192194,49.35363981219031],[20.808736569577476,49.35365587154813],[20.808783245952775,49.35366503672338],[20.808980910760457,49.35374709212445],[20.809184753408505,49.35387230707474],[20.809298261774117,49.353941659678696],[20.80935032389537,49.35397126787495],[20.809525917757583,49.35409128098836],[20.80963505082737,49.35416363439801],[20.80976252136619,49.35427020087994],[20.809889021117467,49.354364848945295],[20.80998594535432,49.35444677722964],[20.810020189783312,49.35447343277435],[20.81016335670414,49.354600795716856],[20.810313431001767,49.35467311245621],[20.810356063071197,49.35471545204659],[20.810453478649627,49.35482728915282],[20.81047198737543,49.35484566148855],[20.810597434897844,49.35507001643492],[20.810648994707464,49.355356213244086],[20.810641297125944,49.35568170434998],[20.81063483298242,49.35582383165372],[20.810570903362937,49.35612182309249],[20.81052894618468,49.35638824484251],[20.810525674537903,49.35642036597446],[20.810474189183804,49.35668871176066],[20.81040079356032,49.35698097609897],[20.810306406176203,49.3573405884503],[20.810256745115254,49.35745764398304],[20.810195878958424,49.357756910739035],[20.81013232883726,49.3579318339053],[20.81003909380244,49.35828221171715],[20.809808547180243,49.3586859525237],[20.80973918037939,49.35878747561695],[20.809625681783963,49.35899210782468],[20.809317521940688,49.35937184598357],[20.80925562826092,49.359433558658026],[20.80895081635851,49.35968762874572],[20.80860547020544,49.35988862563267],[20.808132706392332,49.36017069379376],[20.807400507229286,49.360600069300226],[20.807317090042613,49.360643124751405],[20.806812235262115,49.36089896592394],[20.806611436452148,49.36098571058279],[20.805975651437375,49.361066431895956],[20.805848396113536,49.361051257351384],[20.805738253909748,49.36105638857447],[20.805632294425706,49.3610712073141],[20.80554231814188,49.36109296754778],[20.80552517212294,49.36111416775218],[20.805075417490087,49.361192269433644],[20.804609899756088,49.36134113766331],[20.804508671576638,49.361362240498806],[20.804388869847095,49.36137604240528],[20.803904750104817,49.36161376624152],[20.803817335416788,49.36168414346168],[20.80367099111834,49.36182722702437],[20.803494683333582,49.36194695154214],[20.80342167225576,49.3619891014322],[20.803346489485236,49.36200173436965],[20.802923171333347,49.36218274917511],[20.802437386537356,49.3623793530216],[20.801843072651412,49.36256268039776],[20.801764010392667,49.36258751416508],[20.801519681781663,49.36264286173561],[20.80098626383086,49.36276327117213],[20.80064791425593,49.3628511293189],[20.800454152823654,49.36288795498028],[20.800241844101297,49.36300094472007],[20.799951218557272,49.36305766832622],[20.799763411307566,49.36307876097103],[20.79945998519117,49.363131801795355],[20.79936181991792,49.363135358316605],[20.798891828900974,49.36320418756154],[20.798111422890152,49.36326224521394],[20.797165876959163,49.36331839631293],[20.796830657918754,49.36332459707177],[20.79667883362541,49.36332000191946],[20.79643763618105,49.363305667546896],[20.795986042755285,49.3632848104651],[20.795259250713737,49.36320972784675],[20.79503254009519,49.363193548343745],[20.79483984964728,49.36318970457543],[20.79424626671755,49.363121003179494],[20.793924250495692,49.36305417915472],[20.793730728721023,49.36300429540699],[20.793480724514943,49.36292320334515],[20.79289975774995,49.36269322086049],[20.792746655534856,49.36260547120796],[20.79220296919551,49.36239531726686],[20.791667790681725,49.36217717028786],[20.791428860523347,49.362008577751695],[20.791007955318655,49.361701896314734],[20.790355297160428,49.36134607640462],[20.790187484507676,49.36123746722581],[20.78990576650597,49.361102060850456],[20.789686418687065,49.36102390782622],[20.789386959197337,49.360930656673105],[20.789291842726662,49.36090846870026],[20.789229471204266,49.360893892595165],[20.789064140908756,49.36085523715953],[20.788697061572336,49.360795307525535],[20.78818325293574,49.36078722009411],[20.787844627831383,49.36076581530534],[20.787621746848174,49.360789370066556],[20.787290680238037,49.360776778091754],[20.787080989909594,49.36077188450059],[20.786876757830772,49.36075745468483],[20.786635037556806,49.36075145512518],[20.78646579355879,49.360766323963524],[20.786036771046533,49.360771777394746],[20.785698292773294,49.36074685991953],[20.785513170860405,49.360705805524326],[20.785017070914762,49.3606032343837],[20.784613713901937,49.36052151053221],[20.784372220156946,49.360492284043566],[20.784176562609524,49.36048093669511],[20.78396320279393,49.36046348540078],[20.783516374323916,49.360515224972644],[20.78321744602872,49.36062843514507],[20.78305879755983,49.36069120556967],[20.78294106384428,49.360754308433094],[20.78276598414006,49.360853156844954],[20.78247559369409,49.361031128037],[20.78215873612596,49.36126013678648],[20.781817355600104,49.36150594521817],[20.781512526708028,49.36180082629755],[20.78135793633829,49.36204660403116],[20.781186640913482,49.362372659431834],[20.781096136438475,49.362625423183005],[20.78101368876114,49.36293699059923],[20.780958887526726,49.363230605030864],[20.780942868149673,49.363681957141544],[20.780946436775906,49.363852344128944],[20.780954699089882,49.36392394046775],[20.780975610794755,49.364079349936304],[20.780990458246325,49.36414964312996],[20.781066316194337,49.36445047309428],[20.781089606103237,49.3645254698572],[20.781142434326494,49.36471916803371],[20.78121228946046,49.364876268359296],[20.781252768449637,49.36496032258777],[20.781283726373037,49.36507682201044],[20.781322915607234,49.36518361147539],[20.781362089663613,49.365328036641905],[20.78138433876719,49.36540227701776],[20.781428105440003,49.36555298344144],[20.781466848636722,49.3656550753813],[20.781552767958964,49.36587089540805],[20.781617964780683,49.366031075779865],[20.781641696029997,49.366092131551966],[20.781728214116196,49.36628015004459],[20.781843074617818,49.36638207994595],[20.781936517753458,49.36649992709175],[20.7820234214786,49.36663213454434],[20.78207062288343,49.36670471548298],[20.78217352334849,49.36678921454595],[20.78234326548477,49.366851891733184],[20.782447505207394,49.36693688697164],[20.78246972156282,49.36695197042277],[20.78279192929114,49.36716982699442],[20.782995446843383,49.367304079808854],[20.783136927703396,49.36740422631532],[20.78335768138721,49.367584453080326],[20.783434644312763,49.36762834821437],[20.783704332425295,49.36786662802041],[20.783765139713104,49.367924461333764],[20.78381665253469,49.36797107904755],[20.783871582065764,49.368014663342834],[20.783982351696352,49.368146792536784],[20.784109314050237,49.36826624493432],[20.784132303747707,49.36828711718801],[20.784240014690763,49.36839573045728],[20.78437706794487,49.368550645886714],[20.784475649124207,49.36863409309419],[20.78459552842407,49.368735472725376],[20.784760874434856,49.368837251054785],[20.78485898241389,49.36891122750948],[20.784944667962133,49.36897856246027],[20.785092442171848,49.36911178747423],[20.785160037216208,49.369157338836544],[20.78537397665892,49.369309504059565],[20.78553697937518,49.36944028268918],[20.785621523767322,49.36950640718342],[20.785806206358455,49.36964360593113],[20.785892097859985,49.36970842610676],[20.785956443267466,49.36980608708133],[20.786116433999176,49.369951977319644],[20.786296508077562,49.37009504871847],[20.786358198473973,49.37014714843608],[20.78671944476545,49.37045214593431],[20.786736316203555,49.37046686398302],[20.78695103108942,49.37065047597833],[20.787052562981867,49.370719706333944],[20.787092645069958,49.370750891635964],[20.78711184688279,49.37076578004489],[20.78715867210562,49.37080224006582],[20.787614921667014,49.37098968004578],[20.787737127133973,49.37107096758736],[20.78780074067322,49.37108738757699],[20.788180574620952,49.37132981412257],[20.788255410878286,49.371434228013435],[20.788316824932078,49.371505134984126],[20.788349163042163,49.37159799901379],[20.788377578624125,49.371746191273544],[20.788359810796614,49.37180563403724],[20.788380257932616,49.37195688291252],[20.78835136746037,49.37206861444981],[20.788330833280266,49.37208042167076],[20.788308937918153,49.37217555727719],[20.78829492371119,49.37221586130162],[20.788242056596488,49.3723291070071],[20.788203213633768,49.37239169463465],[20.788126072948536,49.37250671434829],[20.78801187576402,49.37265881236354],[20.787884614144666,49.37278831035197],[20.787765066859517,49.37289061262901],[20.787703684632703,49.372935225502665],[20.78754804623003,49.373035382485995],[20.78737993749125,49.373161850509376],[20.787202693132834,49.373293855691905],[20.78718916305473,49.37330770508265],[20.786917614433165,49.37350263515466],[20.78665389053346,49.37370989969974],[20.78662634675183,49.373731639162884],[20.78649627532548,49.37382250253272],[20.786419368888378,49.3738851271192],[20.78619836852983,49.37402444516246],[20.78617667434826,49.37403864305489],[20.786018948299823,49.374128731927065],[20.78600049762885,49.374138629822596],[20.785828971206936,49.37422374041179],[20.78574074319672,49.37428993564825],[20.785530533106595,49.374352101917545],[20.785405530663382,49.37440073107467],[20.785196026271272,49.374449055231885],[20.785113270693394,49.37446465729678],[20.785053740137027,49.374477819412185],[20.78486882531702,49.37451024445608],[20.784480282558093,49.37456607426261],[20.784432073174894,49.37457224367262],[20.784135404635,49.37461224525482],[20.78402107597849,49.37463801154179],[20.783757403891084,49.374691126263436],[20.783433475804028,49.374778265584986],[20.783232860944267,49.3748308549326],[20.783129705069893,49.374858266656695],[20.782887405981317,49.374921571436765],[20.782610090387372,49.37500860726099],[20.782518921403717,49.375048047332115],[20.782294581199295,49.37509900554057],[20.782056470803646,49.37512418698663],[20.781875735030763,49.37515603146922],[20.781734998688428,49.375172419969616],[20.781590710947555,49.37518328333613],[20.781218534559454,49.3752105854704],[20.78118802106327,49.375212772863165],[20.780938560325026,49.3752231538513],[20.7808278720076,49.37522437232546],[20.780564093603807,49.37522255290645],[20.78042318348995,49.37522065602611],[20.78021355618564,49.375198917315046],[20.78005056643443,49.37519382608119],[20.7800119567492,49.37519042115597],[20.779974874201255,49.37518688890693],[20.779677386209546,49.37514842752622],[20.779620720252755,49.37514322803276],[20.779449187622998,49.375112539901046],[20.77925567901254,49.375073979001236],[20.779155543056376,49.375058993452],[20.778823731844373,49.3749846787697],[20.77875272652448,49.37496925906713],[20.778497544022883,49.37491244829579],[20.778266491131994,49.3748403541164],[20.778207993568454,49.37482203499561],[20.77796477791788,49.37474519788843],[20.7777963190123,49.374693634478625],[20.777623541048577,49.37465452691509],[20.777420575399958,49.3746033906317],[20.777304894115684,49.37457607088852],[20.7772874973101,49.37457294829492],[20.777113902409955,49.374533721663155],[20.776786947639525,49.374457407950736],[20.776631796313584,49.37441350606539],[20.77643458946059,49.37435599430951],[20.776182679022913,49.37429460941048],[20.776172033792715,49.37429325081186],[20.775694345345794,49.37419002123791],[20.775619072205714,49.37417454197078],[20.775437648653853,49.374136662654344],[20.775128540820056,49.37408347120822],[20.775098414754314,49.37407918760071],[20.774857979203297,49.3740429574212],[20.77471389371177,49.37403094936199],[20.774689694936566,49.37402669064286],[20.774560791494125,49.37400431295152],[20.77435801542968,49.37396110112931],[20.774146444228517,49.37390903089752],[20.77400610511686,49.37387635257146],[20.773852326722587,49.37383087364723],[20.77344948092793,49.37372473215581],[20.773250012389937,49.373659483194075],[20.77291897980753,49.37355879658164],[20.772511487987227,49.373447088534924],[20.77158868283425,49.37320327738468],[20.77121907842156,49.373003737647046],[20.77078895586444,49.37283631564404],[20.77052879221477,49.372779944503385],[20.770145487378635,49.37265069746061],[20.769319187980166,49.372322511822524],[20.768776982594503,49.372170287036695],[20.768170997709444,49.371959664669326],[20.76796936082989,49.3718788442218],[20.7671266386199,49.3716037364201],[20.766768125595096,49.37151234329078],[20.766295195536774,49.37137655418027],[20.765446998398847,49.37119101332895],[20.765234395576456,49.371143392384994],[20.765125430693253,49.37112520690797],[20.764677780400312,49.37100757534595],[20.764587044323587,49.370990741958074],[20.76438720400993,49.370959138986436],[20.764205561723795,49.370930958198095],[20.763980276908768,49.37090027262306],[20.763851317479958,49.37089228707653],[20.763786521317435,49.37089048924576],[20.76354032634731,49.37089311239806],[20.763453696022154,49.370902081914785],[20.763264022356537,49.37092008153069],[20.763027443917633,49.37097057833322],[20.762718760149294,49.371046394730726],[20.762583091568704,49.3710852658215],[20.76230438078108,49.37117058510971],[20.762134022814497,49.3712222979708],[20.761930514752816,49.37131706956473],[20.761734591911388,49.3714185869968],[20.761708495700262,49.37144613377431],[20.76153680310067,49.3715447102922],[20.761429555355086,49.37160536591152],[20.76122888782843,49.37176344301869],[20.76119170967184,49.3717933061774],[20.76102909483651,49.37191245614424],[20.760838208396013,49.37205367458962],[20.76071075652773,49.37214568237441],[20.760549580170892,49.372264071324274],[20.76051268495258,49.372292143313814],[20.760246327241322,49.372505023390794],[20.760094319994412,49.3726208488788],[20.759937340155293,49.37273677163246],[20.759734668002803,49.372883791948176],[20.759685209819125,49.37291881070329],[20.75942268480543,49.37310994247888],[20.759365094719648,49.373149991051925],[20.759329611197064,49.37317595077448],[20.75923015670466,49.37323057242505],[20.75902913192673,49.3733674743305],[20.758993778261672,49.373393528511215],[20.758905969518153,49.37347106441049],[20.75863789451431,49.373687933351576],[20.75856922243015,49.37374551459096],[20.758373701701483,49.373956979746005],[20.758133063170373,49.374209376127624],[20.75808752249107,49.374263979020284],[20.758040501274227,49.374323212544866],[20.757956765426233,49.37444041688987],[20.757843767785957,49.37453427463323],[20.757754725295655,49.374660748693195],[20.757673515077755,49.37486709021911],[20.757645003560352,49.374969915799234],[20.757653378307165,49.37507528349752],[20.757594053829244,49.375280404472],[20.75759651543871,49.375344958662325],[20.75759491783307,49.375457633273854],[20.757599071575747,49.37548280871805],[20.757655296650846,49.37571508453939],[20.757679596983937,49.375784089092775],[20.757728091116984,49.37592002354946],[20.75778916354743,49.3760979033954],[20.757842818864745,49.37625004418744],[20.757902293403667,49.37641877436955],[20.757949033409478,49.3765508660346],[20.757979068704106,49.37663411593532],[20.758055169387273,49.37681882038999],[20.75815768993822,49.37701776843952],[20.758190848088205,49.37707285419042],[20.758267443180955,49.37715673088879],[20.758374581358737,49.3772990238846],[20.758501032756467,49.377488628250305],[20.75853096735101,49.377547743734404],[20.758614092343723,49.37767335533286],[20.758628245712202,49.37769428597702],[20.75865786898148,49.37775384079931],[20.75869591407613,49.377842050678154],[20.75877811814118,49.37802129387476],[20.7588201939867,49.378102350454895],[20.758895924142603,49.37823580851532],[20.758940045503607,49.37833746515298],[20.75903506352915,49.378523635962026],[20.759054852523143,49.37856511124836],[20.759190163577507,49.37880346364457],[20.75919789522412,49.37881858871099],[20.759268836374694,49.37895160998223],[20.759302377372737,49.37900202650645],[20.759318211094353,49.37905651017844],[20.75940481971136,49.37921051442536],[20.75945453413697,49.379290935516096],[20.75949704240544,49.379385332626626],[20.759598966866434,49.379583267650354],[20.759617713679155,49.37962569703854],[20.75973178445913,49.37981504967701],[20.759790074899193,49.37992395076782],[20.75984741209036,49.379970061047594],[20.759919913204055,49.38010259565904],[20.759995731372495,49.38031123885858],[20.76003193468852,49.38033914756014],[20.76006958408488,49.380395018752196],[20.760178309447735,49.38051458452536],[20.760332294625467,49.38070496192434],[20.76038965281001,49.38077115143855],[20.760622927833158,49.381048017787165],[20.760647807743354,49.38109813311992],[20.760940813696383,49.38161702756802],[20.7609753838598,49.381670090296666],[20.761066757663052,49.381806340314554],[20.761157752160493,49.381955722841546],[20.761230529773975,49.38207647071209],[20.761319485117646,49.382242439595245],[20.761415985651844,49.382432620746044],[20.761476032316644,49.382535278812625],[20.761542287523998,49.38264976739292],[20.761578068429984,49.3827201594675],[20.761610425895913,49.38279025263964],[20.76162927066642,49.38283151442552],[20.76169592189778,49.383003821951625],[20.761719384772643,49.38308152987475],[20.761740949315296,49.38317069696004],[20.761749613419664,49.38332514515173],[20.761753074678982,49.38342322817329],[20.761729631584185,49.38354684914188],[20.761712362517176,49.383643762567644],[20.761626118171446,49.38382048835449],[20.76161775765917,49.383838476223076],[20.76154393655649,49.383976105772874],[20.761446601001328,49.38412642514568],[20.76136296371971,49.3842457060477],[20.761323136647963,49.38429951801473],[20.76111904139124,49.38449736442032],[20.761071660757356,49.38453722815834],[20.760902717495583,49.384660751165605],[20.760860755321055,49.38468657666216],[20.76072136567521,49.384767275993525],[20.760555399825655,49.38485083433536],[20.760545117259582,49.38485515946433],[20.76030612589144,49.38494797779847],[20.760120849352756,49.38500106215652],[20.76007217626526,49.385009366842],[20.759967755946754,49.38502816163227],[20.759889162251476,49.385039749402615],[20.759770013916086,49.385046327573406],[20.759694953416542,49.385048403654444],[20.75934412160407,49.3850885356944],[20.759210080026875,49.38509000416831],[20.75897494908564,49.38511677488578],[20.7586746799851,49.38515586949727],[20.75850061292789,49.38519322356978],[20.75845774946506,49.38519623694706],[20.75792722558799,49.38532070398846],[20.757537187587417,49.385464455171714],[20.75738978698997,49.385501203288925],[20.75713896758127,49.385551195905734],[20.75681549747682,49.38560244559931],[20.75659209632195,49.38564600641309],[20.756488499799964,49.38563943562389],[20.75623061001964,49.38566955203116]]]}},{"type":"Feature","properties":{"LC":"Lesy Lipany","KLC":"PO026   ","KPL":"PO026","RZP":2026,"RUP":2035,"PSL":1},"geometry":{"type":"Polygon","coordinates":[[[20.96433927687242,49.308190865052076],[20.964248147389032,49.308274374022844],[20.964012931932423,49.30826777664752],[20.963708094622312,49.30817677247504],[20.963572348460794,49.30803220310148],[20.963434487341324,49.30798452547082],[20.963347829314326,49.307986974850486],[20.963277270281374,49.307925404768724],[20.963155179981456,49.30788211899162],[20.963023959132986,49.30777524068805],[20.96262029169061,49.30768925143101],[20.962630671544254,49.307718853966996],[20.96249213832851,49.30774047573808],[20.962480874817658,49.307554822709676],[20.962480829143146,49.307551850223966],[20.962565979175316,49.30732301728897],[20.962572847205728,49.307287592474125],[20.96255790711844,49.30719049711827],[20.96255058725559,49.30717296959839],[20.962446379076283,49.306987396775796],[20.962440487834336,49.306978109141276],[20.962237053491187,49.30675810740434],[20.96223619222007,49.3067532173462],[20.962183763109007,49.30649093920124],[20.962179472871007,49.30648053406264],[20.961877208680026,49.30622458517577],[20.96187358542598,49.306221584496285],[20.961403202919303,49.3060494781752],[20.961396090847355,49.30604708241518],[20.960671392364134,49.30586629773608],[20.960390759741063,49.30581686770375],[20.960000916983446,49.30584080191022],[20.95999357586786,49.30584136947297],[20.95941969761892,49.30588604608061],[20.959400631484417,49.30589045730898],[20.95929075767244,49.30595101543493],[20.959280383569208,49.30595697448284],[20.95916012942167,49.30590429179683],[20.95913805450836,49.30589419870954],[20.958772299183686,49.305957368158914],[20.95875321907281,49.30596195888218],[20.95859520558956,49.30600940049015],[20.958580843383114,49.30601351701244],[20.958376942361262,49.30591728345299],[20.958181965418508,49.30589435895869],[20.95816940351015,49.30588944195581],[20.958129599022527,49.30587894229272],[20.958115089896776,49.30587071979778],[20.95796046358932,49.30570886294983],[20.957954422596487,49.30570686252268],[20.957729528938273,49.3056524274684],[20.95771183884766,49.30564617037875],[20.957472163498764,49.30546070233821],[20.95710291201898,49.305165161329874],[20.957097011745567,49.305159564309484],[20.956945983658283,49.30498864187041],[20.95694464145546,49.30498463613801],[20.956909591035668,49.30487535030567],[20.95690849570177,49.3048717128611],[20.956907812098002,49.30471863915815],[20.956907591037293,49.30471259983008],[20.956846709190067,49.304640001766245],[20.956775894774484,49.30464594133453],[20.956595508507558,49.304548411702605],[20.956505490879092,49.304469807605926],[20.956495932917186,49.304454546318766],[20.956354357379883,49.30443905758837],[20.956349220367567,49.30443249545049],[20.956240193726163,49.3042757461259],[20.956234564711327,49.304266646855744],[20.956031456332326,49.304187000510886],[20.95602338348813,49.30418457260648],[20.95574248102165,49.30411567546552],[20.95573505313352,49.30411380906843],[20.95532445622558,49.30397912746469],[20.955318408594888,49.30397721669957],[20.95507408936301,49.30391240983462],[20.955066805808823,49.30391045814097],[20.95490837660934,49.303778360709906],[20.954898487327274,49.303772721530486],[20.95452097535724,49.30359132617174],[20.954512834888057,49.303587995615146],[20.95417516511196,49.3034983986147],[20.95376695275736,49.30342726151124],[20.953748698972067,49.303422965771354],[20.953444856991574,49.3033392584299],[20.953031562951463,49.30313290484588],[20.95288480220596,49.30304755649134],[20.952653460206225,49.30292906587756],[20.952060138203326,49.302794981248795],[20.951698933110073,49.30273916867142],[20.951472911406356,49.30269953847839],[20.951104487278435,49.30256101687002],[20.95067132670154,49.30240513329264],[20.950645589099896,49.30239437689827],[20.9504021027839,49.30228169111171],[20.949964613913895,49.30211953919501],[20.94994590910109,49.30211396745211],[20.94960580355962,49.30214302621233],[20.949578730347383,49.30214239874917],[20.949340451931807,49.30203006333502],[20.949321248597872,49.30202204413299],[20.949189517491632,49.30203595269503],[20.949183039407767,49.30203249680189],[20.948995093376944,49.30191912854813],[20.94896522822485,49.301922549773074],[20.948456692499825,49.30205351681177],[20.948377509363844,49.30207330850143],[20.948056591899967,49.30215494683776],[20.947729300476155,49.30215012347919],[20.947713350308288,49.30214986452176],[20.94722913158148,49.302142985613564],[20.94679883117022,49.30201608189569],[20.94677211135315,49.30201267454976],[20.946663228327452,49.30204084294291],[20.946619312381852,49.30204613819911],[20.94644437920611,49.3020525782513],[20.94642414019867,49.30205613816906],[20.946284405790838,49.302109301470296],[20.946247552933166,49.302110509472904],[20.945908936796844,49.302047595466355],[20.945896098319132,49.30204626911871],[20.945623500114728,49.30202146733234],[20.945616249989232,49.30202086659895],[20.945260907636563,49.302054628925724],[20.945251106242566,49.30205142262826],[20.94511228705738,49.30200053923883],[20.945119509143716,49.30198376311064],[20.945174938024895,49.301854968029545],[20.945179268049564,49.30184529837944],[20.94507914784162,49.30177652279019],[20.944741983174026,49.30167899153845],[20.944719850991177,49.30167501575026],[20.944226673170697,49.30173571019187],[20.9441858215643,49.301733453636956],[20.94397715343409,49.30166548477268],[20.943762959694574,49.30163145379309],[20.943579188224145,49.30157619492139],[20.943422062483943,49.30152884297112],[20.94341758886887,49.301526173550876],[20.94320803969586,49.30140397530406],[20.943198997031594,49.3013980930898],[20.94283706654459,49.30113911826468],[20.942621485443272,49.30096522072949],[20.94261473548137,49.30095995479883],[20.942604251176583,49.300811325367235],[20.94248011396061,49.300564388345336],[20.942469251087036,49.300553583925954],[20.94233825664609,49.30044812791445],[20.94233320819856,49.300443998854334],[20.941987342793812,49.30035940468552],[20.941978900741116,49.300351111473546],[20.941899891481384,49.30026763882702],[20.941851570547783,49.30023749371086],[20.941578832929274,49.30011184251351],[20.941563823354198,49.300106572196825],[20.9414005670291,49.30009745692091],[20.94114207523982,49.29994085704754],[20.941130033090385,49.29993460489493],[20.940884881276958,49.299824273533815],[20.940868670917926,49.29981851306455],[20.940576189139158,49.2997609871417],[20.940573121365155,49.299754402942945],[20.940503185297686,49.29957723808764],[20.940499810270698,49.29956929320579],[20.94042552973479,49.299446272758885],[20.940420197454106,49.29943871298391],[20.940271834504117,49.29922734051842],[20.940212104436252,49.29919168367726],[20.94020606493727,49.29918968232615],[20.940092738986106,49.2991545849407],[20.93958402799091,49.29909653178727],[20.939367955651477,49.299044333489626],[20.93922377695857,49.298991733854045],[20.939213874138353,49.298988073483784],[20.93887513465174,49.29894836200144],[20.938868187597166,49.29894741078153],[20.938579537725605,49.29897526674491],[20.938546813316282,49.298976519487745],[20.938457558330672,49.298975352375486],[20.93836579909973,49.2989621277451],[20.93835711118549,49.29895346593689],[20.938291327065862,49.29889653938954],[20.938279951120812,49.29888526731171],[20.938251073676508,49.29882641685378],[20.938218642531137,49.29878671494483],[20.937958023913158,49.298657676307386],[20.93783089330976,49.298548741894955],[20.937823583309306,49.29854183646223],[20.937642325656192,49.29837834328025],[20.937416605759836,49.298262618201385],[20.937404997279735,49.29826142181968],[20.937208046442024,49.29824487755879],[20.937190400967136,49.298245190953494],[20.937012381817528,49.29826843978308],[20.937005206792083,49.29826865127478],[20.936772845491383,49.29828613073673],[20.936632664787734,49.29825121687187],[20.93650446122914,49.298193293075215],[20.93636842599011,49.29815464542913],[20.936213382983563,49.29814444542983],[20.936202658885964,49.29814426869815],[20.93605999341163,49.29816608139313],[20.936044035180075,49.298167711194125],[20.93596204007057,49.29817587686769],[20.935742217683952,49.29815604822978],[20.935724155730526,49.298154636943615],[20.935480947629646,49.298161129181935],[20.93546571784687,49.29816224295512],[20.935143871780845,49.2981921368051],[20.935130215269155,49.298192492607804],[20.93496346473212,49.29816821651083],[20.934895721280935,49.29814714529777],[20.934882672708273,49.298139688548076],[20.93482691785394,49.29810785236424],[20.93480209601448,49.29809424173524],[20.93463040069454,49.29800083628702],[20.93448539460033,49.297946582402204],[20.934350509374045,49.297902028513434],[20.93424792020905,49.297882948115344],[20.93420634617933,49.29787940345634],[20.93417750442285,49.297878533408074],[20.934167836922448,49.29787893185005],[20.934064955074476,49.297883069734404],[20.934049471694717,49.29788390478435],[20.933971452381936,49.29791173829926],[20.933954681367847,49.29792027320239],[20.933907827615464,49.29796156855203],[20.933879501898822,49.29799474761293],[20.933819337993718,49.29809385037258],[20.933790526737653,49.298115579218255],[20.93378564854113,49.29811811777008],[20.933701174114812,49.298131601235795],[20.933543766409837,49.29807927411731],[20.933528895596513,49.29807400733472],[20.93337878492825,49.29816138214846],[20.933250483668388,49.298191412446116],[20.933221963318747,49.29818641140746],[20.933151432445456,49.298165786541034],[20.933139338299952,49.29815845139906],[20.93297388374113,49.29805741845242],[20.93270689399873,49.29795030315929],[20.932680520469972,49.297937180575374],[20.932497183746957,49.29782537779682],[20.932334961577624,49.297746509300616],[20.93223105246848,49.297680746629844],[20.932075866989514,49.2975592569196],[20.932065584213216,49.297548110613114],[20.932002234928433,49.29746533209438],[20.931997499760165,49.297458962180116],[20.931937818999163,49.29727781090643],[20.931877033356823,49.29718863538266],[20.931670454499056,49.29707659714926],[20.931483299270976,49.29703687097304],[20.931267510465315,49.29706254415275],[20.931129692138395,49.29706101394884],[20.931102734548972,49.297053633561404],[20.930896147136753,49.29696824305525],[20.93088118858872,49.29696234276562],[20.930733752881924,49.296845700876695],[20.930730563266568,49.296838932236874],[20.930663176044263,49.2967161341463],[20.930652529005435,49.29670083408566],[20.930611880968257,49.29666067593144],[20.930476854926976,49.29662331518194],[20.93046854669409,49.29662393866671],[20.930289593447718,49.2966397634426],[20.930280042471935,49.29664043553533],[20.93010789484621,49.296650184572975],[20.930096498557084,49.29664980480571],[20.92995832019579,49.29663700717735],[20.929780410126,49.29663413927714],[20.92950359993624,49.29659493314194],[20.92946954842466,49.29659379823643],[20.929457793577445,49.2965944868409],[20.929402416962134,49.29659849324799],[20.929390675178325,49.29660431411006],[20.929369518782206,49.29661612342776],[20.92935309635138,49.2966254795955],[20.9293333523237,49.29663859643091],[20.929288133020556,49.29668714708842],[20.929278284537645,49.296698703066845],[20.929223866454493,49.29675577024425],[20.92921643874757,49.29676452587858],[20.92913565403624,49.29679073349581],[20.929075853735007,49.296791441182975],[20.929023336875087,49.296783478440055],[20.928946577654788,49.29676156290324],[20.92880625460942,49.29668089824062],[20.928791333370555,49.2966639249644],[20.92878525562143,49.29664652622731],[20.928787540132657,49.29663840945847],[20.928592116498162,49.29649639647354],[20.92847603581278,49.29643499611271],[20.928463023636187,49.29642708964549],[20.92830483747133,49.29638841400071],[20.928284842791722,49.29638531652093],[20.928098422957,49.29634858031526],[20.928056145802806,49.296343479419335],[20.927912744263036,49.29633059520953],[20.927814617891247,49.296342628837984],[20.927773380892017,49.29637186478816],[20.92759188480754,49.29636203150358],[20.927556995672578,49.29636104816783],[20.926965126757285,49.29636012707262],[20.926947584172524,49.29636089249488],[20.92672584132535,49.296383477681],[20.92670628209026,49.29636950054755],[20.926587506085998,49.296280908607386],[20.926529171093346,49.296257535196915],[20.926413786325,49.29626845181491],[20.926206260766403,49.29626053912663],[20.926121584561155,49.29622719356444],[20.925811539550512,49.296351178841434],[20.925637663074557,49.296053043065776],[20.92520961155628,49.29615625367331],[20.924950623296976,49.29621864752112],[20.924527060727637,49.29632074505776],[20.924084431657676,49.29596853132773],[20.92400754972513,49.29602232561709],[20.923981786909597,49.29604199314126],[20.92390817615619,49.2960979672986],[20.9237522498045,49.29625266044632],[20.922515083818233,49.29608171232743],[20.919438182025633,49.2960453805797],[20.918119876945642,49.29594054904191],[20.91529315030308,49.29572763248047],[20.914055638289387,49.29547708262767],[20.913008192393537,49.29501256996062],[20.912412282750683,49.29469578297184],[20.912342745707253,49.29454300954431],[20.912230848279936,49.294490015265666],[20.912036545748244,49.29431676855762],[20.912117857322176,49.29422234497103],[20.912068017503085,49.2941872740011],[20.911692791209973,49.29394602622813],[20.91171385690207,49.293891451132005],[20.911387827212323,49.293670666442495],[20.91138928226594,49.293652078267435],[20.911295119251385,49.29356600435837],[20.911063566258203,49.29335171356015],[20.910905540867336,49.293256748058745],[20.910759766478453,49.29321981399843],[20.910331794464934,49.29300893663989],[20.91024710174254,49.29296720531984],[20.910135639332037,49.29291224263687],[20.91005506940704,49.2928723599037],[20.910042078817828,49.292865982533634],[20.90994890925854,49.292820005545636],[20.909725053075565,49.29270968810718],[20.909566533914056,49.29263163036467],[20.909395950700535,49.29254767614929],[20.909331586308316,49.292553982808116],[20.909273326028256,49.29255968364999],[20.908843174649476,49.292601721586024],[20.908508731654987,49.29263445068757],[20.907802399819186,49.292151786868324],[20.90776017858479,49.291592613365495],[20.908063258437373,49.29112379295254],[20.908163654921072,49.29096851859236],[20.90822723704993,49.29087026207967],[20.908241963960215,49.29084743694452],[20.90831777355931,49.29073014292973],[20.908320286690056,49.29072617564283],[20.908482390184766,49.290475462693],[20.90850420692878,49.29040956895514],[20.90852458066872,49.29034803850197],[20.90869107749084,49.28984438797126],[20.9087727779392,49.289597372563286],[20.909023132024515,49.28918989666023],[20.909272711248562,49.28878347473387],[20.909390733295975,49.28857350939784],[20.90966758179031,49.288080667811066],[20.909713794832733,49.287998484874464],[20.909666918378175,49.2878360241391],[20.90963154201465,49.28771302329317],[20.909566433546416,49.287635753695675],[20.90937072564522,49.287403571676876],[20.908912188249268,49.28685961803351],[20.90870721660831,49.28650503837261],[20.908362582698683,49.28628532954167],[20.9080335558256,49.286075506243115],[20.907592193032254,49.285794030431894],[20.907587208815897,49.285790892221144],[20.907129335727845,49.28549886718673],[20.90675338544477,49.28525919590558],[20.906548187991067,49.28532227143057],[20.9061001335613,49.285460033310734],[20.905430832248797,49.285126337111265],[20.90475995597424,49.28479177357701],[20.903815067436316,49.28433258712871],[20.902440128447992,49.283908205117996],[20.900150559635915,49.283497564362044],[20.899878027593804,49.28344708392653],[20.89916909418685,49.28331576594401],[20.898994365290662,49.28331502717216],[20.89884563595649,49.283314441481146],[20.89882535593396,49.28331330987467],[20.898414778868116,49.28329095993467],[20.897515507790015,49.283221031319265],[20.896715694255406,49.28325158685036],[20.89651760437568,49.28325915248515],[20.896452566134297,49.28323211623801],[20.895785802496846,49.283292888657705],[20.8952881736356,49.28346234546955],[20.894971552392477,49.28348257849957],[20.89403398845386,49.28354260587615],[20.892661717277953,49.283640307280855],[20.8910359521806,49.283744674380216],[20.889826646304627,49.283744109083024],[20.889806145657005,49.283658335513756],[20.889800447511902,49.28363455441963],[20.88865158184954,49.28372640768705],[20.887181484266925,49.2838898967663],[20.887241267757567,49.28399410147909],[20.88670047026716,49.284015670856874],[20.886715591746604,49.284042110675365],[20.88689781070489,49.28436022424949],[20.886758336729883,49.284413326123776],[20.886602291705824,49.284073945850416],[20.886588667353827,49.28404422517288],[20.88579532488841,49.283925916392214],[20.88444507427546,49.28402318427243],[20.883082457324768,49.28412010959752],[20.88173652651869,49.28421479124139],[20.88113807590383,49.28430065562839],[20.880501557327896,49.28422875000419],[20.880161260504806,49.28425930850909],[20.87986693854052,49.28423919760779],[20.87867337507293,49.28415747654354],[20.877421029845916,49.28389638665882],[20.87621506349144,49.283577966752695],[20.876188277766566,49.28359821997323],[20.87597403373644,49.283759706733996],[20.874865003865533,49.28353494475858],[20.87485965370223,49.28331345532375],[20.87485515105227,49.283128279043616],[20.874852836772497,49.28303213234549],[20.874850026596647,49.28291787163217],[20.874849226678695,49.28288444121419],[20.875321124320205,49.28301726053039],[20.875382652578296,49.28303806784583],[20.87609432556106,49.283278658469065],[20.876536694348243,49.2834282117249],[20.87705115345273,49.28356246193012],[20.877589700764172,49.28358686948544],[20.87772375583627,49.283609495417075],[20.877785919174105,49.28231111740302],[20.877795794150448,49.282105809029254],[20.877795801238396,49.282105719232824],[20.877834047190788,49.28131082374439],[20.877834288175514,49.28130777066417],[20.877854662909993,49.280885740290856],[20.8779721767486,49.28089466215834],[20.878086634831245,49.28089870877651],[20.878103380174966,49.280899274447066],[20.87828273955205,49.28090578337262],[20.878565597834637,49.28091569788525],[20.878577401936965,49.28091609658849],[20.878753611607625,49.28092240836536],[20.87891948030863,49.28091675599618],[20.879204309305877,49.28090692762884],[20.879554812602507,49.28089499457691],[20.87995066094698,49.2808612722857],[20.880417031255433,49.280821556253045],[20.880420357447107,49.28076368550764],[20.88042619621038,49.280663492734924],[20.88042910888688,49.280609119421044],[20.880456465019073,49.28058159168],[20.880425066074253,49.28057837076499],[20.87980283860459,49.280514324940704],[20.87974126910594,49.280508014259894],[20.87968107218233,49.280501749894555],[20.879671925623263,49.28050081078729],[20.8796185961317,49.28043715534724],[20.87955885475905,49.28036581038096],[20.879510678356006,49.28030836129282],[20.87940334113502,49.28029780380554],[20.879004574904776,49.28025867656564],[20.87885790680094,49.28024426921913],[20.878709879328714,49.280238369182854],[20.878604242468004,49.280234170896],[20.878429334313374,49.28022709244593],[20.878401052676164,49.28022622717043],[20.878347994256416,49.280225425313034],[20.878298099791984,49.28022464027247],[20.87824944062479,49.28022389693879],[20.87815500465086,49.28022250757892],[20.87806455616573,49.280221162810115],[20.87794950359583,49.28021943696604],[20.877852734302348,49.28021796853614],[20.877757337564383,49.2802165463966],[20.877356650958685,49.280210481836704],[20.877291081104033,49.28020952687475],[20.87724458836068,49.28021794995755],[20.87712633433579,49.28023934441996],[20.87700542273919,49.280261279217484],[20.87695027829928,49.28027121056086],[20.876898036293934,49.28027052567011],[20.876805796346886,49.28026920942975],[20.87667506118039,49.280267402563055],[20.876571407805837,49.28026597054645],[20.87652836589708,49.28025857358911],[20.8763942256257,49.28023540282412],[20.8741221201995,49.28124893110334],[20.873916885280188,49.281117020779085],[20.873742979927417,49.28095438678041],[20.873168245605584,49.280540140062044],[20.87295618658286,49.28041105824015],[20.872757011878797,49.28028961472907],[20.87204000459462,49.2797516109853],[20.871691823380903,49.27936167748415],[20.871248982065907,49.27915257380472],[20.871050910403557,49.278907634331404],[20.870515108709522,49.278480194314504],[20.870189402747954,49.278189155950884],[20.86977334458446,49.27795655270963],[20.869683202849433,49.27789569751936],[20.86939603517368,49.27770212037181],[20.869029925185426,49.277436631226216],[20.86869271739302,49.27715375203866],[20.868437072644685,49.276911449399286],[20.868276026783178,49.276758875273075],[20.868071205943814,49.276564751898675],[20.868039308939665,49.27652090410432],[20.868010762339033,49.276481671614505],[20.86783923050493,49.27624599782874],[20.867813957467895,49.27619670200471],[20.867665788739256,49.275907527060106],[20.867619725670636,49.2754479496036],[20.86761704672535,49.27542093785459],[20.86759449193944,49.27519643237407],[20.867545127203847,49.275016847402284],[20.867497482588927,49.27484335312158],[20.867476559390727,49.27476692335567],[20.867631383018075,49.27407978487148],[20.86764940723274,49.27399981247281],[20.867953674600372,49.273328180212346],[20.868011613154188,49.27323416347972],[20.868239207495023,49.272865428461664],[20.868371017081255,49.27265164360355],[20.86859757447543,49.2724142366227],[20.868889252101305,49.27220766634665],[20.868948541455108,49.27215394142407],[20.869156440226003,49.27190707799097],[20.869439232360918,49.27164924474793],[20.869820787492,49.27130129670555],[20.87015423778294,49.27098566280069],[20.87016590995727,49.27095985726481],[20.870157305051954,49.27094687074896],[20.87014111693737,49.27093929981278],[20.870110474996498,49.27092484690755],[20.870061657553475,49.270901855391024],[20.87004242176519,49.270904985672395],[20.869893944102213,49.27092949064534],[20.869741011060107,49.27095465490905],[20.86964998072376,49.270959135721],[20.86960633234206,49.270961259237666],[20.869530162016563,49.270925726548896],[20.869471776829347,49.27089844917801],[20.869434190755555,49.27088655208807],[20.86918225143911,49.27080653131691],[20.869108553586653,49.270783237039055],[20.869080125066947,49.27080343296638],[20.868872669976586,49.27072464784715],[20.86851921729775,49.270590316703874],[20.86841772438762,49.27044354027867],[20.868347600001403,49.27034203438996],[20.868325981979382,49.270302226111944],[20.868295473607766,49.270246090114476],[20.86827888753887,49.27021572607336],[20.86827552822304,49.270209489772114],[20.868222368530013,49.270184009382085],[20.86814295439913,49.270146024862875],[20.868066029862128,49.270100921661566],[20.867984768802234,49.27005324050495],[20.867898383407887,49.270002504510124],[20.867806736484514,49.26994870901671],[20.867636062739813,49.269848568225555],[20.867564928378254,49.2698068121139],[20.86754337436225,49.269776639780645],[20.86752020695544,49.269744251893016],[20.86724735767164,49.26936171402994],[20.867205578895117,49.26937326380523],[20.86696321524719,49.26944014259155],[20.866893590829232,49.26945930224293],[20.86662015940595,49.26952233646017],[20.86662041398265,49.269607790272374],[20.866614992859265,49.26961543979065],[20.866447895595055,49.269850896494894],[20.866196002805765,49.26973737667964],[20.866114830499416,49.26970077170421],[20.8659872953871,49.26966061450121],[20.86567464289308,49.26956205117212],[20.865657187512088,49.269556597507844],[20.865614365316166,49.269543081040084],[20.86557342597743,49.26953359001199],[20.865307677931074,49.26947173001561],[20.86515609984336,49.269424184117696],[20.864963505263013,49.2693455352199],[20.864948309603147,49.269339347717555],[20.864899017995583,49.269372791137805],[20.864637714088925,49.26935213718959],[20.864551953297326,49.26931789653279],[20.8641657023475,49.26916362156558],[20.864101416532367,49.26913794197985],[20.8641029226508,49.26911197228505],[20.86410791242518,49.26902984743368],[20.864109674523714,49.2690006450767],[20.864110260476764,49.26898977043784],[20.86411501788602,49.26897660624381],[20.86426667560118,49.268560914606695],[20.86427724111689,49.26853174064162],[20.864373196194563,49.26826866403808],[20.8643723103296,49.26825900001294],[20.864370621068257,49.26824210576505],[20.864400057673972,49.26815531754787],[20.8644123343506,49.26813754628851],[20.864448579895974,49.26808466287202],[20.86497892776795,49.26788205293233],[20.865163226156376,49.26781167929551],[20.86526637577835,49.26777222837432],[20.865368810705917,49.267733113288486],[20.86547039372317,49.26769432938832],[20.86557126916154,49.26765579153121],[20.86567129269704,49.26761758486395],[20.86577047144113,49.26757961959249],[20.86586864685588,49.267542160456784],[20.86594285029548,49.26751379281662],[20.865986267895508,49.26749716695481],[20.866030530102215,49.267480299593146],[20.86608969065742,49.267457724605954],[20.86657682535881,49.267300282433546],[20.86716859138308,49.26710892829454],[20.867300452369715,49.26703695472751],[20.86749039179462,49.26693345502698],[20.86789199679618,49.26671440555235],[20.868373685826672,49.26645169853936],[20.868613377449655,49.266320980571685],[20.868797314125437,49.26617153675222],[20.86908872653034,49.2659347953615],[20.869390292759043,49.265689663598735],[20.869610689323885,49.265510570682444],[20.869880929541193,49.265290937863455],[20.870234518653028,49.26500371772379],[20.8703209783235,49.264933355053614],[20.870512255223275,49.26477794478995],[20.871279870476425,49.26411920053948],[20.871361777927035,49.26404895319196],[20.872384403487512,49.26317122098072],[20.87240417996856,49.26315424302256],[20.87185618512483,49.26299451831673],[20.87191487110586,49.262916911958776],[20.871926403417824,49.262901545816064],[20.87193761163766,49.26288679896189],[20.87194898544122,49.26287169756324],[20.871960510636523,49.262856421213755],[20.871972180127496,49.262841059710105],[20.87198124745544,49.2628290315377],[20.87198309971509,49.262826483157],[20.872393455022497,49.26228358276407],[20.87246117061972,49.26217873044191],[20.872487354568754,49.26213810952273],[20.872515419059905,49.262094581019674],[20.87252749500721,49.26207581181822],[20.872545349894125,49.2620483245251],[20.872629694313435,49.26191756399696],[20.872911868627718,49.261443704301875],[20.873094955984584,49.26101727202102],[20.873149706491056,49.260881458106205],[20.873213881913145,49.26070643684378],[20.873296255342147,49.2604821508165],[20.8735526604827,49.26078371667005],[20.87386308118226,49.26093962874457],[20.873935594095958,49.26097602585935],[20.874185098296774,49.260481880393755],[20.87447001153763,49.259950396443486],[20.874652964196315,49.259558531749484],[20.874702618002964,49.25945234705873],[20.87471852589546,49.25941813088798],[20.87474956947266,49.259369930732404],[20.873764879265202,49.25869420537822],[20.873322908874876,49.2583909523021],[20.872977118794385,49.258153618031734],[20.872765480099652,49.25771220674678],[20.872706793819617,49.25758966088258],[20.872401622041327,49.25694276955932],[20.87235901848729,49.25676467460032],[20.872218840507216,49.2561780193935],[20.87177726785306,49.25611211070891],[20.870944149906425,49.255987834570355],[20.870043197024778,49.25585342168953],[20.86989120557772,49.255830716680975],[20.86975096619223,49.25577419530887],[20.869166021101204,49.25553838171747],[20.868570549162865,49.25529833671196],[20.86820356427429,49.25515039591766],[20.868072448143607,49.254715933854875],[20.867848111590988,49.25397317515792],[20.86744796733034,49.25321338260139],[20.867356716062975,49.253040208775694],[20.86698987031673,49.25288380449726],[20.865078255279464,49.25206852722609],[20.864109818013464,49.251569644293205],[20.86398347674699,49.251504582908545],[20.863070297020496,49.25184887982756],[20.86279652182464,49.25195213763877],[20.862609714559206,49.25159113894307],[20.862198769826655,49.25079701332954],[20.861577927117985,49.249426719819354],[20.861516121090208,49.24929019483359],[20.86151365322212,49.249236268243706],[20.86150868499767,49.24912535265935],[20.86144105851613,49.24760204181789],[20.86138949538124,49.24733449851345],[20.861286668459645,49.24680086246509],[20.86124093252654,49.24656394971644],[20.86130593777614,49.24601413195208],[20.86132937313876,49.245815492766404],[20.861334812067454,49.24576939773408],[20.86134603331741,49.24567460821454],[20.86136978333641,49.245473728729486],[20.86137478631121,49.24543140049976],[20.861386512254864,49.245354545725874],[20.861473373960195,49.24509305211482],[20.861684108447488,49.24445868322123],[20.861787553546527,49.24414751097707],[20.86178664916136,49.24406689597359],[20.861786020173145,49.244017533617026],[20.86178584132728,49.244000690377966],[20.861784580289317,49.24389332187687],[20.86178219543683,49.2437028998708],[20.861779456968144,49.24347005778225],[20.861776334440094,49.24320559916844],[20.86177366920565,49.24298572504194],[20.86154375902334,49.24278226640112],[20.861468965266518,49.242716069971216],[20.86124059667949,49.242514013539065],[20.86121579808106,49.24249201252188],[20.861161569381697,49.24244398155995],[20.861018173141737,49.24230810671342],[20.8609061244829,49.2422018382901],[20.860831004620856,49.242176237647506],[20.860647028690508,49.24211344612566],[20.860536425337724,49.24207574566112],[20.860391948683457,49.24202645026866],[20.859805069416645,49.241826260883705],[20.859575561457262,49.241748055096934],[20.859449030463733,49.24170486039139],[20.85939064998006,49.24168495958089],[20.859252197791097,49.241637758149636],[20.85907156910547,49.24157615816524],[20.85857969627923,49.24141448491692],[20.85800821225889,49.24122669413278],[20.857515400500315,49.24106480415518],[20.857145499429436,49.24094319521634],[20.857070750970166,49.2409303000953],[20.856629307130007,49.24085424835134],[20.85622341208895,49.240784265552186],[20.856155175851338,49.24077249161346],[20.85563329107577,49.24068253633637],[20.85531734268866,49.24062803402133],[20.855107290430734,49.24060288320108],[20.85508141106049,49.24059975214768],[20.854997499941963,49.24058969542624],[20.8545057499708,49.240530742747005],[20.853910881411306,49.24045945636626],[20.853353472515895,49.240392682763996],[20.85320104202921,49.24037444099448],[20.852802114752944,49.240348442031284],[20.85242972956609,49.240324155276745],[20.85206595625429,49.24030052056947],[20.851945432366442,49.24029263704353],[20.851554027868275,49.24026715992276],[20.851190536790707,49.24024344202815],[20.85067977224511,49.24006902573419],[20.85052272629306,49.240015417939816],[20.850373045216617,49.23996431166124],[20.850271024596967,49.23992950436888],[20.85025107536275,49.23992270245039],[20.848854259778996,49.2393302157895],[20.847640925349467,49.23881545420079],[20.847415043093612,49.23871969908109],[20.84696276116696,49.2385278096382],[20.84693654180411,49.238522053991204],[20.846436325124547,49.23841253566914],[20.845411440654498,49.23818806675311],[20.84486526873556,49.238009805178706],[20.844865001603683,49.23800970603074],[20.84475080361634,49.23797249753329],[20.84451665412967,49.2378960831974],[20.843889320658317,49.23799489255725],[20.84307998245605,49.23812233561372],[20.843017457928784,49.23813217804897],[20.84300158144572,49.238134697812924],[20.842809842862483,49.23825286200752],[20.84172360523697,49.238922163125004],[20.841172666152506,49.239261630580195],[20.840732343804657,49.23953292934379],[20.840043725920587,49.23995719232263],[20.839973883023216,49.24000018819086],[20.839501731696814,49.24029110532044],[20.839490083277468,49.23883836380854],[20.83990842975303,49.23876017534753],[20.84036223706912,49.23867527237899],[20.840330385262224,49.23861764006361],[20.84027083235387,49.23826544200585],[20.839648488197643,49.23706152096879],[20.839519559193963,49.236812210158924],[20.83876133193686,49.235887088922965],[20.83834251041478,49.23537594370487],[20.83844420447388,49.235312787279774],[20.838583229856372,49.23522632478662],[20.83864499478367,49.235188006188245],[20.838750309372926,49.23512254208467],[20.838844189869928,49.23506425078473],[20.838934751732918,49.23500791700782],[20.839033984411092,49.23494629677948],[20.839078976597815,49.234918300051724],[20.839204106199503,49.23484054645159],[20.839275709667156,49.2347960806226],[20.839382321104722,49.23472984992037],[20.839486039569884,49.23466541118973],[20.83960813094974,49.23458953433472],[20.839668740096922,49.23455189609846],[20.839768266670685,49.23449001521394],[20.839925941922843,49.2343920326091],[20.84014900035415,49.234253422930465],[20.840293220874695,49.234163804454596],[20.84046188746317,49.234058993212976],[20.840586147133017,49.23398174880162],[20.840764500201818,49.23387096501764],[20.840934470413558,49.23376529725041],[20.84110371140422,49.233660144607214],[20.841193439919333,49.233550297010595],[20.841224053570663,49.23351289480491],[20.841670216929522,49.2329670827736],[20.841537155767085,49.23281289509163],[20.842694435491687,49.232279011671096],[20.84292102938083,49.231876250505785],[20.842916005278326,49.231528074566015],[20.84262329821236,49.23168520182768],[20.842396448832467,49.23169024706851],[20.841711784837493,49.23193160038703],[20.840937061604436,49.232084787911994],[20.84044176431254,49.23217349709362],[20.84045779241782,49.23236249824113],[20.84007869832334,49.23249407029244],[20.839924244384505,49.23238588097077],[20.839726620961535,49.23239335965539],[20.839413225628586,49.2325735435641],[20.837980090337204,49.23339735698862],[20.83746135210767,49.23354188874034],[20.837148612723826,49.23362907783896],[20.837052021537556,49.233638563374875],[20.83665733597646,49.23367739093228],[20.836472377390074,49.233670800576235],[20.836110824908964,49.2336579048442],[20.835859635354343,49.23361627535893],[20.835804535702916,49.23360718896603],[20.83560654080078,49.23357440012572],[20.835349020374135,49.233638080470975],[20.83513961358696,49.23368980886163],[20.83491659038672,49.233745033191006],[20.834762729400403,49.23378299272943],[20.834506888108432,49.233846278491114],[20.834446803511767,49.23385142750177],[20.834047824315963,49.23388541747299],[20.833891666101835,49.233898716302534],[20.83370703535364,49.2338862801641],[20.833533483105946,49.23387458274413],[20.833396168561862,49.23386538489829],[20.83310143912728,49.23392661742577],[20.832883878062162,49.23390296920015],[20.83277796288775,49.23389142301881],[20.83251886422529,49.233931722817246],[20.832314060187745,49.233963614717325],[20.83213464427463,49.23407885194608],[20.83170160432565,49.234357029494525],[20.83158363676714,49.23443276946928],[20.83150041010749,49.234407411828904],[20.831276239882254,49.234339054464826],[20.830962932462224,49.234243605665114],[20.830585066692038,49.23412838874423],[20.830179412794113,49.23400474609181],[20.83037002849399,49.234894929155224],[20.829883944258942,49.23544122709236],[20.829313521968984,49.235357592777525],[20.82848268839385,49.23523586638925],[20.82823537740226,49.23452228881797],[20.828222193823905,49.23448420032299],[20.827761338340277,49.23394645188435],[20.827524855617536,49.233591605478885],[20.826441414454703,49.232572146783276],[20.826368105931067,49.232494991302936],[20.825531819404635,49.2318743174926],[20.82539963958805,49.23179577421849],[20.825399502470333,49.231795769519714],[20.824434072773588,49.23189495236228],[20.82414473280279,49.23201775513408],[20.823351173217315,49.23216324914815],[20.82318581616386,49.23219359615754],[20.823075864219227,49.23221368711164],[20.82208698043408,49.23227242863347],[20.821475001628976,49.23224135374678],[20.821083149523407,49.23185451036836],[20.82045301108068,49.23130461854511],[20.820436634964302,49.23072391962614],[20.82020056733564,49.23065513156358],[20.819887644678904,49.23056398654372],[20.819656681776134,49.23045719489784],[20.81936980615536,49.230305173803856],[20.81934712092182,49.23029314002651],[20.819166441387768,49.230178258569026],[20.818995434701513,49.23006965155711],[20.81889720296848,49.22999658757771],[20.818788988832914,49.22991597751676],[20.818667665776392,49.229799891161605],[20.818600489708444,49.22973563652842],[20.818553307708914,49.2296637843899],[20.81847378085919,49.22954255954256],[20.81843799932068,49.22948802653585],[20.816551065684045,49.228704069751856],[20.812544108015434,49.22953171632041],[20.811463370488994,49.230050565016846],[20.81146323337731,49.23005056030168],[20.809060046607836,49.2304550201916],[20.808398549217664,49.22983167469491],[20.807422120977975,49.22891150929015],[20.80738518491172,49.22887665197092],[20.80733124594082,49.22882581206044],[20.807241543593015,49.22870152693755],[20.807206273360592,49.22865277032829],[20.80697949749867,49.228338368576686],[20.806914574530136,49.22818801355972],[20.80682725576765,49.22798610345892],[20.80598862373628,49.22784881478552],[20.80594783596502,49.2278122935666],[20.805720906392587,49.22760953627448],[20.805439976002088,49.22732081879822],[20.80538219403692,49.227261381461815],[20.805198558424692,49.22707254000303],[20.80505608194144,49.22698065116569],[20.804658240845107,49.22685700426428],[20.80420018444499,49.2267145333611],[20.803584991641593,49.226599421389906],[20.80339847563426,49.226581738689504],[20.80301052200741,49.22657125016832],[20.802807381243607,49.22657739513417],[20.802059731585324,49.22659997721074],[20.80186001806527,49.22661308193561],[20.801065434728255,49.226665374588265],[20.800758788051372,49.22669865160967],[20.799332704988096,49.226859176568304],[20.799319384347722,49.226860698008736],[20.798634431096197,49.22693782613569],[20.79863387546592,49.22693789700855],[20.79724511366502,49.22724609463398],[20.79693868809959,49.22731412610408],[20.79636376606584,49.227351278062166],[20.796070488056557,49.22746262171689],[20.795645741014884,49.227623901667386],[20.793548587672248,49.22779071995551],[20.793026301731324,49.22808575725613],[20.792700345322103,49.228269799368036],[20.792700215450182,49.228269704837416],[20.791510815826758,49.22802402453187],[20.79061076350889,49.22783380667729],[20.789639743764553,49.227461490826],[20.789360095506094,49.227123881971515],[20.78936010274512,49.22712379217828],[20.78883566390728,49.22706504567643],[20.78856122027802,49.22711822393191],[20.788155900485364,49.22719685899312],[20.787981830406448,49.22724648453807],[20.787749597441493,49.2273524460278],[20.787706779414727,49.22737194492208],[20.787205040876625,49.22753116189353],[20.784393374936766,49.22828683204346],[20.783307710685133,49.22876609036134],[20.782573626509496,49.22903375848975],[20.782116694494494,49.2292523149167],[20.7819975673231,49.22930923791546],[20.78148051895679,49.229579195558],[20.781106255405543,49.22971038838327],[20.780144137698436,49.22961788804157],[20.77979883088393,49.2295846693567],[20.779798693776442,49.22958466460437],[20.7796890035946,49.229574109235955],[20.779688866487152,49.2295741044835],[20.779654893631697,49.22957085588707],[20.779571123297046,49.22956281964606],[20.777757850715165,49.22954452339423],[20.776524470809125,49.22976989663271],[20.775094076008347,49.23033653236767],[20.77430408195009,49.23012866688457],[20.77152332544211,49.22999556070424],[20.77165809569967,49.22850955212985],[20.771711341007745,49.227921608689506],[20.77134148217316,49.227441339940576],[20.77134740082769,49.227392020917506],[20.77139844742959,49.22696878280919],[20.771421939623718,49.225882398181696],[20.771990499469492,49.22469797741776],[20.77229371418616,49.22396005592416],[20.772063198072136,49.22372531701964],[20.77176904738722,49.223425876114085],[20.771675824451037,49.22333097232062],[20.771348330511046,49.222175125294434],[20.771005490641098,49.22173694190505],[20.77100397582804,49.22171320744886],[20.770999087717637,49.221637760024585],[20.770997449300943,49.22161555203745],[20.770997479452813,49.221613482050536],[20.771045178168507,49.221521852631],[20.77121966445916,49.22091191689147],[20.77145077482809,49.2204107413816],[20.772141866338085,49.219958499907555],[20.772400725681507,49.21954229861278],[20.773170002212986,49.21887107656404],[20.77330330296911,49.21851993798237],[20.77248733898252,49.21774710849145],[20.7713815721531,49.215886813878946],[20.769739219983453,49.216503369475525],[20.769960831489602,49.21571038961081],[20.77011786313243,49.21509525539918],[20.77014620848944,49.214261520808385],[20.77007898068398,49.21366596576393],[20.76933832576729,49.21281000241958],[20.768617313062602,49.212948727940486],[20.76833150884534,49.21299686962326],[20.76681167356578,49.21148005091888],[20.76706820236688,49.211240178300805],[20.765369551949426,49.20895830042796],[20.764783991026615,49.20819315203606],[20.764418935341638,49.20770878497618],[20.76542551390991,49.20766277782562],[20.765831021727195,49.20741593637452],[20.765971741037248,49.20748728678128],[20.766149067273094,49.20730877301409],[20.766121802516686,49.20702796197194],[20.766578400903715,49.20679838376087],[20.766784304071543,49.20692008550025],[20.76665695328828,49.20701785688926],[20.766742202215855,49.207163185091694],[20.76679678255252,49.207256210233574],[20.767262208581663,49.206985515475665],[20.76748632668006,49.20685869297667],[20.767852137381222,49.2064570263036],[20.76811292549858,49.20636776654795],[20.76808653848301,49.206243936446],[20.768540673705793,49.20592070793495],[20.768827358477665,49.20612418529767],[20.769244997178443,49.206119167095416],[20.769778486137106,49.20538610407207],[20.770073282464192,49.204980251527715],[20.771338298112937,49.20451483256756],[20.771495982320104,49.203739887459804],[20.771376784804332,49.20363867595181],[20.771770577497794,49.20342373494611],[20.77191488493974,49.203425237686396],[20.77192214351844,49.20314706901909],[20.77220851186541,49.20306913503883],[20.772700891931603,49.20231500220007],[20.77263022803727,49.202249155081994],[20.772404433495353,49.20203879759665],[20.77247960468478,49.20177721567191],[20.772588793255387,49.20139750519707],[20.772342666738044,49.20111071259863],[20.772391738819284,49.20069955849546],[20.77219275964514,49.20046527931832],[20.772447093069914,49.200334725980795],[20.77287407456156,49.20021701392453],[20.77311564272013,49.20016777713477],[20.772943687879046,49.20005293809983],[20.77285765313826,49.199995381414915],[20.772606226060343,49.199607733829914],[20.772631320194737,49.199601582164576],[20.77264898490853,49.199597243410906],[20.772706724044603,49.19958502231542],[20.773155570342468,49.19979313379146],[20.773949620972633,49.1998548438469],[20.774584161158447,49.19974127328472],[20.77464728376639,49.19973554138432],[20.77502068847788,49.19978236528602],[20.775014111102163,49.199729460280224],[20.776011802733166,49.19956852148317],[20.77623151272445,49.19946323174229],[20.77633745205738,49.19909610223663],[20.776398457522003,49.19874767307341],[20.77778674807176,49.19808368798083],[20.77816944534176,49.19792354026091],[20.778721833442734,49.19768346553554],[20.779777948516784,49.19753001601613],[20.7799646035468,49.19679766864172],[20.780155325760354,49.19665633911616],[20.780666508778765,49.196208172976405],[20.78076665201016,49.195728552970024],[20.78078127670586,49.195443616640944],[20.780732170690303,49.19531837162247],[20.780564297678733,49.19536738750742],[20.780383333991846,49.19542027133433],[20.780332889566992,49.195372868876625],[20.77999315244745,49.1950541211609],[20.77955681353661,49.194220113300084],[20.779895293751384,49.19388058745816],[20.780014453710727,49.19376099831613],[20.780427724032524,49.1938768132702],[20.780570250674796,49.1940803963079],[20.78065963994781,49.194198484232594],[20.780850538939767,49.194323694093114],[20.78090172970755,49.19431079189869],[20.781292727277567,49.194212423862844],[20.781342958272575,49.19425225473321],[20.78146357648921,49.19434774287844],[20.782028155436443,49.19453128941678],[20.782397703989947,49.19471059384799],[20.782549682612757,49.194890819796406],[20.783021663071903,49.19511356260985],[20.783640282083173,49.195630519720034],[20.78411288606906,49.19565833172653],[20.78443198230015,49.19566272436478],[20.784491516748123,49.195711610412935],[20.784860623862453,49.19569729431042],[20.78499562516387,49.195728714399856],[20.78532827541123,49.1957660803312],[20.785636896146418,49.19593786051117],[20.785962217415246,49.195899152902406],[20.78605422580751,49.19584011836565],[20.786223816272486,49.19584302007222],[20.786858844728044,49.195831423187855],[20.787027405796803,49.19582834512306],[20.78674203153317,49.19532898002913],[20.786743235483627,49.19500558046862],[20.786452429394487,49.19417150919808],[20.786499715729448,49.19395820943507],[20.786177482050597,49.193698075720455],[20.786296128478632,49.19364770751339],[20.786020565602342,49.193350650260214],[20.786861771802702,49.193218241274394],[20.786940823357615,49.19299433544924],[20.78790846739984,49.192607328147034],[20.78930898103535,49.19183693607742],[20.79004137111119,49.19152506202696],[20.790287724281022,49.19139347619082],[20.790424963187746,49.19132024568148],[20.791691353710917,49.189982857355794],[20.792441814118508,49.18909098615833],[20.792961479656878,49.187744778677576],[20.793367688791765,49.18623589739296],[20.79377502679867,49.18481340668611],[20.793927073893542,49.184265608319286],[20.7956225104491,49.18420499331345],[20.797102183442142,49.18421559925491],[20.797821512264942,49.18441621385183],[20.79724243934039,49.18346884208612],[20.796801570529617,49.182740187468156],[20.795815465612478,49.18282542307508],[20.79569572314823,49.18281642254173],[20.795492621341822,49.18272007896848],[20.79508020092076,49.182756699955405],[20.794021333504187,49.181113605322395],[20.80101598512754,49.17961170064908],[20.801277763282098,49.17955545352757],[20.801031532683602,49.17943692061152],[20.80093209147413,49.1794095364516],[20.800494120821345,49.17935254770099],[20.800525340541622,49.179232335394616],[20.79996239317995,49.179233341148944],[20.79983723890284,49.17905244266724],[20.79950024432623,49.17895589496511],[20.799193726392765,49.17881339534696],[20.79891090420864,49.178801647644946],[20.798798653809033,49.17869097810571],[20.798454706178703,49.17878868365755],[20.79830578527587,49.178495126858444],[20.79784572594327,49.178564417965156],[20.797514061323998,49.178292280959326],[20.797182049423423,49.178205623165944],[20.79700024864778,49.177999982643506],[20.796803343960093,49.177884855219915],[20.796689118137092,49.17777150381442],[20.795093090463382,49.17706504820721],[20.796714946994452,49.17643883169093],[20.797887990645844,49.176013468197496],[20.798510289266908,49.175787880969224],[20.80595811091306,49.17308693163341],[20.80645903761884,49.17285144683909],[20.805235992649962,49.171727753013805],[20.804475945797673,49.17131254770475],[20.804748790599145,49.17139507450438],[20.805154502308582,49.17151784038278],[20.80598122231851,49.1711908520505],[20.806603838610734,49.17082989882998],[20.806675059922448,49.170667842871445],[20.806691685132414,49.170630057060436],[20.8067625599816,49.17046888955727],[20.806776338541304,49.17043748880479],[20.80680220933139,49.17037859111968],[20.808518038167247,49.1696991836755],[20.80924189937344,49.169498383345385],[20.809959054725745,49.16931778777984],[20.811135393668774,49.1684738878277],[20.81309888246309,49.16715381709187],[20.81367388371387,49.166777413487715],[20.813927539020014,49.16657111766976],[20.81415284452245,49.16638788756055],[20.812624674440585,49.16557819766963],[20.812960329828368,49.165268654731534],[20.814328955295306,49.164242072706365],[20.814976807603095,49.163505472863136],[20.815133646520113,49.162499312871454],[20.81539376596635,49.162175819306604],[20.81572641661346,49.161800343759566],[20.815841722539844,49.16167023469254],[20.8159549313634,49.16154230448978],[20.816129322401526,49.161545512100666],[20.81622818839003,49.16154540121159],[20.816932760721976,49.16154442259178],[20.817589734411456,49.161544594353316],[20.818614858832703,49.161363824471685],[20.818687685540468,49.161313292136406],[20.821190608785717,49.15861551118268],[20.81422137353418,49.157990286525994],[20.813336441370684,49.15808912956795],[20.81130215612509,49.15861751704725],[20.810931585616345,49.15829022730045],[20.809241634367446,49.158619375484896],[20.808443045344614,49.15858960210597],[20.808453476679205,49.15856393870807],[20.808467798186644,49.15852913478148],[20.80848454736016,49.15848802134943],[20.808615016373835,49.158396710506274],[20.809118854948867,49.1583319537828],[20.809554777312027,49.1581792222011],[20.80972872891487,49.15811750245245],[20.80994419305329,49.15800201537188],[20.809962127076446,49.15799065733715],[20.80997621079041,49.157963949089314],[20.80996299202305,49.15789587008842],[20.8098331991593,49.15785538019186],[20.809614324702565,49.15785405161165],[20.80874457230196,49.15798093681617],[20.80817652065744,49.157889321742864],[20.808082313367446,49.1576651944788],[20.808184732216287,49.15754527346492],[20.808505411734593,49.15737605718201],[20.808832588067354,49.15720112103963],[20.80901934917632,49.157084016133275],[20.80902230256873,49.15707628402143],[20.80903189180998,49.157062837646684],[20.808682340514213,49.156812802097086],[20.808585111407552,49.15674632951858],[20.80849578597351,49.15666860353521],[20.808231725739173,49.15644996726532],[20.80799578840087,49.15633098894194],[20.80782015287236,49.15624074224794],[20.807670339918968,49.15597903958734],[20.807812444928423,49.15565338385573],[20.807894804294225,49.15557473250428],[20.808001256306994,49.155471248858184],[20.808165768619897,49.15534905625903],[20.808279924542543,49.15526420711053],[20.80838049329139,49.1551433217846],[20.808490506039686,49.15500565338523],[20.808535833882214,49.15492653558526],[20.808615156214735,49.15477952508839],[20.808683640132852,49.15462556769365],[20.80837272140655,49.15474001297767],[20.808235997410016,49.15468505490383],[20.80832155571958,49.15449963027691],[20.80834645281018,49.154456186411025],[20.808460883724088,49.15434046121883],[20.808286150493196,49.15427329753997],[20.808148800248905,49.154402639672305],[20.80808924787857,49.154539345952614],[20.807931129030674,49.1546588773658],[20.807570117876296,49.154654895420244],[20.80716677493385,49.154733734819246],[20.806406907685265,49.15508482008907],[20.806171206028036,49.15498700633898],[20.80606703298783,49.15475550946101],[20.806062960839373,49.154741231940115],[20.806068030833604,49.15470367793341],[20.806071450759326,49.15466615705997],[20.80575418950336,49.15452059682055],[20.805614486722266,49.15447885946951],[20.80509740700219,49.15449172736982],[20.805029516406353,49.15434198134815],[20.80485602705785,49.154425410740515],[20.804375003496858,49.15442691306859],[20.80393399588517,49.15456279106423],[20.803035804417505,49.15421645367395],[20.80111051187925,49.15431440578003],[20.801024759579676,49.15431549648952],[20.800478347065972,49.15432264855504],[20.799434590850915,49.1543362090154],[20.799219954031507,49.15445152563832],[20.799243631351988,49.1546746659738],[20.798627501881857,49.154484902514774],[20.797964050076043,49.15399049677725],[20.798038180690263,49.15389481901198],[20.797825091696875,49.15369862885143],[20.797798894400348,49.15345054821785],[20.79731721147335,49.15294432092346],[20.797405471625076,49.1528453500291],[20.79705837484869,49.15262561632127],[20.797038922665816,49.15240811383654],[20.79707034762904,49.152379214962835],[20.79711005931687,49.152342858615924],[20.797073734153063,49.15231143757535],[20.797027783824976,49.15227166971435],[20.79690024065582,49.15205142092159],[20.79653093158238,49.15188782630907],[20.795964867657723,49.15195019531018],[20.795889065367916,49.15192830430745],[20.795825064675455,49.151909882914346],[20.795613071944704,49.15198890585904],[20.795541974893982,49.15201778309006],[20.795191945940307,49.15228896177331],[20.79479974326886,49.15259289820483],[20.79442038255194,49.15280876260624],[20.79415173754237,49.152878619698576],[20.793653247709635,49.15296600717214],[20.793159360641596,49.152973951241],[20.793183661082132,49.153067809537525],[20.792764867303642,49.15318325387929],[20.79241723834065,49.15326388069276],[20.792258395080143,49.1532383930179],[20.792243944896416,49.15311425976166],[20.791869940135896,49.15314561737768],[20.791901456727977,49.153211181211546],[20.791361528705945,49.15326749968115],[20.791314801691346,49.15317259438866],[20.790729581537278,49.153071832420025],[20.79070572811534,49.15305776975774],[20.790687249109478,49.15304686469332],[20.790694518023024,49.15302136318924],[20.79057999796889,49.15301829848691],[20.790455210485412,49.15301487815468],[20.790454475841695,49.15292336587517],[20.79045228832586,49.1529113139985],[20.79046696420207,49.152826188314755],[20.790486245089088,49.152767425497785],[20.79049467033237,49.15272755666244],[20.79051176537353,49.15261919279391],[20.79051809336062,49.15246039046536],[20.790586447539297,49.152254120399036],[20.790586735853555,49.152223244562656],[20.790579499697458,49.152171577673315],[20.79049825309427,49.15208601206379],[20.790471801624516,49.15206159410988],[20.790470137594163,49.15206009575249],[20.79016359792712,49.15201742457626],[20.788970747685394,49.151842302542065],[20.788899807617735,49.15183678362895],[20.78888401426547,49.15186244000321],[20.788433999240223,49.151802998029595],[20.788167638095054,49.15183762244832],[20.788000055274505,49.15185937037418],[20.78721151080754,49.1517948572954],[20.787267077052793,49.15174581667008],[20.78667305830261,49.15172730103766],[20.78627225843609,49.151799943543196],[20.786024896869815,49.15189690349701],[20.78577569681811,49.15199451959429],[20.785332417175766,49.15207298010912],[20.785027506274425,49.152124270233855],[20.78498981398592,49.15213034713219],[20.784928341917844,49.15206185140798],[20.784594264755043,49.15221271105068],[20.784594523464275,49.15221461099853],[20.784601809534824,49.152270692489026],[20.784048952531542,49.15206503356422],[20.784009871067802,49.152008299523935],[20.783669488143083,49.15180991738807],[20.783575042913778,49.1518115940815],[20.783526566577482,49.15177434422831],[20.78329998220514,49.15159989842313],[20.783148583946744,49.15146344864449],[20.782997415874814,49.151422906288474],[20.78281628458043,49.15121086591386],[20.782638107547015,49.15109329659587],[20.782428259353065,49.150954817832464],[20.782411243241995,49.15094963505438],[20.782286181647528,49.150764121832424],[20.781433521007706,49.150928043875446],[20.781315018261242,49.150916547361035],[20.780967487262114,49.150980575006834],[20.78063700829732,49.151047624815924],[20.7802837093643,49.1511490898424],[20.780261044891304,49.151127142049305],[20.779818834838636,49.151228040465604],[20.778885323281216,49.151441004397405],[20.778838751977137,49.15145163351425],[20.778754004135234,49.1514709320509],[20.778736005607666,49.1512125927354],[20.77882743363027,49.15080776520111],[20.778826486691695,49.15075316387809],[20.778775096735345,49.150685735013276],[20.778676643730304,49.150573809341246],[20.778606005735806,49.15048464093281],[20.778544289187465,49.15040739837013],[20.77848946483418,49.150336608376506],[20.778372240317307,49.15017324394152],[20.778241800432195,49.150059666564076],[20.778198707804112,49.15003061544321],[20.77816550919808,49.14999803593902],[20.77812259033637,49.15004165875005],[20.777895275331318,49.14988338446025],[20.77761554066394,49.14978100884825],[20.777853435392167,49.14956334471952],[20.778616800489235,49.149056600654944],[20.778680119960693,49.149001709954376],[20.77870668742852,49.148978680136594],[20.778777618543227,49.1488549876938],[20.778786876948725,49.14883892067718],[20.778810210552386,49.14879812931874],[20.778843285617132,49.14874038724198],[20.778964300588576,49.14836008920801],[20.77920822779001,49.14807941916003],[20.779618409167682,49.1478035310722],[20.779897970870156,49.147586409582566],[20.779975727342087,49.14752607642539],[20.780537138736058,49.14719438415586],[20.781025758787862,49.14699244166836],[20.781171961804322,49.14696672042021],[20.781350738188124,49.14693537605289],[20.78153841839051,49.14693999900891],[20.781515362386667,49.14672038486876],[20.78151814837379,49.14669094618217],[20.78153724330563,49.14663118744801],[20.781544918637614,49.146607501362716],[20.781573903481576,49.146517019694215],[20.781853156348138,49.146487360861606],[20.78274704645671,49.14655169672559],[20.783557862808,49.146565329046666],[20.783549849352873,49.14647572466903],[20.78463018170332,49.146401628389576],[20.785230971023072,49.14634385186464],[20.784897698808734,49.14566585938762],[20.784626630382466,49.1452670065985],[20.784159247262764,49.1446898046661],[20.784151465075503,49.14465522690625],[20.784140021831984,49.144604763968395],[20.784122753013897,49.14452780529528],[20.78409776664199,49.14441717155629],[20.783675936211527,49.143968062902616],[20.783505131091754,49.14381211937302],[20.782979974495174,49.143206163188],[20.78285743499511,49.1429708509348],[20.782564913051573,49.142651209137625],[20.782590332456934,49.142567447075294],[20.78271616878922,49.14214553134375],[20.78277353560184,49.14195320061637],[20.78225929869191,49.1415628310436],[20.78179633252024,49.14092309715865],[20.781648921817723,49.140812535454245],[20.781402340825597,49.140291067961904],[20.78139234348635,49.140100181223715],[20.78153535530945,49.139957198110146],[20.7810388667118,49.139234803631766],[20.780942483511634,49.138990221074984],[20.78047385171728,49.1386815669423],[20.78035382334564,49.13827587859806],[20.78026868947325,49.137917415848364],[20.780202563758344,49.13783884961747],[20.780134633192223,49.13775373726058],[20.780028089793237,49.1375501324398],[20.780007097893463,49.13752283950642],[20.77984353970079,49.1373914534799],[20.779684962196416,49.137254477136615],[20.779399725860316,49.136981272119286],[20.779333915442564,49.1369430574436],[20.779122586824624,49.13682036646494],[20.77903307224483,49.136827612589606],[20.778654085788283,49.13662102574398],[20.778469882175642,49.136296578987114],[20.778324717250474,49.135993478657724],[20.778115738570676,49.13576181972878],[20.77800768939249,49.13546649180011],[20.777681800803865,49.13495585463258],[20.77761874601459,49.13481553061551],[20.77762571280723,49.13476831765306],[20.77768925871991,49.13433802745864],[20.77766414024487,49.13406773231599],[20.77752586637232,49.133516158365765],[20.777458533743342,49.13335065221366],[20.777564764941967,49.13321612083753],[20.77742932192707,49.133088589035175],[20.777363194069892,49.13248990550323],[20.77735599578295,49.13242437080257],[20.777271677275934,49.13234012739346],[20.77722228709641,49.132290685612574],[20.777179238995075,49.132247677514115],[20.776985658103367,49.13149229302828],[20.77701835398016,49.13134052846157],[20.776721476183432,49.131040435907416],[20.776454424591176,49.13077037464626],[20.776581227270388,49.130403065434884],[20.776568702251883,49.130223344958836],[20.776553002395268,49.12999966083908],[20.77654054193273,49.129820843047945],[20.776970652963882,49.129546290384674],[20.77715120753868,49.12935617196873],[20.77739837085769,49.12893577501452],[20.777621181048087,49.128805205375116],[20.777604955319525,49.12864579724872],[20.77769778262635,49.12842048215967],[20.777535221843475,49.128295879415404],[20.77727482814232,49.12809646815802],[20.77708757617227,49.12806870835964],[20.77697611657093,49.128052227400254],[20.776900317160944,49.12804103805582],[20.77641731630681,49.12806323840017],[20.776201327637047,49.127971624725234],[20.775935440514576,49.12793212434415],[20.775739805508916,49.12783995676167],[20.775505970262437,49.12778076875531],[20.775255960392357,49.12768229717929],[20.77503043930107,49.12763231203973],[20.774736083445656,49.127676914088184],[20.774369493427788,49.127569343189975],[20.774018083177175,49.127314620366754],[20.773390821462364,49.12723219648732],[20.773253422700797,49.127169965450875],[20.773226416706606,49.12715776983087],[20.772503552801616,49.12683041560508],[20.771989281046555,49.1265520088321],[20.771907263131574,49.12641066015278],[20.77172563393936,49.126306636166824],[20.771566769022524,49.12612128026717],[20.771335445804695,49.12586478508926],[20.771305511952566,49.12583789924182],[20.771280184450017,49.12581513585762],[20.771196942349988,49.12573650754582],[20.7711714501641,49.12571238767679],[20.77103522115036,49.12494484627657],[20.77087369452559,49.124286642764744],[20.77129197667313,49.122200827207166],[20.77139255776426,49.12162171574605],[20.771398765622408,49.12158564236067],[20.771518682697618,49.12030032392913],[20.77152548876986,49.12022798184255],[20.771597146490244,49.11906443927238],[20.771656041892236,49.11887207496373],[20.771698501231175,49.118733707818976],[20.77189271762331,49.11849652749279],[20.771786574678643,49.11836019116762],[20.771697581886666,49.1180506582039],[20.77143821288522,49.117703676591624],[20.770969938397723,49.11741920808652],[20.76968926477173,49.11799000110562],[20.767903756216892,49.1187857823798],[20.76791100113871,49.11783449007853],[20.767390236274576,49.11813304416945],[20.76717492924565,49.11810834129462],[20.766767015920376,49.11793095578465],[20.765958644108448,49.11736716646319],[20.76619276209676,49.11700333631312],[20.76569498229337,49.11713987584962],[20.765416128131825,49.11714951380863],[20.7654015886427,49.117298668144564],[20.765250041079025,49.1172676299995],[20.764819163654877,49.1171792151988],[20.764360438921234,49.11697555537561],[20.76365526438494,49.1166626221922],[20.763497676430315,49.11683839371256],[20.763228706174928,49.11725629341098],[20.76288768122536,49.117525439042055],[20.7626939429694,49.118000171957995],[20.762595219813576,49.11806390405898],[20.762297759446906,49.118255775254475],[20.76207915644831,49.11829380215439],[20.76188245962408,49.11867450953276],[20.761524931993783,49.11886941559149],[20.761447321907415,49.11885707175598],[20.761172289931974,49.119222437316914],[20.761089921952774,49.11921632068789],[20.759080844549004,49.11999381395412],[20.75850307276563,49.12033797619281],[20.757828787300436,49.120733604643696],[20.757411528812888,49.12025536511866],[20.75698387736847,49.11976496415374],[20.756845545909616,49.11957769100282],[20.75625653833727,49.118984485654245],[20.756761504030788,49.1188648051054],[20.758127945318375,49.11869192034299],[20.758816506302562,49.118471845328116],[20.759125101309714,49.118193563825464],[20.759565566054505,49.11763722152224],[20.7597276700518,49.117487186457154],[20.759769608260047,49.117254072414795],[20.759918213751796,49.11695570491287],[20.760203412132054,49.11617701069792],[20.76037118926183,49.115865444459864],[20.760500184421012,49.115426365071116],[20.76064852178808,49.115075308598364],[20.761338891570386,49.11419198086524],[20.761506557167717,49.113824038524356],[20.762171397203097,49.11329451954209],[20.7625823726512,49.11310309856923],[20.76330448852811,49.11260627914114],[20.763567641674282,49.11258187159066],[20.76382088622364,49.112149465198954],[20.764070433170065,49.11194232244337],[20.764182092363132,49.11174909973864],[20.76462228130902,49.11134221306321],[20.76433658827526,49.1111096466435],[20.76433107298832,49.11082696997431],[20.76502892689227,49.10944618270704],[20.76542036509218,49.10932277911317],[20.76558583468934,49.10912719949073],[20.765671014434737,49.10903732913842],[20.768238342154007,49.10852268728412],[20.76890893461942,49.10944555400843],[20.76941564409649,49.109993325956346],[20.769813867830674,49.11064798625008],[20.770097306950145,49.11070504485819],[20.77019846111173,49.11095377109456],[20.77231712518906,49.11112732010932],[20.772955896929123,49.111234561358486],[20.773847364923903,49.111735550402635],[20.774104381259082,49.11182607791329],[20.774965984221407,49.11221300750425],[20.775283276576012,49.112228097441886],[20.775966244425977,49.11243041908215],[20.77653134893358,49.11251931918713],[20.7772322996053,49.11284229278515],[20.779144467247985,49.11183205457273],[20.779992255353218,49.11223935666495],[20.780264417367466,49.112429719389176],[20.780847987342685,49.113087713224054],[20.781254463219938,49.1133510853644],[20.781905625542443,49.114062567752285],[20.783742811849457,49.11385990280747],[20.784580432527072,49.11376750079545],[20.785443568328112,49.11364608233647],[20.78608348898931,49.113199585938155],[20.786977996233972,49.113071680913926],[20.78790069881494,49.11245353721029],[20.78805995231625,49.11215010621926],[20.788042953816262,49.11187892367527],[20.788433392440993,49.1114127784252],[20.79018365708922,49.11069967454727],[20.79340057937038,49.110593930604274],[20.79483507414499,49.111030713085476],[20.795132829692264,49.11111819102718],[20.79837902302111,49.11216205154835],[20.798624278790406,49.11224923503859],[20.798885553643828,49.11234363543684],[20.79944916727314,49.11249423364435],[20.79946380599133,49.11245881111626],[20.799467766530828,49.11244535098475],[20.800840137264082,49.11258392362464],[20.80111204719486,49.11258512783171],[20.801506370835313,49.11254283732125],[20.80149832933229,49.112528512114416],[20.80190156499834,49.11249652347991],[20.804868959181128,49.11227197990652],[20.80677958593303,49.11215703743303],[20.807152542245724,49.1121313695615],[20.807258855188994,49.11212270220917],[20.809304440839767,49.111976897988676],[20.809340689945397,49.11197814833779],[20.812004190311704,49.11178094212536],[20.812375409109126,49.111807784743505],[20.81272361108032,49.11179484297563],[20.813109584179752,49.111832727114745],[20.81367880812579,49.11176085488498],[20.813744324344533,49.11177004582816],[20.8140562739949,49.111807357298744],[20.813945148022782,49.11137698088002],[20.815092884150722,49.10840349142503],[20.815166591418297,49.10799262911254],[20.815188491196142,49.10788163636188],[20.815760726295665,49.10731316559832],[20.8158445324885,49.10733541184304],[20.816621473804602,49.10588163168257],[20.816888584037393,49.10538269979732],[20.81691187139307,49.104449004221586],[20.817031634885513,49.10414120862048],[20.817172393358135,49.10385556675949],[20.817736296045805,49.10309347222024],[20.818061751116762,49.10290432395317],[20.81834476729044,49.102679856725196],[20.81869458728859,49.1025049623863],[20.81914178116293,49.10233512917703],[20.81930117866084,49.10211126783826],[20.819787508174837,49.10183247290491],[20.82049349435891,49.10174654794302],[20.821821736943292,49.10186607538944],[20.822876999511426,49.10197629173904],[20.823669063173963,49.10242403643656],[20.823941663117665,49.10229716814474],[20.824832716084966,49.101771672572305],[20.8280459851414,49.10141517345115],[20.82961085029965,49.101676904586604],[20.8302965402674,49.10182497219067],[20.83097271006453,49.102059962733456],[20.832083490873124,49.101798402628354],[20.832257689191778,49.101568730211866],[20.831210658400508,49.10108276282817],[20.830014103394195,49.1007612985097],[20.828551373761332,49.10054503989856],[20.82693371398442,49.10030444109757],[20.826362168660314,49.100190529351934],[20.826171483055308,49.10005890487524],[20.827194237393723,49.099602480513205],[20.82736720579306,49.09935917558362],[20.827847064965933,49.09912280859982],[20.828517897651597,49.09903851094681],[20.8290455170781,49.09884114811366],[20.82950382881131,49.09855144840749],[20.83038423909093,49.09889367600755],[20.830372388048836,49.09869111746232],[20.83065567063203,49.09819523527232],[20.83072474070962,49.09760996974359],[20.830681075099644,49.096747547298804],[20.83046767962728,49.096231106511944],[20.83069585593109,49.0958933436],[20.831035441192274,49.095838994696095],[20.831242760223002,49.09530835819416],[20.831065398975273,49.09517134558649],[20.83142129036635,49.09477070043495],[20.83167822236037,49.094848581704056],[20.831846479461515,49.094229710155055],[20.831952954937634,49.09369624269507],[20.83175410288858,49.09366222586402],[20.83164785995233,49.093019167585645],[20.831185724751535,49.092814933450356],[20.83126107140212,49.09257106474384],[20.831426029885442,49.092353773124394],[20.832660103079817,49.09203566464287],[20.834202411918753,49.091793037241715],[20.834655140132188,49.09181036296939],[20.834767294598553,49.0916706764647],[20.83497104553745,49.09158779748355],[20.835005673209775,49.09109355556774],[20.83525729383255,49.091091467283725],[20.835388075698337,49.09075188805764],[20.8352523754917,49.09027710907837],[20.83503140994864,49.0900367657333],[20.83506744395208,49.08987321829494],[20.834852343955543,49.08969709784545],[20.834785956903755,49.08952499589107],[20.83459437853614,49.08944278834281],[20.834486103309978,49.089292301338034],[20.834648927524523,49.089163627290525],[20.834471890568274,49.08909857652188],[20.834482473160776,49.08888958387633],[20.835533759504095,49.088356634677595],[20.835643358374167,49.08834040211876],[20.83595800990881,49.0882523193482],[20.836351143753426,49.08817034771038],[20.83659421136032,49.088077288266696],[20.836737589687193,49.08802241250419],[20.83676120783526,49.0880133170213],[20.837101112264243,49.08798696742109],[20.837147466083234,49.08798333339839],[20.83731661559011,49.087975083144734],[20.837645696709593,49.08795898640121],[20.83798513366021,49.08786256305526],[20.83808034845949,49.087747776176705],[20.838129469168038,49.08768858863567],[20.838297457882508,49.08748606972053],[20.838698923360468,49.08719547110342],[20.839020613163402,49.08704621077819],[20.83955865969029,49.08696919277702],[20.83989029482458,49.08703998092083],[20.840197007267538,49.087075877552905],[20.840238027050564,49.0870807039998],[20.84031317868662,49.087078685249665],[20.84088376665656,49.08706319578104],[20.84144556561932,49.08699778783382],[20.842001369181208,49.08718069616716],[20.84262446024081,49.087275859644926],[20.843213687100295,49.087314033062206],[20.8432657977202,49.08732076870881],[20.84332307541281,49.08732804132003],[20.844074114421886,49.08742451344771],[20.8442424578112,49.08737624575831],[20.845492441645536,49.087449616677624],[20.845923272164292,49.087548992142665],[20.846703471784547,49.08773774947659],[20.847109584286642,49.08787229314339],[20.84740770986823,49.0879509182001],[20.84776605091557,49.08797208114047],[20.847793019642502,49.08796219756799],[20.847804208029775,49.087912695276835],[20.847813789320256,49.08787655469936],[20.84785394143843,49.08734729424878],[20.847871759935718,49.087285052136586],[20.847792485931606,49.08710378411349],[20.847545045916537,49.08656721451214],[20.847518223347937,49.08632092595575],[20.84717025003177,49.085537617770406],[20.84710240565503,49.085459570783925],[20.846951520994622,49.0847081215941],[20.84654418422272,49.083636258190225],[20.846652053800344,49.08337008226938],[20.846688518754103,49.08335277986196],[20.84676436313338,49.08336788935257],[20.846836969105222,49.083382347799244],[20.846891360591343,49.08339312191624],[20.84702887960582,49.08342051495691],[20.847285952773476,49.08339580715463],[20.847557175444162,49.08339148238184],[20.84761290218337,49.083390595983964],[20.848093737573684,49.083361919572724],[20.849125755393008,49.08323501904149],[20.84930677539948,49.08319780307352],[20.850198361290403,49.08301440903663],[20.850522208501665,49.082980809822466],[20.850760080874462,49.082956158954836],[20.850799232430212,49.082958576800436],[20.850954054301294,49.08296827714851],[20.85108105057358,49.08297621651684],[20.85122046652817,49.08298485005476],[20.851626964376905,49.08301025835073],[20.85209825971761,49.08303967868831],[20.852683456231766,49.08307622743377],[20.853145477531932,49.083105056733565],[20.85330616481207,49.0831151342381],[20.85338678545739,49.08312013733967],[20.853757681108643,49.08314333235817],[20.854343973732963,49.08317991008726],[20.856009781867595,49.08327915704435],[20.85657220036292,49.08331256789808],[20.85697410858076,49.08334059217276],[20.858666648377827,49.08412873889579],[20.859444246643196,49.08449083736917],[20.860727004145275,49.08478027844792],[20.861499142771706,49.08510417774241],[20.862165438494362,49.085496051625356],[20.862822507888428,49.085787838676325],[20.863951852967485,49.086653069749055],[20.864872411820432,49.0879826507272],[20.865639630054584,49.08765029541299],[20.865820840830175,49.087195258502334],[20.866274985829186,49.087168029205685],[20.866555276740886,49.08712191777462],[20.86733031150124,49.086994396571384],[20.868811175342778,49.08671798702777],[20.86906363276016,49.08655008530094],[20.86987884723019,49.086008093906514],[20.87021701071874,49.08586066150849],[20.870980014528776,49.08605605317967],[20.874248783219393,49.086125753998125],[20.874592895171315,49.08604541321707],[20.875862317910837,49.08605446708633],[20.878810204832508,49.08647755158664],[20.87965342382791,49.086149936357884],[20.880232528931515,49.085863335408234],[20.88091954373838,49.08565314394073],[20.881786879271292,49.085222332466344],[20.882032098334584,49.08510053093183],[20.884498748718446,49.08444664432572],[20.885727428320216,49.0840292124892],[20.887585618729176,49.08339788238804],[20.887779742657077,49.083360961015],[20.888899781235974,49.08320949738076],[20.88901630174551,49.08317625168314],[20.890900901309983,49.08263724715524],[20.89389387272463,49.07983464587523],[20.8956061128553,49.07904366243325],[20.896146507573693,49.07879403808904],[20.898531916688864,49.07643299648657],[20.900299924179524,49.075864163886145],[20.90275394213118,49.075557497088],[20.90316786125844,49.07550130934287],[20.90795543652317,49.077259847753915],[20.90850649749934,49.07799692826069],[20.90870245231734,49.07805727922302],[20.90975196588879,49.07838055451765],[20.909815314894917,49.07839781326634],[20.91296938056213,49.07925728331783],[20.91525825580837,49.079722118210675],[20.91523603805813,49.079718760412874],[20.91521779392238,49.07972598085638],[20.914869380920983,49.07986481990946],[20.915908000555895,49.080603568080974],[20.91634463181642,49.08106582876967],[20.91679333557892,49.081631949481704],[20.917130733713577,49.08245706762053],[20.916757310123117,49.0832674045081],[20.91732028077687,49.08372715051962],[20.917388093174544,49.0867197567699],[20.919565307648877,49.0873999905315],[20.92030924472145,49.088632483219406],[20.919931754200007,49.09048202357351],[20.920167958335558,49.0929864867042],[20.920124786559004,49.093731738873636],[20.917596836989272,49.094782926236675],[20.9166691320718,49.0951600174576],[20.914837299253488,49.09579404726337],[20.91303431725836,49.09680493736349],[20.911710414742956,49.09756178970072],[20.909828783331342,49.09843492905458],[20.9092145442031,49.09905805432104],[20.90746130942295,49.10021910534274],[20.905793034924688,49.10116914680866],[20.90501748357449,49.101617994641465],[20.90276690794832,49.10190234231765],[20.902046239304013,49.10182403168414],[20.90170723444078,49.10224525158848],[20.901691387361794,49.102279563222],[20.90174741634311,49.10230135069016],[20.90226482379247,49.102439803405765],[20.902302705398185,49.10244990401137],[20.902473034082874,49.10252695618714],[20.90252615275769,49.10255089620146],[20.902968410529272,49.10275083210028],[20.90299348161867,49.10275815977115],[20.90345377887778,49.1028922515342],[20.90386073147965,49.10298249547009],[20.90421281867133,49.103060625280655],[20.904251939111848,49.10307067690778],[20.904706161703523,49.103187811344796],[20.90496910667514,49.1032572639829],[20.905165819329724,49.10324065796811],[20.905564375003554,49.10324534465671],[20.90618396793266,49.10324855764404],[20.90627882592171,49.103249049888866],[20.906291331988932,49.10325046135278],[20.90667048161623,49.10333156551928],[20.90668026979825,49.10333441613793],[20.906688844581723,49.1033387565973],[20.906973319442077,49.10354173885743],[20.90697871340632,49.10354642243137],[20.906991510990384,49.103559909037614],[20.90718425071183,49.10376457509146],[20.907450858219644,49.103975148307974],[20.90792487164638,49.10421665102043],[20.908744706484047,49.10421092101783],[20.908796982595657,49.10420178488267],[20.908798935904972,49.10419959959192],[20.90899579440234,49.10402299046914],[20.90920967387292,49.103930510949716],[20.909955223997457,49.10372202433356],[20.910170322293066,49.103837126707546],[20.91033501185545,49.10392514209725],[20.91039556804238,49.103957522105745],[20.91039662021949,49.10395809773057],[20.910441120258813,49.103981834141905],[20.910460469797723,49.103992209179],[20.911055241318948,49.10431024177942],[20.911283270593984,49.104414341592786],[20.912643034268445,49.10503450577311],[20.913541474242884,49.10538749122527],[20.913606765989872,49.105401390278296],[20.914108309977355,49.10550837131857],[20.914241861320832,49.10553680867304],[20.914248097252653,49.10553773848864],[20.91454498500035,49.1055837280083],[20.91483727171245,49.10562893192495],[20.915171699117284,49.10568068274621],[20.91520598294317,49.105685976063256],[20.915465477556978,49.105726115228926],[20.915596643734617,49.10574645733925],[20.915921452138228,49.10579671239806],[20.916039073416734,49.10581488839725],[20.916044495720694,49.105815700753354],[20.916085145517133,49.1058220179282],[20.91656063659192,49.105895608908924],[20.916619583461408,49.10590118961899],[20.91665157338138,49.10590424453089],[20.916664641515844,49.105905493638815],[20.916792197888658,49.10591760960287],[20.91700932341212,49.10593831484941],[20.917185473452296,49.10595512305488],[20.917413629719956,49.1059768281103],[20.917617284215762,49.10599617962008],[20.917832639234113,49.10601673384082],[20.91805276783533,49.10603762794766],[20.918171332177547,49.106048990389816],[20.91828173855243,49.106059448651216],[20.918322714382764,49.1060633449017],[20.91854242604996,49.10608431411665],[20.91880276744306,49.106152386356676],[20.918884095072542,49.10617348338054],[20.91905332708632,49.10621751863359],[20.919099595522145,49.106234467839755],[20.9192750867875,49.106298521463394],[20.91953617792109,49.10639398914632],[20.91957472290654,49.10640797785279],[20.91965073264954,49.10643573890666],[20.91995023361944,49.10654518973446],[20.919986639209615,49.106558476253035],[20.920074385916532,49.106590502425206],[20.92022733612785,49.10664641516339],[20.920792940158538,49.10666538576528],[20.92090537709203,49.10666915661949],[20.920955987396017,49.106670853927184],[20.921181545250953,49.10667841814753],[20.921260653495427,49.106673417640245],[20.921652897677006,49.10664848383346],[20.92166062048714,49.10664793242955],[20.921909115244038,49.106632133784956],[20.922534968649316,49.10659233944226],[20.922868364607478,49.10657110127509],[20.922932888798453,49.106554355874046],[20.92307889298844,49.10651621102489],[20.923466913207175,49.10641504644588],[20.923476066644888,49.10641373251812],[20.923651801956126,49.10638828851607],[20.923692653113328,49.10638497553788],[20.924115228058174,49.10635087561074],[20.924180362576976,49.106345675011625],[20.924594409879262,49.10632776478513],[20.9248166422803,49.10631810314463],[20.924849296059968,49.10631262430115],[20.925035237532686,49.106281127409304],[20.92520283017113,49.10625279718162],[20.925510746073385,49.10618702900283],[20.925696507982686,49.10614724147174],[20.92586116999028,49.10609837328276],[20.92587071550293,49.10609554163863],[20.92618541067998,49.10596544078114],[20.92625011439714,49.10594635860185],[20.926495859111423,49.105874093782774],[20.926512176678667,49.10587058849031],[20.92688644587615,49.105790921930804],[20.927208016796467,49.10572407602229],[20.927508768220395,49.105697499953],[20.927828601484308,49.105693621499235],[20.927880899684443,49.10569123054068],[20.928052404791977,49.105683106007156],[20.92817490840581,49.10567730261447],[20.92851542791018,49.10562954547326],[20.928777835620572,49.10562167135829],[20.929123405092152,49.10559010842315],[20.92957433694243,49.10554388243461],[20.930097592729197,49.105489900230324],[20.930104508514848,49.10548914119634],[20.93010862592181,49.10548909888172],[20.930457796993363,49.10548178296344],[20.93087965684392,49.10547968881768],[20.931259398855172,49.10546366897141],[20.931625950897157,49.10543559174865],[20.931667322576207,49.105430852808404],[20.931770532631315,49.10541917814314],[20.931888399617037,49.105421859535014],[20.932950241799706,49.10550508680517],[20.933637029497692,49.1055262462113],[20.93502833147299,49.105711406092496],[20.936561935119496,49.105334510284706],[20.93699988320459,49.10531942567251],[20.94034202698598,49.105547963146414],[20.94177370459505,49.105645791461946],[20.94263040528671,49.105597833941914],[20.945105919570175,49.10565020540922],[20.945446074318863,49.105684951973096],[20.94579863105266,49.105789890164374],[20.9462230138303,49.10582609058189],[20.946817447691462,49.10589244504092],[20.946797209439058,49.105856205871405],[20.94664383423359,49.10561384641442],[20.94666979865907,49.10560615785748],[20.946825528776404,49.10585886004133],[20.946848194473002,49.105895630263085],[20.94708981055087,49.105922497205306],[20.94868229707887,49.10613130087106],[20.94979597351568,49.10626291873129],[20.951129969007773,49.10585181822879],[20.951212306536192,49.10590083749184],[20.951321425056214,49.10599198504464],[20.95135417463444,49.10598344079449],[20.951742817452562,49.10588220489794],[20.952418590549218,49.105864890897664],[20.95369901931769,49.10576017804789],[20.953932387324663,49.105741107459146],[20.9547128795115,49.105742208681626],[20.955927553363594,49.106056209611744],[20.95605332453924,49.10619472525427],[20.956995301264982,49.10606684230638],[20.957674768176854,49.10604962054681],[20.959038568266884,49.10595554219424],[20.95958678130841,49.106018585217214],[20.960292734261813,49.10609901745999],[20.9603529625649,49.10610758963948],[20.962187819634842,49.106368010538596],[20.96257660350709,49.1064232278702],[20.96272867053712,49.106444839937446],[20.962775475194544,49.106451434847266],[20.962799629860097,49.106454757255115],[20.96295022606045,49.106247806822],[20.963039890432565,49.10625879473669],[20.963360321550308,49.10628626143381],[20.963416032573097,49.106291170722365],[20.964522704156288,49.10661050073683],[20.964696230337744,49.10664731771753],[20.965053999613133,49.106624426769855],[20.965915810756623,49.10671305331309],[20.96611274633384,49.10677360348277],[20.9666057305709,49.10690591101092],[20.96752055060408,49.10718454863652],[20.968517146276568,49.10791066761125],[20.9692283345393,49.1079662776361],[20.96941129408158,49.10805354998494],[20.96966624338397,49.108883484714354],[20.970045275825264,49.108935652118916],[20.971343581675566,49.109348504028524],[20.97172964619497,49.109505610593686],[20.972150958222873,49.10950019659382],[20.972971570129772,49.109659974379056],[20.97398521600447,49.10987250013253],[20.975280159005823,49.11045500261615],[20.975284009059244,49.11045666053503],[20.9752976750802,49.11046980748687],[20.97538472993904,49.11055425858253],[20.976324994420104,49.111466345854325],[20.976509957215903,49.1116404668201],[20.976685329176785,49.11180553695505],[20.9769907954267,49.11209303349251],[20.977206460949713,49.112296078974495],[20.977757405983752,49.11281470411291],[20.97776024953195,49.112818759644256],[20.976592289106605,49.113596153907274],[20.97764492535579,49.11452841744865],[20.977901593850437,49.11583539169413],[20.978850798838977,49.115267563542666],[20.98012767756577,49.11461349095892],[20.980318032946435,49.11485179811555],[20.98222280845747,49.117298993454774],[20.98219413128743,49.11786499899752],[20.982061713466734,49.11815756508456],[20.98200670952628,49.118352746873505],[20.98200314750282,49.11892570351738],[20.98210239948648,49.11899272401484],[20.982759978543296,49.11943524796949],[20.982947529175224,49.11964788683136],[20.983227409567885,49.11978335020155],[20.983742258571123,49.12006044622425],[20.984061648494905,49.120224581373776],[20.98443879299009,49.120451394022645],[20.985223403248707,49.120991098097285],[20.985436554475747,49.1211167923657],[20.985692821103584,49.12128496362963],[20.98603136782129,49.12152877504032],[20.986234310755556,49.121608663539845],[20.986420851193028,49.121659109798266],[20.98689808823828,49.12176667555652],[20.987555250909686,49.12189106276271],[20.987812350182477,49.12199110007181],[20.987917776969496,49.12206903267104],[20.988064344282524,49.12236773533455],[20.988223322941064,49.12267098823384],[20.98825545833093,49.12274047336727],[20.98825633155962,49.12288509786723],[20.988268862706658,49.12303154699993],[20.988395904077574,49.12339010896833],[20.988400736428762,49.123543957351906],[20.988335440391236,49.12383090748436],[20.988245834699796,49.1241612636948],[20.988237103635907,49.12459467295053],[20.988214502997494,49.12471259401733],[20.988150197084092,49.12495248851471],[20.987803351760494,49.125458760067666],[20.987763817547325,49.125679662951285],[20.987797304498205,49.12591800754723],[20.987890483442055,49.12620099521618],[20.98764188432802,49.126920283938595],[20.98761616560181,49.12711121022484],[20.987694201588265,49.12759753722236],[20.987786162271263,49.128022018893496],[20.98798154167566,49.128495284949004],[20.988166734421636,49.1287932778512],[20.988286489121858,49.129218584302954],[20.9882770393951,49.129377994180224],[20.988154545082168,49.12952476668944],[20.988128196442936,49.12962887889358],[20.988070597767166,49.129999814175825],[20.988092207151787,49.13018005477924],[20.988145698773394,49.13040087076324],[20.988174230191614,49.13045655159349],[20.988357902446165,49.130993354921685],[20.988656524162874,49.1313996125717],[20.98906476209534,49.1316858621506],[20.98969735280202,49.13205080494027],[20.99027435510741,49.13235332078352],[20.990468693383452,49.13242796469562],[20.990675500908416,49.1325817986846],[20.99088247121547,49.13288428408107],[20.991171913285868,49.13326385174491],[20.99136166944989,49.13351877160182],[20.99157246413508,49.1338305647437],[20.991828965296563,49.13406499162388],[20.991879336447592,49.13410608416388],[20.992122579333472,49.13427344876481],[20.99231494276497,49.1343812467854],[20.992377463397982,49.134414185606914],[20.992945977382547,49.13460746604039],[20.993130036018815,49.13474857206964],[20.993391490042114,49.13494885501014],[20.993604725296162,49.13512297200478],[20.99376602732634,49.13522254298782],[20.99423844511051,49.13549386646601],[20.994447682715517,49.13574194812516],[20.994452860014295,49.13576039525571],[20.99452128015842,49.13600357583548],[20.994540220287657,49.13605920934681],[20.994634914114965,49.1362620182582],[20.994650264625268,49.13629997710209],[20.994688930173513,49.13638479991797],[20.99480394922501,49.13663770552654],[20.994790892688734,49.136751169014225],[20.994774989923986,49.136779727045635],[20.994904101687997,49.13682835895107],[20.99498716012548,49.136890692242375],[20.99508561986175,49.136936425409004],[20.995148495565708,49.13696298181725],[20.995307821818226,49.13702025948808],[20.995360391630008,49.13704341580722],[20.99543115772759,49.1370744630414],[20.995506495055274,49.1371085415862],[20.995608356972564,49.13715465622266],[20.995745752398182,49.137242183921686],[20.99587831397508,49.13730137198472],[20.99597198656316,49.1373343422595],[20.996020274064545,49.137348894325626],[20.99618522614172,49.137372052784954],[20.9963450987801,49.137406028173096],[20.99644542562853,49.13742733230491],[20.996663790837538,49.137473403453356],[20.996691876946926,49.137479368362044],[20.996850757864145,49.13751376060907],[20.99691134446484,49.13752538522321],[20.996955582148953,49.137530080164225],[20.99701126275514,49.13753407071175],[20.997148864489922,49.1375308494802],[20.997228828641965,49.137520512222274],[20.9972826011639,49.13751354586998],[20.997341815270925,49.13750000577109],[20.99736848624184,49.13749394953962],[20.997410521930668,49.13748434663857],[20.997472747644228,49.137467304084296],[20.99788208504751,49.13737001168654],[20.997938638070114,49.137342788792544],[20.997947799821993,49.13729825304445],[20.998050684719225,49.13727345257808],[20.99808778216655,49.13729799001527],[20.99856433062304,49.1371884079008],[20.99858261801604,49.13717892484224],[20.998635604855785,49.13715167452069],[20.998759283932216,49.13708812177739],[20.999005060165835,49.13696195433699],[20.999065040970976,49.13693295280764],[20.99923455957768,49.1368512778175],[20.99926270220914,49.13683491564533],[20.999271613134855,49.136829626219466],[20.999310843079837,49.13680642548318],[20.999486597178198,49.136702356516814],[20.999564331165868,49.13665647126167],[20.9996489637311,49.13660649089205],[21.000043011517516,49.13645583948891],[21.000195943337385,49.13639729736713],[21.000296115769235,49.136363042465376],[21.000407038388605,49.13634615677209],[21.0006958898681,49.13630279054265],[21.0007730659452,49.136292989642854],[21.000850406346352,49.13628103328419],[21.000964510982538,49.13626200069832],[21.00103991470209,49.13624664940147],[21.001081839078758,49.13623848211372],[21.00117897839247,49.13621520103011],[21.001793124351927,49.13599415993745],[21.00192322901857,49.13594882162394],[21.002133677660225,49.1358755085856],[21.002190479646824,49.13585936603035],[21.002250717067152,49.135843156123315],[21.00236785893215,49.1358130577456],[21.00242803466575,49.13579585535885],[21.002481592602336,49.13578086667918],[21.002602060182134,49.135748536341495],[21.00266905194837,49.13573011696432],[21.002742935011156,49.13572029677945],[21.00276538872211,49.135717342184506],[21.002927697288033,49.135695927975604],[21.003149578756236,49.13566881529017],[21.0031897708867,49.13566176087036],[21.003459159901677,49.135645029552656],[21.003589488062584,49.13561473235507],[21.004154484209845,49.13567657219495],[21.004531565096343,49.13575376416264],[21.00470019082079,49.13577730122678],[21.004769160582807,49.135792347876375],[21.004792654447748,49.1357901472727],[21.005460274836356,49.13572605853065],[21.00567065137968,49.13570585653726],[21.005759638111005,49.135708504094964],[21.005936811076477,49.135717103988846],[21.005936790559705,49.13571737341572],[21.005936387063127,49.13572267214469],[21.00612774833532,49.13575937710117],[21.006129240242174,49.13575960607809],[21.0061698092531,49.13576741847195],[21.006238080560266,49.136006083709226],[21.00625699916091,49.1360567623469],[21.006337160393365,49.13620956550387],[21.006591386610587,49.13694707742945],[21.00677875552814,49.13737331344256],[21.006807665504894,49.13750003723087],[21.00689647984143,49.13782580680791],[21.00699911248369,49.1382368402501],[21.007032170897094,49.138363159670895],[21.00705813713212,49.138461876592565],[21.007096857360732,49.13860935922698],[21.007122782828397,49.13870861497836],[21.007187559206287,49.13895544759941],[21.007224194077434,49.139031195534564],[21.00727067233061,49.139127253361494],[21.00735391606931,49.13929915334714],[21.007405937868878,49.139472010815894],[21.007435731271027,49.13957094301807],[21.007517547362422,49.13984273260254],[21.007559433236015,49.139923424184694],[21.007589579663247,49.13998167299187],[21.007703020626263,49.140212993465006],[21.00916031911408,49.139852707317054],[21.00927290099051,49.1398212820841],[21.00935375481924,49.139801062013426],[21.00939823330219,49.13979000426527],[21.00946873223165,49.139772416045986],[21.0105382372892,49.139570563861966],[21.01154103589458,49.13935256346425],[21.012819935394305,49.139071113930406],[21.01287782302679,49.13904068652065],[21.01295327055954,49.139001290239094],[21.01351228758191,49.138898667852224],[21.01401784126938,49.13878267966542],[21.014390608929038,49.138709432912655],[21.015653066085477,49.13840733825349],[21.016458742616866,49.13821499247634],[21.017133041041966,49.13805769110798],[21.018178168789955,49.13771506388966],[21.019569860536436,49.137296868414914],[21.01977031296776,49.13723022024743],[21.01978450723319,49.13723122410606],[21.020286386873238,49.13706917327076],[21.020755452167116,49.136920003744734],[21.02126081619577,49.1367589630233],[21.02190416846316,49.136549666447664],[21.022184457062455,49.1364578908647],[21.02232277053676,49.136412618307624],[21.022687247236735,49.13628361552993],[21.023358926366353,49.1360389529851],[21.023974469507024,49.135814332832695],[21.024294637722424,49.135697744410464],[21.025613353621324,49.13520354289895],[21.025748714194755,49.13515006728543],[21.02577528052187,49.13519603979346],[21.02578680697956,49.13521595267686],[21.025789345503092,49.1352150451198],[21.02579921868506,49.13522599091199],[21.026190575561504,49.13566028410763],[21.026442154904423,49.13611585690934],[21.026489468524105,49.13631727061257],[21.026492904166457,49.136376983770226],[21.02643705522276,49.13663427444469],[21.026151270702353,49.13755408428776],[21.026225759649513,49.1377517925537],[21.026132604838697,49.13793998247023],[21.026007572449675,49.13801099162209],[21.025856678398416,49.13810096424745],[21.025557701547932,49.13826551516048],[21.025540487843088,49.138293493843406],[21.02550963534624,49.138323998739956],[21.02554031244704,49.138330221139356],[21.025527698551972,49.13837536587463],[21.025495869939164,49.138489388536634],[21.025508122774532,49.13860295826488],[21.025622074894677,49.138897387760395],[21.025647274616713,49.13911356586871],[21.02564013669536,49.13919148073483],[21.025595118420465,49.139195234352236],[21.025459424717365,49.13951195240728],[21.02542021932187,49.13950599204969],[21.025418978514363,49.139516935468066],[21.025414887849482,49.13955281479613],[21.0253946309823,49.139727806276255],[21.02539157878927,49.140008966254584],[21.02539144981207,49.14002696841869],[21.025391003698104,49.140070889412655],[21.025434952071247,49.1400758340426],[21.025425207184867,49.14017185028963],[21.02544716559251,49.14036379409532],[21.02545583279141,49.14041602514379],[21.025453472914162,49.14051237227226],[21.02545249133059,49.140552494455626],[21.025365014560215,49.14072178227041],[21.025309364876,49.14091110480806],[21.025434538511153,49.141515699525314],[21.02513735746794,49.14168886147238],[21.025342350463006,49.14176163079014],[21.025530594342204,49.14166063233064],[21.025604021150375,49.14217125636252],[21.025760067485546,49.14258580967018],[21.025927092764377,49.142949672642224],[21.02604862397823,49.14323660523392],[21.02611374118972,49.14341320996146],[21.026170926560706,49.14374161950706],[21.02609357092656,49.144365987742624],[21.026062693507193,49.14445474250223],[21.02603578651535,49.144559922447755],[21.02600602170809,49.14482418516658],[21.02598653989475,49.144896565592546],[21.025899468862143,49.145219821068636],[21.025813035950716,49.145655996957785],[21.025663830692583,49.1458248026127],[21.025689794264636,49.14598023357485],[21.02575182562091,49.14601646834635],[21.025778764019634,49.146070285352366],[21.025744653802903,49.14635745432686],[21.02576420354694,49.146526901074736],[21.025794405244454,49.14663727428075],[21.025787554289547,49.14670052316702],[21.025954800473553,49.146931235553765],[21.026011103181613,49.14728401441011],[21.0260566410939,49.1474292795759],[21.02593708942148,49.14780621506626],[21.025949377311143,49.14806608663813],[21.025805143778612,49.14839197962819],[21.025563457616077,49.148777716844414],[21.025394056525393,49.14896477037439],[21.025119438382436,49.14943001113602],[21.025089281991228,49.149440371666145],[21.02499451464667,49.149520920423406],[21.02461417529572,49.14985801857956],[21.024083718496936,49.15016924157133],[21.023576464135118,49.150503817225946],[21.022904275312126,49.1509173688991],[21.022676799514088,49.151051926181545],[21.02234187174021,49.15125500183694],[21.02132529793177,49.151903632631004],[21.020503346147077,49.15253394095937],[21.019692675681235,49.1532251137749],[21.018885580986645,49.15390685495546],[21.018714376355977,49.154109866598084],[21.018557819339655,49.154465240078665],[21.01850259994267,49.15460496630918],[21.018493259382883,49.15466471239248],[21.018364951839523,49.154969780326454],[21.018194416167475,49.15536998273464],[21.017938194164245,49.1559495199453],[21.01770054405264,49.15651759915916],[21.01758143210664,49.1567629155809],[21.01750648217693,49.15697258166778],[21.017413097278506,49.15719361962274],[21.017313110787565,49.157436499596045],[21.01717186213923,49.15778886037648],[21.017165810974003,49.157817922976555],[21.017130610697507,49.15793435429146],[21.017087988310315,49.158099700410276],[21.017025411808856,49.15825485115332],[21.016911092921394,49.15845323699401],[21.016853014321438,49.15853470860818],[21.016793874654145,49.15861749600126],[21.01672036034718,49.15876481655927],[21.016678331702362,49.15885365497522],[21.016658179632824,49.15889666184681],[21.01662987077495,49.15895668826273],[21.01659921333911,49.15904220693774],[21.016562116322973,49.15914020964558],[21.016528310078936,49.15922922667548],[21.016477533144347,49.15940610027218],[21.016441134683205,49.159532845892734],[21.016398842321806,49.15966489082896],[21.016360117625005,49.15982586249018],[21.01634069702035,49.15994596036662],[21.01628446075343,49.160198282106776],[21.016222613724388,49.16049372570335],[21.016214713586034,49.160684424761996],[21.016210214177075,49.16078700388552],[21.016207349094838,49.160828324833304],[21.016192703070267,49.16088015461247],[21.016183009102555,49.161018576645674],[21.0161215859615,49.16134455474179],[21.01584579064646,49.162260436752035],[21.015728334194932,49.16256315578179],[21.015644569214686,49.16285608203619],[21.015631851682535,49.16295839250032],[21.015625440730453,49.1630897192103],[21.01566870950971,49.16364761892593],[21.015946492658674,49.164270262665326],[21.01600776546617,49.164493742730556],[21.01603425003575,49.16470348147032],[21.016092847848828,49.16520065995569],[21.016125503422234,49.165439410339665],[21.016178151776053,49.165668010204485],[21.016220526713102,49.165887271158795],[21.01631922896783,49.16620362592961],[21.01639076643296,49.16635892692775],[21.016466953741972,49.16648737034286],[21.016568909086047,49.16663988372898],[21.016638653593276,49.1667429076743],[21.01671182624011,49.16683514976124],[21.01684077581872,49.16703356049838],[21.016976978798183,49.16720879983532],[21.0171553828911,49.167446638933775],[21.017285689289324,49.16758747325343],[21.017455181282664,49.167756506765144],[21.017687837495316,49.16796523620401],[21.017903360328305,49.168144685518406],[21.018254369591467,49.16838419842167],[21.018498543372484,49.168569713916575],[21.018692457273303,49.168742693903944],[21.01876612656691,49.168824867120605],[21.018817519348875,49.168929180844884],[21.018893670292563,49.169172140753474],[21.018912086083883,49.16943950459002],[21.018895244447307,49.16947685784049],[21.018875740761057,49.16952033632439],[21.018862868242465,49.169548816044475],[21.018645644617536,49.169816498542126],[21.018573546536768,49.16990525591209],[21.018527734777802,49.17004925045829],[21.018481520582522,49.17017684616286],[21.0184283404907,49.17032384119039],[21.018412405367144,49.17039444550407],[21.018367405202824,49.17055305155071],[21.018372363614997,49.17069024098088],[21.01842653727065,49.17074710909398],[21.01849918709206,49.170936746294224],[21.01851721732138,49.170999456567856],[21.018455017805408,49.17117118574554],[21.018503677058522,49.17126631704346],[21.018547627000377,49.17127882597591],[21.018543769281393,49.17131696326379],[21.018464848267946,49.17167811222007],[21.018435025232503,49.17184297582129],[21.018423587299324,49.171930292693915],[21.0184279158007,49.17193115428352],[21.018380078612783,49.17206562932543],[21.018336941409455,49.17216172448371],[21.018281252694198,49.172218786396066],[21.018227941739813,49.17228069758223],[21.01812164547058,49.172326113373444],[21.018053346810454,49.17247144410739],[21.018003945583715,49.17253249253753],[21.017885392955144,49.17265970634814],[21.017820298196543,49.17273392693607],[21.017708666869893,49.17283147627253],[21.017672562787666,49.172909074430606],[21.017591106480303,49.173104662768644],[21.017490040359874,49.173198685639974],[21.017424982506498,49.17328686207408],[21.017378500398195,49.17333477103071],[21.017319450621823,49.173430616233894],[21.017289336517177,49.17352695635717],[21.017258964793605,49.17360861297608],[21.017192376481855,49.17371330504755],[21.017148079707848,49.17379027534487],[21.017097470595797,49.173850923863476],[21.017067358164763,49.17403036276978],[21.01706064666622,49.17410603982996],[21.017030551928425,49.174151512910434],[21.01699301228138,49.174246169918405],[21.016977059767292,49.174315152909585],[21.016990024605867,49.17439030226676],[21.016941976331,49.17445157456493],[21.016937632628395,49.17449608814078],[21.016896990988567,49.174720108612135],[21.01688627508835,49.174805108123685],[21.01686205525777,49.17487265064131],[21.0168012653674,49.174926304195665],[21.016722014175905,49.175069295800476],[21.016573810240235,49.17506796571374],[21.01658480606997,49.17518347477996],[21.016574182452516,49.17530881124463],[21.016567184347537,49.17539186146221],[21.016453874194028,49.17554391382338],[21.01639578606398,49.17600648693598],[21.01625726004079,49.176676384796934],[21.016189334969226,49.17687988689307],[21.016220357354253,49.17691619256705],[21.01618941886988,49.176992608607286],[21.01612076850741,49.17706833279977],[21.016038689742388,49.17731710823055],[21.016019341745768,49.17740182563236],[21.016018303910823,49.177522073303194],[21.01603551880018,49.177586467777374],[21.016026838251463,49.177630209398636],[21.016064661423755,49.17790405926979],[21.016035953933645,49.177976406723296],[21.01607382283434,49.17807982917958],[21.016099541697418,49.17826541319298],[21.0161044113907,49.17850487489896],[21.016136106381552,49.17862268063518],[21.01627444283505,49.17890935712661],[21.016149129858416,49.17889941143503],[21.01587353922205,49.178776158635344],[21.015613834132953,49.17868241417619],[21.015664330231516,49.17880218481727],[21.01571312169805,49.1789245106307],[21.015767404414852,49.17903783264609],[21.01580520800907,49.179152957044046],[21.015842900666353,49.17931651450812],[21.015883066230057,49.179507162048225],[21.015967302529106,49.17967269015298],[21.016160604502982,49.17994270588878],[21.016295631348147,49.18039403069813],[21.016325329814002,49.180492954543915],[21.01634335043713,49.18051605094385],[21.016377000882123,49.18050877726029],[21.016588941817425,49.18060771178889],[21.01680109663663,49.18070926378404],[21.017070752433685,49.1808493358847],[21.017192924780126,49.18090248271832],[21.01773904162968,49.18115097554056],[21.01808680312774,49.18131331220431],[21.018134285424694,49.18133547954919],[21.01839133176392,49.181455419881495],[21.018542700471993,49.18150753768654],[21.019032403981896,49.18167621562784],[21.01908917389008,49.18169364399219],[21.019146165549316,49.18171900227414],[21.01919481856687,49.18173661579862],[21.019327398962634,49.181849880376504],[21.019493633048132,49.182004666955145],[21.019883358708128,49.182384981303024],[21.020053576107117,49.182539806892414],[21.020109407291493,49.182593126322566],[21.02011477472471,49.182726816979255],[21.020127416202666,49.18304143655579],[21.020066820722693,49.183325756777236],[21.019810738650605,49.18392537729313],[21.01977707098545,49.184280079758224],[21.020038821078778,49.18462227473197],[21.020157668498793,49.18479351966308],[21.02041683941886,49.18507026718163],[21.020896472213646,49.185100770323025],[21.02125028163177,49.18509889759247],[21.021499458368027,49.18524324165125],[21.02166487805063,49.1854071808694],[21.021755885368957,49.18550198025193],[21.021889099506993,49.1856559556629],[21.021949292468392,49.18598301879426],[21.021911994496673,49.18609983230275],[21.02188660775566,49.18626781144615],[21.02185434863434,49.186414139196906],[21.021977934459628,49.186734806792835],[21.021977905402466,49.187151376605264],[21.022208590920282,49.18756664723082],[21.022368766593456,49.187803428584104],[21.02249032620921,49.18786132059287],[21.022698599999256,49.187896921405205],[21.022759960355803,49.18791188645486],[21.02310815849199,49.18799688378655],[21.02330131645082,49.18805611880041],[21.0233340872007,49.18806592007467],[21.023679636914405,49.18816955558636],[21.02392364511326,49.1882193733558],[21.02396814421114,49.188228476365005],[21.024305083993777,49.188297167661375],[21.02446837541976,49.188275750503806],[21.025009715283385,49.18820480193066],[21.02554393964603,49.188234902997635],[21.02577721554391,49.188301292816504],[21.025829319550976,49.18832603801583],[21.02619047896442,49.1884974268834],[21.027184648203626,49.18890523326541],[21.027541148349282,49.18907115411248],[21.02786551678214,49.18922972546434],[21.030339522074584,49.18942288108208],[21.030506405745225,49.189504566449145],[21.031239643624218,49.18986342264202],[21.031496228119803,49.19012466283488],[21.03158107922176,49.19026120706049],[21.0316024560351,49.190312679159746],[21.031648434042552,49.190374854730486],[21.03177365767689,49.1905931985161],[21.031895808950406,49.19079226586195],[21.032016398505338,49.191240574373275],[21.03197531544168,49.191413085472945],[21.03196855076546,49.19144437583974],[21.031906554567172,49.19169534280299],[21.031843199763898,49.191811851281],[21.03180258176007,49.191972763618374],[21.03170545304172,49.192070887846896],[21.03164999556364,49.19216109435239],[21.031657971768045,49.19221177038698],[21.0316770743758,49.19222616624859],[21.031782925861293,49.19229767149155],[21.032162355657196,49.19235718721954],[21.032497252689218,49.1924043599744],[21.03285818759904,49.19243239181706],[21.033246373524417,49.19241980490072],[21.033435109824964,49.19239263002203],[21.033665638629216,49.19235411930091],[21.03392538325588,49.192330692469326],[21.03398637559152,49.19232340204788],[21.034107320436544,49.1923225618243],[21.034259223161445,49.19235009667878],[21.034443485030998,49.192389306541585],[21.034591154918843,49.192440111035154],[21.034791214217407,49.192530160209564],[21.03491725258625,49.192619964244585],[21.035045522690872,49.19276016709445],[21.035078678115138,49.192924737936636],[21.035115687798292,49.19311644281838],[21.035111780395972,49.1932207499501],[21.035053045908523,49.1933216549061],[21.034919337111113,49.19343488824383],[21.03473836546762,49.19360087321769],[21.03467837613639,49.19368022020153],[21.034614863302,49.19381157967455],[21.03452165679396,49.19402128998358],[21.03444361979915,49.19416667207386],[21.034363545881163,49.19434259791414],[21.034302534960897,49.194522564401495],[21.034239453485576,49.19468994947534],[21.034196650652245,49.19484349888771],[21.034125740481684,49.19500540775026],[21.03408261303707,49.19507792011773],[21.034030170209384,49.19516642501043],[21.034018386085503,49.195178736130266],[21.033940185101613,49.195318980921726],[21.033867125322747,49.19539673232166],[21.0336828141106,49.1955867352158],[21.033615383233403,49.195671781772695],[21.0335592496087,49.19578906594457],[21.033525963562976,49.1959584095635],[21.03349079331664,49.19619620428581],[21.033472698262923,49.19648064910013],[21.03345735582174,49.196558115801714],[21.033393976394162,49.196740255597426],[21.033281696511057,49.19697131216442],[21.03312311749919,49.19722598166683],[21.033056261985635,49.197557457049285],[21.03303800943566,49.197823980779056],[21.033037420020094,49.197973320320195],[21.03305158550169,49.19820722694154],[21.03308194849818,49.198405018166405],[21.033175821647145,49.19863314319678],[21.03315310819014,49.19878437431062],[21.03311591166953,49.19887103371829],[21.03298669897689,49.19906435743926],[21.032896266235436,49.19928802126085],[21.03280987069217,49.19959626376659],[21.032720001382252,49.1998487551589],[21.032594975699052,49.20014277736649],[21.03258744822772,49.20019501971412],[21.032463585491893,49.200382935060546],[21.032398763674692,49.20046788581065],[21.03235650686279,49.20058868163959],[21.032353306229286,49.200752520926905],[21.03235474747725,49.200862313496565],[21.032359509391036,49.20100264392754],[21.032348494194437,49.20119710915127],[21.03238378487438,49.20136246997391],[21.032276416141638,49.20154479943802],[21.03220231868314,49.20175584960884],[21.03211043375151,49.20186431821248],[21.03188499564782,49.202063605008284],[21.03179497715703,49.202310689139544],[21.031712340236865,49.20248932090917],[21.031653015026095,49.20257057879001],[21.031492829881167,49.202720940258246],[21.031294018731572,49.20285338993967],[21.03110591314115,49.20296602092883],[21.0309685783953,49.20316475041152],[21.03103974707922,49.203342532170716],[21.031220524672595,49.20345545634352],[21.031088661876534,49.20344045436559],[21.031088404374962,49.203445667688875],[21.031099988298173,49.20345054589562],[21.031245466522424,49.20351253578576],[21.031195585337965,49.203525318242946],[21.031086723615925,49.203553107978315],[21.030872171824207,49.20422702132092],[21.03083969737606,49.20439089871137],[21.03082022037268,49.204488397119725],[21.030818776070504,49.204503835176126],[21.03080780090472,49.20462150656284],[21.03080372749608,49.204666208643154],[21.030756215401713,49.20517548924424],[21.030505203239795,49.20541463522942],[21.030206617716583,49.205646921502705],[21.030125371345715,49.205870522115795],[21.030159342921017,49.20592267377236],[21.03019575646099,49.20597886613653],[21.030247698316657,49.20605861108115],[21.03036789658115,49.2063255862552],[21.030338425975987,49.2065368265115],[21.03032964691272,49.20653663098136],[21.03032280239676,49.206565307723494],[21.030315220979396,49.206574694244935],[21.030211722051508,49.2067111430107],[21.030138745875114,49.206807441218764],[21.029781996460397,49.20717431890904],[21.029781701907194,49.20717457941442],[21.030318316223426,49.207986452524445],[21.030781261280517,49.20855392823919],[21.030785040049267,49.20855846255891],[21.031389214141363,49.20927340439247],[21.031391195420394,49.209274459135976],[21.03186609054473,49.20953207806912],[21.031841008937953,49.20953666435113],[21.031809516947423,49.20957327259563],[21.03176551849142,49.209624419027485],[21.03172983083791,49.209671064118076],[21.031717549896133,49.20968443926375],[21.03169537166784,49.20970874624019],[21.03165819851564,49.209758674086345],[21.031640814205062,49.20982491038323],[21.03164805207631,49.209861787520985],[21.031642029366076,49.209924972121875],[21.03165259922167,49.2101083447508],[21.03166239713607,49.210187618746424],[21.031667834242004,49.21031176544973],[21.031641224405114,49.21036554787218],[21.031595082534317,49.210421396099704],[21.031427060505713,49.210562410123096],[21.031316694859505,49.21066064431505],[21.031236377607357,49.210737708356476],[21.03115454141787,49.21080761066546],[21.03106314431104,49.210865858365715],[21.030817541488013,49.21100785992315],[21.030780122393516,49.21105012706138],[21.030769450794775,49.21106220402109],[21.030736744895442,49.2111129971211],[21.03074063638262,49.21118496683102],[21.030761901961576,49.21125615111678],[21.03079897442597,49.21131821633211],[21.030850444346612,49.211387952050934],[21.030893018167404,49.211482606566214],[21.030894962571033,49.21155307247045],[21.030886495318708,49.211597721590785],[21.030837381505545,49.2116619356388],[21.030756319951617,49.211723400177824],[21.0306172578125,49.21183033368218],[21.03050403025271,49.21189192235592],[21.030393343656943,49.211925414487666],[21.030256962394844,49.21193529348078],[21.030144275729082,49.21194621307796],[21.030137941796227,49.21194456660081],[21.03001491355844,49.211995842834256],[21.030004628491653,49.21201369416298],[21.030006199474165,49.21204192434784],[21.03002651951321,49.21207661625512],[21.03011218556468,49.21223911408943],[21.03017431289028,49.212333234460175],[21.030247768788094,49.21248822272553],[21.030270581002927,49.212542621948735],[21.030278131313448,49.21257536797974],[21.030264345277345,49.21260859045071],[21.030241683814605,49.21264287469195],[21.03020270551592,49.21266942591866],[21.030118973839738,49.21268993006311],[21.0300073538784,49.21271213790355],[21.029917425109005,49.212730999878254],[21.029834150188233,49.212747287318514],[21.029689449967055,49.212778051952],[21.029542454128723,49.21281009217145],[21.029449104534127,49.21284144658301],[21.029353269719312,49.21287839190545],[21.02927661970072,49.212916051303814],[21.029111307141235,49.213050128237626],[21.029026071783175,49.21313396316447],[21.028963659660832,49.213203145612475],[21.02888865254878,49.21329163461532],[21.0288047186949,49.21342898900127],[21.02875848493967,49.213531288243644],[21.02873416577768,49.21358379419133],[21.028707385076782,49.21366151820815],[21.02870534495144,49.213706556383585],[21.02867632570546,49.213763050732965],[21.02864899083775,49.213802764448324],[21.028605166943336,49.213833388894066],[21.028559264532966,49.21388780339375],[21.028511670721013,49.213959088304655],[21.028482787765803,49.21402828114328],[21.0285097209885,49.21411531529252],[21.0285154829112,49.21419157731435],[21.028534930365204,49.2142359642008],[21.028535164256226,49.21427819543021],[21.0285176516473,49.214318858913394],[21.02829644815405,49.214245669989644],[21.028292063587493,49.21426362315785],[21.02766925485722,49.21434148730397],[21.02701690063679,49.214459169674754],[21.026682480658145,49.214606735005546],[21.02647921438256,49.21461776359632],[21.026247969872763,49.21457188281701],[21.025889076139233,49.21453661016909],[21.025403928478692,49.214613092724285],[21.023566014245656,49.21448048455415],[21.022842761209027,49.21451093640696],[21.02199638356553,49.21446885843983],[21.02129211855764,49.21446822922966],[21.02088737631928,49.21451733456784],[21.0205425389586,49.214642576110606],[21.020351813694365,49.21475078473629],[21.019862045075943,49.21520440775578],[21.019552052112953,49.215299632674196],[21.018649204050508,49.215633273236875],[21.01823505200063,49.21599941718319],[21.017976179990157,49.21644526071419],[21.01739509024644,49.21692272370363],[21.017147203091362,49.21722937817784],[21.01651057496983,49.217842320016686],[21.016348744234335,49.21806184208064],[21.016205357380752,49.218172579947286],[21.01617294071071,49.218197630444116],[21.01609973644256,49.21829634427537],[21.0158145838232,49.218407946002024],[21.01579829150964,49.21841434644344],[21.015430751430667,49.21842377500561],[21.014853077648123,49.218380696262294],[21.01453916071539,49.21844039893787],[21.013875619144102,49.218566648264215],[21.013468149114626,49.2185481177533],[21.013106431540006,49.218612827488364],[21.013088177700435,49.218616102474634],[21.012780605412193,49.218785574113255],[21.01253083251194,49.21892335227692],[21.0125248490422,49.21892792836942],[21.012320868863032,49.21908340760516],[21.012152631051155,49.21921169498451],[21.011925598407124,49.21938469642429],[21.011923405122364,49.21938642535293],[21.011763897119252,49.21954623784879],[21.011645141062868,49.219665427954276],[21.01162818465984,49.219682339636584],[21.011411510642727,49.21980049036731],[21.01138741741532,49.21981365761731],[21.011275495978058,49.220027151973866],[21.011249591935254,49.22007672212112],[21.01104611820357,49.22028137222304],[21.010839942355467,49.22048899470803],[21.010823424077117,49.2205055604872],[21.010583295389154,49.22068434360267],[21.01056042230444,49.22070133183799],[21.01031763990629,49.220887860317205],[21.010296768203713,49.220903833570276],[21.010216974507017,49.221004039300844],[21.010155425798978,49.22108125358441],[21.0101125252076,49.221124776065146],[21.00981397374157,49.22142804986055],[21.009803843066475,49.22143834218749],[21.00943843817538,49.221549286232545],[21.009377654879557,49.22156773562806],[21.0090188660382,49.221584633373105],[21.00867228836066,49.22174426676391],[21.008635114015387,49.22176132714316],[21.008604911137073,49.22177528439179],[21.007989786133194,49.22199041461506],[21.00797776882838,49.22199119193818],[21.007616769553753,49.222013595057035],[21.00724919372601,49.222012284077366],[21.00690544724935,49.222013912305634],[21.006725821756053,49.22198300687787],[21.006446439700646,49.222081451354875],[21.005894806216304,49.222233466668776],[21.005591818963442,49.22234941280663],[21.005439892933914,49.22240764153478],[21.005398411757692,49.22242347960983],[21.00538694537122,49.22278097414928],[21.004979929889995,49.22310013314328],[21.00471874603174,49.22339948657474],[21.004601949519632,49.22365657053971],[21.00451099547839,49.223846977790494],[21.004453561633692,49.2241781191071],[21.004509608824005,49.224506403201495],[21.004493537903148,49.22470619413295],[21.004379343789456,49.225017381148454],[21.00427556413422,49.225410026142875],[21.003983142716457,49.22571501778357],[21.003712917873983,49.22608393669162],[21.003556427395758,49.22628462161605],[21.003429189691808,49.22644782136074],[21.003246602939114,49.22658336989751],[21.003058228703523,49.226873940606815],[21.0027588253589,49.22722155525564],[21.002591522765012,49.22738011096843],[21.002483242732165,49.22757220015585],[21.002269630269485,49.22783493411745],[21.002083019296702,49.228233687418694],[21.001844901860828,49.228331222991635],[21.001573425876252,49.228501940208915],[21.00130851999906,49.22876299229469],[21.001002547265315,49.22923408921988],[21.000832800924613,49.229336293777045],[21.000809661356683,49.22932428184175],[21.000268600070747,49.229343825287195],[20.999096455746713,49.22968839760865],[20.997513630186994,49.22996691433985],[20.996577650507785,49.230153010510435],[20.996239908630656,49.23020657373295],[20.995209633369093,49.23032411383017],[20.994443126994792,49.2304529127432],[20.994004688893465,49.23087193002023],[20.99337607201455,49.231806970197994],[20.993026826279376,49.23212195583672],[20.992631376255222,49.232663290894344],[20.992553785858018,49.23265858263209],[20.99290096678599,49.23278729103288],[20.993362260680783,49.23305785108697],[20.994066585648312,49.23341696288636],[20.9945767248461,49.233617096415834],[20.99498538644278,49.23368272369376],[20.995877909883227,49.23407464768915],[20.99617888356484,49.23427205349261],[20.99651897347703,49.23451170513498],[20.996784584417103,49.234812024282384],[20.99702398402649,49.23493916531469],[20.997069070681775,49.235101077672994],[20.997288195952212,49.235227283131515],[20.99727251887766,49.23524171407407],[20.997494333988367,49.23536152513109],[20.99811156593182,49.23565032182946],[20.99841337686622,49.23611216693288],[20.998611717554862,49.23632870864941],[20.998664368332594,49.23663635658058],[20.998770749941162,49.2369929413119],[20.999048138514866,49.2373265911105],[20.99940002134854,49.23750053740061],[20.999958162070858,49.23762029077924],[21.00053158736198,49.237808154586716],[21.00082924582928,49.23806566808648],[21.0010428658152,49.23837759685571],[21.001195351720572,49.23872128384924],[21.001675735039953,49.23920040107267],[21.00213766115476,49.239595453959566],[21.002463189409212,49.239720541111986],[21.002582999804268,49.23986932182427],[21.002654125216438,49.24031531683696],[21.002899840219825,49.24071859175726],[21.003046688222682,49.24102472845903],[21.003069813305352,49.24121346733739],[21.002943215100398,49.241439798592076],[21.002839281067732,49.24177985887765],[21.002924985202625,49.2421124430722],[21.002912153058233,49.24241371208221],[21.00295021549703,49.24248968269415],[21.003154053831253,49.242897707354516],[21.00321762331189,49.24314926012846],[21.003292460961855,49.243292876167665],[21.00329789303774,49.24335679487516],[21.003375619068393,49.24357243894796],[21.00346581377602,49.24374365636903],[21.00349561580704,49.244030475444255],[21.003601079994123,49.24433309531133],[21.003517594207715,49.24446117555393],[21.00346255010153,49.244618365906646],[21.003503826162117,49.24483416707051],[21.003613631994995,49.24500791670127],[21.003677886082862,49.24530459598017],[21.003652381526845,49.24548192944437],[21.00354722104108,49.24562010384063],[21.003301658330244,49.24580148820477],[21.003086450151347,49.24606435202823],[21.002865909926047,49.246539240308195],[21.00289788481518,49.2466661481326],[21.002886725375365,49.24680145715099],[21.002698465565302,49.24707690634048],[21.002588834451824,49.2471673080772],[21.002434125243767,49.247413965479254],[21.00274472423532,49.24776759568056],[21.002916262976303,49.248382709712764],[21.003010237249043,49.24848472803141],[21.003046281278095,49.248790657125745],[21.003148282022195,49.249032483436984],[21.00311112713587,49.249238064629694],[21.00327089070308,49.24971036571815],[21.003245032686678,49.24988507647844],[21.003260467182454,49.250160170902674],[21.003294873539033,49.250282296315596],[21.003319518668853,49.25028913488303],[21.003289893891417,49.250304280532944],[21.003290279087953,49.25049011351091],[21.003513626475527,49.250900664103334],[21.003673853958187,49.25101763395011],[21.003887691815592,49.25136548213278],[21.004025511722542,49.251795739850465],[21.0040959459141,49.25219174198396],[21.00410037806932,49.25223456081598],[21.004060736190997,49.25250695224856],[21.00410790760674,49.25275373504024],[21.004078727071082,49.253065631387976],[21.004134522393358,49.2533453768248],[21.003974674367917,49.253772646287054],[21.00395224771813,49.25400508778109],[21.004172619880954,49.254181102799265],[21.00426431295344,49.25441403702348],[21.004311801079876,49.25485664292977],[21.004166255197998,49.25510198163091],[21.00423864438539,49.255261720762974],[21.004265150913717,49.25526042728929],[21.004290424495686,49.25532931609513],[21.004095386476976,49.25543024946842],[21.00381866767557,49.25559035984252],[21.003282169246145,49.255971452572844],[21.002369637880232,49.256296480957154],[21.00222846493461,49.25633858499389],[21.001425471388536,49.256569150227286],[21.00098232157179,49.25666789705499],[21.000719535086198,49.256771468326335],[21.000413451522434,49.25691242368508],[21.000141922629076,49.25701876841904],[20.99965287605326,49.2571600315153],[20.99917828311676,49.25754574538357],[20.998401836741404,49.25818229223537],[20.998229557729143,49.25836660905999],[20.99787547828127,49.258960363304254],[20.997863733312016,49.25902759040282],[20.997830742073905,49.25935817706996],[20.997612108546026,49.25959814266306],[20.997339574597707,49.260040977910236],[20.997212812067723,49.260104885541494],[20.997188634399624,49.26035257387956],[20.997071130007072,49.26084739470448],[20.99703889364845,49.261644447250625],[20.995975743526287,49.26244011790354],[20.996629765307034,49.26349995368033],[20.996609106731018,49.26382563226744],[20.99656408950413,49.264539708383495],[20.996690897975693,49.26508295902004],[20.996636054752365,49.2656935394126],[20.996222199970333,49.26682829546622],[20.996083216032808,49.267766974190245],[20.996078506462172,49.26778536579904],[20.995619708763982,49.26959845567522],[20.994867891011904,49.2709201016357],[20.99241084179152,49.27212405234284],[20.991399350165405,49.27265291587598],[20.990944281619694,49.27301628429272],[20.990563988047438,49.273536685474866],[20.990602439825125,49.273668669864534],[20.990634035185646,49.273777021613796],[20.990702005385952,49.274010357254014],[20.990655069709273,49.274724908450146],[20.990760580611404,49.2747844594332],[20.990809058445627,49.27517875733048],[20.990820818338225,49.275274844187194],[20.98957799356598,49.27611525513856],[20.989239996325562,49.276343816257054],[20.989203201885914,49.276355302350495],[20.989203057744444,49.27635538764724],[20.98866317721548,49.27652501194876],[20.988484299627213,49.276783283754355],[20.988051431248266,49.27716141584002],[20.9877554256733,49.277351829266784],[20.987339134798898,49.277354181349054],[20.986308828686468,49.277536224646596],[20.986154410477493,49.277563471555204],[20.986055830655946,49.27758571077498],[20.986480525572453,49.277640627819125],[20.98692362025371,49.27769785828116],[20.98902158605587,49.278185033116465],[20.98906403797168,49.27819488961826],[20.989094711673978,49.27820940103946],[20.989117020458437,49.27821994663129],[20.98915511897985,49.27823812290433],[20.989361179519364,49.2783718288002],[20.989829400063858,49.27867574199513],[20.989903953429195,49.27872995583505],[20.990026549914578,49.27803202367833],[20.990676907647902,49.277922016509514],[20.990687641795,49.277920208085256],[20.990991929156216,49.27805065248219],[20.990994324089286,49.27805172139069],[20.991125432656407,49.27794438774707],[20.991958895485368,49.27775053299587],[20.992388659669576,49.27769089782164],[20.99246299262067,49.2776564243258],[20.992736577929776,49.27765243420001],[20.992870304142823,49.277609645274495],[20.99315391341402,49.277618496970746],[20.993384031017666,49.277601736094475],[20.99390969793511,49.2774864517067],[20.994081412985306,49.27745967183286],[20.994791954800373,49.27731281329388],[20.995067403767848,49.27731500083827],[20.995438311270384,49.27725477575737],[20.995870854507466,49.27728452762109],[20.996488018950977,49.27746041235271],[20.99685961793084,49.277522374292445],[20.99717878745996,49.27756281102403],[20.99739876847707,49.27759396552837],[20.99784693516403,49.27769831527333],[20.99815842220789,49.277788823561295],[20.998805698525924,49.27775474506329],[20.999144561487032,49.27778780871431],[20.999214762228764,49.277794698896756],[20.999614397868687,49.27792374082919],[20.999881680751574,49.27785641769133],[21.00019313795905,49.27782322039432],[21.000494104378586,49.27772566869398],[21.00072560119451,49.277825795422146],[21.0010668860499,49.27773901495231],[21.00193718148381,49.27753252169432],[21.002163918930417,49.27752931735856],[21.002859524640435,49.277507331256444],[21.00306062202213,49.27750292628991],[21.00406317813533,49.277490433458524],[21.004860599424088,49.27743611404236],[21.004963755904047,49.277436695997736],[21.004962135352315,49.277414676149554],[21.004961112219416,49.27740104845014],[21.00558340643475,49.277400236610795],[21.00589730212806,49.27739987428137],[21.00683851441637,49.27755820632962],[21.007080076099847,49.2776437943808],[21.007707962405252,49.2777428148127],[21.00796969727532,49.27776604048595],[21.008180841395887,49.27788061171382],[21.008432014332897,49.27783489002566],[21.0106036371915,49.27842499757103],[21.010751528929422,49.27851202098215],[21.011186061822343,49.2785014480675],[21.011608078219417,49.27854133066868],[21.011676457886054,49.278597398976295],[21.01172892706062,49.278641964593284],[21.012044980811755,49.278954501985325],[21.012356777770602,49.279055784706365],[21.012601437847184,49.279425858985554],[21.01268830018359,49.27978646273919],[21.012640739511166,49.280006018612006],[21.012645181289265,49.28022394018828],[21.013036487329572,49.28047194897788],[21.013369333820194,49.280582467882745],[21.013358203480248,49.28069058791697],[21.013191300861756,49.280793266191345],[21.0131301245889,49.28087913726053],[21.013166541249714,49.28097728489621],[21.013363931820937,49.28107222121259],[21.0136048684808,49.28121692235241],[21.013667392513106,49.281367957234146],[21.013653154357563,49.281543946587426],[21.013835207521737,49.28173002960853],[21.014089319110976,49.2817795501804],[21.014559495781043,49.28204020840816],[21.014670263299887,49.28214330074739],[21.01477015123679,49.28232778302017],[21.01494792013533,49.28242207649399],[21.015343671397325,49.282435070013335],[21.015384521435035,49.282646705607355],[21.015639953581182,49.28270967969845],[21.015622452657993,49.283038788997345],[21.01540867192465,49.283102850947934],[21.015560023607485,49.28343017286016],[21.01556539332348,49.2834933669887],[21.01543178045116,49.28367203643279],[21.01540691029338,49.283770885779795],[21.015410965084737,49.283956113977275],[21.015352817413284,49.28396610184408],[21.01521383482182,49.28397678522576],[21.01515905523559,49.28397869032951],[21.014332174961666,49.28408073701981],[21.013648124057617,49.284006031596114],[21.01085284190643,49.283480622140836],[21.01055865075409,49.283586614417395],[21.00959020179497,49.28373676250448],[21.009065087964466,49.28389859036435],[21.008663321862983,49.28419147351304],[21.007991914167086,49.28364648292516],[21.007460083985915,49.28321480152859],[21.006894560299326,49.2827559083112],[21.005169567065295,49.28135577345158],[21.005146724769943,49.28133954189516],[21.005562557767565,49.28128768504138],[21.00594416647608,49.28119743657161],[21.006858235201843,49.28098945546793],[21.007639973850814,49.28081675649371],[21.007894738902117,49.28078186616244],[21.007906674184802,49.280643523196446],[21.007023776781846,49.28069570215387],[21.005959061318247,49.280207706088156],[21.00576874230031,49.280209587811534],[21.005592696713745,49.2801705229312],[21.00523483247883,49.28034635266892],[21.004672525730133,49.28027836325067],[21.004036558693237,49.280596343369766],[21.00392507200799,49.28133686943812],[21.003739553179525,49.28134790779],[21.003478255123127,49.2813781642206],[21.003181342146288,49.281388259254506],[21.003128686842796,49.281627092016755],[21.00270424123289,49.281791553897285],[21.002069032768457,49.28163113950746],[21.001979789830497,49.28184266669567],[21.002144170355443,49.28189215861188],[21.00231063095731,49.28252654091359],[21.000708579002897,49.28337323022397],[21.00016951826128,49.283828594627174],[20.999819890576426,49.28427575354635],[20.99959121763593,49.284854351173045],[20.998837259215893,49.28379398178055],[20.997869893362097,49.28322087209339],[20.997811532397645,49.28293870235275],[20.998237666689054,49.28268059322202],[20.998259099580213,49.28211096554857],[20.998849257000245,49.2819230464856],[20.998999036283198,49.28126219138604],[20.998624445967106,49.281152604441104],[20.998298020003123,49.28116892286214],[20.997879486727445,49.28118402411272],[20.99754777769554,49.281179460873624],[20.997285475584754,49.281078949364684],[20.99684195956968,49.28109682961526],[20.996644972753867,49.28109586734142],[20.99627353923846,49.281141045076126],[20.99582530399435,49.28113247852965],[20.995819669138054,49.28113238389529],[20.99565976668997,49.28112156176128],[20.995228963088532,49.281034519106655],[20.99500834583,49.28098992592262],[20.994972313009292,49.28098964509706],[20.99500180173464,49.28101068808065],[20.995198138846074,49.28117287303908],[20.99487855979765,49.28218503250228],[20.994690776172245,49.28224711867192],[20.991443809666393,49.28270214575055],[20.988716928893385,49.28308422187692],[20.986071379768898,49.283454953368235],[20.984152821858544,49.28372375379515],[20.98162405317172,49.284081750046326],[20.980372971284297,49.284260265503804],[20.980333001840894,49.284171531898195],[20.980243435030214,49.28367180267554],[20.979989042509757,49.28374787965507],[20.97969322382251,49.28351793321741],[20.979099874853475,49.28345618189186],[20.97925917770204,49.28368424790918],[20.979588204478134,49.283732888642234],[20.979986133499466,49.28431550942385],[20.978768153512686,49.28448933543044],[20.975637936995003,49.28493598230961],[20.975587140763974,49.28494151134905],[20.97464092046989,49.28507085982198],[20.97416323184141,49.285138666453896],[20.974211814933277,49.28539064013399],[20.9742587586728,49.28561744143955],[20.974440249836782,49.28646510950248],[20.974453633943856,49.28647896494189],[20.974522136220656,49.28657953452054],[20.97454105878729,49.28660725694825],[20.974677316693764,49.28680738098702],[20.974778676295372,49.2869370321857],[20.974785323008046,49.286945443876014],[20.97483431220592,49.287008098032416],[20.974843582433547,49.287075385496834],[20.974855299865844,49.28716093956773],[20.97485573735627,49.28716419504778],[20.974868897675147,49.287259609878646],[20.974896203082093,49.287457314213285],[20.975051847754596,49.28858727146511],[20.975371585617673,49.28921459676894],[20.97532318084164,49.289407105856675],[20.97532293292948,49.28940853816205],[20.975193732197443,49.289922851934264],[20.975184182070805,49.28993784234485],[20.975336652311988,49.29064977629673],[20.975354085380626,49.29073083687338],[20.975303728602313,49.2907877872698],[20.974957315030572,49.29110381283555],[20.972075740863914,49.29374079623518],[20.97123131459425,49.29450980739376],[20.970213892747683,49.29544227324553],[20.969266923293503,49.29631034338224],[20.969077066227417,49.29649098162308],[20.969005029778344,49.296607534244494],[20.969072462150926,49.29687372564886],[20.969212014474074,49.29708476719591],[20.969228129349656,49.297082867999535],[20.969404946344152,49.29706241211023],[20.969798792921413,49.296967727814895],[20.96990422493387,49.29686794138728],[20.97021161255359,49.296823341467146],[20.970433888284706,49.29672389689728],[20.970387554408063,49.296541049416625],[20.970584437106314,49.296413848344024],[20.970631456677683,49.29626820063376],[20.97093853498718,49.29612041492411],[20.971167816846872,49.296019309490525],[20.972090161738826,49.2964383747965],[20.97243526940045,49.296384749237696],[20.972653817004357,49.29660514223052],[20.97264181356382,49.29749693766428],[20.971953180593193,49.29827469041338],[20.971846287309816,49.2990953854885],[20.970244841533884,49.30030407600317],[20.971079487296148,49.300843774195585],[20.971416975266578,49.30161447766461],[20.97076943365464,49.30175473142811],[20.97031247935428,49.30191035956499],[20.97029010279087,49.30189881816412],[20.969855325683724,49.30228096950679],[20.969738744384223,49.302475189248995],[20.969666201375595,49.30269282846341],[20.969535532982412,49.30282869456385],[20.969373433011505,49.30307218925271],[20.96905402431639,49.30349343460518],[20.96870797023221,49.30376030017842],[20.968286931374326,49.30397472469516],[20.967990093331732,49.30405865179745],[20.967753768252834,49.30419337080697],[20.967650613978506,49.30429728214525],[20.96757916187665,49.30447030171571],[20.967600340417444,49.30524849428179],[20.96756357567569,49.305434092103155],[20.96745960062308,49.3056556446121],[20.9673312592087,49.30582183520186],[20.967069345973332,49.30608994249872],[20.966629200086384,49.30634820573511],[20.9659492265862,49.306805888811425],[20.96550615839979,49.30718208027398],[20.965339049580514,49.307274245322446],[20.965121231769796,49.30749707921487],[20.96502673466115,49.307633144761624],[20.964954994521978,49.30764211981982],[20.96487478874145,49.30771257551267],[20.96473779379032,49.3077535169995],[20.964717761246778,49.30783640286608],[20.964662919323228,49.307892210858064],[20.96464629514528,49.307980881111675],[20.964505599389174,49.30801089661996],[20.964499156956897,49.30801230441443],[20.964505869933657,49.308016307320635],[20.96433927687242,49.308190865052076]],[[20.96888724837955,49.29891983941755],[20.96915018257456,49.29888061757968],[20.969255717580516,49.29871709413535],[20.969260987078904,49.298497055753494],[20.969524530077,49.29846775648283],[20.969578394903955,49.2983708608461],[20.969767271360947,49.29833153572851],[20.969800852128575,49.298195978528554],[20.969980978431092,49.29811837204286],[20.970085198379696,49.29812180927954],[20.970106211032743,49.29800105249815],[20.96998929727858,49.29786053183444],[20.970037470735058,49.29768746340339],[20.969853754742022,49.29759920719307],[20.969830645187166,49.29758827164358],[20.96985458759437,49.29780441193427],[20.969784994987236,49.29792140569445],[20.96961034127516,49.29797803544308],[20.969510285484855,49.29813480762439],[20.969416705149442,49.298145135232524],[20.969094745209294,49.29847671694893],[20.968871057473837,49.29881027951479],[20.968896256420468,49.29880840994111],[20.96888724837955,49.29891983941755]],[[21.011886135877305,49.27961570264724],[21.01175813672958,49.27961422616069],[21.01160177083434,49.28004071533782],[21.011517719929092,49.280220818229125],[21.011916819545124,49.28078706272112],[21.012153805226323,49.28071458168461],[21.012322333629527,49.2809985361548],[21.012670064560826,49.28122792881557],[21.013190432908747,49.28117837545948],[21.012720657774704,49.280612981051604],[21.012513357918124,49.28036647391847],[21.01241649011132,49.28004686629031],[21.012299631067027,49.27972777651621],[21.012201935774673,49.27941003211261],[21.011853672535587,49.279038016226615],[21.011939226927883,49.279372380078705],[21.011886135877305,49.27961570264724]],[[21.014903595239883,49.28385278545339],[21.015247902992375,49.28373914369352],[21.015232720514923,49.28332245265789],[21.01488303585819,49.282668616273725],[21.01425925838806,49.283043855173204],[21.01385556957233,49.28322523841369],[21.013189426734503,49.28312698659549],[21.013396207828674,49.283414797383934],[21.013683973108545,49.283653033291],[21.014429974962745,49.2839206168114],[21.014903595239883,49.28385278545339]]]}}]}