{"type":"FeatureCollection","name":"tmpuvcr17hy","features":[{"type":"Feature","properties":{"navrh_stupen_ochrany":4},"geometry":{"type":"MultiPolygon","coordinates":[[[[21.21463886299383,49.17257931848282],[21.214638672773198,49.172580387157836],[21.214600969802405,49.17294992236724],[21.214600295587466,49.17295388354429],[21.214599088956266,49.17295779000471],[21.214597359391856,49.17296161104689],[21.21459512048711,49.172965316640386],[21.214461381197538,49.173160872983615],[21.214459834601648,49.17316359301697],[21.21441203315095,49.17326779633807],[21.214411679288048,49.17326870341482],[21.214411561160095,49.17326963321091],[21.21439803606551,49.17348243613222],[21.214379419299252,49.17377540256511],[21.214379447670566,49.173776664195515],[21.21437969239133,49.17377791571967],[21.214458494587046,49.1740557018548],[21.214458661167964,49.17405625094167],[21.214535473727953,49.17429393224495],[21.214535872107117,49.174294925906345],[21.214537356304767,49.174294596279516],[21.214546465212543,49.174292246484605],[21.21455433427835,49.174290568299305],[21.214562454359932,49.17428952378217],[21.2148500370609,49.17426422776783],[21.215031874328215,49.17424823107754],[21.215031874330265,49.174248231087596],[21.21503187471155,49.17424823104385],[21.215317417943805,49.1742231115569],[21.215416686285515,49.17421437901823],[21.215416686576994,49.17421437898779],[21.216255949738432,49.17414054391779],[21.21625594975999,49.174140543915556],[21.216334987115356,49.17413359018114],[21.216341689684665,49.17413321872477],[21.216348415514954,49.17413327960287],[21.21635509989012,49.17413377222956],[21.216361678492863,49.17413469186481],[21.216368088023717,49.17413602965993],[21.216374266809947,49.174137772742434],[21.21645584773117,49.17416396729571],[21.21645708361376,49.17416432517826],[21.216458358711968,49.17416461801053],[21.21651788612748,49.17417658103487],[21.21652134977998,49.174177149534245],[21.216614260783363,49.17418906526404],[21.216620946914258,49.17419015394532],[21.216627432693098,49.17419167698928],[21.21663365265702,49.174193619023434],[21.216728738756853,49.1742272483905],[21.2167327022237,49.17422876453291],[21.21687642496003,49.17428805521709],[21.216877210646206,49.17428836976562],[21.217018457281284,49.174343224412944],[21.21715479682658,49.17439617235406],[21.2171587270553,49.17439748242335],[21.217240724654854,49.174420589666745],[21.21724362316056,49.174421306550535],[21.217325661056126,49.17443886354077],[21.217330298158043,49.17443997860698],[21.2174013637929,49.17445899792744],[21.21740260499737,49.17445929401204],[21.217403877336302,49.17445952644654],[21.217461835214245,49.1744685495777],[21.21746307093705,49.17446871070804],[21.21746432139144,49.174468811797496],[21.21793080282194,49.174495137160605],[21.21793341066214,49.17449521888895],[21.21810548227681,49.17449630941108],[21.218107305045994,49.1744962891788],[21.218273693127657,49.17449153832755],[21.218275445018328,49.17449145878704],[21.21841062957174,49.17448303513193],[21.21841434738629,49.17448266759279],[21.21864295771671,49.174451572750165],[21.218644286673225,49.17445137384205],[21.21884608708519,49.17441838907645],[21.21886296554702,49.17441563005641],[21.218865368032322,49.174415175556646],[21.219198490530264,49.17434342704818],[21.21920294569636,49.17434257583696],[21.219575319200416,49.17428030874502],[21.219576160081523,49.17428016065337],[21.219905359009516,49.174219234623536],[21.21991028761284,49.17421845023545],[21.219915291159246,49.174217906826804],[21.219988439313408,49.174211774920124],[21.219995984037816,49.17421141822221],[21.22022550675418,49.174208889416654],[21.220226561022574,49.174208867159734],[21.220413307109528,49.17420303794639],[21.22061645158903,49.17419669614159],[21.220617669612984,49.174196643853044],[21.22093033656972,49.17417955108707],[21.22093837395318,49.17417942177568],[21.221000918624803,49.174180821539274],[21.221268090378178,49.174186800126634],[21.221270847806817,49.17418678905461],[21.221326770999383,49.17418508786544],[21.221477710842755,49.174180495109546],[21.221479160249523,49.17418041037933],[21.22148056161878,49.17418016651194],[21.221696384087586,49.17413613402626],[21.221699964090142,49.17413547288338],[21.221790069799418,49.17412054919025],[21.221893041309546,49.17410349220522],[21.221894456429734,49.174103214491055],[21.221895714959558,49.17410270744218],[21.222061293453972,49.174029330474774],[21.222071127517673,49.1740249711792],[21.222072297301487,49.17402440363706],[21.22207338927276,49.174023772954406],[21.222240783399904,49.17391846920398],[21.22224192180434,49.173917678843324],[21.222242032578997,49.17391659417868],[21.222248311970727,49.17368241581622],[21.222248499607176,49.17367539443025],[21.222248504545387,49.17367490300629],[21.222248316094475,49.173646451413006],[21.22224476297884,49.17310818169434],[21.222244677186826,49.173107132391785],[21.222243077211232,49.173107193368104],[21.222141444219414,49.173114370240135],[21.221883461985104,49.173132589732],[21.22187549878155,49.173132846452866],[21.22186754395604,49.1731324954024],[21.22166207620321,49.173115516241786],[21.221661246946454,49.17311544434247],[21.22159346300563,49.17310929119026],[21.221591792654632,49.17310919428387],[21.221591089825367,49.17310929138295],[21.221586017087287,49.17311016649674],[21.221579380264025,49.1731108652417],[21.221572670985253,49.17311113457972],[21.221565953722017,49.17311097192272],[21.22155929302207,49.17311037883363],[21.221552752889668,49.173109361011626],[21.22154639617047,49.17310792823725],[21.22154028394766,49.17310609427826],[21.221535162220736,49.173104139114],[21.221534820975993,49.173104022977384],[21.22153319202193,49.17310382165541],[21.221192291982078,49.17307287797634],[21.22118852021649,49.17307246502888],[21.220954376132415,49.173042407513584],[21.22095394675289,49.17304235425354],[21.220860442099127,49.17303116014032],[21.22085854856344,49.17303100474942],[21.220856649755365,49.1730311294523],[21.220840980212703,49.17303274445368],[21.22083327171471,49.17303324850789],[21.220825525696103,49.17303317927314],[21.220817841018963,49.17303253763298],[21.220724543511636,49.17302120507756],[21.220320950759998,49.17297218103193],[21.22019306262609,49.17295664498369],[21.22019306142558,49.172956644857784],[21.219988723492143,49.17293182370351],[21.219982333310156,49.172930837938075],[21.219976116181023,49.1729294560404],[21.219970129085777,49.17292769067563],[21.21996442689711,49.172925558023685],[21.219959061876512,49.17292307763079],[21.219954083195212,49.17292027222998],[21.21994953648358,49.172917167533264],[21.219945463412884,49.17291379199575],[21.219941901313376,49.17291017655476],[21.219938882832142,49.17290635434637],[21.219936435633908,49.17290236040169],[21.21993458214749,49.17289823132589],[21.219933339360228,49.172894004962515],[21.219932718662296,49.172889720046896],[21.219932725742307,49.172885415850835],[21.219942329101087,49.1727569231363],[21.219946930628286,49.172695356562215],[21.219954133282737,49.17259897877711],[21.219954133415307,49.17259792945962],[21.21995254176709,49.17259781996922],[21.219538797923224,49.172582705243705],[21.21953719025576,49.172582698359705],[21.219537024337047,49.17258374684667],[21.219527383755917,49.172700137322316],[21.219517210338708,49.17282294122935],[21.219516497145378,49.172827410220386],[21.219515107155953,49.17283181021581],[21.219513054254236,49.172836097265844],[21.219510358945634,49.17284022854912],[21.219507048152227,49.172844162799954],[21.219503154943997,49.17284786072086],[21.21949871820839,49.172851285374854],[21.21949378226198,49.17285440255456],[21.219488396407755,49.172857181123796],[21.219482614442654,49.172859593328546],[21.21947649412027,49.17286161507435],[21.219470096573883,49.17286322616686],[21.21946348570589,49.17286441051354],[21.21945672754949,49.1728651562844],[21.219449889609077,49.17286545603027],[21.219443040186004,49.17286530675714],[21.2194362476963,49.172864709955974],[21.219401620370604,49.172860503360916],[21.219253424964446,49.17284249978104],[21.219247571266756,49.17284161313744],[21.21924185840361,49.17284039394894],[21.2192363302292,49.17283885157457],[21.21911668518545,49.1728013302439],[21.21911080327486,49.17279924888557],[21.219105258361104,49.1727968019508],[21.219100103126586,49.17279401268807],[21.219095386551306,49.17279090759825],[21.219091153447525,49.17278751618283],[21.219087444034006,49.17278387066385],[21.219084293553887,49.17278000567748],[21.21908173193984,49.17277595794506],[21.219079783529686,49.17277176592419],[21.219078466835164,49.17276746944338],[21.219077794366058,49.17276310932364],[21.219077772511344,49.17275872699049],[21.21908472447617,49.17265858616965],[21.21909107574542,49.172567066656356],[21.219091070606556,49.172566020873674],[21.21908948469468,49.17256590939114],[21.21871878323411,49.172551768363974],[21.218717169858333,49.17255175906897],[21.218717009308914,49.17255281169578],[21.218710363009322,49.172639301007905],[21.218707765694802,49.172673088438295],[21.2187051773607,49.1727067755879],[21.21870448786331,49.17271125973869],[21.218703117121184,49.17271567609897],[21.21870107890821,49.172719980290275],[21.21869839370551,49.17272412906132],[21.21869508849556,49.17272808072268],[21.21869119649112,49.17273179556537],[21.218686756801443,49.17273523626038],[21.21868181403931,49.17273836823321],[21.21867641787274,49.17274116001192],[21.218670622525874,49.17274358354279],[21.21866448623411,49.17274561447262],[21.218658070658897,49.17274723239326],[21.218651440268143,49.17274842104683],[21.218644661688383,49.17274916848892],[21.21863780303524,49.172749467208746],[21.21861924247057,49.172749664211565],[21.218610918086878,49.172749420567996],[21.2186027002383,49.17274851669956],[21.21837731859358,49.17271438322193],[21.21837019432633,49.172713034452784],[21.21818253539657,49.17267017383429],[21.218178833535767,49.172669478597946],[21.21795934599392,49.172636883304044],[21.21795786893023,49.17263670823323],[21.21795637414267,49.17263661875722],[21.21783249118843,49.1726327866469],[21.217829545490083,49.17263277862669],[21.217622399704943,49.17263805618813],[21.21761752853501,49.17263841043537],[21.21753214162531,49.17264871897978],[21.217524958307436,49.17264933112026],[21.21751771658231,49.17264944299777],[21.217510497264076,49.17264905336388],[21.217503380916778,49.17264816656665],[21.217496446955373,49.172646792502334],[21.21748977275946,49.17264494650479],[21.21742143076655,49.17262318835982],[21.217416179887106,49.172621327269546],[21.21741119575187,49.17261917382288],[21.217406516127586,49.17261674433749],[21.21740217647356,49.17261405722242],[21.217392971449637,49.17260783868645],[21.217388645742577,49.17260462283079],[21.217384806947713,49.17260115141329],[21.21738148998171,49.17259745600904],[21.21732765920761,49.17253035537397],[21.217326860305654,49.172529462634195],[21.217325718062963,49.172528748164],[21.217228996447677,49.17247363349564],[21.217227402617066,49.172472828306425],[21.21722567534521,49.17247215168982],[21.217136988344393,49.17244191086165],[21.217133636797815,49.1724406887836],[21.21698103862263,49.17238132408195],[21.21697975878918,49.17238087323487],[21.216978425217945,49.17238049522927],[21.21685179145029,49.17234871396324],[21.216850402362752,49.1723484093748],[21.216848959651315,49.172348265357975],[21.216673435066323,49.17233572094981],[21.216671122574056,49.17233560741838],[21.216490958710935,49.172330772777975],[21.216489353320608,49.172330781354695],[21.216489207353415,49.17233182963524],[21.21648373489064,49.17241722616676],[21.216483117688696,49.17242164390834],[21.21648183947438,49.172426000262426],[21.21647991269232,49.1724302528151],[21.21647735610167,49.17243436016318],[21.21647419459347,49.17243828231716],[21.21647045894835,49.172441981090586],[21.216466185536746,49.17244542047189],[21.216461415964936,49.17244856697482],[21.21645619666983,49.17245138996481],[21.216450578466947,49.17245386195685],[21.21644461605564,49.17245595888349],[21.21643836748652,49.17245766032871],[21.216431893596294,49.17245894972715],[21.216425257415413,49.172459814525105],[21.216418523554438,49.1724602463027],[21.21641175757496,49.172460240856225],[21.21639728560658,49.172459760467774],[21.216350482853702,49.17245820455408],[21.21634384416149,49.172457770781996],[21.216337301182683,49.172456916061776],[21.21633091585504,49.172455648484316],[21.216324748623947,49.17245398004896],[21.216318857870206,49.17245192654958],[21.216313299357406,49.17244950742524],[21.216308125703964,49.17244674557605],[21.21630338588516,49.17244366714644],[21.21629912476937,49.172440301277774],[21.216295382693477,49.17243667983227],[21.216292195080904,49.17243283709161],[21.216289592106374,49.17242880943228],[21.216287598410215,49.172424634981205],[21.21628623286518,49.17242035325491],[21.21628550839773,49.17241600478539],[21.216285431865693,49.17241163073646],[21.216289628296593,49.17233769057633],[21.21628960803023,49.172336635532986],[21.21628801335461,49.17233677715021],[21.216149210855473,49.1723537531452],[21.216146003991526,49.17235425105441],[21.216038708510723,49.172374528211726],[21.21603658062721,49.17237498014608],[21.215928312295112,49.17240056281874],[21.215922315880324,49.172401979626855],[21.215859893956374,49.17241672884415],[21.2158515906135,49.17241831081626],[21.215803000581083,49.17242542497405],[21.215671135914583,49.17244473165841],[21.21567040690854,49.172444835667115],[21.215636781184728,49.172449507637644],[21.215630031044245,49.17245021710254],[21.215623206707082,49.172450482344495],[21.215616376004245,49.17245030072702],[21.215609606830025,49.17244967405539],[21.215602966467152,49.17244860855846],[21.215596520917973,49.17244711482682],[21.215590334248507,49.17244520770747],[21.215584467951558,49.17244290615634],[21.215578980335565,49.17244023304997],[21.215573925945026,49.17243721495782],[21.215569355018292,49.172433881878426],[21.21556531298831,49.17243026694118],[21.21556402674324,49.17242898740295],[21.215562397052327,49.172428873350135],[21.215367707304758,49.17242154420851],[21.215187589166295,49.17241476310746],[21.21518694328183,49.172414736785186],[21.215180614546743,49.17241445920254],[21.215056957572905,49.17240981672435],[21.21501957551941,49.17240841367133],[21.21501796964182,49.17240840513067],[21.215017798451026,49.17240945208887],[21.215011230211424,49.17248396542427],[21.215010520816026,49.172488318745906],[21.215009169003803,49.17249260618757],[21.21500718759322,49.172496787093216],[21.215004595373006,49.17250082181718],[21.215001416923922,49.17250467209988],[21.21499768238573,49.172508301430796],[21.21499342717134,49.17251167539438],[21.214988691631074,49.172514761996844],[21.21498352066998,49.17251753196923],[21.214977963322056,49.172519959045005],[21.214972072285274,49.17252202020932],[21.21496590342184,49.17252369591687],[21.21495951522852,49.17252497027776],[21.214952968281892,49.17252583120762],[21.21494632466394,49.172526270542704],[21.214873615389813,49.172528742626625],[21.214872101204246,49.172528838532635],[21.214870642773274,49.172529107959214],[21.214640394006004,49.17257893126019],[21.21463886299383,49.17257931848282]]],[[[21.188244915821368,49.25326509137572],[21.188246138793804,49.25326583420977],[21.188554063298753,49.25343471662358],[21.188558025736423,49.253437067632845],[21.188819832558114,49.25360501131074],[21.18882228004173,49.253606437915344],[21.18921585094815,49.253814666967244],[21.189217116048532,49.253815274784834],[21.18921867547203,49.25381515972994],[21.189579411791406,49.253777336240624],[21.18958718801959,49.253776815766145],[21.1895950042323,49.25377687704323],[21.189602759186833,49.253777519278195],[21.189992333948414,49.253824656535414],[21.189998966863495,49.253825684233234],[21.190005411495573,49.25382713722993],[21.190011604371016,49.25382900121485],[21.190017484495744,49.25383125782945],[21.190022993955964,49.25383388484821],[21.190028078488528,49.25383685639739],[21.190032688015453,49.25384014321011],[21.190036777137042,49.25384371291413],[21.190040305579128,49.253847530351294],[21.190043238589663,49.25385155792331],[21.190045547281052,49.25385575596228],[21.190047208914628,49.25386008312138],[21.19004820712467,49.253864496782064],[21.19004853207953,49.25386895347383],[21.190048180578525,49.2538734093022],[21.190047156083434,49.25387782038144],[21.190045468684435,49.25388214326632],[21.190043135000717,49.25388633538029],[21.190040178016826,49.25389035543493],[21.190036626856237,49.25389416383621],[21.190032516494583,49.25389772307476],[21.19002788741514,49.253900998095304],[21.19002278521012,49.25390395664181],[21.190017260131654,49.25390656957519],[21.19001136659679,49.253908811160414],[21.19000516265158,49.2539106593198],[21.1899987093994,49.25391209585065],[21.189992070399022,49.25391310660436],[21.189985311038775,49.25391368162596],[21.189634795440682,49.25393198221084],[21.189633194023067,49.253932117168226],[21.189632599814356,49.253933099905026],[21.189591463599236,49.25401211930014],[21.189591026689026,49.254013109104164],[21.189592106368593,49.25401385878829],[21.18987294950004,49.25419130914475],[21.189874201144338,49.25419202595449],[21.18987577599919,49.25419237578744],[21.19043949121954,49.25429776640154],[21.190447789598483,49.25429970244193],[21.190925810165073,49.25443441951611],[21.190930537833776,49.25443589415573],[21.19093508011,49.25443760029734],[21.191409334651222,49.254631831150554],[21.191414609706932,49.254634222992024],[21.191419520716938,49.25463692664477],[21.191424024812825,49.25463991850851],[21.191551737417026,49.25473308269454],[21.191555637577522,49.25473619792572],[21.19155909615294,49.2547395291359],[21.191903539474243,49.25510554331045],[21.191906922684108,49.25510958951876],[21.191909654716333,49.25511384133768],[21.19191170681278,49.255118254011556],[21.191913057372474,49.25512278109175],[21.191954842089675,49.255314742299625],[21.19195514952726,49.2553157928253],[21.191955608561987,49.25531681938268],[21.19210381565963,49.25559776766528],[21.192105734257346,49.25560209703612],[21.192106980858842,49.2556065304053],[21.19210754293118,49.2556110232017],[21.192107414823337,49.255615530256776],[21.19210659782308,49.25562000625866],[21.192105100143984,49.255624406207495],[21.191947280863626,49.255998568044944],[21.191946901749056,49.2559996891915],[21.191947062036967,49.25600083266913],[21.191986345685628,49.25617935441685],[21.191987104776018,49.256181817894785],[21.192009084312964,49.25623700971384],[21.19209899250548,49.25646278033794],[21.1920994813076,49.25646389011951],[21.19229778476067,49.25687419928396],[21.192298360047523,49.256875214796814],[21.192299481481232,49.25687601120227],[21.192629460243555,49.25708858326066],[21.19263059445963,49.25708925119358],[21.192632011844267,49.25708961535912],[21.192920208145132,49.2571541501443],[21.1929217750779,49.257154445803685],[21.19292291524418,49.25715368267265],[21.19517071461926,49.255493849631925],[21.19517169700907,49.255493049061826],[21.195170320310506,49.25549255675686],[21.194734750018153,49.25535431559418],[21.194727461368515,49.25535163196374],[21.194720724997737,49.25534838842481],[21.19426287683709,49.2550984420574],[21.194065297298092,49.25499057943316],[21.193070708497707,49.25444760054808],[21.192792548184496,49.25429573949713],[21.192787426743035,49.254292641713626],[21.192782811558537,49.25428921997486],[21.192778750203875,49.25428550955192],[21.19268153901229,49.25418643490597],[21.192320821284998,49.25381879938837],[21.19231988965431,49.25381794445745],[21.192318419641627,49.253818365031215],[21.19199898549549,49.253922153978294],[21.19199298019211,49.25392387647999],[21.19198675133422,49.25392521630325],[21.191980355685388,49.25392616123822],[21.19197385152916,49.25392670267369],[21.19143787912902,49.253954385022304],[21.191433374049513,49.253954520473606],[21.190599358589942,49.25396164934376],[21.190592538694293,49.253961485658365],[21.190585777281317,49.253960879754516],[21.190584140642155,49.25396062273787],[21.190582494005287,49.25396091521818],[21.190575793640292,49.2539616501194],[21.190569015137196,49.25396194811716],[21.19030171531222,49.253965024417376],[21.190294613081168,49.253964865460084],[21.190287573958923,49.25396422697856],[21.190280673303054,49.25396311580804],[21.19011836236258,49.25393106747375],[21.19011203727912,49.253929594238706],[21.190105962147772,49.25392772381926],[21.19010019501491,49.253925474086806],[21.190094790984034,49.253922866536996],[21.190089801689293,49.25391992608438],[21.190085274802083,49.253916680824176],[21.190081253575606,49.253913161764125],[21.19007777643155,49.25390940252786],[21.19007487659304,49.25390543903405],[21.190072581767158,49.25390130915284],[21.190070913880216,49.253897052344136],[21.190069888868287,49.253892709280635],[21.19006951652492,49.25388832145929],[21.1900698004076,49.25388393080446],[21.190070737803723,49.25387957926775],[21.190072319756542,49.253875308426856],[21.19007453115078,49.25387115908861],[21.190077350857013,49.25386717089874],[21.19008075193358,49.253863381963264],[21.190084701884008,49.25385982848448],[21.19008916296752,49.253856544414866],[21.19009409255963,49.253853561132765],[21.190099443559383,49.25385090714259],[21.19010516483947,49.25384860780248],[21.190111201734624,49.25384668508195],[21.190117496564046,49.253845157352096],[21.19012398918243,49.25384403920987],[21.190130617554654,49.25384334133879],[21.190137318348572,49.253843070406894],[21.190144027540015,49.25384322900276],[21.190150681024644,49.253843815611084],[21.19030016380052,49.25386190194762],[21.190304466555872,49.253862240339004],[21.190571676927128,49.25387211013703],[21.190578432668747,49.253872579955335],[21.19058210652542,49.25387307947107],[21.190586671291204,49.25387240429422],[21.190593444344803,49.25387185698874],[21.191985311073616,49.2538051071564],[21.191986919271457,49.253804979610415],[21.19198846186554,49.25380465582608],[21.19224254706997,49.2537424830385],[21.192244019632145,49.253742067641284],[21.192243381371465,49.253741104762206],[21.19204917888757,49.25348358719979],[21.192048376907614,49.253482642365796],[21.192047087650398,49.25348196702921],[21.191976156384595,49.25344837730251],[21.191974841441233,49.25344781355029],[21.19197326996879,49.25344779021679],[21.19190508751442,49.25344885047056],[21.19189940685271,49.25344878493478],[21.191893753902608,49.25344841228135],[21.19179708336048,49.25343938231224],[21.19179124058308,49.253438666451366],[21.191785514249077,49.25343762256928],[21.191678983784886,49.25341490806612],[21.191674224882053,49.253413764568734],[21.19154852503675,49.25338006504671],[21.19154746425387,49.25337977384138],[21.191526085531343,49.25337376667721],[21.191520216603884,49.253371896629424],[21.191514645379822,49.25336967033041],[21.191509422179088,49.253367107888415],[21.191504594178248,49.25336423244774],[21.191456447085816,49.25333269269701],[21.191351255059093,49.25326378597131],[21.191196324942403,49.25316229384098],[21.191065202548177,49.25307639750906],[21.191062980249015,49.25307506429392],[21.190887037121367,49.25297846464193],[21.19088575916445,49.25297782738004],[21.190884395594242,49.25297727132345],[21.190768312272507,49.25293474584493],[21.190628780191897,49.252883631425384],[21.190628493061922,49.25288352564874],[21.19027336384093,49.25275196245754],[21.190268066327583,49.25274978567504],[21.19017281233584,49.25270656628643],[21.19017281122885,49.25270656580991],[21.190165563045664,49.25270327721031],[21.190160664500155,49.252700834817354],[21.190156119828675,49.25269811503778],[21.19015196556291,49.25269513973417],[21.190069748936335,49.25263067569143],[21.19006631107225,49.252627743005924],[21.190063252890514,49.252624635352355],[21.190060595066598,49.2526213737407],[21.190037319041053,49.25258974316344],[21.19003474993156,49.252585776133486],[21.190032772765303,49.252581666330435],[21.189966429455634,49.252416520506436],[21.189965626416768,49.25241480361212],[21.189893960534967,49.25228094017358],[21.189893148627714,49.25227967732118],[21.189892106969854,49.25227848891316],[21.189725965958036,49.25211327982446],[21.189725478670947,49.25211280837636],[21.189503858911266,49.25190413352549],[21.189502888016403,49.25190330997515],[21.189501999133817,49.25190417229407],[21.189492121163674,49.25191486626271],[21.188849846145374,49.25261014958528],[21.188849846090505,49.25261014964807],[21.188784492342645,49.252680896142586],[21.188746261603075,49.25272228149386],[21.188357687319947,49.25314291104929],[21.18824570579364,49.25326412946311],[21.188244915821368,49.25326509137572]]],[[[21.193281172786346,49.257225637149055],[21.193281566078497,49.257226831900624],[21.193318338777136,49.2573148306874],[21.193318885466358,49.257315915666524],[21.193320178651856,49.25731668297647],[21.19350930990065,49.25741778061146],[21.19351014016516,49.25741818098684],[21.193509487057277,49.25741765860418],[21.193457609258342,49.25738014607691],[21.193453321046654,49.25737672023588],[21.19344956861774,49.257373034856265],[21.193446388385897,49.25736912570181],[21.193443811212695,49.25736503070782],[21.19344186210743,49.257360789613],[21.19344055998448,49.257356443573954],[21.193439917479775,49.25735203476548],[21.193439940828135,49.25734760597172],[21.1934406298028,49.257343200170546],[21.193441977717647,49.25733886011674],[21.193443971492073,49.25733462792721],[21.193446591777903,49.257330544671866],[21.19344981314722,49.2573266499755],[21.193453604339084,49.25732298163305],[21.193457928562864,49.25731957524275],[21.19346274385538,49.25731646386094],[21.19346800348799,49.257313677681104],[21.193473656420164,49.25731124374083],[21.193479647794693,49.25730918565945],[21.19374960262807,49.257227287030126],[21.19375100914746,49.25722680696354],[21.19375205152259,49.25722602433489],[21.19379584051526,49.25718987365948],[21.19379674301482,49.257189050073436],[21.193795295730393,49.25718868971049],[21.193638545777507,49.257155216967284],[21.193634385076546,49.25715451375418],[21.19329352558419,49.257111597938824],[21.19329191516156,49.25711144933016],[21.193291734044422,49.25711250721778],[21.193281185579497,49.25722441500808],[21.193281172786346,49.257225637149055]]],[[[21.169188936812528,49.242122121275926],[21.169189937166095,49.24212297614341],[21.17023055997725,49.242927182119224],[21.170231603905645,49.242927918617234],[21.170233034348655,49.242928282565195],[21.170932588489194,49.24308283119841],[21.170932588870667,49.24308283127602],[21.171062017386227,49.24311142410524],[21.17106300079293,49.24311164116526],[21.171141784845645,49.243129046419654],[21.17114793711726,49.24313062530139],[21.17115382910613,49.24313258405084],[21.171159406248968,49.24313490452876],[21.171164616898103,49.24313756524615],[21.171169412799802,49.24314054156326],[21.17158419137525,49.24342397268602],[21.17158567291318,49.24342487205304],[21.171587306192965,49.24342565067696],[21.171920319959142,49.24356546887227],[21.172044245689474,49.24361749955097],[21.17204962669535,49.24362000574521],[21.172054615127458,49.243622838760615],[21.172059164852012,49.243625972397105],[21.172278911639115,49.24379269179602],[21.17228296999967,49.24379608725165],[21.172286512918713,49.24379972161464],[21.17228950781247,49.24380356146028],[21.17229192713728,49.24380757147419],[21.17229374864285,49.24381171477684],[21.17233127405624,49.243915573344125],[21.172331274136727,49.24391557354436],[21.17236520950324,49.24400949366404],[21.17236568428712,49.24401056148799],[21.1723673223895,49.24401085584268],[21.172834830729325,49.24407829939392],[21.172841454622183,49.244079485147005],[21.17284786450693,49.24408109811259],[21.172853996282125,49.244083122160184],[21.17285978862753,49.24408553704866],[21.1728651836173,49.24408831862807],[21.172870127299266,49.244091439081515],[21.17287457023452,49.244094867203195],[21.1728784679918,49.24409856871053],[21.173019326988573,49.244247787784126],[21.173022538896568,49.24425158961475],[21.173025175301927,49.24425557667131],[21.173027211583854,49.24425971171975],[21.17302862872588,49.24426395614398],[21.17302941349351,49.244268270306414],[21.173029558557854,49.244272613918156],[21.173029062564034,49.244276946415404],[21.17302793014383,49.244281227337986],[21.173026171872475,49.24428541670748],[21.173023804169883,49.2442894754004],[21.17295272583451,49.244395621514315],[21.17295204576189,49.244396818576796],[21.172951578391842,49.24439805856679],[21.17290092558139,49.24457540848764],[21.172899407776594,49.24457959997497],[21.17289728422897,49.24458367711904],[21.17289457443354,49.2445876024898],[21.172891303267335,49.244591340050455],[21.172887500761103,49.2445948554884],[21.17288320182351,49.24459811653037],[21.17287844592076,49.24460109323838],[21.172873276714224,49.24460375828486],[21.172867741659605,49.24460608720339],[21.17286189157132,49.24460805861345],[21.172855780155935,49.24460965441651],[21.172651919473942,49.244655605475195],[21.172650417088512,49.24465599948042],[21.17265088436591,49.244657013953635],[21.172841222602806,49.24500671767476],[21.172862649515952,49.24504608690898],[21.172864238217663,49.24504940702912],[21.17293732337904,49.24522579787472],[21.17293732345135,49.245225798033665],[21.172999025278603,49.245374712054094],[21.17302611810456,49.24544010269856],[21.17302747929013,49.24544410082297],[21.173028278997243,49.24544816346351],[21.173028510587123,49.24545225689469],[21.173028172137084,49.24545634713541],[21.173004315796167,49.24561249603321],[21.172992257459775,49.24569141724688],[21.172990690156073,49.24569746744703],[21.172906589927422,49.24592612104178],[21.172906275738185,49.24592720889146],[21.172906127058244,49.24592831173001],[21.17289581019284,49.24610315309617],[21.17289583196455,49.24610428946015],[21.172896542604118,49.246105326317156],[21.172986361452523,49.24622025185767],[21.172987097687564,49.24622110061988],[21.17298804420817,49.24622184996864],[21.17299371455307,49.24622596355638],[21.17299484467411,49.246226705614696],[21.172995703477937,49.246225821339756],[21.17346764693145,49.24568188435244],[21.17380157604094,49.245297010506704],[21.173801576134725,49.24529701039204],[21.17491728642002,49.24401102663764],[21.175592071239496,49.24323322314299],[21.175592071258354,49.24323322311998],[21.176179314493538,49.24255630221984],[21.17618303383275,49.24255247773825],[21.1761873225887,49.242548917974176],[21.17619213714353,49.24254565913141],[21.176197428531882,49.24254273435323],[21.176203142938906,49.24254017338527],[21.17620922224759,49.24253800227335],[21.176215604629796,49.242536243098066],[21.17622222517508,49.24253491375088],[21.176229016550842,49.24253402775141],[21.176235909687076,49.24253359411053],[21.1762428344789,49.2425336172385],[21.176249720499484,49.242534096900116],[21.17625649771626,49.242535028217056],[21.176263097203268,49.24253640171767],[21.176269451842046,49.24253820343303],[21.176275497004333,49.24254041503932],[21.176288545228516,49.242545771123034],[21.176333275109396,49.242564148319765],[21.176338675759524,49.24256661095472],[21.17634369151911,49.242569400795176],[21.176348276312183,49.242572492212915],[21.176352388021705,49.24257585680959],[21.176355988876438,49.24257946367715],[21.176359045798005,49.24258327968211],[21.176361530704668,49.24258726976971],[21.17636342076936,49.242591397286105],[21.176364698629317,49.24259562431493],[21.176365352545684,49.24259991202566],[21.17636537651125,49.24260422103036],[21.176364770305714,49.24260851174541],[21.17636353949764,49.2426127447553],[21.176361695393407,49.24261688117452],[21.17635925493327,49.242620883004804],[21.176356240535775,49.24262471348443],[21.17592294590049,49.24311595348253],[21.175922945876096,49.243115953511804],[21.17513154116592,49.24401316664691],[21.174781392227388,49.244410114386106],[21.17478139211201,49.244410114524605],[21.173989636155717,49.245307671808455],[21.17367351618226,49.24566602282048],[21.17310785771834,49.24630723330228],[21.17310712232116,49.246308168631465],[21.173108139845144,49.24630898280159],[21.173365610661588,49.24649578137097],[21.173685030088727,49.246727522045695],[21.173686118277466,49.24672824286251],[21.173687462594714,49.246728745398514],[21.17370373395602,49.246734202394954],[21.17370524499147,49.246734647642555],[21.17370615311452,49.24673374023941],[21.174185802877414,49.246197216812135],[21.17431361556246,49.246054248688395],[21.174733709915145,49.24558432909718],[21.174733709942423,49.245584329064926],[21.17498799173014,49.24529988265265],[21.175544749560753,49.244677066284325],[21.175793205999202,49.24439912554077],[21.176118874243947,49.244034804812415],[21.176121488856673,49.244031878767935],[21.176121500996476,49.24403186518516],[21.17612617685892,49.24402663517385],[21.176962224623715,49.243091327737744],[21.17696588348909,49.24308765736667],[21.17697007083774,49.24308423770054],[21.176974746872453,49.24308110124025],[21.17697986715153,49.24307827779518],[21.176985383011125,49.243075794199605],[21.176991242027764,49.24307367405802],[21.17699738851664,49.24307193752049],[21.17700376406072,49.24307060109121],[21.177010308066077,49.24306967747183],[21.177016958337667,49.243069175440496],[21.17702365167057,49.24306909976863],[21.177030324450524,49.2430694511754],[21.177036913258643,49.24307022632099],[21.177043355474108,49.24307141783826],[21.177049589869338,49.243073014403],[21.177055557191853,49.2430750008412],[21.177061200727472,49.24307735827351],[21.177066466839293,49.243080064294666],[21.177112236971364,49.24310604093751],[21.1771935728293,49.24315225801946],[21.177198475449288,49.24315533494673],[21.177202889869037,49.24315871389658],[21.177206772909255,49.24316236181823],[21.177210086588225,49.24316624302989],[21.17721279849339,49.24317031956783],[21.177214882098358,49.24317455155778],[21.17721631702236,49.24317889760491],[21.177217089229657,49.24318331519874],[21.177217191166793,49.24318776112896],[21.177216621836497,49.243192191908086],[21.17721538680745,49.24319656419681],[21.17721349815983,49.24320083522794],[21.177210974367124,49.243204963224734],[21.17720784011547,49.243208907809404],[21.17646661065748,49.24403875171016],[21.17617993258052,49.244359441740585],[21.176059877197574,49.24449373953675],[21.17586187701327,49.24471522594418],[21.175861876966692,49.24471522599936],[21.17535967709318,49.24527698684954],[21.1753589356391,49.2452779158338],[21.175358943819717,49.24527792409983],[21.17541595399023,49.245281047957825],[21.175417766388247,49.24528108376558],[21.175419503991144,49.245280744512215],[21.17559906998094,49.24523874113905],[21.175600509201246,49.24523835493772],[21.17560153890835,49.245237591707394],[21.175749399924005,49.24511730991583],[21.17575036143105,49.24511644483213],[21.17575011932349,49.245115386761775],[21.17570972677154,49.244983104327765],[21.17570873887997,49.24497878871262],[21.17570839470429,49.244974430722735],[21.175708697486915,49.244970071416056],[21.175709644375065,49.24496575186295],[21.175711226447675,49.24496151275933],[21.175713428799376,49.24495739404296],[21.17571623068102,49.24495343451755],[21.175719605695107,49.24494967148701],[21.17572352204449,49.244946140403854],[21.17572794283201,49.244942874535504],[21.175732826408037,49.244939904650714],[21.175738126762884,49.24493725872958],[21.17574379396035,49.24493496170008],[21.1757497746081,49.244933035203154],[21.175756012360686,49.24493149738902],[21.175762448450467,49.24493036274569],[21.1757690222412,49.2449296419631],[21.175775671799325,49.24492934183185],[21.175944963061493,49.244927093559475],[21.175951577647638,49.244927214485266],[21.175958143745966,49.2449277516675],[21.17596460038644,49.24492870011818],[21.17597088761536,49.244930051030316],[21.175976947052156,49.24493179186004],[21.175982722431343,49.2449339064426],[21.17598816012515,49.24493637514291],[21.175993209641316,49.244939175037686],[21.175997824092065,49.24494228012813],[21.176001960629396,49.24494566158174],[21.176005580843047,49.24494928799969],[21.176008651117048,49.24495312570859],[21.176011142941938,49.244957139072916],[21.17601303317952,49.244961290826296],[21.176014304277633,49.244965542417134],[21.1760149444332,49.24496985436686],[21.176014947701855,49.24497418663648],[21.176000373871794,49.24517404207687],[21.17600037177384,49.245175081581436],[21.176000661988255,49.24517609902822],[21.176018906761882,49.24522697620332],[21.176019360794214,49.24522800940114],[21.17602099443705,49.24522811865509],[21.17611019911071,49.245231173565976],[21.176111832935792,49.24523117715343],[21.176112750101925,49.245230291925274],[21.176192375221728,49.245144712736675],[21.176196029722508,49.245141174907154],[21.17620018049485,49.24513788007481],[21.176204790080135,49.245134857973696],[21.176209816879247,49.24513213587672],[21.176215215527943,49.24512973834935],[21.176220937306294,49.24512768702796],[21.176226930578274,49.245126000424634],[21.176233141257807,49.24512469376006],[21.176239513296863,49.24512377882621],[21.176245989191226,49.24512326387979],[21.176252510499438,49.245123153567974],[21.17625901837022,49.245123448886254],[21.176265454073583,49.24512414716953],[21.176367327875397,49.24513848515168],[21.176374156649686,49.24513969013758],[21.176380759900617,49.245141348575395],[21.176387067585868,49.24514344287363],[21.176393012798272,49.245145950817616],[21.176492762736462,49.24519295877755],[21.17649409572429,49.24519352463433],[21.17649497854982,49.24519265991369],[21.176868324256088,49.24478539935182],[21.17686832436411,49.244785399227155],[21.17705036346085,49.244586819363214],[21.17713527018806,49.24449419932919],[21.17713527068203,49.244494198759696],[21.177346635451553,49.24426362346853],[21.177534469462767,49.24405871716316],[21.17795943101154,49.243595125664484],[21.17796321565492,49.24359142552755],[21.17796754083217,49.243587988678264],[21.177972364108168,49.243584848835994],[21.17797763816087,49.24358203680632],[21.1779833112456,49.243579580178526],[21.17798932770279,49.243577503054965],[21.177995628503982,49.24357582581461],[21.178002151830974,49.24357456491318],[21.178008833682387,49.24357373272152],[21.178015608501514,49.24357333740441],[21.178022409819555,49.24357338284042],[21.178029170907717,49.24357386858373],[21.178035825431913,49.2435747898686],[21.178042308103535,49.24357613765618],[21.178048555320103,49.24357789872318],[21.178054505789124,49.24358005579141],[21.178098595008127,49.243597961252966],[21.178170933583676,49.24362691790714],[21.178176475300404,49.24362938730644],[21.17818162285449,49.24363219871194],[21.178186327190538,49.24363532533134],[21.1781905434769,49.24363873736846],[21.17819423153297,49.243642402307216],[21.178197356212042,49.243646285221246],[21.178199887736298,49.24365034910707],[21.178201801980553,49.24365455523648],[21.178203080702207,49.24365886352571],[21.17820371171507,49.24366323291739],[21.178203689005514,49.24366762177188],[21.178203012789787,49.24367198826406],[21.178201689511948,49.243676290781906],[21.178199731782495,49.243680488323044],[21.178197158258165,49.24368454088541],[21.178193993464113,49.243688409848716],[21.177850199206215,49.24406347136026],[21.177850199186928,49.24406347138254],[21.177569613395406,49.244369571229925],[21.177352332895815,49.24460660402166],[21.17735233255627,49.244606604413136],[21.17726942192972,49.24469705347539],[21.177116528491695,49.2448638441134],[21.176762565287618,49.24524997571217],[21.17667762434982,49.24534263666907],[21.176676684917684,49.24534366211639],[21.176508913956923,49.24552667484478],[21.1764605453168,49.245579438863764],[21.176326575758615,49.24572558067454],[21.175190112563442,49.24696525515833],[21.175181338662846,49.24697482683864],[21.17496557483527,49.24721017591445],[21.17496481096746,49.247211111724894],[21.1749662571501,49.24721159072577],[21.17547773398125,49.24736055869938],[21.175483254255642,49.247362365166786],[21.175488504512575,49.24736448878871],[21.17549344235005,49.24736691241454],[21.17549802788917,49.247369616470614],[21.17550222409628,49.24737257911847],[21.175506045553664,49.247375532996685],[21.175507176443148,49.2473763245437],[21.17550883120881,49.24737635750008],[21.175808545114567,49.24737265567002],[21.175815423467533,49.2473727964794],[21.175822245758187,49.247373387262385],[21.175828943477708,49.247374422086544],[21.175835449368194,49.247375890560136],[21.17584169809806,49.24737777793688],[21.17584762691808,49.24738006526395],[21.17585317629153,49.24738272957224],[21.175858290492002,49.24738574410687],[21.175985405996684,49.24746858828853],[21.175989834882067,49.24747176497657],[21.175993779830332,49.247475204187275],[21.17599720473789,49.2474788744456],[21.17600007826046,49.247482742162],[21.176002374099916,49.24748677193971],[21.176004071244968,49.24749092689895],[21.17600515416347,49.24749516901411],[21.176005612944575,49.24749945946214],[21.17600544338944,49.24750375897754],[21.175990976267606,49.247632100919546],[21.17597923296131,49.2477362471337],[21.175979192810875,49.24773734269333],[21.17598023463661,49.24773820045481],[21.17658229480141,49.248186254794966],[21.176587538047855,49.248190685756796],[21.176884518391663,49.24847687221206],[21.17688543558067,49.24847767615236],[21.176886552709217,49.24847835729362],[21.17706998117811,49.248580629807705],[21.177071335940454,49.24858131126284],[21.177072990238422,49.24858159072903],[21.177257900390423,49.24860640833017],[21.17726800296126,49.24860776423368],[21.17727418299275,49.24860879148303],[21.177280190857257,49.248610189529515],[21.177285974765958,49.24861194632165],[21.17729148486054,49.24861404671568],[21.177296673643,49.248616472605846],[21.177301496385102,49.24861920308046],[21.17730591151389,49.24862221460248],[21.17730988097011,49.248625481211924],[21.17731856674498,49.248633353169616],[21.177319691692823,49.24863426735928],[21.177321083370217,49.24863500767112],[21.177358686980327,49.24865294852658],[21.177444772263595,49.248694020497446],[21.17745002820617,49.24869679717154],[21.177454842109658,49.24869989839601],[21.177991927259512,49.249081704613545],[21.177993034013657,49.24908241926755],[21.17799393802813,49.249081591355086],[21.17806723093116,49.24900715836922],[21.179475574806254,49.24757685345116],[21.180000752288045,49.24704345845894],[21.180001543025693,49.247042566291555],[21.180001194810416,49.247041560318806],[21.179977810219206,49.246986165927424],[21.17997608337592,49.24698083584221],[21.17997375410855,49.24697063362656],[21.17997375377986,49.24697063239698],[21.179947664277577,49.24685638169729],[21.17994734185081,49.246855324702466],[21.179946182025688,49.24685455968194],[21.179905166291,49.24683002004593],[21.179900422272993,49.24682688864679],[21.179896169741454,49.24682346800377],[21.17989244962087,49.246819791035726],[21.179889297712016,49.24681589312821],[21.17988674434741,49.24681181179307],[21.179884814099402,49.24680758630742],[21.179883525543733,49.24680325733551],[21.17988289108074,49.24679886653743],[21.17988291681607,49.24679445616848],[21.179883602501846,49.246790068672084],[21.179884941539193,49.24678574627165],[21.179886921041604,49.24678153056395],[21.179889521959073,49.2467774621193],[21.17989271926136,49.2467735800905],[21.179896482178904,49.246769921836474],[21.17990077449895,49.2467665225627],[21.179905554914022,49.2467634149822],[21.17991077741947,49.24676062900093],[21.17991639175616,49.24675819143001],[21.17992234389423,49.24675612572745],[21.179928576552953,49.24675445177267],[21.179935029752016,49.246753185675],[21.179941641388773,49.246752339618844],[21.179948347835825,49.24675192174624],[21.179955084553388,49.246751936078624],[21.179961786710372,49.246752382478036],[21.179968389808266,49.24675325664849],[21.17999498906492,49.24675767714493],[21.179994990283475,49.2467576773262],[21.18008618321168,49.246772831345936],[21.180092523102076,49.24677410104231],[21.180098646425805,49.24677576506684],[21.180104496109305,49.246777807909695],[21.180110017629545,49.2467802105302],[21.180115159522156,49.24678295053431],[21.180119873861138,49.246786002383296],[21.18012411670554,49.24678933763186],[21.18012784850908,49.24679292519319],[21.18013103448867,49.24679673162876],[21.180133644948654,49.24680072146001],[21.180171915755796,49.246868018259974],[21.180172509594307,49.24686892635769],[21.180173387102986,49.246868122769946],[21.180933171095877,49.24609642220442],[21.180933171096473,49.24609642220462],[21.18093317110837,49.2460964221917],[21.181714271044875,49.245303041824954],[21.181715082466276,49.24530212470571],[21.18171528242,49.24530158956005],[21.181716258726105,49.245298334053224],[21.181718194228434,49.245294116443795],[21.181720750715762,49.24529004304369],[21.18172390365844,49.2452861529372],[21.181727622803837,49.245282483449834],[21.181731872466635,49.24527906979043],[21.18173661187122,49.245275944712944],[21.18174179554294,49.24527313820257],[21.181743258313627,49.245272492851164],[21.181745171480724,49.24527155064358],[21.181746173843525,49.245270637258216],[21.181760802160547,49.24525577891657],[21.181764816827943,49.245252118047745],[21.181769371141524,49.24524873871556],[21.18177441933759,49.24524567487697],[21.181779910689688,49.245242957318666],[21.181785790018424,49.24524061334778],[21.181791998245846,49.245238666517444],[21.181798472989147,49.245237136390244],[21.181805149187472,49.24523603834153],[21.181811959755674,49.24523538340487],[21.18181883625842,49.2452351781614],[21.181825709597852,49.24523542467347],[21.181832510707867,49.24523612046403],[21.1818391712482,49.24523725854144],[21.181845624291018,49.24523882746991],[21.181851804993535,49.245240811484244],[21.181857651249505,49.245243190648154],[21.181863104313322,49.24524594105486],[21.181979456649135,49.245310963157955],[21.181984265528005,49.24531392362407],[21.181988618024683,49.245317172699565],[21.181992473921785,49.245320680362795],[21.18199579759047,49.245324414202805],[21.181998558319755,49.24532833971863],[21.182000730600162,49.24533242063835],[21.182002294359556,49.24533661925388],[21.182003235148535,49.24534089676981],[21.18200354427399,49.245345213661594],[21.182003218879416,49.2453495300409],[21.182002261971316,49.24535380602395],[21.182000682391447,49.245358002100424],[21.181998494735073,49.24536207949829],[21.18199571921619,49.24536600054196],[21.18199238148066,49.24536972900071],[21.181964145124663,49.24539805558626],[21.18196330339213,49.245398997747856],[21.181962987430374,49.24539985985303],[21.181962244065655,49.24540243695513],[21.181960351219786,49.245406670005245],[21.18195783391974,49.2454107612526],[21.181954716394248,49.24541467131921],[21.18195102864919,49.24541836257087],[21.181946806178832,49.24542179947946],[21.18194208962413,49.24542494896489],[21.181936924381628,49.2454277807135],[21.181933825981623,49.24542916544902],[21.181932650456993,49.24542974842225],[21.181931667285607,49.24543063608641],[21.181250922648836,49.246113539920714],[21.181250922610552,49.24611353996127],[21.180674295437754,49.24669197965833],[21.18054375326231,49.24682292888354],[21.180508283621748,49.24685850907948],[21.18050088743403,49.24686592896264],[21.179894409552,49.247474289877786],[21.17969323318151,49.24767608623073],[21.17843239856006,49.24894076383995],[21.1782672448307,49.24910641527689],[21.178266419637097,49.24910734050922],[21.17826766587326,49.24910803497344],[21.178437381601405,49.249193449533564],[21.17846963524398,49.24920968345523],[21.17847093338857,49.24921027374085],[21.17847186496618,49.24920943784776],[21.179922090853324,49.2477664439557],[21.180524231977216,49.24716727420721],[21.180955370741174,49.24673825481012],[21.1809553708594,49.24673825468588],[21.18154586699529,49.24615064242309],[21.182128092900903,49.24557124664497],[21.18212894764633,49.24557029689131],[21.18212917580155,49.24556967497049],[21.18213005389995,49.24556661905839],[21.182131945932547,49.24556237910652],[21.182134464359976,49.24555828117558],[21.182137584871203,49.24555436482375],[21.18214127734316,49.24555066785631],[21.182145506131548,49.245547225960905],[21.18215023041495,49.24554407236277],[21.18215540458885,49.24554123750419],[21.182159935548842,49.245539214503516],[21.182160430202,49.24553896981585],[21.182161410973283,49.245538090478185],[21.182161627414267,49.245537875078554],[21.182165565098288,49.245534343241275],[21.182170008216783,49.2455310785444],[21.182174914740454,49.24552811187011],[21.18218023825652,49.24552547128122],[21.182185928407726,49.24552318175606],[21.18219193136868,49.24552126495224],[21.182198190355063,49.24551973900146],[21.182204646160685,49.24551861833828],[21.18221123771761,49.245517913563496],[21.18221790267379,49.24551763134384],[21.182224577982865,49.24551777434899],[21.18223120050052,49.24551834122606],[21.18223770758185,49.245519326612865],[21.182244037673886,49.24552072118826],[21.182250130897827,49.245522511760335],[21.182255929615536,49.24552468139147],[21.18226137897463,49.24552720955826],[21.1822664274275,49.245530072345765],[21.18227102721879,49.2455332426738],[21.18234109825355,49.2455865012158],[21.182345274353203,49.24559001283846],[21.18234889967931,49.24559377757087],[21.182351938706606,49.24559775852178],[21.18235436165503,49.24560191668125],[21.18235614478153,49.245606211302764],[21.182357270612798,49.2456106003026],[21.18235772811646,49.24561504067224],[21.18235751280916,49.245619488899635],[21.182356626800566,49.24562390139595],[21.182355078772652,49.245628234922236],[21.18235288389466,49.24563244701355],[21.18235006367444,49.24563649639486],[21.1823466457477,49.245640343385496],[21.182316880563384,49.24567032505143],[21.182316020640936,49.24567129470919],[21.182315871533767,49.2456717229403],[21.182314948524816,49.24567518481986],[21.182313133080264,49.245679455279046],[21.182310684105353,49.24568358793456],[21.182307625407528,49.245687542610945],[21.182303986721653,49.24569128086297],[21.182299803420943,49.24569476634935],[21.1822951161731,49.245697965186125],[21.182289970544936,49.245700846275845],[21.18228441655945,49.245703381610134],[21.182283982401756,49.245703559641626],[21.18228302222792,49.245704431536275],[21.181803510915145,49.246187427998294],[21.18180351087407,49.24618742804196],[21.181398527521953,49.2465953470172],[21.181161078915363,49.24683451287577],[21.181161078876972,49.24683451291658],[21.18014581597219,49.24785708928534],[21.178721671053275,49.249291402698574],[21.17872167032801,49.24929140347097],[21.178692707945235,49.249320572897766],[21.17869189070999,49.24932149094211],[21.178692731283867,49.24932239992756],[21.178887024138604,49.24951110109329],[21.17889048881881,49.24951484771582],[21.17889338019009,49.24951879725064],[21.178895670813315,49.249522912216904],[21.178897338950424,49.24952715356365],[21.178898368770696,49.24953148104073],[21.178898750501,49.24953585358051],[21.17889848051856,49.24954022968776],[21.17889756138534,49.24954456783338],[21.17889600182372,49.24954882684843],[21.178893816633735,49.24955296631503],[21.17889102655263,49.24955694694972],[21.17888765805807,49.24956073097634],[21.17885162585102,49.24959702089363],[21.178850790782597,49.249597962177326],[21.178851834862684,49.24959880934602],[21.178855769120805,49.249601692600855],[21.178862696957356,49.24960676910837],[21.17894244023827,49.24966520908989],[21.179233101184227,49.24987821399371],[21.17923713860423,49.249881465864405],[21.17929251887603,49.24993058167709],[21.179293497953207,49.249931367738455],[21.179294406274668,49.249930546080094],[21.179372497800475,49.24985222044133],[21.17959443394396,49.24962961740809],[21.17959913355961,49.2496249040272],[21.17981975019022,49.24940362187037],[21.179934378535208,49.249288648326434],[21.179934378717004,49.249288648134126],[21.18037390093577,49.248847791692626],[21.181014820170322,49.24820464945641],[21.181195172010618,49.24802366706531],[21.182436996812857,49.24677746646652],[21.18243772578613,49.246776749987404],[21.182721310156047,49.246503726278284],[21.182721311228327,49.24650372519004],[21.182735647854827,49.246489921584754],[21.182856949407487,49.246373136004344],[21.182856949612585,49.24637313579623],[21.182948002073935,49.24628547170715],[21.18294885814507,49.246284555272375],[21.182949053702608,49.24628377460352],[21.182950464970787,49.24627947177007],[21.18295251206831,49.246275279886284],[21.182955175379348,49.246271239119615],[21.182958429383376,49.24626738818946],[21.182962242899787,49.246263763996105],[21.182966579386626,49.246260401267335],[21.18297139729078,49.24625733222541],[21.18297665044611,49.24625458627845],[21.182982288515852,49.24625218973861],[21.182982586348192,49.24625207630474],[21.182983602158416,49.24625119563383],[21.182997135958157,49.246238164846304],[21.18303729777957,49.24619949917358],[21.183041282518214,49.246196034838164],[21.183045758557636,49.24619283796962],[21.18305068424947,49.2461899383139],[21.183056013761494,49.246187362851444],[21.183061697504122,49.246185135546256],[21.183067682591712,49.24618327712266],[21.183073913334773,49.24618180487281],[21.183080331758045,49.24618073249557],[21.183086878139978,49.24618006996905],[21.183093491568425,49.24617982345791],[21.183100110507365,49.246179995255766],[21.18310667336957,49.24618058376422],[21.1831131190895,49.24618158350725],[21.18311938769165,49.24618298518269],[21.183125420848505,49.246184775748205],[21.18313116242327,49.246186938543204],[21.183136558992235,49.24618945344352],[21.183141560341838,49.24619229704864],[21.183146119935902,49.24619544289972],[21.18315019534862,49.246198861725496],[21.183178270660317,49.24622491324107],[21.183181915203082,49.24622867837143],[21.183184972331226,49.24623266127314],[21.183187411992414,49.24623682279352],[21.18318921020412,49.24624112202394],[21.183190349289386,49.24624551670212],[21.183190818050573,49.24624996362735],[21.183190611879503,49.246254419085474],[21.183189732802685,49.246258839278376],[21.183188189461454,49.246263180754596],[21.183185997027056,49.24626740083642],[21.183183177051426,49.246271458039544],[21.183179757255413,49.24627531248075],[21.18316191092339,49.24629330926024],[21.183161910105078,49.24629331013238],[21.183116207443465,49.246339400291745],[21.183100349122462,49.24635539255098],[21.183098293891007,49.246357465088344],[21.183097455036645,49.24635841212635],[21.18309837352142,49.246359326950056],[21.183120283805675,49.246378925889985],[21.18312315229676,49.24638116910598],[21.183176839271912,49.246417987852965],[21.183176844613225,49.24641799151626],[21.18318503174017,49.24642360711753],[21.1832959611888,49.24649968446477],[21.183296536409568,49.24650006961325],[21.183476371165213,49.24661762901166],[21.18347731273901,49.24661822154186],[21.18361658214653,49.24670258604434],[21.183621351528892,49.24670577717952],[21.18362561394069,49.246709262270286],[21.18362932734758,49.24671300694807],[21.183632455129295,49.24671697428436],[21.183634966440753,49.246721125154856],[21.18363683651622,49.24672541862529],[21.183638046913565,49.246729812355106],[21.183638585696155,49.24673426301507],[21.183638447550535,49.246738726714426],[21.183637633838874,49.246743159433976],[21.183636152585482,49.2467475174598],[21.1836340183978,49.24675175781475],[21.183631252322186,49.24675583868197],[21.18362788163651,49.24675971981751],[21.183532206121715,49.246858162552414],[21.183528322111243,49.24686175723801],[21.183523919617425,49.24686508594926],[21.1835190408681,49.24686811675773],[21.183513732659314,49.24687082059251],[21.183508045906436,49.24687317151885],[21.183502035155815,49.24687514698702],[21.183495758061493,49.24687672804872],[21.18348927483231,49.2468778995386],[21.183482647654305,49.24687865022],[21.183475940094272,49.24687897289242],[21.183469216490025,49.2468788644609],[21.183462541333267,49.2468783259655],[21.183455978651008,49.24687736257137],[21.183449591391366,49.24687598351917],[21.183443440819897,49.246874202036615],[21.183437585931816,49.24687203521138],[21.183432082886174,49.24686950382725],[21.183426984467207,49.24686663216486],[21.183234827857657,49.24674719469947],[21.183233591587296,49.24674649835745],[21.183232069371243,49.246746881528495],[21.182999175321687,49.24681424870023],[21.182992806326478,49.246815848487934],[21.182986226312703,49.24681702669661],[21.182979500210358,49.24681777170002],[21.182972694391033,49.246818076146596],[21.18296587601296,49.24681793703226],[21.18295911235828,49.24681735572961],[21.182952470169134,49.2468163379749],[21.182946014989074,49.24681489381101],[21.182939810516256,49.246813037488685],[21.182933917974914,49.24681078732559],[21.18292839551121,49.246808165525906],[21.182923297619393,49.246805197960796],[21.182918674604174,49.24680191391355],[21.182914572084226,49.24679834579034],[21.182911030542087,49.24679452880049],[21.18290808492469,49.24679050060911],[21.182905764298507,49.24678630096544],[21.182904091562733,49.24678197131043],[21.182903083223323,49.24677755436809],[21.18290274923013,49.246773093723554],[21.182903092878732,49.246768633393394],[21.182941813522582,49.24651620080123],[21.18294188501102,49.246515278792835],[21.182941059736077,49.24651602737478],[21.18270857580826,49.2467504745475],[21.182290324200487,49.24717224844906],[21.181216386699663,49.248271868595324],[21.18086539374165,49.24863124305677],[21.180798025229592,49.248700219315],[21.180619986136758,49.248883175499195],[21.18028538506346,49.24922701226902],[21.18023600809207,49.24927775134065],[21.179889357248108,49.24963396231859],[21.179884767189744,49.24963867936987],[21.179820412530557,49.24970480972333],[21.179526620610293,49.25000670105079],[21.17950635714372,49.25002752170842],[21.179458854464883,49.250076333589696],[21.17945803060907,49.25007728188899],[21.179458951849774,49.250078190977625],[21.179578395864773,49.25018412452447],[21.179579517767657,49.2501850181186],[21.179581096162458,49.25018553798512],[21.179634264959684,49.25020083401795],[21.17994521691232,49.25029028655125],[21.17995136688663,49.250292301962666],[21.180619658504195,49.250539440591396],[21.180624832255734,49.25054155762325],[21.180629698569977,49.25054396689382],[21.180877956244185,49.25067863109582],[21.180879220751695,49.25067925167866],[21.180880060592806,49.25067837527639],[21.181722616828658,49.249696037590205],[21.181726676919435,49.24969130416957],[21.182282520395013,49.24904322024765],[21.182282520973065,49.249043219532496],[21.18230039960833,49.24902237280142],[21.18230374564679,49.249018860517225],[21.182307570955047,49.24901556458582],[21.182311843105452,49.24901251294708],[21.18231652588253,49.24900973147012],[21.18232157958988,49.24900724373373],[21.182326961386693,49.24900507082667],[21.182332625650982,49.24900323116889],[21.182338524366227,49.24900174035534],[21.182528863731473,49.24896011757665],[21.18252886445874,49.24896011740407],[21.182624276226708,49.24893925214752],[21.1826883810049,49.24892523873253],[21.182694995725985,49.24892402974346],[21.182701761822265,49.24892325929842],[21.18270861163011,49.24892293510216],[21.182715476648756,49.24892306039672],[21.18272228822532,49.24892363392925],[21.182728978241357,49.24892464996407],[21.18273547979404,49.24892609834049],[21.182741727865267,49.24892796457411],[21.182747659971852,49.24893023000194],[21.18275321679029,49.24893287196873],[21.18275834275014,49.248935864053784],[21.18276298658968,49.2489391763351],[21.182767101868528,49.24894277568849],[21.18277064743213,49.2489466261189],[21.18277358782328,49.248950689120576],[21.182775893636705,49.248954924061785],[21.182777541813167,49.2489592885914],[21.18277851587004,49.248963739062276],[21.182778806066175,49.248968230967876],[21.1827784094993,49.248972719387254],[21.18277733013507,49.24897715943437],[21.182775578767433,49.24898150670684],[21.18277317291059,49.24898571773005],[21.182770136624004,49.24898975039197],[21.18216199018884,49.249704883283094],[21.18215796441937,49.24970961780979],[21.18113799860182,49.250908965216794],[21.181137284861634,49.250909908460514],[21.181138058101777,49.25091083138763],[21.181162031282227,49.25093644334707],[21.181162752906413,49.25093715238176],[21.181163554642318,49.25093782352463],[21.18152116202526,49.25121482435537],[21.181522158251337,49.251215532046345],[21.18152332052028,49.25121611551345],[21.181999769851828,49.25143484734414],[21.18200118277019,49.251435430514945],[21.18200279334502,49.25143572033994],[21.18331776306158,49.25162750115671],[21.183459948902875,49.251648237405085],[21.183536788879934,49.25165944273253],[21.183538440644412,49.251659627546836],[21.18354008354549,49.25165884486094],[21.183545950451986,49.251656339085464],[21.183552176771638,49.25165423756818],[21.183558697726756,49.25165256217289],[21.183565445474343,49.25165133033018],[21.183572349811925,49.251650554856],[21.183579338907855,49.25165024381816],[21.183586340048716,49.25165040045267],[21.18359328039579,49.25165102312998],[21.18360008774282,49.25165210537183],[21.18360669126724,49.25165363591868],[21.18366430699257,49.251669197284684],[21.183690009521143,49.25167613893907],[21.184110588238838,49.25178972924497],[21.18424368439602,49.25182567600044],[21.184598681830824,49.251921551961566],[21.1846026948765,49.25192245013949],[21.18480630916894,49.25195899348395],[21.184999028732232,49.251993579795716],[21.185097998247524,49.2520113414221],[21.185104204212237,49.25201266571763],[21.185110190094544,49.25201436969673],[21.185115901825373,49.252016437967754],[21.185251820726048,49.25207133282175],[21.185370703842942,49.252119344391815],[21.185528159248992,49.25218293516968],[21.185532373047405,49.252184383022644],[21.185982049133212,49.25231369824979],[21.185982697307207,49.252313879474414],[21.18668656914707,49.25250510683197],[21.186693300232943,49.25250722320635],[21.186699640537725,49.25250980542508],[21.186705515111726,49.252512822963546],[21.186710854510657,49.25251624015093],[21.186799297436192,49.252579354489875],[21.186800451697408,49.252580099528785],[21.186801425920613,49.252579251420265],[21.18732634213406,49.25207113741619],[21.187326342464214,49.25207113707875],[21.187355601927184,49.252042813279665],[21.188568105355404,49.25086907177118],[21.188568929381372,49.250868184567516],[21.18856768418466,49.25086754139772],[21.188320883200824,49.25075226954449],[21.187733149228887,49.2504777574407],[21.18754638671185,49.25039052486418],[21.187416239592274,49.25032973557669],[21.187411610792285,49.25032737176343],[21.18740730728902,49.25032475780092],[21.187149395302313,49.250154103623146],[21.187047929104413,49.25008696590028],[21.186881261441826,49.249976683346254],[21.18683514071645,49.249946166094894],[21.18683005363319,49.24994240046532],[21.186825640524468,49.24993828659814],[21.18682195656397,49.24993387592603],[21.186763270758966,49.24985320040024],[21.18675965353346,49.24984822861314],[21.1867428470205,49.249825121592266],[21.186511894435274,49.24950762284734],[21.186509264261773,49.24950348809969],[21.186507275591403,49.24949920254883],[21.18650594816151,49.249494808728706],[21.186505295146656,49.24949035024791],[21.186505323027795,49.249485871356775],[21.186506031528033,49.24948141650815],[21.18650741361535,49.24947702991627],[21.186509455572384,49.24947275511798],[21.18651213713263,49.249468634540484],[21.186515431681542,49.249464709080335],[21.186519306520708,49.24946101769756],[21.186523723192387,49.2494575970291],[21.186528637861194,49.24945448102479],[21.186633486332063,49.24939433331441],[21.186638624545058,49.249391658789776],[21.18664412935262,49.24938931763776],[21.186649950459042,49.24938733124874],[21.18665603467872,49.249385717771666],[21.186662326422084,49.249384491948454],[21.1866687682035,49.24938366497893],[21.186675301166495,49.249383244418915],[21.1866818656215,49.24938323411093],[21.18668840159125,49.24938363414913],[21.186694849358688,49.24938444087858],[21.18670115001265,49.24938564692833],[21.18670724598609,49.249387241279095],[21.186713081582067,49.24938920936395],[21.18671860348257,49.249391533201006],[21.186723761235733,49.24939419155818],[21.186728507716733,49.24939716014684],[21.18673279955844,49.249400411844015],[21.18693065475459,49.24956566385361],[21.186931354806216,49.24956625871174],[21.1870174924138,49.24964073093571],[21.18701843720026,49.24964147826022],[21.187019560560486,49.249642105311224],[21.187261545387347,49.24976583843407],[21.18726338011891,49.249766714196426],[21.18727712833227,49.2497728311513],[21.18727855704737,49.2497734012565],[21.187280228418416,49.24977334986225],[21.18847577075933,49.24969760916548],[21.188482512421274,49.24969740014824],[21.18848925286763,49.24969762534042],[21.188495926998794,49.24969828256721],[21.188502470355566,49.249699365480986],[21.188508819741845,49.24970086362299],[21.188514913834805,49.24970276252396],[21.188520693777306,49.24970504384426],[21.18852610374625,49.24970768555075],[21.188531091491743,49.24971066212967],[21.188535608841725,49.24971394483303],[21.18878133856969,49.24991119912367],[21.188787637657025,49.2499162553951],[21.188875460064928,49.249986752232836],[21.188876575148072,49.24998756135166],[21.18887821829366,49.249987386742376],[21.18927717572677,49.249931498390524],[21.189305560227133,49.24992752209193],[21.189774397765884,49.24986184193655],[21.189776245796107,49.24986151119755],[21.189778025719956,49.249861047218104],[21.1905592521155,49.24962339804197],[21.190616304408774,49.249606042607645],[21.19061773091245,49.24960555301957],[21.19061824051305,49.24960455278349],[21.19082048320324,49.249133592751],[21.19082257837922,49.249129484566225],[21.190825267681475,49.24912552742585],[21.190828526151456,49.249121758054585],[21.190832323548307,49.24911821143464],[21.1908366246297,49.24911492048085],[21.190841389478766,49.24911191573544],[21.190846573874605,49.24910922508426],[21.190852129702716,49.24910687349835],[21.190858005401445,49.24910488280177],[21.1908641464406,49.24910327146953],[21.190897050400523,49.24909582065452],[21.19089846746852,49.24909545277518],[21.19089982895288,49.24909500386179],[21.19101663904791,49.24905211983991],[21.19101805255489,49.24905153957584],[21.191019148606802,49.24905071608928],[21.191128810878407,49.24895968150398],[21.191132610487543,49.24895678872338],[21.191136771059107,49.24895411724927],[21.191141262632037,49.248951686319394],[21.191292651392406,49.248876596697336],[21.191296766312906,49.24887470676158],[21.19136745601261,49.24884470531304],[21.19151009172261,49.248784170163916],[21.19151876739558,49.24878104513706],[21.19181408030646,49.24869217972093],[21.19181691350526,49.2486912203466],[21.192129280082806,49.24857309033467],[21.192130256059095,49.24857272816798],[21.192407702602704,49.24847172363259],[21.192412458801574,49.24847014712604],[21.19256480682278,49.248424422488554],[21.192571952873497,49.248422586707896],[21.192579367245422,49.24842128451435],[21.19271972870603,49.24840206497672],[21.1927215446499,49.24840178238352],[21.192786610429952,49.24839042517961],[21.192788056929903,49.248390121546315],[21.192786757435755,49.24838960657181],[21.19190161751415,49.24807707663693],[21.191901306493868,49.24807696816346],[21.1907407961048,49.24767720348099],[21.19073535138941,49.24767511330643],[21.189866026092677,49.24730522216474],[21.189864870754505,49.247304771764526],[21.189863665026863,49.24730438206017],[21.188985875934296,49.247048198080186],[21.188984419230703,49.24704782417192],[21.188982916474753,49.247047538876],[21.1887899038708,49.247017078736356],[21.18878523770655,49.24701656222474],[21.18763170229066,49.24694196871782],[21.187624849437473,49.246941295539955],[21.187618135100255,49.24694017365632],[21.18761162764631,49.246938614490226],[21.187605393336394,49.246936633917564],[21.18759949564997,49.24693425210511],[21.187593994638913,49.24693149330508],[21.18758894631601,49.24692838560843],[21.187584402084585,49.246924960658546],[21.187580408215208,49.24692125332924],[21.18757700537439,49.24691730136957],[21.18757422821067,49.246913145019484],[21.187572105001724,49.24690882660002],[21.187570657366464,49.24690439008256],[21.18756990004491,49.24689988064085],[21.187569840748132,49.24689534419119],[21.1875704800797,49.24689082692494],[21.187571503267502,49.24688617022751],[21.187571660548905,49.2468850693369],[21.18757119499069,49.24688359889657],[21.18757067257797,49.246882284235525],[21.187569623281032,49.24687792595401],[21.187569231565913,49.24687352132545],[21.18756950120502,49.24686911277062],[21.187570429601294,49.24686474274796],[21.18757200781325,49.246860453344866],[21.187574220641086,49.24685628587229],[21.18757704677304,49.24685228046686],[21.187578669543385,49.24685047101156],[21.187579492487654,49.24684944333005],[21.18757980724413,49.246848380229636],[21.187583323112513,49.24683238161837],[21.187601317497663,49.24675048070683],[21.18760261580417,49.246746116036256],[21.187604566352075,49.24674185667906],[21.187607150060042,49.24673774430215],[21.187610341652924,49.246733819134825],[21.187614109908974,49.24673011957482],[21.18761841796526,49.246726681812845],[21.187623223678347,49.24672353947871],[21.187628480036487,49.24672072331208],[21.18763413561958,49.24671826086198],[21.187640135102146,49.24671617621721],[21.187646419794525,49.24671448977069],[21.187652928217044,49.24671321801993],[21.187659596701437,49.2467123734058],[21.18766636001364,49.246711964190716],[21.187673151991945,49.246711994377776],[21.18767990619422,49.24671246367166],[21.18848964135536,49.24679540643936],[21.18849546568371,49.246796173300886],[21.18850116697608,49.246797266856056],[21.188506702562883,49.24679867892059],[21.188512031014707,49.246800398926275],[21.188839242720764,49.24691780210411],[21.188841123362362,49.24691838245029],[21.188843097737536,49.24691880898226],[21.189020759839835,49.2469494842645],[21.189027656164534,49.24695093359231],[21.189946635413673,49.247179710913564],[21.189953164515426,49.24718159595116],[21.189959359578722,49.2471839143672],[21.19083354631758,49.247551775117785],[21.190836253251362,49.24755280314544],[21.192008668198415,49.24795243630451],[21.192012135010476,49.24795370268109],[21.192763235536574,49.248247016068724],[21.192766387098462,49.24824832405108],[21.19290409645059,49.24830897209027],[21.19295360055229,49.248330773539045],[21.192955003218195,49.24833132767519],[21.19295640853421,49.248330776424226],[21.192970060297522,49.24832480489902],[21.192973519856203,49.24832307404645],[21.19314868831101,49.24822329284465],[21.19314980485905,49.248222592322335],[21.19314848674721,49.2482220627829],[21.19297432536852,49.24815943036329],[21.1929688387684,49.24815723223376],[21.19265550343781,49.24801808832227],[21.192653025364468,49.24801708567039],[21.192282692088213,49.24788111239575],[21.192281723138326,49.247880769883366],[21.19194628139462,49.24776670417124],[21.191943498946095,49.24776585911985],[21.191902645764223,49.2477548759468],[21.191896453531793,49.24775296994243],[21.19189058176561,49.24775066998453],[21.19188508875911,49.247747998906405],[21.1918800290455,49.24774498322598],[21.191875452856326,49.2477416528822],[21.191871405622777,49.24773804093786],[21.19186792752468,49.2477341832515],[21.191865053091615,49.247730118121275],[21.191862810860094,49.24772588590477],[21.191861223090257,49.24772152861841],[21.19186030554491,49.2477170895202],[21.191860067333025,49.247712612680324],[21.191860510819335,49.24770814254379],[21.191861631600847,49.2477037234889],[21.191863418550543,49.247699399386825],[21.192229060518624,49.24696241725785],[21.192229060541486,49.2469624172076],[21.192331278345176,49.246756383697544],[21.192331664223083,49.24675562872425],[21.192724328263136,49.24600938868245],[21.19272478494988,49.2460083578897],[21.192723496359015,49.2460076943951],[21.19256162920954,49.245932518606885],[21.192559308399925,49.24593139196546],[21.192401749291975,49.245851487231455],[21.192395294395826,49.245847767830305],[21.192286241048773,49.24577651679453],[21.192285365821824,49.24577596484786],[21.192170094671404,49.24570580300611],[21.192164881318995,49.245702262552435],[21.19216028980403,49.24569837049278],[21.192096540120883,49.245637746640064],[21.192093336498587,49.24563439327714],[21.192090595455795,49.24563086854989],[21.192055994349438,49.24558107059834],[21.192055144056706,49.24557979481547],[21.19202023900527,49.24552512964124],[21.192017077448643,49.2455189555985],[21.19198915980533,49.245447669926186],[21.19198846375802,49.245446125034846],[21.19193984559132,49.24535093049383],[21.191938236357714,49.245348331713245],[21.19188614346994,49.245277300000595],[21.191884835953186,49.24527568833129],[21.19183386335194,49.24521858414883],[21.191832997983237,49.24521771071434],[21.191831900558398,49.2452169572846],[21.191754931450294,49.245168814567066],[21.191753664198462,49.24516809624322],[21.191752295701978,49.24516746251862],[21.191681105603877,49.24513780896491],[21.19167951744465,49.245137222817625],[21.191677843024394,49.24513675065501],[21.191570905576924,49.2451109254022],[21.19157090474771,49.24511092521641],[21.191436251318045,49.245078407638275],[21.19143379903273,49.2450777802101],[21.191329007691103,49.24504944098542],[21.191321787446125,49.245047156709404],[21.19131502317558,49.24504433693553],[21.19123370197371,49.24500589137081],[21.191227865186445,49.245002800592104],[21.19122257859382,49.24499931115702],[21.191217905374984,49.24499546476725],[21.1911677134765,49.24494916826463],[21.191163087789526,49.24494426302311],[21.19112376960623,49.24489588014726],[21.19112129662274,49.244892505268346],[21.191119261020866,49.24488900740268],[21.191085124822816,49.24482210190076],[21.19108435555114,49.244820741862114],[21.19104766009501,49.244761781544824],[21.191046899968324,49.244760722248614],[21.191045975164812,49.244759720662486],[21.190998937902894,49.244714318230656],[21.19099797380075,49.24471347606174],[21.190996688778206,49.24471284371559],[21.190912556859107,49.24467537363359],[21.190908554304567,49.24467383934513],[21.1907692351476,49.24462841876784],[21.19076771934484,49.2446279544213],[21.190637106505427,49.24459045550065],[21.19063198947354,49.24458881752079],[21.190515407896683,49.24454749231648],[21.19050846399281,49.244544668651685],[21.190297699740697,49.24444712328977],[21.190230283453435,49.24441592316204],[21.190229042642912,49.24441533522062],[21.190070256560855,49.24433831514963],[21.190068843764593,49.24433769849562],[21.190067344590233,49.24433717653302],[21.190009204965847,49.24431929706163],[21.190007648447846,49.244318877691256],[21.190006726887322,49.24431894619837],[21.190006716176963,49.24431894687968],[21.18995169395173,49.24432547503889],[21.189945986352367,49.24432599138007],[21.189940232729214,49.244326192633366],[21.189934473590224,49.244326077381814],[21.189370287978683,49.24429924072181],[21.189369483557687,49.24429920866484],[21.189156821991542,49.24429237279652],[21.189107278898028,49.244290780167624],[21.189104400384267,49.24429064789109],[21.189011925527883,49.24428511782393],[21.188958138566733,49.24428190083204],[21.188958137942112,49.244281900804914],[21.188807084831037,49.24427286711168],[21.18880349343801,49.24427258972449],[21.188638264055943,49.244256929726994],[21.18863177827352,49.244256104746675],[21.18862544361071,49.244254875494896],[21.188619318710813,49.244253253351395],[21.18861346027523,49.24425125333329],[21.18829482932272,49.24412936620037],[21.188290138563396,49.24412740056252],[21.188285706528166,49.244125192517004],[21.188189411529752,49.244073049063864],[21.188185556411838,49.24407124018989],[21.18818055339181,49.24406922011361],[21.188037969066368,49.24401163246225],[21.188036573523565,49.24401112601891],[21.18803511202847,49.2440107068352],[21.187640603797824,49.2439116275999],[21.18763962980527,49.243911393971786],[21.18736587171564,49.24384878271807],[21.187365871299555,49.243848782630394],[21.187289761939862,49.24383137585536],[21.187285458783283,49.24383028414278],[21.18701143088412,49.24375373323724],[21.187004404898246,49.24375145168416],[21.186762739094032,49.24366136912332],[21.186754706130937,49.24365786350517],[21.1861752289981,49.24336445748818],[21.18592637867454,49.2432402564152],[21.18592438181889,49.24323933154926],[21.185869499882024,49.24321578749014],[21.185552410246608,49.2430797538901],[21.185550866498495,49.243079129159455],[21.18553988164262,49.243074942372054],[21.185539879216876,49.24307494149815],[21.185419369265162,49.24302901413899],[21.185418801772098,49.243028802567586],[21.185221675253754,49.2429569268804],[21.18521714147338,49.24295512005706],[21.18514484290738,49.24292373767546],[21.18512976287542,49.24291719082335],[21.185129278430356,49.242917001916105],[21.185128375510306,49.242916635939025],[21.185127755743625,49.242916608886404],[21.185122696507186,49.242916590570466],[21.185116060114975,49.242916142647005],[21.185109521436384,49.242915275180835],[21.185103142194507,49.24291399636073],[21.18509698260742,49.24291231825822],[21.185091100819648,49.2429102567141],[21.185085552353417,49.24290783118872],[21.18508038958445,49.242905064578295],[21.185075661247584,49.24290198299873],[21.185071411976757,49.24289861553916],[21.185067681883623,49.24289499398734],[21.185064506178943,49.24289115252953],[21.185061914840222,49.2428871274279],[21.18505993232872,49.242882956678066],[21.18503011791083,49.24280749080625],[21.185029836674953,49.24280675328199],[21.18494731467221,49.24258228532587],[21.184947129103016,49.24258180398255],[21.18485125703409,49.242344210558535],[21.18478338594078,49.24217539968225],[21.184783226616783,49.24217499580398],[21.184780269270927,49.242167352819784],[21.184779831521183,49.2421664149313],[21.184778966168853,49.242167215411534],[21.18474862282178,49.24219838297786],[21.18451450820878,49.24243885614253],[21.184287174632374,49.24267236037907],[21.184283329183856,49.24267591726624],[21.1842789758393,49.24267921368732],[21.184274155499963,49.24268221867109],[21.18426891345473,49.24268490398458],[21.184263298954587,49.24268724439817],[21.18425736474992,49.24268921792283],[21.184251166594894,49.242690806016526],[21.184244762723562,49.24269199375839],[21.184238213302827,49.242692769989276],[21.18423157986707,49.242693127416025],[21.184224924740057,49.242693062680615],[21.184218310449324,49.242692576391136],[21.184211799138748,49.24269167311652],[21.18406056496977,49.24266562083597],[21.18405416957487,49.24266429735786],[21.184048001900912,49.24266257167664],[21.18404212079384,49.24266046025708],[21.184036582365437,49.24265798324426],[21.18403143945796,49.24265516427144],[21.184026741139984,49.24265203023453],[21.184022532238195,49.24264861103545],[21.184018852909716,49.24264493929683],[21.184015738259006,49.24264105005091],[21.184013218002868,49.242636980405],[21.184011316186965,49.24263276918768],[21.184010050956402,49.242628456578224],[21.1840094343826,49.242624083723356],[21.18400947234812,49.242619692344455],[21.184010164490555,49.24261532433978],[21.184011504206012,49.24261102138445],[21.184013478712096,49.24260682453299],[21.184016069169875,49.24260277382758],[21.184019250863656,49.24259890791598],[21.18428159775843,49.24231436133851],[21.18462816746104,49.24193846022525],[21.18467549340508,49.241887128744516],[21.184676263115616,49.241886195625234],[21.18467613428804,49.24188513847117],[21.184651852763213,49.241761144304135],[21.18465157964317,49.24175951453212],[21.184621516349676,49.2415439270474],[21.18462113247902,49.241542051041044],[21.184587350661783,49.24141718036345],[21.184586981777457,49.24141612103734],[21.184586024342384,49.24141523360896],[21.184467535683506,49.24131606562237],[21.184466223972006,49.241315090250986],[21.184464748417117,49.24131422101346],[21.184225204705893,49.24118879159416],[21.184223632922507,49.241188015887616],[21.184004237179273,49.24108606368413],[21.184003490230495,49.24108572620975],[21.183746086857543,49.240972688616345],[21.183740890197793,49.24097016628354],[21.183736079121967,49.24096733494944],[21.18362728721617,49.24089696882465],[21.183623178190018,49.2408940662607],[21.183619474946656,49.240890938336825],[21.183616206183267,49.240887609292045],[21.183485317314357,49.240740445335064],[21.18348481684785,49.24073990050439],[21.18333775823121,49.24058481409473],[21.18333730775228,49.240584351707625],[21.18316133487743,49.24040849549694],[21.18316019401687,49.24040742459481],[21.183031646049667,49.240293933173376],[21.183029968440852,49.240292384766335],[21.182895316593072,49.24016237048706],[21.182894258974674,49.2401614544406],[21.182892937945613,49.240160699110724],[21.182731632785895,49.24007763632064],[21.182731029645062,49.24007732213389],[21.18262323696166,49.24002052115224],[21.182618330467324,49.24001767250578],[21.182613861374083,49.24001453038527],[21.18260987044396,49.240011123449634],[21.18260639407768,49.240007482773144],[21.182574941706658,49.23997075058993],[21.182571674556158,49.239966400594604],[21.18256914168489,49.239961845563144],[21.182567372539275,49.239957138451366],[21.182566387686823,49.23995233398317],[21.182566198577003,49.23994748801437],[21.182569116538144,49.23988021138408],[21.182569736766254,49.23987532606848],[21.18257116564135,49.23987051400921],[21.18257338617496,49.23986583241797],[21.18260981184998,49.239801625739005],[21.1826110858829,49.239798838920436],[21.182645816491693,49.239699949842574],[21.18264634219494,49.239698102307905],[21.182666458058478,49.23960621147949],[21.18266659585577,49.23960534194388],[21.182666629826663,49.23960446802271],[21.182664963855647,49.23952382934273],[21.182664858551593,49.23952234826314],[21.182637731408413,49.239299435656456],[21.1826376383517,49.23929878908764],[21.182587932250218,49.23899974004773],[21.182587709516476,49.23899813201713],[21.182577098761943,49.2389024566921],[21.182576879447446,49.23890130677915],[21.18257647987286,49.23890017785528],[21.182535630684512,49.238806979788535],[21.1825351634463,49.2388060647993],[21.18253435368727,49.23880525877533],[21.18248225777541,49.238757983723275],[21.182478564308806,49.23875425688657],[21.182475450638634,49.23875030955186],[21.182472947170456,49.23874618026575],[21.18247107835108,49.23874190935166],[21.182469862429787,49.238737538516055],[21.182469311280148,49.23873311044118],[21.182469430284108,49.23872866836815],[21.18247021827936,49.23872425567479],[21.182471667570805,49.238719915452045],[21.18247376400563,49.23871569008311],[21.18247648711151,49.23871162082965],[21.18247981029661,49.23870774742871],[21.182483701109202,49.238704107704976],[21.182486719652,49.23870180612465],[21.182488420044834,49.23870036689276],[21.182673489278773,49.238526302354806],[21.182677625291664,49.23852279453644],[21.182682268633535,49.238519570386465],[21.18268737418833,49.2385166612316],[21.182692892349007,49.238514095338004],[21.18269876949957,49.23851189763656],[21.182704948536006,49.238510089480755],[21.182711369421117,49.23850868843913],[21.182717969767854,49.23850770812459],[21.182724685445486,49.23850715806204],[21.18273145120271,49.23850704359614],[21.182873331479442,49.238509224611335],[21.182874156059306,49.23850924053226],[21.18309218580288,49.2385143085649],[21.183099008780783,49.23851469089942],[21.18310573966118,49.2385155163535],[21.183112311491758,49.23851677671631],[21.183380575174862,49.23857788876098],[21.18338581369456,49.23857924223312],[21.183482375761628,49.238607239408985],[21.183483816326767,49.23860760201662],[21.18348342628937,49.23860662426243],[21.18340041408217,49.23843417568665],[21.183400382888358,49.23843411071312],[21.18339579383935,49.23842452682543],[21.183395238730217,49.23842353760192],[21.18339364878147,49.238423373797126],[21.183339141380646,49.23841951273755],[21.183338095056882,49.23841944921277],[21.18317718776228,49.23841130435313],[21.183170480173796,49.23841074617296],[21.183163888955633,49.23840975870669],[21.18315747802789,49.238408351530595],[21.183151309562266,49.23840653829108],[21.183145443379097,49.238404336572536],[21.18313993636722,49.23840176772676],[21.183134841932304,49.238398856665796],[21.183130209478897,49.23839563162044],[21.183126083931356,49.23839212386636],[21.18312250529815,49.23838836742098],[21.18311950828389,49.23838439871343],[21.183117121952737,49.23838025623122],[21.18311536944659,49.2383759801471],[21.183114491033038,49.23837249721122],[21.18311435383195,49.23837208471482],[21.18311312525285,49.23837132600898],[21.182940662058456,49.2382750214035],[21.182766694837774,49.23817784076831],[21.182765096130428,49.23817705794281],[21.182765016232796,49.238177017572724],[21.18258990430751,49.238102398261844],[21.182588453992945,49.23810184503873],[21.182586790140103,49.23810170034221],[21.182499819149502,49.23809698518919],[21.18249261931802,49.238096342207484],[21.182485563584706,49.23809520459097],[21.182478730976868,49.23809358508149],[21.182472198022662,49.238091501818204],[21.18246603789399,49.2380889781346],[21.18234825242555,49.2380348419099],[21.182345482673085,49.23803369413833],[21.182344749618363,49.23803342156751],[21.182338875487623,49.23803097140758],[21.182333410654063,49.238028144193855],[21.18232841134775,49.23802496901692],[21.182323929008696,49.23802147854762],[21.18232000975755,49.23801770870087],[21.182316693921106,49.23801369826633],[21.182314015617294,49.238009488509036],[21.18229023007574,49.23796601139637],[21.182290100737923,49.237965772869366],[21.18225264240957,49.23789606979937],[21.182251991150284,49.23789503046088],[21.18225045950487,49.23789452426036],[21.182047049242957,49.237835614633795],[21.181717104004182,49.23774151357113],[21.18171118897602,49.237739600198104],[21.18160651045459,49.2377015377307],[21.18160388587231,49.237700677413486],[21.18142490459136,49.23764815096225],[21.18142224916999,49.237647457124076],[21.181257144402316,49.23760945643785],[21.18125266222944,49.237608307713856],[21.180982139560566,49.23753171151291],[21.180976190560678,49.2375297989119],[21.18097055088509,49.23752751965472],[21.180965273079064,49.23752489497739],[21.180961369364145,49.23752275147139],[21.18096022276,49.237522174075856],[21.18095894855726,49.23752173299008],[21.180912592740512,49.237507280497056],[21.180906711529097,49.2375052114871],[21.18090116500384,49.237502778238735],[21.180667213388443,49.237388975628775],[21.18066097031861,49.237385544089165],[21.180655392289964,49.23738165227523],[21.180547729307055,49.23729697826094],[21.180546440088296,49.23729602096533],[21.18041698320964,49.23720522662803],[21.180414053789125,49.23720340085201],[21.1803128208331,49.2371473710891],[21.18030874724259,49.23714492577629],[21.180204238613804,49.237076923598174],[21.180204149449843,49.23707687097843],[21.180203008138815,49.237076167112996],[21.1802017194345,49.23707563602443],[21.18020163157129,49.23707559792653],[21.17998413387356,49.236990851523004],[21.179983376633277,49.2369905649581],[21.179822263140842,49.23693137391796],[21.17982077874011,49.23693088935926],[21.179819124383222,49.23693081146786],[21.179779246368014,49.2369302122298],[21.179772757286724,49.23692991287358],[21.17976634059721,49.236929212726835],[21.179760053900992,49.23692811807463],[21.17975395363268,49.23692663874354],[21.179748094553272,49.23692478801324],[21.179661781907992,49.23689414248991],[21.1794414888775,49.23681605256382],[21.179436866497255,49.23681425739187],[21.17943247270366,49.2368122309813],[21.17927761231358,49.23673469884762],[21.179277596331865,49.23673469125458],[21.179144528563654,49.23666810985511],[21.179137365743262,49.23666455583527],[21.179137138601014,49.23666444264524],[21.178980690784964,49.23658614419845],[21.178979217502484,49.23658538577384],[21.178830722461583,49.236506771738554],[21.178826676274824,49.236504452329726],[21.178822919713888,49.236501932676816],[21.178627435848387,49.23636010406801],[21.178623046428154,49.23635657563189],[21.178619224246862,49.23635277469627],[21.178616008469053,49.236348740208065],[21.17861343204562,49.23634451350739],[21.17853048235409,49.23618548829248],[21.178529823997746,49.23618441303081],[21.178528556538524,49.2361836048157],[21.178185949192624,49.23598685406019],[21.178184540613433,49.23598612747021],[21.178182856684952,49.23598572397407],[21.178023097971966,49.23595358617478],[21.17802157370584,49.2359533295477],[21.178020035199886,49.23595354670288],[21.177377453078726,49.23606489385057],[21.177375832069995,49.23606523282122],[21.17737479319242,49.23606611534016],[21.177241935877873,49.236191578798966],[21.1772380104543,49.236194936726854],[21.177233620584783,49.236198038291526],[21.177228805107973,49.23620085605229],[21.17706659996803,49.23628713860515],[21.177065450625747,49.236287812349076],[21.177066732809962,49.23628837398021],[21.177249587388555,49.23636041183575],[21.177255081726575,49.23636281963794],[21.177260196931073,49.236365562313274],[21.17726488557302,49.23636861443133],[21.177269104178535,49.23637194769234],[21.177272813631944,49.236375531189815],[21.17727597953851,49.23637933169693],[21.177278572543322,49.236383313974855],[21.177280568603468,49.23638744109928],[21.17728194921101,49.23639167480274],[21.177282701564565,49.23639597582969],[21.177282818688024,49.23640030430029],[21.17727058814026,49.23666325246457],[21.17727007890388,49.236667516839255],[21.17726895308142,49.236671730224664],[21.177267220863445,49.23667585448198],[21.177264897929494,49.236679852279416],[21.177262005306137,49.236683687429625],[21.177258569176708,49.23668732521756],[21.17725462064426,49.236690732714806],[21.177250195450007,49.236693879077315],[21.177245333649875,49.23669673582483],[21.177240079251867,49.236699277098616],[21.17723447981773,49.23670147989557],[21.177228586032417,49.23670332427635],[21.177222451245342,49.23670479354607],[21.177216130987414,49.236705874405075],[21.17720968246841,49.23670655706966],[21.176678830451845,49.236745896310296],[21.176677155618812,49.23674607663888],[21.17667593279091,49.23674684742619],[21.17587501492638,49.237305119768564],[21.175873941871952,49.237305903728135],[21.175536568438805,49.23756431166024],[21.17553169635921,49.237567675505865],[21.17552632114451,49.237570692930774],[21.175520499951936,49.237573331849276],[21.17551429468108,49.237575564200405],[21.175507771315594,49.23757736624648],[21.17550099922166,49.23757871882541],[21.17549405041034,49.23757960755458],[21.17548699877179,49.23758002298371],[21.175479919289636,49.237579960695285],[21.174485355768415,49.23753755412822],[21.174483676186966,49.23753753764183],[21.174482488747028,49.2375383156192],[21.173965033347024,49.2379130844945],[21.173964790477484,49.23791327878654],[21.17396336134851,49.237914385198195],[21.173962893109003,49.23791473607434],[21.173745936608114,49.2380937088472],[21.17374494869527,49.23809461444961],[21.17374527027676,49.23809570725703],[21.17383873314818,49.238344689089196],[21.17383921403535,49.23834574330203],[21.17384000064658,49.238346715527456],[21.17439947464078,49.23896284197224],[21.174400257901333,49.23896362772778],[21.174401138734567,49.23896436786122],[21.174656342019876,49.23916123103163],[21.174657293021216,49.23916190648734],[21.17465832525677,49.23916252871589],[21.1747052431127,49.239188568813205],[21.17471008115129,49.239191527960806],[21.17471446144991,49.23919477844473],[21.17471834328468,49.239198290045024],[21.174721690565953,49.239202030114186],[21.17472447217381,49.23920596388076],[21.17472666224739,49.23921005477229],[21.174728240425335,49.2392142647556],[21.174729192035112,49.2392185546903],[21.174729508229387,49.23922288469266],[21.174729186068333,49.239227214506435],[21.174728228546932,49.239231503877186],[21.174726644567137,49.23923571292627],[21.174724448855162,49.23923980252204],[21.174721661824513,49.23924373464324],[21.174718309386236,49.239247472732686],[21.17471442270804,49.23925098203718],[21.174710037924523,49.239254229930445],[21.174705195801224,49.23925718621665],[21.17469994135559,49.239259823410976],[21.174694323438533,49.23926211699522],[21.174688394280157,49.239264045645804],[21.17468220900426,49.23926559143189],[21.174675825115784,49.239266739982234],[21.174669301966198,49.239267480618665],[21.17466270020169,49.239267806455395],[21.17465608119938,49.239267714463146],[21.174579169119458,49.2392642111798],[21.17457760053386,49.23926418692216],[21.174576035143865,49.23926425679491],[21.174499288044792,49.23927000556817],[21.174492894565727,49.23927028740784],[21.174486488802298,49.23927017775533],[21.174480126546896,49.23926967756561],[21.17447386321297,49.239268791195336],[21.174467753352385,49.23926752636443],[21.174461850180283,49.239265894089186],[21.1744562051116,49.23926390858633],[21.174450867313244,49.23926158714902],[21.172415109726153,49.23828357606658],[21.172413721741762,49.238282975905534],[21.17241206806328,49.23828309294255],[21.17219850009142,49.238305236774025],[21.17212207858679,49.23831316037437],[21.172120467976864,49.238313381109904],[21.17211985952543,49.238314382209566],[21.17204493456739,49.23845786073709],[21.17204255932927,49.238461794226716],[21.17203963005004,49.238465564145365],[21.17203617265812,49.23846913712346],[21.17183732466237,49.23865470757522],[21.1718367061998,49.2386553049087],[21.171827334864737,49.23866467653263],[21.171747369131833,49.23874463908026],[21.17148907477565,49.239002924025684],[21.171149136499594,49.23934284391795],[21.171053774882512,49.23943820102189],[21.170980231953937,49.239511737276175],[21.170810347132164,49.23968161001422],[21.17077807800462,49.23971387662721],[21.170557741382435,49.23993419409568],[21.17055694471319,49.23993508035374],[21.170558176449763,49.23993571840493],[21.17096494883481,49.24012647622642],[21.170965047975177,49.24012652280575],[21.172059436679344,49.2406416562633],[21.172059469880057,49.24064167109716],[21.173135129141826,49.24114734051381],[21.173140553366554,49.24115017292577],[21.173145513362073,49.24115334927239],[21.17314995848975,49.24115683712508],[21.173153843367384,49.24116060087495],[21.17315712833262,49.241164602096426],[21.17315977984779,49.2411687999394],[21.17316177084232,49.24117315154649],[21.173163080989195,49.241177612490304],[21.173163696912393,49.241182137227234],[21.173163612323535,49.24118667956245],[21.173162828086006,49.24119119312134],[21.17316135220626,49.24119563182315],[21.173159199751947,49.24119995035126],[21.17315639269824,49.24120410461604],[21.173093172812745,49.241286186879],[21.17309165894358,49.24128845540001],[21.17306067456298,49.241342879170496],[21.173058041951627,49.24134689518203],[21.173054826244798,49.24135072486053],[21.173051057828587,49.24135433201813],[21.173046772311846,49.24135768256962],[21.173042010189686,49.241360744854646],[21.173036816460844,49.24136348993666],[21.173031240202466,49.24136589187648],[21.173025334106374,49.24136792797744],[21.173019153981155,49.24136957899977],[21.173012758224797,49.24137082934238],[21.173006207272866,49.24137166719039],[21.172999563027467,49.241372084626654],[21.17299288827225,49.24137207770684],[21.17298624607914,49.24137164649613],[21.172979699212423,49.241370795069294],[21.17297330953556,49.2413695314717],[21.17296713742669,49.241367867643554],[21.172961241208046,49.241365819306836],[21.172955676594906,49.241363405816976],[21.172908939199804,49.24134092092059],[21.172533403026215,49.24116025169094],[21.171955068622417,49.240882012625235],[21.171307354253,49.240570023611646],[21.17094345408609,49.24039473805009],[21.17088452498353,49.24036635198993],[21.17037249737578,49.240121376460415],[21.17037119403535,49.24012081327474],[21.170370277225256,49.2401216409893],[21.170290374264866,49.24020153640022],[21.170123713897027,49.240368179025474],[21.170046074758893,49.24044581007227],[21.169827301770486,49.240664555600375],[21.169826437682442,49.240665521983196],[21.169825884823602,49.24066658167872],[21.16981723722478,49.24068634292552],[21.169816875396112,49.24068734718825],[21.169818115151124,49.24068798417197],[21.171143687770734,49.241304936649804],[21.171145227696748,49.24130567465259],[21.17128578157663,49.2413750186442],[21.172529934160625,49.24198882255463],[21.17253525343948,49.24199173367938],[21.172540097270833,49.24199498115062],[21.172544416277905,49.24199853186456],[21.172548166433792,49.24200234962611],[21.17255130951028,49.24200639551811],[21.17255381346754,49.242010628297734],[21.172555652780733,49.24201500481722],[21.17255680870021,49.24201948046344],[21.172557269442624,49.242024009612805],[21.172557030311108,49.24202854609632],[21.17255609374312,49.24203304367026],[21.17255446928561,49.24203745648746],[21.172552173497724,49.242041739564804],[21.17254922978198,49.24204584924158],[21.172546633581444,49.24204904355659],[21.172446308840108,49.242172477301445],[21.172442748490987,49.24217637030978],[21.172438606931244,49.242180008516286],[21.17243392634879,49.242183354860394],[21.172428754422313,49.24218637525444],[21.172423143835616,49.24218903893115],[21.172417151740966,49.24219131875706],[21.172410839176845,49.242193191508555],[21.172404270446304,49.24219463810892],[21.17239751246177,49.242195643822264],[21.172390634063596,49.24219619840395],[21.172383705318683,49.24219629620458],[21.172376796806834,49.24219593622812],[21.172369978901738,49.24219512214131],[21.172363321054085,49.24219386223688],[21.172356891084167,49.242192169348925],[21.172350754490935,49.242190060722045],[21.17234497378486,49.24218755783577],[21.172065476462876,49.24205279289197],[21.17111983031253,49.24159682011182],[21.17073929528213,49.241413328449745],[21.169713998605165,49.24092591524096],[21.169712707125406,49.24092536121252],[21.16971221107693,49.24092631858396],[21.169624215418473,49.24112738223515],[21.16928070356733,49.241912258145],[21.169275221177234,49.24192478555722],[21.169189311773916,49.2421210726989],[21.169188936812528,49.242122121275926]],[[21.185074331031483,49.25155699879918],[21.185074330876965,49.25155699869072],[21.185013704569556,49.251512334165945],[21.185009600490325,49.25150900408359],[21.18500599858997,49.251505433687996],[21.18500293149232,49.25150165531776],[21.185000426977233,49.25149770319513],[21.18499850772902,49.251493613116146],[21.184997191130954,49.251489422126355],[21.18499648910786,49.25148516818526],[21.18499640801808,49.251480889822574],[21.184996948595934,49.251476625789174],[21.184998105945013,49.25147241470604],[21.184999869582615,49.251468294714776],[21.185002223534593,49.251464303131726],[21.185005146480137,49.251460476110275],[21.185005878372227,49.25145962204448],[21.185009373524547,49.25145596625204],[21.18501338769998,49.25145254650756],[21.185017883959652,49.25144939427986],[21.185022820928523,49.251446538575955],[21.185028153176113,49.251444005674294],[21.18503383163463,49.25144181888284],[21.185039804050394,49.25143999832459],[21.185046015464742,49.251438560752455],[21.18505240871976,49.25143751939513],[21.185058924984208,49.251436883835254],[21.18506550429494,49.25143665992127],[21.185072086108647,49.25143684971367],[21.185078609858977,49.25143745146597],[21.185085015513895,49.251438459640816],[21.185091244128063,49.25143986496087],[21.185097238385286,49.251441654494265],[21.185136420925595,49.25145487323608],[21.185138166391134,49.2514553831788],[21.185140041422724,49.251455626130216],[21.185412560764647,49.251480641914135],[21.185415860780868,49.25148083908382],[21.18556622430606,49.25148504681766],[21.1855729780284,49.25148545524237],[21.18557963727648,49.25148629775263],[21.185586137104018,49.251487566131566],[21.18559241411954,49.251489248008994],[21.185598407104592,49.251491326981906],[21.185604057610778,49.251493782774496],[21.185609310529813,49.25149659143585],[21.185614114630987,49.25149972557381],[21.18561842306074,49.2515031546216],[21.185622193799755,49.251506845136475],[21.185625390072612,49.25151076112563],[21.185627980706556,49.25151486439709],[21.18562994043546,49.2515191149324],[21.185631250146336,49.25152347127706],[21.185631897065612,49.25152789094432],[21.18563187488386,49.251532330830024],[21.185631183817215,49.25153674763279],[21.185616473387878,49.25159983724497],[21.18561647334367,49.25159983747138],[21.185616203250724,49.251600995838004],[21.185614850659828,49.2516053448884],[21.185612849594293,49.25160958544438],[21.185610219555546,49.251613676179154],[21.185606986174786,49.25161757722597],[21.18560318096317,49.25162125056679],[21.18559884100471,49.251624660402655],[21.18559400859488,49.251627773502506],[21.185588730828446,49.25163055952733],[21.185583059140452,49.25163299132549],[21.185577048805012,49.251635045197695],[21.18557075839654,49.251636701127595],[21.185564249219023,49.251637942977226],[21.18555758470846,49.251638758643836],[21.185550829814687,49.25163914017829],[21.185544050368396,49.25163908386234],[21.185193074423346,49.25162480441829],[21.18518640269345,49.251624317788675],[21.18517983540984,49.25162340710349],[21.185173435316635,49.251622081063516],[21.185167263560597,49.25162035233777],[21.185161379106933,49.25161823744261],[21.185155838175916,49.25161575658378],[21.18515069370577,49.251612933463576],[21.185145994846913,49.25160979505417],[21.185074331031483,49.25155699879918]],[[21.184769459716815,49.24694100295373],[21.184769459729264,49.246941001749505],[21.18477002390896,49.246929220158975],[21.184770541870442,49.24692494164458],[21.184771680653096,49.24692071496121],[21.184773429878454,49.24691657862869],[21.1847757736048,49.246912570343525],[21.184778690472427,49.246908726635255],[21.184782153898368,49.24690508253342],[21.18478613231857,49.24690167124864],[21.184790589475625,49.24689852386955],[21.184795484749174,49.246895669079834],[21.18480077352613,49.24689313289653],[21.184806407607198,49.24689093843322],[21.18481233564624,49.24688910568903],[21.18481850361808,49.24688765136665],[21.184824855311003,49.246886588720095],[21.184831332838925,49.246885927433716],[21.18483787716899,49.246885673534116],[21.18494429746459,49.246884876310816],[21.18495088793065,49.246885034263244],[21.184957424863555,49.24688560535749],[21.184963847976885,49.24688658432664],[21.184970098033887,49.246887962142274],[21.184976117393816,49.24688972609755],[21.1849818505435,49.24689185992446],[21.18498724460928,49.24689434394399],[21.18499224984468,49.246897155247396],[21.184996820089157,49.246900267907584],[21.185000913193818,49.246903653218254],[21.18500449141015,49.24690727995858],[21.185007521738132,49.246911114681154],[21.185009976230603,49.24691512202045],[21.185011832250996,49.24691926501897],[21.185013072682107,49.246923505468146],[21.18501368608396,49.24692780426064],[21.185015766679182,49.24695797841438],[21.185020164409796,49.2470217733882],[21.185020714499533,49.24702976615551],[21.185020865011296,49.247030825656225],[21.185021344473373,49.24703161384647],[21.185023100546296,49.247034154219094],[21.185025274738756,49.24703836315501],[21.185026803724256,49.24704269203447],[21.185027672569312,49.24704709857806],[21.1850278727879,49.247051539747964],[21.185027402424346,49.24705597216799],[21.18502626607243,49.2470603525476],[21.185024474830513,49.247064638104284],[21.18502335364398,49.24706687906269],[21.185023345053676,49.247067933719435],[21.18504785014554,49.247423376783225],[21.185090097153626,49.24803619725816],[21.18509009715697,49.2480361972893],[21.185145047692536,49.248833254970776],[21.185145047721168,49.248833255239006],[21.185148209333146,49.24887910766648],[21.185148181878642,49.24888352750772],[21.185147491617936,49.24888792422531],[21.185146145222213,49.24889225532495],[21.185144155704204,49.24889647894661],[21.185141542292467,49.24890055426901],[21.185138330245437,49.248904441904116],[21.185134550607458,49.24890810427797],[21.185130239908602,49.24891150599373],[21.185125439811706,49.24891461417375],[21.185120196709672,49.24891739877746],[21.185114561277057,49.24891983289163],[21.185108587980313,49.24892189299053],[21.185102334551416,49.24892355916325],[21.1850958614298,49.24892481530628],[21.18508923117828,49.24892564927892],[21.185082507878327,49.24892605302082],[21.184747705192617,49.248935329123285],[21.18474106482545,49.24893530273161],[21.184734459394658,49.24893485661623],[21.184727950659155,49.24893399494811],[21.18472159947378,49.24893272578367],[21.184715465220314,49.24893106098927],[21.184709605252262,49.24892901613023],[21.184704074358624,49.24892661032539],[21.18469892425164,49.24892386606832],[21.184694203083254,49.248920809017086],[21.184689954994955,49.24891746775418],[21.18468621970503,49.24891387351951],[21.18468303213724,49.24891005991804],[21.184680422094292,49.24890606260588],[21.184678413979146,49.248901918956705],[21.184677026566956,49.248897667712356],[21.184676272829442,49.248893348620754],[21.184676159813645,49.24888900206406],[21.184712924423515,49.24812142081489],[21.184736371879634,49.24763183921559],[21.184746448597227,49.24742143720695],[21.18476385982681,49.24705790729592],[21.184763831555912,49.24705682667334],[21.18476337253198,49.247055881874374],[21.184762073195635,49.2470535925272],[21.184760355373434,49.24704932178804],[21.18475928587687,49.247044961314806],[21.184758875025828,49.24704055318367],[21.184759126784623,49.247036139930756],[21.184760038723752,49.24703176414158],[21.18476160204332,49.24702746804013],[21.184763801657994,49.24702329308152],[21.184764747836244,49.24702194390212],[21.1847655616946,49.24702060965143],[21.18476569902845,49.247019503192774],[21.184766150907162,49.247010046097195],[21.184769459716815,49.24694100295373]],[[21.182503772845482,49.24222300075382],[21.182637001785732,49.24217720849384],[21.182642985487032,49.24217538632158],[21.18264920871377,49.24217394865035],[21.182655613985812,49.242172908759045],[21.182662142141577,49.2421722762525],[21.182668732884533,49.24217205697279],[21.18267532534006,49.24217225294525],[21.182681858617684,49.24217286235983],[21.182688272373564,49.242173879587675],[21.182694507367795,49.242175295233366],[21.182700506011543,49.24217709622145],[21.182706212899,49.24217926591722],[21.18271157531911,49.24218178428061],[21.182716543742416,49.24218462805101],[21.18290070095974,49.24230071643347],[21.18290465392147,49.24230342494663],[21.18296243118692,49.242346468927444],[21.182963738514324,49.24234734151384],[21.18296530425432,49.24234800720118],[21.183057090266328,49.24238250741804],[21.1830627831758,49.242384898740184],[21.18306808914049,49.24238764516734],[21.18307295667845,49.24239072005195],[21.183077338561606,49.24239409355943],[21.183081192274013,49.24239773295794],[21.183084480424334,49.2424016029356],[21.183087171108646,49.242405665943394],[21.183089238220056,49.24240988255941],[21.18309066170193,49.24241421187122],[21.18309142774254,49.24241861187303],[21.183091528909074,49.24242303987311],[21.18309096421979,49.242427452908096],[21.18308973915349,49.24243180815975],[21.183087865596434,49.24243606337059],[21.183085361726935,49.242440177253684],[21.183082251839082,49.242444109893334],[21.18307856610696,49.242447823132416],[21.183074340291917,49.24245128094264],[21.183069615395553,49.24245444977393],[21.18306443726195,49.24245729888016],[21.183058856132813,49.24245980061737],[21.18305292616002,49.24246193071202],[21.183046704880184,49.24246366849635],[21.1829554090738,49.242485757781985],[21.182948723016185,49.242487126081805],[21.182806981399715,49.24251101218701],[21.182805223372885,49.24251137582492],[21.182803625537307,49.24251197805453],[21.182725737027784,49.24254512823099],[21.182719893562847,49.24254735531395],[21.18271374389616,49.24254919533153],[21.182707347653228,49.242550630443446],[21.182700766850257,49.2425516467352],[21.182694065292946,49.24255223435316],[21.182687307957778,49.24255238759988],[21.18268056036207,49.2425521049896],[21.182673887928697,49.24255138926234],[21.18266735535177,49.24255024735764],[21.1826610259694,49.242548690347114],[21.182654961149545,49.24254673332708],[21.182649219695005,49.242544395272304],[21.18264385727333,49.242541698851944],[21.182638925877015,49.24253867020972],[21.182634473319457,49.24253533871051],[21.1826305427713,49.242531736655614],[21.18262717234193,49.242527898969556],[21.18262439470996,49.242523862861454],[21.182622236806385,49.242519667464265],[21.182545568871287,49.24234215093292],[21.182545002203003,49.242341059876594],[21.182543566125457,49.24234039355521],[21.182471114200204,49.242310367489935],[21.182465521062618,49.24230778526405],[21.18246034829729,49.24230485133118],[21.1824556472885,49.24230159483589],[21.18245146473418,49.242298048126976],[21.18244784218218,49.242294246436174],[21.182444815617405,49.24229022752799],[21.182442415104475,49.24228603132479],[21.182440664489015,49.242281699509995],[21.182439581160764,49.24227727511425],[21.182439175880926,49.24227280208771],[21.182439452675226,49.24226832486375],[21.182440408793887,49.24226388791733],[21.18244203473905,49.24225953532333],[21.18244431435904,49.24225531031861],[21.182447225008858,49.24225125487279],[21.182450737775135,49.242247409270995],[21.182454817763343,49.24224381171386],[21.18245942444443,49.24224049793813],[21.182464512057393,49.24223750086139],[21.182470030063904,49.24223485025537],[21.182475923650294,49.2422325724502],[21.182503772845486,49.24222300075382],[21.182503772845482,49.24222300075382]],[[21.182216748337318,49.238583810953095],[21.18221218219202,49.23858058622509],[21.18220811902694,49.238577084827604],[21.18220459771564,49.2385733402597],[21.182201651947537,49.238569388346875],[21.182199309905645,49.238565266898355],[21.182197593996907,49.23856101534548],[21.182196520637827,49.23855667436425],[21.18219610009739,49.238552285486136],[21.182196336398892,49.238547890701085],[21.18219722728138,49.23854353205533],[21.182198764221333,49.23853925124944],[21.182200932514192,49.238535089239186],[21.182203711415063,49.23853108584391],[21.182207074337217,49.23852727936526],[21.182210989106405,49.23852370622108],[21.1822154182687,49.23852040059664],[21.18222031944888,49.23851739411791],[21.182225645755796,49.2385147155488],[21.18223134623098,49.238512390515915],[21.18223736633626,49.238510441263564],[21.182243648475445,49.23850888644089],[21.182250132545438,49.238507740923296],[21.182256756511183,49.23850701567027],[21.182263456999248,49.23850671762052],[21.182283232424474,49.23850647281854],[21.182290085715085,49.23850661218962],[21.18229688360541,49.23850719842919],[21.1823035583051,49.23850822569107],[21.18231004325229,49.23850968373118],[21.182316273777353,49.23851155800952],[21.182322187747804,49.23851382983528],[21.182327726187925,49.23851647655324],[21.18233283386682,49.238519471769585],[21.182337459849297,49.23852278561521],[21.18234155800367,49.2385263850436],[21.18234508746192,49.23853023416024],[21.182348013027177,49.23853429458065],[21.18235030552475,49.23853852581319],[21.182351942093046,49.2385428856629],[21.182352906411577,49.23854733065206],[21.182353188863686,49.23855181645397],[21.18235278663252,49.23855629833492],[21.18235170372904,49.23856073160029],[21.182349950952126,49.238565072040295],[21.182347545780786,49.23856927637077],[21.182344512199965,49.238573302664854],[21.182340880461282,49.23857711077109],[21.18233271542032,49.23858479024431],[21.182328673688062,49.23858822557706],[21.182324145290323,49.23859138995805],[21.18231917235818,49.23859425394669],[21.182313801158543,49.23859679089705],[21.182308081663727,49.23859897720594],[21.182302067086578,49.238600792532466],[21.18229581338528,49.238602219987214],[21.182289378742826,49.2386032462895],[21.182282823025652,49.23860386189089],[21.182276207226636,49.238604061063874],[21.182269592897672,49.23860384195542],[21.18226304157695,49.238603206604125],[21.182256614216474,49.23860216092108],[21.18225037061492,49.23860071463515],[21.182244368861305,49.238598881202144],[21.18223866479452,49.23859667768001],[21.182233311483845,49.238594124569715],[21.18222835873519,49.238591245624875],[21.182216748337318,49.238583810953095]],[[21.17903258318281,49.24397200226821],[21.17902687807585,49.243969450564684],[21.1790215935024,49.2439665364244],[21.179016782963114,49.24396328934989],[21.179012495159547,49.24395974221441],[21.179008773501064,49.24395593092893],[21.179005655665406,49.24395189407873],[21.17900317321719,49.243947672532585],[21.179001351288424,49.24394330902927],[21.17900020832401,49.243938847744495],[21.178999755895063,49.243934333844024],[21.178999998581762,49.243929813026334],[21.179000933926975,49.24392533105985],[21.179002552461164,49.24392093331966],[21.179004837798203,49.24391666432802],[21.179077099470863,49.24380072563369],[21.180052432655064,49.24223583995836],[21.180067814852737,49.242211159718714],[21.180067815228277,49.24221115907061],[21.180083802219986,49.242185507333524],[21.18060463656793,49.24134979993444],[21.180639772852885,49.241293419848425],[21.180642589377523,49.241289461711496],[21.1806459790785,49.24128570114552],[21.18064990997887,49.24128217362602],[21.180654344996274,49.24127891242986],[21.18065924229277,49.241275948321665],[21.180664555669527,49.24127330926339],[21.180670235002637,49.24127102015056],[21.180676226715963,49.24126910257776],[21.180682474286527,49.24126757463428],[21.18068891877774,49.241266450734095],[21.180695499395405,49.241265741479495],[21.18070215406113,49.24126545356127],[21.180708819998046,49.24126558969542],[21.180715434322913,49.24126614859782],[21.180721934639426,49.241267124996],[21.1807282596267,49.24126850967914],[21.180734349617868,49.241270289584754],[21.180806596870234,49.24129422447145],[21.180812464636954,49.24129641202654],[21.180817975882828,49.241298966349135],[21.18082307731369,49.24130186273881],[21.180827719598227,49.24130507318727],[21.180831857845106,49.24130856664919],[21.180835452037048,49.24131230934249],[21.180838467417832,49.241316265075184],[21.180840874828306,49.241320395594826],[21.18084265098846,49.24132466095899],[21.180843778722522,49.24132901992133],[21.180844247125023,49.24133343033021],[21.18084405166631,49.24133784953657],[21.180843194236292,49.24134223480632],[21.180841683126236,49.2413465437334],[21.180839532948564,49.241350734650155],[21.18029468697026,49.242261626745595],[21.180282303579236,49.242282326604915],[21.180282302702295,49.242282328184196],[21.18026210303158,49.242316097172015],[21.179306367035576,49.24391383406174],[21.179255258995894,49.24399926921634],[21.179252532270667,49.24400324751178],[21.179249229717996,49.24400703415083],[21.179245382404808,49.244010593512684],[21.179241026522572,49.24401389211453],[21.179236203046877,49.24401689892651],[21.179230957351983,49.24401958566354],[21.179225338783997,49.24402192705162],[21.179219400196633,49.244023901065276],[21.179213197454057,49.24402548913503],[21.179206788905365,49.24402667632187],[21.179200234835676,49.24402745145807],[21.179193596899026,49.24402780725184],[21.179186937538404,49.24402774035621],[21.17918031939834,49.244027251400595],[21.17917380473557,49.244026344984434],[21.179167454833447,49.24402502963444],[21.17916132942541,49.244023317724164],[21.179155486133034,49.24402122535743],[21.17903258318281,49.24397200226821]],[[21.180121254343863,49.23976405748671],[21.180116213422348,49.23976110570447],[21.180111640422364,49.23975784354844],[21.180107579704384,49.23975430266334],[21.18010407065946,49.239750517397624],[21.180101147327075,49.23974652447044],[21.18009883806498,49.239742362615324],[21.180097165274088,49.23973807220444],[21.180096145181203,49.23973369485709],[21.180095787681566,49.23972927303586],[21.18009609624297,49.23972484963466],[21.180097067872012,49.23972046756285],[21.180098693143215,49.23971616932884],[21.180100956290442,49.23971199662765],[21.180103835359844,49.239707989936676],[21.180107302422837,49.239704188122815],[21.180111323847,49.23970062806573],[21.18011586062237,49.23969734429962],[21.180120868739827,49.23969436867885],[21.180126299618028,49.23969173006832],[21.180132100574657,49.23968945406387],[21.180454371747015,49.2395767443926],[21.18046058939217,49.23957482526052],[21.180467068934714,49.2395733227987],[21.18047374543608,49.239572252064974],[21.180480551983806,49.23957162379027],[21.180487420362073,49.239571444271206],[21.18049428173543,49.23957171530697],[21.1805010673386,49.23957243418118],[21.180507709165692,49.23957359368934],[21.180650604252723,49.2396036303381],[21.180656936895573,49.23960519071971],[21.180663004241193,49.23960715163005],[21.180668747371772,49.23960949402745],[21.180674110517824,49.239612195165755],[21.18067904159972,49.23961522881519],[21.18068349273345,49.239618565517056],[21.180687420695552,49.23962217286993],[21.180690787342876,49.239626015843996],[21.180765438097872,49.239721884306775],[21.18076818575797,49.23972588381736],[21.18077032521849,49.23973003958505],[21.1807718361218,49.23973431206669],[21.18077270409112,49.23973866060858],[21.180772920867344,49.23974304383331],[21.18077248438764,49.23974742003341],[21.180771398805017,49.239751747568235],[21.18076967444893,49.23975598526017],[21.1807673277269,49.239760092786575],[21.180764380968437,49.23976403106326],[21.180760862212566,49.2397677626164],[21.180756804941055,49.23977125193941],[21.180752247759802,49.23977446583039],[21.180747234031504,49.2397773737084],[21.18048864756685,49.23991320572234],[21.18048326475902,49.2399157628794],[21.18047752938232,49.23991796707874],[21.180471495239477,49.2399197976431],[21.18046521893584,49.23992123740023],[21.180458759348515,49.239922272844005],[21.180452177073928,49.239922894260985],[21.180445533859466,49.23992309582184],[21.180438892024164,49.23992287563577],[21.180432313874128,49.2399222357682],[21.180425861118046,49.2399211822217],[21.180419594288267,49.23991972487946],[21.18041357217301,49.23991787741253],[21.18040785126482,49.239915657151826],[21.180402485230676,49.23991308492518],[21.180121254343863,49.23976405748671]],[[21.1796558470908,49.24671969613119],[21.17965646103887,49.24671977205495],[21.17965745844386,49.2467198953988],[21.179805505671084,49.246733326697786],[21.179812185661934,49.24673415516092],[21.179818707785287,49.2467354119981],[21.1798250081137,49.24673708489037],[21.179831024893645,49.24673915744061],[21.17983669915082,49.24674160933441],[21.179841975268193,49.246744416539265],[21.179846801531102,49.24674755153992],[21.179851130634187,49.24675098360827],[21.17985492014504,49.24675467910443],[21.17985813292013,49.24675860180648],[21.17986073746881,49.24676271326539],[21.179862708262103,49.24676697318226],[21.179864025982795,49.24677133980278],[21.179864677714892,49.246775770326856],[21.179864657070155,49.24678022132804],[21.179863964250774,49.24678464917921],[21.179862606047337,49.24678901048004],[21.17986059577234,49.2467932624826],[21.17985795312963,49.24679736351009],[21.17985470402137,49.24680127336562],[21.179850880294115,49.246804953726205],[21.17984651942663,49.246808368518046],[21.17984166416262,49.246811484270545],[21.179836362091702,49.246814270444034],[21.17974221939626,49.24685891063063],[21.179736802190764,49.24686123257838],[21.179731075025586,49.24686321018409],[21.179725088816173,49.246864825866496],[21.179718896780916,49.24686606526193],[21.179712553968063,49.2468669173519],[21.17970611676631,49.24686737456122],[21.17969964240349,49.246867432825226],[21.1796931884378,49.24686709162591],[21.179686812246107,49.24686635399665],[21.17949328021276,49.246837746690964],[21.179487441209616,49.246836704595644],[21.17935383262702,49.24680866390695],[21.17934773367351,49.24680717170401],[21.1793418779935,49.24680530806575],[21.17933631822512,49.24680308974478],[21.179331104346424,49.24680053668213],[21.17932628322621,49.24679767182794],[21.179321898202605,49.24679452093507],[21.17931798869358,49.246791112327685],[21.17931458984253,49.24678747664655],[21.179311732202425,49.24678364657362],[21.179309441461132,49.246779656538365],[21.179258999365228,49.24667730480646],[21.179257213275964,49.2466729416113],[21.179256104982773,49.246668483101665],[21.17925568567385,49.24666397428684],[21.179255959581972,49.24665946068381],[21.17925692394183,49.24665498785795],[21.179258569017897,49.246650600963065],[21.17926087820277,49.24664634428528],[21.179263828184794,49.24664226079624],[21.17926738918344,49.2466383917193],[21.179271525249877,49.24663477611311],[21.17927619462996,49.24663145047764],[21.17928135018572,49.2466284483856],[21.179286939871186,49.2466258001433],[21.179292907257867,49.24662353248511],[21.179299192104363,49.2466216683032],[21.179451800192822,49.24658232441738],[21.179458753718208,49.24658080695068],[21.179465914679316,49.24657978332407],[21.179545009237252,49.24657134295573],[21.17955160227353,49.246570852044314],[21.179558236901926,49.24657078000811],[21.179564851177442,49.246571127519715],[21.17957138334512,49.246571891334455],[21.17957777241662,49.24657306432099],[21.179583958739613,49.24657463552753],[21.179589884554723,49.246576590284356],[21.179595494534855,49.246578910340574],[21.1796007363017,49.24658157403481],[21.1796055609148,49.246584556497076],[21.17960992332849,49.24658782988128],[21.17961378281244,49.246591363625015],[21.179617103331985,49.24659512473507],[21.179619853884542,49.24659907809539],[21.17962200878908,49.24660318679479],[21.179623547925896,49.246607412471946],[21.179655483347382,49.24671866967576],[21.17965567353003,49.246719191133664],[21.1796558470908,49.24671969613119]],[[21.179513000858325,49.23984869508681],[21.1795101601668,49.23985261836149],[21.179506754736263,49.2398563439211],[21.179502816328032,49.239859837018436],[21.179498381674353,49.23986306507442],[21.179493492135855,49.239865997981894],[21.179488193315763,49.23986860838654],[21.17948253463456,49.23987087194183],[21.17947656886909,49.23987276753628],[21.17947035166028,49.23987427749019],[21.17946394099425,49.2398753877207],[21.17945739666143,49.23987608787296],[21.179450779698918,49.23987637141685],[21.179444151821237,49.23987623570789],[21.17943757484473,49.23987568201174],[21.17943111011094,49.2398747154926],[21.179424817914597,49.239873345164895],[21.17926142872599,49.2398319238099],[21.179255137796492,49.239830086356896],[21.17924915970271,49.239827845429836],[21.17924355461219,49.23982522358286],[21.179238378938322,49.2398222472041],[21.179233684772516,49.239818946249834],[21.17922951935996,49.23981535394307],[21.179225924624035,49.239811506439246],[21.179222936744477,49.23980744246228],[21.17922058579313,49.23980320291465],[21.17921889543139,49.23979883046604],[21.17921788267201,49.23979436912372],[21.179217557707883,49.23978986378951],[21.17921792380948,49.239785359808145],[21.179218977291935,49.239780902510674],[21.179220707552115,49.23977653675814],[21.17935739625101,49.23949133794945],[21.17935971897864,49.2394872103213],[21.17936264664543,49.23948325107945],[21.179366151223597,49.23947949812727],[21.179370199162346,49.23947598739316],[21.179374751709116,49.23947275248666],[21.179379765280586,49.239469824376854],[21.179385191879877,49.239467231095524],[21.179390979556082,49.239464997469184],[21.179397072901576,49.23946314488117],[21.179403413582484,49.23946169106692],[21.179409940897116,49.23946064994443],[21.17941659235708,49.2394600314807],[21.179423304285482,49.239459841596535],[21.17943001242659,49.23946008210973],[21.179436652560895,49.23946075071778],[21.17944316111995,49.23946184101986],[21.179449475794904,49.23946334257807],[21.17945553613304,49.23946524101752],[21.17964685181882,49.23953289263703],[21.1796526065835,49.23953517275949],[21.179657993010053,49.23953781062691],[21.179662959407,49.23954078092477],[21.17966745811369,49.239544055148265],[21.179671445957666,49.23954760187586],[21.179674884669033,49.23955138707112],[21.179677741247662,49.23955537440882],[21.179679988279908,49.239559525624145],[21.179681604201708,49.239563800879374],[21.1796825735055,49.239568159146486],[21.179682886889076,49.23957255860081],[21.179682541344825,49.23957695702246],[21.179681540188653,49.23958131220141],[21.179679893028112,49.23958558234259],[21.17967761567023,49.23958972646702],[21.179513000858325,49.23984869508681]],[[21.178624178195594,49.24077046505085],[21.1786246865082,49.24076358210896],[21.178629974205865,49.240691898113425],[21.178630638335083,49.24068746627418],[21.178631968818003,49.24068309919326],[21.178633952601288,49.240678839715564],[21.178636570222178,49.240674729630115],[21.17863979599945,49.24067080926033],[21.17864359828538,49.240667117068334],[21.178647939776216,49.24066368927759],[21.178652777878217,49.24066055951768],[21.178658065125457,49.240657758494095],[21.178663749645576,49.24065531368722],[21.178669775668634,49.240653249082655],[21.178676084074308,49.24065158493588],[21.178682612971897,49.2406503375736],[21.178689298307457,49.24064951923337],[21.178696074492347,49.24064913794389],[21.178702875046557,49.24064919744591],[21.178709633251035,49.2406496971556],[21.178716282802203,49.24065063217046],[21.178722758462435,49.24065199331718],[21.178728996700137,49.24065376724182],[21.178915750073,49.24071423830465],[21.178919256246196,49.24071545743318],[21.179095463319804,49.240781070322996],[21.17921092264739,49.240824063272356],[21.179216540505777,49.2408263980036],[21.179221786846302,49.24082907780466],[21.179226612402115,49.24083207751042],[21.179230971857795,49.240835368951494],[21.179234824274893,49.24083892121899],[21.17923813347641,49.24084270095453],[21.17924086838649,49.24084667266386],[21.179243003322238,49.240850799049724],[21.179244518234945,49.24085504136245],[21.179245398898356,49.24085935976376],[21.179245637042246,49.24086371370071],[21.1792452304301,49.240868062286765],[21.179244182880154,49.24087236468557],[21.179242504229457,49.24087658049445],[21.179240210241613,49.240880670123964],[21.179218125622103,49.24091482850865],[21.179215168375954,49.240918837109675],[21.179211620146535,49.24092263456586],[21.179207515723416,49.24092618364394],[21.17920289534956,49.24092944954577],[21.179197804326776,49.24093240024991],[21.1791922925715,49.24093500682518],[21.179186414125418,49.24093724371462],[21.17918022662557,49.24093908898597],[21.179173790739213,49.240940524546666],[21.179167169569034,49.24094153632128],[21.1791604280344,49.24094211438956],[21.179153632234833,49.24094225308363],[21.179146848801928,49.240941951043666],[21.17914014424601,49.24094121123107],[21.178673770007187,49.2408740503365],[21.17866713673159,49.24087286426937],[21.178660717892505,49.24087124976129],[21.178654577860556,49.240869223003216],[21.17864877821035,49.24086680432023],[21.178643377103008,49.24086401796787],[21.17863842870286,49.24086089188873],[21.1786339826343,49.24085745743243],[21.1786300834841,49.240853749040866],[21.178626770354313,49.24084980390331],[21.178624076470125,49.24084566158307],[21.178622028846682,49.24084136362092],[21.178620648018146,49.24083695311846],[21.178619947831805,49.24083247430581],[21.1786199353092,49.240827972098224],[21.178624178195594,49.24077046505085]],[[21.177049092754324,49.23760625462538],[21.177048888973438,49.23760517136083],[21.17699794099767,49.23741353748648],[21.176997119918163,49.23740922361189],[21.176996938962777,49.237404877977745],[21.176997399823264,49.23740054121517],[21.176998498190464,49.23739625387239],[21.177000223794643,49.23739205603544],[21.177002560501457,49.23738798695351],[21.177005486462892,49.23738408467198],[21.177008974321488,49.23738038567672],[21.17701299146612,49.23737692455265],[21.177017500336976,49.237373733660874],[21.177022458776687,49.23737084283574],[21.17702782042449,49.2373682791061],[21.177033535149725,49.237366066442355],[21.177039549520536,49.23736422553265],[21.177045807303415,49.23736277358911],[21.177296822199043,49.237313336123506],[21.17730344380923,49.23731226367414],[21.17731019525419,49.237311626741565],[21.177317009897777,49.23731143161224],[21.17732382048004,49.23731168021205],[21.177330559781176,49.23731237008733],[21.177337161284825,49.23731349442908],[21.177343559834767,49.237315042140224],[21.177349692277826,49.23731699794487],[21.17735549808728,49.237319342539436],[21.17736091996024,49.23732205278303],[21.177365904383223,49.23732510192567],[21.17737040216027,49.23732845987266],[21.1773743688986,49.23733209348127],[21.177377765446693,49.237335966888054],[21.17738055828074,49.23734004186286],[21.17738271983551,49.2373442781859],[21.177384228776475,49.23734863404504],[21.177385070210295,49.237353066448165],[21.1774031858756,49.23751312263607],[21.17740334240568,49.23751780202018],[21.17740275511703,49.23752246670207],[21.177401430374687,49.23752706612433],[21.177326458252164,49.237728995785375],[21.177324373901584,49.23773354692619],[21.177321567666887,49.237737928612184],[21.177318070890948,49.237742091904124],[21.177313922629338,49.23774599030179],[21.17730916921419,49.23774958026368],[21.17711048698474,49.23788451268136],[21.177105607151784,49.23788751839299],[21.177100303183053,49.23789019838647],[21.177094625577023,49.23789252714589],[21.177088628389512,49.237894482499414],[21.177082368719066,49.23789604583024],[21.177075906163363,49.237897202254125],[21.1770693022517,49.23789794076083],[21.17706261985922,49.237898254319184],[21.17705592260831,49.237898139943745],[21.177049274262824,49.237897598723535],[21.17704273812095,49.237896635811374],[21.177036376412627,49.23789526037518],[21.177030249706995,49.23789348551018],[21.177024416335748,49.237891328114806],[21.177018931837754,49.23788880872932],[21.1770138484303,49.23788595134057],[21.176848004302997,49.237783113418324],[21.176843437187724,49.23777999551335],[21.176839348197536,49.237776604962185],[21.176835775090666,49.23777297307363],[21.176832750861568,49.237769133385044],[21.17683030343628,49.23776512135269],[21.176828455414537,49.23776097402423],[21.17682722386105,49.23775672969665],[21.176826620148013,49.23775242756265],[21.176826649850003,49.23774810734867],[21.176827312692616,49.23774380894818],[21.176828602554902,49.237739572053066],[21.176830507525946,49.237735435787485],[21.17683301001488,49.23773143834611],[21.17683608691328,49.23772761664187],[21.17683970980856,49.23772400596476],[21.176843845246378,49.23772063965619],[21.17684845503953,49.23771754880113],[21.17685349662058,49.23771476194086],[21.176948895149803,49.23766697333874],[21.176951364989474,49.237665610794416],[21.177047927876576,49.237607035306],[21.177049092754324,49.23760625462538]],[[21.175741073196544,49.24137472387325],[21.175744257122457,49.24137018778994],[21.175744258777236,49.241370185268366],[21.175770685576303,49.24133252976797],[21.17615236430613,49.24078740993451],[21.17618750312855,49.24073728606538],[21.17673149633001,49.2399604325271],[21.176734617842783,49.23995649908089],[21.176738315772003,49.2399527860277],[21.17674255416874,49.239949329463414],[21.17674729183,49.23994616299039],[21.176752482699364,49.23994331739104],[21.17675807631456,49.239940820328314],[21.17676401829818,49.23993869607697],[21.176770250886214,49.23993696528762],[21.176776713489616,49.23993564478573],[21.176783343283304,49.239934747408405],[21.176790075816903,49.23993428187934],[21.176796845641263,49.239934252724105],[21.17680358694473,49.23993466022606],[21.17681023419291,49.23993550042381],[21.176816722765746,49.239936765149494],[21.176961413723216,49.23997013407193],[21.176967590878952,49.23997178362694],[21.17697349440075,49.23997381789563],[21.176979068561938,49.23997621767548],[21.176984260744884,49.23997896031351],[21.176989021937622,49.2399820199206],[21.176993307196508,49.23998536761531],[21.176997076070496,49.239988971796905],[21.17700029298294,49.23999279844347],[21.177002927567486,49.239996811433144],[21.17700495495464,49.24000097288507],[21.177006356006583,49.24000524351689],[21.177007117497848,49.240009583015734],[21.177007232240104,49.24001395041851],[21.177006699150073,49.24001830449889],[21.17700552325972,49.240022604156096],[21.177003715668793,49.24002680880323],[21.17700129344005,49.24003087875019],[21.176516492455693,49.24074134158387],[21.176484170673568,49.24078867158831],[21.17604222869827,49.24143632498294],[21.176020939788422,49.241467542624896],[21.176014520153366,49.24147695570578],[21.175685413498453,49.24195908024101],[21.175577949683188,49.242116551101134],[21.175574929276312,49.242120454923246],[21.17557134349868,49.242124147986914],[21.175567226324095,49.242127595301625],[21.17556261676116,49.242130764205385],[21.175557558483717,49.242133624673976],[21.175552099417025,49.2421361496055],[21.175546291283712,49.24213831507715],[21.1755401891137,49.24214010057186],[21.17553385072283,49.242141489172724],[21.175527336165043,49.24214246772325],[21.175520707163443,49.24214302695194],[21.175514026525455,49.24214316156046],[21.175507357547716,49.24214287027331],[21.175500763416412,49.242142155850374],[21.17549430660858,49.242141025060576],[21.17548804830013,49.2421394886177],[21.17548204778628,49.24213756107906],[21.17547636191968,49.2421352607073],[21.175471044571843,49.24213260929766],[21.175466146122645,49.242129631971274],[21.175461712983008,49.242126356937206],[21.175331020076456,49.24201977644239],[21.175326973992693,49.24201611387407],[21.175323510073415,49.24201220380466],[21.1753206633343,49.242008085759934],[21.175318462552127,49.242003801368156],[21.1753169299738,49.24199939393899],[21.175316081091566,49.24199490802599],[21.175315924486345,49.24199038897589],[21.175316461741033,49.24198588247056],[21.175317687424474,49.24198143406493],[21.175319589146437,49.241977088726685],[21.175322147682778,49.2419728903816],[21.175741073196544,49.24137472387325]],[[21.173913100325525,49.24131065647362],[21.17391310427287,49.241310651535386],[21.17396124350609,49.24125375662951],[21.173962031576465,49.24125276813601],[21.174157778242353,49.24099164380948],[21.174157778276935,49.24099164376043],[21.174263214226713,49.240850991449406],[21.174263214532875,49.24085099101323],[21.174281996760694,49.24082593462478],[21.17430289924025,49.24079805089485],[21.174511596259713,49.240519644867256],[21.174540737827495,49.24048077014972],[21.175277936410957,49.23949730347276],[21.17528119605526,49.239493445498255],[21.175285017155232,49.239489815134355],[21.17528936296168,49.23948644729573],[21.175294191679114,49.239483374372234],[21.17529945686773,49.23948062591747],[21.175305107890004,49.23947822836438],[21.17531109039776,49.23947620477123],[21.17531734685476,49.2394745745997],[21.175323817090163,49.239473353527835],[21.175330438877104,49.23947255329916],[21.17533714853125,49.23947218160977],[21.17534388152316,49.23947224203432],[21.175350573098996,49.239472733991796],[21.175357158903196,49.239473652750746],[21.175363575597466,49.239474989475106],[21.175369761469884,49.23947673130909],[21.17537565702842,49.2394788615008],[21.175554228437985,49.23955107957641],[21.17555691431827,49.23955205977137],[21.175766313998558,49.23962061545098],[21.175772218204077,49.239622793232485],[21.17577776579874,49.239625341483865],[21.175782902746544,49.23962823538415],[21.175787579011292,49.2396314467454],[21.175791749044066,49.23963494428758],[21.175795372226805,49.23963869394313],[21.175798413268,49.23964265918877],[21.175800842546437,49.23964680140126],[21.175802636399688,49.23965108023353],[21.175803777354684,49.23965545400796],[21.17580425429784,49.23965988012197],[21.17580406258332,49.2396643154632],[21.175803204078345,49.23966871682947],[21.175801687144972,49.239673041349455],[21.175799526558656,49.23967724690023],[21.175796743364348,49.23968129251797],[21.175097612628424,49.24057669272136],[21.175065531615754,49.2406177784133],[21.174769165580056,49.24099733145029],[21.174758606466224,49.24101085570443],[21.174742026175426,49.24103208846157],[21.174691250192417,49.24109711751612],[21.174652159379317,49.241147180052835],[21.174614035919106,49.24119600204977],[21.1746038246074,49.24120907927787],[21.174603414117005,49.24120959667182],[21.174355782595267,49.24151682996812],[21.174106448182375,49.241826169630045],[21.174102923210135,49.24183005606359],[21.17409882002731,49.24183369110942],[21.174094180109048,49.241837038024165],[21.174089050355928,49.24184006297695],[21.1740834826198,49.24184273539142],[21.17407753317975,49.241845028254424],[21.174071262173165,49.241846918389676],[21.17406473298787,49.24184838669139],[21.174058011621415,49.241849418317905],[21.174051166013953,49.24185000284144],[21.174044265361477,49.24185013435364],[21.17403737941639,49.241849811525114],[21.17385410090931,49.24183512595438],[21.173853973117573,49.24183511563507],[21.173767875549157,49.2418281094717],[21.17370658577237,49.241823219454076],[21.17359489191917,49.24181424244961],[21.173588281857068,49.24181349505058],[21.173581814716453,49.24181232893317],[21.173575552214675,49.241810755225806],[21.17356955411617,49.24180878894679],[21.173563877662083,49.24180644886074],[21.17355857702404,49.24180375729958],[21.173553702787125,49.2418007399495],[21.173549301467155,49.241797425605725],[21.173545415066794,49.241793845897746],[21.17354208067467,49.241790034987524],[21.17353933011147,49.24178602924333],[21.17353718962626,49.241781866892836],[21.173535679645976,49.24177758765821],[21.173534814580506,49.24177323237714],[21.173534602685177,49.241768842612814],[21.173535045981982,49.24176446025778],[21.173536140240287,49.241760127133624],[21.173537875017182,49.241755884592216],[21.173540233757215,49.241751773120995],[21.17354319395032,49.24174783195647],[21.173911101908647,49.24131301769213],[21.173913100325525,49.24131065647362]]],[[[21.175296022748974,49.2453486605944],[21.175295703569166,49.245348646191616],[21.175294824979193,49.245349528379556],[21.175110900141757,49.24555526241821],[21.17451137759503,49.24622585868259],[21.174511377443995,49.246225858861365],[21.174407991547756,49.24634150026029],[21.174305346579363,49.24645630947485],[21.17430534629822,49.246456309807655],[21.173960435851207,49.24684209776511],[21.173959676877022,49.246843051772395],[21.173960612735527,49.246843935877],[21.174090262340435,49.24695434864924],[21.17409142290559,49.2469552359026],[21.174093108081607,49.246955619777445],[21.174225557679165,49.24698074842745],[21.17422555823411,49.24698074852322],[21.17430179563705,49.246995211945055],[21.174308053911655,49.24699661644557],[21.174574783606513,49.24706604514133],[21.174646119591017,49.24708461382181],[21.174651522788228,49.24708620013769],[21.17465669715232,49.247088085294514],[21.17472875602864,49.24711707012234],[21.17473017492198,49.247117579443184],[21.17473107519709,49.247116699154844],[21.176217517014795,49.24549532211582],[21.17622435876814,49.245487858161404],[21.176225109004285,49.2454869406739],[21.1762236430147,49.245486538345254],[21.176181995941064,49.245476648483084],[21.17613195152128,49.245464764003046],[21.176130422795143,49.24546445342952],[21.176128826751828,49.24546453276661],[21.17589869374484,49.24548313788819],[21.175897008680955,49.2454833306545],[21.175895416014566,49.245483739273574],[21.175647256365615,49.245556998340795],[21.175645821009486,49.2455574784643],[21.17564609166345,49.245558518748325],[21.17566697634352,49.24562040314503],[21.175668121372404,49.245624839607935],[21.17566858334607,49.245629328782684],[21.17566835763737,49.245633825707216],[21.175667446506733,49.245638285341876],[21.175665859079547,49.24564266302051],[21.1756636112548,49.245646914897804],[21.175660725545757,49.24565099838829],[21.175657230854565,49.2456548725932],[21.175653162182776,49.2456584987097],[21.175648560280738,49.24566184041985],[21.17564347123949,49.245664864254124],[21.17563794602915,49.24566753992682],[21.17563203998837,49.2456698406393],[21.175625812270074,49.24567174334827],[21.175619325249095,49.245673228996864],[21.175420802693804,49.24571151140714],[21.175414160313615,49.24571256028575],[21.175407391601475,49.24571317180537],[21.175400563571227,49.24571333991168],[21.175291444950012,49.24571246944715],[21.17528462182698,49.24571219222131],[21.175277874615855,49.245711472222986],[21.17527127018398,49.245710316587655],[21.175264873983714,49.245708736768094],[21.17525874940373,49.245706748420844],[21.175252957140806,49.245704371251165],[21.17524755459835,49.24570162881775],[21.17524259531747,49.24569854829904],[21.17523812844632,49.245695160224074],[21.17523419825313,49.24569149816996],[21.175230843687388,49.2456875984289],[21.17522809799389,49.245683499648784],[21.17522598838329,49.245679242449945],[21.175224535762403,49.24567486902267],[21.17522375452704,49.245670422709196],[21.175223652419323,49.24566594757407],[21.175224230451,49.24566148796733],[21.1752254828934,49.24565708808523],[21.175227397334222,49.24565279153215],[21.175229954800553,49.24564864088827],[21.17530319464884,49.245544973081735],[21.175303194844812,49.24554497278541],[21.175388084050418,49.24542481297759],[21.175388714509722,49.24542378716145],[21.175387718355047,49.24542289422496],[21.17529856698603,49.24535093640549],[21.175296022748974,49.2453486605944]]],[[[21.187075772034884,49.25271981004357],[21.18707712921136,49.25272042264383],[21.187356985379637,49.2528335502904],[21.18735838535666,49.25283408672531],[21.187649221823648,49.25293956960632],[21.18765480903963,49.25294183110925],[21.187660040637883,49.25294443168044],[21.187955976065865,49.253106712062696],[21.187957281618818,49.253107357675816],[21.18795821493665,49.253106477951206],[21.18846359422097,49.25257488240574],[21.188524767368165,49.25251053514726],[21.18852476749308,49.25251053500838],[21.189300603500097,49.25169441918397],[21.1893364258586,49.25165673606805],[21.189337253759927,49.25165575733295],[21.189336733359973,49.25165469169342],[21.18930062203581,49.2515919568424],[21.189298672733024,49.25158803354624],[21.189258114831745,49.25149156060935],[21.189257240783974,49.25148977607931],[21.189215181055857,49.25141481109498],[21.18921257817416,49.25140898216886],[21.18911705825153,49.2511250987722],[21.1891165878591,49.25112398290014],[21.18911520414941,49.25112326212918],[21.18908446719469,49.251108907330405],[21.188860330161,49.251004223388534],[21.188858958521003,49.25100364795663],[21.188857976387492,49.25100449883914],[21.18765068930568,49.25216642066839],[21.187630969244804,49.25218540072662],[21.187076629271978,49.252718888274714],[21.187075772034884,49.25271981004357]]],[[[21.184712924423515,49.24812142081489],[21.18471302332615,49.2481214228451],[21.184713023326157,49.24812142284497],[21.184712924423515,49.24812142081489]]],[[[21.182503772916764,49.24222300084274],[21.18250381094905,49.24222304827903],[21.182503810950138,49.24222304827866],[21.182503772916764,49.24222300084274]]]]}}]}