{"type":"FeatureCollection","name":"tmpxplparf0","features":[{"type":"Feature","properties":{"navrh_stupen_ochrany":5},"geometry":{"type":"MultiPolygon","coordinates":[[[[21.167699047524994,49.19607673018876],[21.167699996354315,49.196077619263875],[21.167710987330352,49.19608688454188],[21.167712168438793,49.196087787764796],[21.16771410343061,49.196087498357876],[21.167716835929607,49.19608699702467],[21.16772359772113,49.196086223244],[21.16773044365435,49.196085896161705],[21.16773730519444,49.196086019052196],[21.167744113650386,49.19608659068525],[21.167750800862557,49.19608760533819],[21.167757299885103,49.196089052853324],[21.16776354565613,49.19609091873954],[21.167769475649035,49.19609318431748],[21.16777503049844,49.196095826906195],[21.167780154594542,49.196098820050786],[21.167784796639772,49.19610213378682],[21.168038805098956,49.196302741094684],[21.1680426969927,49.19630612780937],[21.168046084794977,49.19630973971808],[21.16804893837893,49.196313544701155],[21.168051232368384,49.19631750892199],[21.168052946363407,49.19632159712798],[21.16805406512181,49.19632577296389],[21.168054578694644,49.19632999929519],[21.16805448251469,49.19633423853835],[21.168054367237065,49.19633545477967],[21.168055641414387,49.19633610808876],[21.168320481726244,49.196458828784465],[21.16832308753512,49.196459924070254],[21.16835198676534,49.196470897126375],[21.16927174996403,49.19682014172849],[21.16927337109489,49.196820683879295],[21.169275071008975,49.196821109976185],[21.16953042175016,49.196875091118216],[21.16976728647784,49.19692516530005],[21.169958933982507,49.1969656789155],[21.169965325125727,49.19696726433916],[21.1699714438808,49.19696925858495],[21.169977229536265,49.19697164186559],[21.169982624685723,49.196974390533754],[21.16998757579744,49.19697747731659],[21.169992033745434,49.19698087158648],[21.17012095003558,49.19708953652491],[21.170122062767447,49.19709038228421],[21.170123747743474,49.1970905488358],[21.17043826630206,49.19711102485832],[21.170445482048613,49.197111750403295],[21.170452539301067,49.19711297431365],[21.170459358150133,49.19711468273104],[21.17084333671594,49.19722657152765],[21.17124539189123,49.197343726942336],[21.17124666011796,49.197344035482004],[21.171247102887836,49.19734305017035],[21.17131910336662,49.19714868957783],[21.17132098720752,49.1971445025357],[21.171323481780163,49.19714045495539],[21.17132656356769,49.19713658499424],[21.17133020351747,49.197132929134824],[21.171334367315005,49.197129521841575],[21.171339015707474,49.197126395235514],[21.171344104873672,49.19712357879167],[21.171349586837223,49.197121099061064],[21.17135540991878,49.19711897942049],[21.171361519223282,49.19711723985207],[21.171367857157406,49.19711589675501],[21.171374363972514,49.19711496279084],[21.17138097832793,49.19711444676422],[21.171387637869184,49.1971143535398],[21.171394279815836,49.197114683996354],[21.171400841553297,49.19711543501868],[21.171864080100896,49.19718378927072],[21.171865724996263,49.19718397562934],[21.171866716372598,49.197183095492576],[21.171997770508614,49.19705359675391],[21.172001916450633,49.19704992048275],[21.17200661060387,49.197046539114574],[21.172011804438927,49.19704348760674],[21.172017444260582,49.19704079750652],[21.17202347176297,49.197038496624785],[21.172029824632293,49.19703660874862],[21.172036437191046,49.197035153395376],[21.172043241077045,49.19703414561071],[21.17205016595009,49.19703359581346],[21.172057140219252,49.19703350968746],[21.172064091782893,49.197033888123194],[21.17207094877413,49.19703472720824],[21.172077640303787,49.197036018267944],[21.172114839586378,49.19704456450589],[21.172181866727716,49.1970599642261],[21.172187437145887,49.19706142628659],[21.17219279130647,49.19706320174585],[21.172197888248352,49.197065277021],[21.172202688978228,49.197067636235545],[21.172349789590985,49.197146742113254],[21.172364459229467,49.19715463133133],[21.172365568861775,49.197155241038466],[21.172645767684543,49.197312530324346],[21.172647358278418,49.19731332237684],[21.172649079127773,49.19731398728585],[21.17334931333311,49.19754952155308],[21.17335083054662,49.19754997198439],[21.17335245232352,49.197550220839844],[21.1734476158854,49.197561644290744],[21.173447617160868,49.197561644422365],[21.17396512945416,49.19762375856434],[21.173965129490753,49.19762375856816],[21.174066191141694,49.19763588811468],[21.17407279833531,49.19763690477011],[21.174079219916063,49.19763834426887],[21.17408539303955,49.19764019252347],[21.174091257292858,49.19764243144601],[21.174096755285785,49.1976450391255],[21.174101833212482,49.197647990041965],[21.17410644137808,49.19765125531642],[21.1741105346849,49.1976548029935],[21.174114073073923,49.1976585983541],[21.174117021916746,49.19766260425494],[21.174119352354555,49.1976667814927],[21.174121041580445,49.19767108918688],[21.174183545093673,49.19787104036575],[21.174184029330807,49.19787224371807],[21.17418490789065,49.197873347019915],[21.174378056913827,49.19808607295908],[21.174381281093023,49.19809006815094],[21.174383876910685,49.1980942552852],[21.174385818135576,49.198098592050236],[21.17438708515115,49.19810303462236],[21.17438766515386,49.19810753810882],[21.17438755228249,49.19811205700122],[21.174386747677453,49.19811654563537],[21.174385259469215,49.19812095865298],[21.174383102696186,49.198125251459814],[21.17438029915272,49.198129380676356],[21.174376877168935,49.19813330457622],[21.1743728713244,49.19813698350771],[21.17436832209872,49.19814038029469],[21.174305771337032,49.1981826013379],[21.174304741078544,49.198183366882986],[21.174305966168387,49.198183997242495],[21.17479114890351,49.19840990744929],[21.17479233338292,49.198410412084556],[21.174793577338477,49.1984108509809],[21.17508718571988,49.19850441327846],[21.175088528450488,49.19850479552441],[21.175089916122726,49.19850510116372],[21.175292519466563,49.198543488190644],[21.17544548493384,49.198572469722706],[21.175447268149973,49.1985727407019],[21.1754490853646,49.19857288513863],[21.176332927402814,49.19861181448569],[21.176339683524045,49.19861233352955],[21.176341516178887,49.19861253510954],[21.17634151694364,49.19861253518125],[21.17652650877777,49.198632881556065],[21.177082481795445,49.19869402648388],[21.177344148932313,49.19872280323807],[21.17734572518245,49.198722927298945],[21.17734726168035,49.198722665517366],[21.17736468358183,49.19871912017044],[21.177364683742617,49.19871912013487],[21.17783289564031,49.1986238372937],[21.177832895716044,49.1986238372769],[21.177949958577514,49.19860001410459],[21.178117658506917,49.19856588625677],[21.178119198008194,49.19856551911518],[21.178120676840276,49.198565057127354],[21.178215429886635,49.19853171658288],[21.1782216328617,49.198529789410976],[21.17822809867381,49.198528278115695],[21.17823476258697,49.198527197828184],[21.178241557881783,49.198526559364275],[21.178248416523452,49.19852636911635],[21.178255269842985,49.19852662898916],[21.178262049224664,49.19852733638087],[21.178268686793004,49.19852848420905],[21.1782751160924,49.19853006098157],[21.178281272752386,49.19853205091167],[21.17828709513218,49.19853443407616],[21.178484791042813,49.19862466576937],[21.178611351175405,49.19868242977857],[21.17861441979322,49.198683915041926],[21.178709320562028,49.198732577938465],[21.17870932073571,49.198732578023204],[21.178914099138392,49.198837582349746],[21.17921026252277,49.19898944489664],[21.17921723853272,49.19899355567175],[21.17939320880489,49.199112481637115],[21.179474255360656,49.199167256057386],[21.179477909019663,49.19916993125727],[21.17948122529989,49.19917278896833],[21.179681213838542,49.19936020731099],[21.179684551076704,49.199363658773954],[21.1796873963595,49.19936729452969],[21.179748086456865,49.1994543786992],[21.17976179108691,49.199474042581784],[21.17993543232577,49.19972319727391],[21.179943166197532,49.199734295254935],[21.17994396469333,49.199735365121406],[21.18010854443817,49.19994182971191],[21.18011331416383,49.1999478140164],[21.180150140246635,49.19999401262662],[21.180244229235836,49.20011204603128],[21.18024515753336,49.20011307212682],[21.180246654161095,49.2001137511462],[21.180365418603486,49.20016166144684],[21.18036711525682,49.200162262129325],[21.180368904409278,49.200162733681076],[21.180485131234477,49.2001884756465],[21.180486394574285,49.200188720390756],[21.18048768289184,49.20018890075457],[21.18067968348533,49.200210756460045],[21.18068595978359,49.20021167127895],[21.180692077835207,49.200212967093215],[21.18069798390822,49.20021463252227],[21.180703626132416,49.200216652939496],[21.180859875318895,49.20027900516387],[21.180865446140253,49.20028148160797],[21.18087061979771,49.200284303880856],[21.180875346484694,49.200287444812666],[21.180879580697557,49.200290874165795],[21.18088328167367,49.20029455892612],[21.1808864137838,49.200298463620584],[21.18096190143565,49.20040495157275],[21.180963862531353,49.200408008257256],[21.18096547450365,49.20041115134281],[21.181022854457566,49.20053839111328],[21.181022854456675,49.20053839111343],[21.181022854479707,49.2005383911624],[21.181136916434006,49.200791322027804],[21.181156082558104,49.200833825382006],[21.181156600493182,49.20083480268702],[21.181157996752006,49.20083528556892],[21.18152035385773,49.200946688318325],[21.181717300895315,49.20100723619385],[21.18203416816761,49.20110465188788],[21.182105903270465,49.20112670555666],[21.182109721438106,49.20112797611197],[21.18233199808418,49.20120775444835],[21.182331998500125,49.201207754588836],[21.182507152140055,49.201270618278635],[21.183386857695496,49.20158634611163],[21.183392418421324,49.20158857307528],[21.183397631619417,49.20159113571288],[21.183402450255098,49.20159401090385],[21.183406830853535,49.20159717270753],[21.1834107338919,49.20160059259744],[21.18341412415603,49.20160423971855],[21.18341697105807,49.20160808116575],[21.183419248912514,49.20161208228061],[21.18342093716792,49.20161620696424],[21.183422020592275,49.20162041800267],[21.183422489410553,49.20162467740298],[21.183435472928366,49.201972017294786],[21.183435633715742,49.20197370879116],[21.183483900877594,49.20228916968929],[21.183484211204032,49.202290679963355],[21.183534763706284,49.20248629372649],[21.183535565065572,49.20249071497093],[21.183535695134058,49.20249516647324],[21.183535152635987,49.202499604577554],[21.183533942891483,49.202503985759314],[21.183354253310938,49.203010198839486],[21.18335345046986,49.2030122420282],[21.18319732198068,49.20337418375699],[21.183195016379457,49.20337862780822],[21.183192016236724,49.20338289012848],[21.183188354253257,49.203386924259306],[21.183184070343827,49.20339068622951],[21.18317921120208,49.20339413503433],[21.183173829791617,49.20339723308243],[21.183143025526203,49.20341317947242],[21.183141767550957,49.203413900150395],[21.183141674815626,49.20341499337796],[21.18314096162483,49.203496637063196],[21.18313936981965,49.203679116058055],[21.18313928356141,49.20368901266252],[21.183138030499936,49.203832482249105],[21.183137204403156,49.20392705740648],[21.1831368667814,49.2039312620608],[21.18313593035077,49.203935427581186],[21.18313440332412,49.20393951743385],[21.183132299094147,49.20394349574856],[21.183018795570227,49.20412944978591],[21.18301822106696,49.2041305554252],[21.18301800954275,49.20413171513889],[21.182981813737783,49.204487059817076],[21.182963847320483,49.20466342288417],[21.18294381288085,49.20486009363478],[21.18294376018324,49.20486241998137],[21.18295508028301,49.205062982802055],[21.18295498304571,49.205067556724025],[21.18295417698943,49.20507210049713],[21.18295267045833,49.20507656708395],[21.182950479047932,49.205080910246],[21.182947625443713,49.205085085022596],[21.181297880072666,49.20720262345265],[21.181297227465546,49.207203567367614],[21.181297292646786,49.207204602735196],[21.181305418681305,49.20726503049505],[21.181305517974945,49.20726585569318],[21.181314674576388,49.20735207650935],[21.18131481179323,49.207356488355536],[21.18131428824183,49.20736088776446],[21.181313108965693,49.20736523235409],[21.181311285325272,49.207369480270444],[21.180822706325422,49.20832490908889],[21.180822240931402,49.2083260012441],[21.18082247564131,49.20832712469051],[21.180857064634818,49.20844684932595],[21.180857064708018,49.20844684954885],[21.181045440683977,49.20909885621319],[21.18104643016466,49.20910372143646],[21.181046604276204,49.20910862833576],[21.181045960943255,49.20911351842907],[21.18103799130588,49.20915041237666],[21.180979832032058,49.20941965505013],[21.180978663402065,49.20942371218835],[21.180976931623867,49.20942768197973],[21.180974651302176,49.20943153094527],[21.180971841667834,49.209435226624954],[21.180968526415608,49.20943873785138],[21.1809647335044,49.209442035012934],[21.180960494921443,49.20944509030314],[21.180639914174314,49.20965585925096],[21.180498020082513,49.20974914822512],[21.180494964982703,49.209751450400326],[21.180386948967865,49.20984498995613],[21.180385982511332,49.20984592117014],[21.180385484563356,49.2098469989735],[21.180372645227628,49.20988087613545],[21.180372645226946,49.20988087613533],[21.180372645224182,49.20988087614452],[21.180161512304117,49.210437952503504],[21.18015973645976,49.21044186804942],[21.180157425514388,49.210445661837205],[21.180154598543883,49.2104493025505],[21.179790573032573,49.21086968518275],[21.179789138350614,49.21087153635482],[21.179656944072363,49.21106360812954],[21.179656312828104,49.211064665170206],[21.17965584807303,49.2110657586311],[21.179514921624516,49.21147689364132],[21.179514531475938,49.21147821602868],[21.17932884198926,49.21222743562512],[21.179328457816343,49.21222884369284],[21.179129735613504,49.212895757431006],[21.17912907633735,49.21289796922193],[21.179127547868315,49.21290206529671],[21.1790682216729,49.21303390706903],[21.17906784568297,49.21303491977533],[21.179069194091642,49.213035472848155],[21.179161999954292,49.213069585740044],[21.179167862699334,49.213072003376915],[21.179173323527177,49.21307479591641],[21.179178326792243,49.21307793490265],[21.1791828215115,49.21308138834958],[21.179186761883933,49.21308512106685],[21.179190107757254,49.2130890950183],[21.17919282503704,49.21309326970949],[21.179194886034207,49.21309760260061],[21.17919626974714,49.21310204953973],[21.179196962075682,49.21310656521274],[21.179196955964848,49.213111103605115],[21.179196251476725,49.213115618470916],[21.17919485578983,49.213120063803764],[21.17919278312597,49.21312439430589],[21.179065718963006,49.21334940131331],[21.179065251386067,49.213350372877066],[21.17906680132095,49.21335029080655],[21.17941943021952,49.213320188410144],[21.179426181982638,49.21331983287572],[21.179432954357882,49.213319915119754],[21.179439681369367,49.21332043434108],[21.17944629748316,49.21332138548147],[21.179452738245647,49.21332275927496],[21.179458940911477,49.213324542338206],[21.179464845054802,49.213326717300795],[21.179470393157914,49.21332926297441],[21.17947553117161,49.21333215455921],[21.17948020904172,49.21333536388581],[21.17948438119671,49.213338859689046],[21.179488006991672,49.21334260791317],[21.17949105110427,49.213346572043214],[21.179493483878847,49.21335071346098],[21.179495281615345,49.213354991821035],[21.179496426800164,49.21335936544391],[21.179496908276818,49.21336379172206],[21.179496721354628,49.21336822753496],[21.1794958678544,49.213372629669244],[21.179494356090704,49.21337695523952],[21.179427916402997,49.21353154504692],[21.179425969956302,49.21353539805372],[21.179423501058,49.213539120367635],[21.179420529827134,49.213542681655404],[21.1794170804763,49.21354605289598],[21.179324034133863,49.21362866906761],[21.17932306031427,49.213629635372826],[21.179322767614014,49.21363077729201],[21.179302906585665,49.213744189912326],[21.179301843662373,49.21374844530542],[21.17930016335263,49.21375261441781],[21.179297881112852,49.21375665889925],[21.179295017936422,49.21376054154601],[21.179291600160575,49.213764226642944],[21.179287659224126,49.21376768029215],[21.179283231378275,49.21377087072468],[21.179278357353198,49.21377376859288],[21.179223199983873,49.21380353094579],[21.17922204790783,49.21380421735228],[21.179223454904513,49.21380465458797],[21.179507605432523,49.21388202402591],[21.179508390283925,49.21388224147998],[21.179932744407264,49.214001853773915],[21.179938485164993,49.21400368368331],[21.179943941513383,49.21400585515799],[21.17994906623269,49.21400834940585],[21.179953814973132,49.21401114484147],[21.18024279792111,49.21419788802199],[21.180243989395233,49.2141985877218],[21.180245576395407,49.21419845378768],[21.180322941255618,49.21418944879651],[21.180329679577632,49.2141888881369],[21.18033646949643,49.21418876659903],[21.180343244497596,49.21418908537343],[21.180349938212863,49.21418984133739],[21.180356485070224,49.214191027085455],[21.18036282093631,49.214192631001985],[21.18036888374459,49.21419463737484],[21.180374614103435,49.21419702654958],[21.180379955877864,49.214199775121685],[21.18038485673946,49.214202856165976],[21.180389268679022,49.21420623950035],[21.180533248980247,49.21432841119351],[21.180537082227517,49.214332014909026],[21.180540360396634,49.214335846470526],[21.18054305219813,49.21433986930675],[21.18054513193926,49.21434404502072],[21.180546579769267,49.21434833375619],[21.180547381868745,49.21435269457824],[21.180547530581716,49.21435708586378],[21.180547024488558,49.214361465699035],[21.180545868419642,49.214365792279494],[21.18054407340923,49.21437002430892],[21.180541656590123,49.214374121393554],[21.180538641030182,49.214378044427626],[21.18053505551212,49.2143817559666],[21.180530934258822,49.2143852205846],[21.180425512864296,49.21446543329141],[21.180424515230808,49.214466270909305],[21.180424692446397,49.214467326969555],[21.18044496470153,49.214550815622665],[21.1804452910641,49.214551842677004],[21.18044651516152,49.21455251905335],[21.18071386539618,49.21468654630169],[21.180715883967732,49.21468766632281],[21.180716311401504,49.21468772648331],[21.18071748758765,49.214686979925276],[21.180863778622232,49.2145845458343],[21.180868565486847,49.21458150465796],[21.180873780281487,49.214578782173064],[21.18087937377453,49.21457640408202],[21.180885293159168,49.21457439283565],[21.180891482551957,49.214572767421664],[21.18089788352039,49.21457154318527],[21.18090443563454,49.21457073168404],[21.18091107703759,49.21457034057922],[21.18091774502974,49.214570373563134],[21.18092437666018,49.214570830324384],[21.180930909321408,49.21457170655079],[21.180937281340217,49.21457299397013],[21.180943432559985,49.214574680428186],[21.180949304908605,49.21457675000357],[21.18095484294668,49.214579183157916],[21.180959994390932,49.21458195692047],[21.18108482478001,49.214656113028965],[21.18108608577204,49.21465679182755],[21.18108768874334,49.21465659073475],[21.181299524111132,49.21462293439172],[21.18130623361413,49.21462209748594],[21.181313036872485,49.21462170162503],[21.1813198665026,49.21462175072976],[21.18132665485973,49.214622244313816],[21.181333334707876,49.21462317748845],[21.181339839885773,49.2146245410109],[21.181346105962195,49.214626321376],[21.181352070874112,49.21462850095003],[21.181357675541356,49.21463105814504],[21.18136286445186,49.21463396763313],[21.1813675862114,49.214637200596854],[21.18137179405269,49.21464072501503],[21.18137544629858,49.21464450597968],[21.181378506774852,49.2146485060417],[21.18138094516852,49.21465268558208],[21.181382737328047,49.21465700320405],[21.181383865502617,49.21466141614321],[21.181384318517907,49.21466588069103],[21.18138409188677,49.21467035262779],[21.181383187853733,49.214674787660655],[21.18138161537275,49.214679141862256],[21.18137939001847,49.21468337210575],[21.181376533832086,49.2146874364922],[21.18137307510294,49.21469129476529],[21.18135098652839,49.21471334341688],[21.18134695006545,49.21471696500533],[21.18134238297447,49.21472030516333],[21.18133733068961,49.214723330662466],[21.181331843471842,49.21472601140446],[21.18132597590896,49.2147283207208],[21.18131978637251,49.21473023563797],[21.181152283460136,49.214775510666364],[21.180916233505243,49.214839313467905],[21.180909914268398,49.21484078913415],[21.180903405289918,49.21484185355725],[21.18089676876833,49.21484249656575],[21.18089006812097,49.214842712015205],[21.180883367377923,49.21484249784681],[21.18087673057018,49.214841856107086],[21.180870221117797,49.2148407929284],[21.180863901223837,49.21483931847032],[21.180857831279965,49.21483744682245],[21.180667217367702,49.21477103097994],[21.180661399404123,49.21476875561302],[21.180655952306417,49.21476611548907],[21.180655413595662,49.214765795987844],[21.180652769943915,49.21476537792414],[21.180646351655014,49.21476390965079],[21.180424947117917,49.214705047836226],[21.180418765299695,49.21470316496152],[21.180412899137856,49.21470088958688],[21.18040740651799,49.21469824416498],[21.18040234163964,49.214695254800226],[21.180397754481504,49.214691950990726],[21.18039369030822,49.2146883653375],[21.18039018922378,49.214684533222865],[21.18012352707638,49.2143567319263],[21.180053906139655,49.21427114682711],[21.180053098198268,49.21427025553515],[21.18005205775701,49.2142694804243],[21.17971621246772,49.21404128370308],[21.179715049383553,49.21404056531271],[21.17971345918252,49.214040672023046],[21.179460273208115,49.21406569682001],[21.17945871143656,49.214065901770404],[21.179458360497527,49.21406691959087],[21.179442054543767,49.21412762135836],[21.179434991802417,49.21415391241388],[21.179325345737784,49.21456208343799],[21.179316403363096,49.214595374562585],[21.179302110803462,49.214648570681945],[21.179302110477316,49.21464857209423],[21.17924966139494,49.214843818752186],[21.17924813606407,49.21484820072987],[21.179245950503372,49.21485246104316],[21.179243126554464,49.21485655711588],[21.179239692438816,49.21486044801319],[21.179235682475728,49.21486409485071],[21.17923113673939,49.214867461183175],[21.17922610065832,49.214870513368496],[21.179224711459373,49.21487127452364],[21.17922423413829,49.21487228849805],[21.17920517925316,49.21492093119847],[21.179197732342523,49.21493993974707],[21.17919726984407,49.214941292210874],[21.179194281388057,49.214951496881035],[21.179194062663477,49.21495247684408],[21.179194245076364,49.214953459991385],[21.17931855190407,49.215441568039736],[21.179318876824315,49.21544256318969],[21.17931933815996,49.21544353493753],[21.179406261291373,49.21560103166144],[21.179406893510357,49.21560202487614],[21.179407804197446,49.215602920472385],[21.179497450162255,49.21568249608423],[21.179871241686904,49.216014290458276],[21.179871787462115,49.216014727175214],[21.17987255820952,49.216015355312294],[21.179873369610554,49.21601602885554],[21.180094835646045,49.2161824317114],[21.180098833396194,49.216185736365844],[21.180102340967924,49.21618927183074],[21.18010532750883,49.21619300700844],[21.180107766749487,49.216196909044754],[21.180355561939738,49.216653233761114],[21.18042667070299,49.216784191730504],[21.181158280085114,49.218131527744816],[21.181158442983417,49.21813183116343],[21.18133702405524,49.21846829922432],[21.181337176218822,49.21846858909872],[21.181648422524006,49.21906815058521],[21.181675781748815,49.21912088492136],[21.1816764746235,49.21912201375039],[21.18167768588056,49.21912293609449],[21.181709254029446,49.219144472088615],[21.181713524564472,49.21914767595111],[21.18171731379819,49.219151129823125],[21.18172058781772,49.21915480279325],[21.18172331732125,49.21915866198927],[21.18172547788019,49.219162672872244],[21.181727050157914,49.2191667995457],[21.1817527411681,49.21925100305575],[21.181781031646413,49.21934373304729],[21.18178201373649,49.2193480171916],[21.181782361789,49.21935234336349],[21.18178207257211,49.219356671394294],[21.18178114877103,49.21936096109828],[21.181779598963104,49.21936517264554],[21.181777437538155,49.21936926693172],[21.18177468456491,49.21937320594138],[21.181771365604632,49.219376953100785],[21.181767511473804,49.219380473617434],[21.181763157958002,49.21938373480324],[21.18175834547962,49.219386706378025],[21.181753118722565,49.21938936075072],[21.181495068328275,49.21950782572898],[21.181493742270032,49.219508501772],[21.18149356086621,49.21950959603839],[21.181475660627637,49.21971122527914],[21.18147488136348,49.21971585209804],[21.18147337593117,49.21972040133828],[21.18147116046853,49.21972482423255],[21.181468258724863,49.219729073367944],[21.181464701806348,49.21973310319431],[21.181351607464975,49.219847166561934],[21.181154988887084,49.22004546597378],[21.181154176296427,49.22004637764006],[21.18115409106268,49.22004743183843],[21.18115094255834,49.2204324506569],[21.181151009826042,49.22043348272791],[21.181152580851432,49.22043357291881],[21.18130044771377,49.22043739061944],[21.181307105608468,49.22043777584681],[21.181313674733296,49.2204385834288],[21.181320092794184,49.220439805707194],[21.18132629892961,49.22044143109135],[21.18133223428765,49.22044344416794],[21.18133784258415,49.22044582584729],[21.181343070636366,49.22044855354424],[21.18134786886737,49.22045160139247],[21.181352191776128,49.220454940489624],[21.181355998368993,49.22045853917149],[21.181359252548457,49.22046236331234],[21.181361923455434,49.22046637664827],[21.18136398576192,49.22047054112135],[21.181382938577677,49.22051629397637],[21.181384363562834,49.22052053467756],[21.18138515735168,49.22052484564479],[21.18138531253955,49.220529186665054],[21.181384827678663,49.22053351724491],[21.181383707291676,49.22053779698838],[21.181381961829494,49.22054198597367],[21.1813796075738,49.22054604512555],[21.181376666485125,49.22054993657991],[21.18137316599811,49.22055362403685],[21.181369138765486,49.22055707309948],[21.18136462235357,49.22056025159463],[21.181359658891804,49.220563129872936],[21.181354294679778,49.22056568108562],[21.18134857975533,49.22056788143456],[21.181342567427837,49.220569710394805],[21.18133631378087,49.22057115090562],[21.18102954501018,49.22063107985992],[21.181023007695902,49.22063213131794],[21.181016344579998,49.22063275825832],[21.181009619752516,49.220632954650675],[21.1810028978971,49.2206327186061],[21.180996243668815,49.220632052394905],[21.180989721072212,49.22063096242514],[21.180983392845764,49.22062945918089],[21.180977319858297,49.22062755712126],[21.180971560523613,49.22062527454146],[21.18096617023857,49.220622633396765],[21.18096120085024,49.22061965909145],[21.180956700157253,49.220616380234105],[21.180952711449958,49.2206128283629],[21.18094927309413,49.220609037641964],[21.18094641816187,49.22060504453273],[21.18094417411353,49.22060088744347],[21.18092032217214,49.2205486866023],[21.18091979752081,49.220547710009455],[21.180918223551725,49.220547615714786],[21.18078204479331,49.220543719072744],[21.18056534249214,49.22053759992787],[21.180558664285556,49.220537196525335],[21.18055207806307,49.2205363681311],[21.18054564670635,49.22053512265429],[21.180539431618488,49.220533471986],[21.180533492137705,49.22053143188593],[21.18052788497091,49.2205290218318],[21.180522663652212,49.220526264833566],[21.180485969871842,49.220504870244014],[21.180431253535303,49.220472909720705],[21.18042217138411,49.220467610439016],[21.18042216946626,49.220467609374914],[21.180371319296402,49.220437941374136],[21.18036989474848,49.22043708638078],[21.180334472074865,49.22041521750699],[21.18032993097194,49.22041213338441],[21.180325858718913,49.22040878009863],[21.180322292304766,49.22040518810829],[21.18031926412381,49.22040139004001],[21.18006197951831,49.22003740040508],[21.180061256434026,49.22003649063876],[21.18005984059199,49.22003605257694],[21.17984393869582,49.21997711059624],[21.17984152311677,49.219976519894345],[21.179702657845827,49.21994640542997],[21.179700772852527,49.219946060502735],[21.17970038811126,49.21994708727879],[21.1796384588124,49.2201572142892],[21.17963791746257,49.22015888077291],[21.17953247009085,49.22045573770075],[21.179531879406984,49.22045727697141],[21.17948884508744,49.22056159611697],[21.179488258438422,49.220562935435375],[21.1794237348757,49.22070207167616],[21.179420550177024,49.220707602173874],[21.179190100388535,49.221039825583986],[21.179045074019353,49.221248893548335],[21.179044437120165,49.221249953710256],[21.17904485763578,49.221251059211596],[21.179139777627377,49.22145509910608],[21.179141525112005,49.22145972024542],[21.179142516775716,49.22146443651317],[21.179142741498616,49.22146919502506],[21.179142196760633,49.22147394242309],[21.17914088866978,49.2214786254738],[21.179138831893713,49.22148319166537],[21.17909011364908,49.2215734395399],[21.179039406630014,49.221667374578296],[21.17900189246718,49.22173686771285],[21.179001441401976,49.221737852006996],[21.17900297201482,49.2217380778031],[21.179219625206755,49.22176291401482],[21.17922038022891,49.22176299489602],[21.179444628891204,49.22178533905111],[21.179446328258674,49.22178545143373],[21.179447958923145,49.22178511858725],[21.179461103411537,49.22178195208668],[21.179461103515056,49.221781952059786],[21.179476512036924,49.221778240135464],[21.17948326346606,49.22177686776318],[21.179490194586513,49.22177595751323],[21.179497231880333,49.22177551904077],[21.1795043007034,49.22177555699651],[21.17951132607719,49.22177607097789],[21.17951823348401,49.221777055533174],[21.179524949657445,49.2217785002192],[21.179531403359462,49.221780389712364],[21.17953752613601,49.221782703970874],[21.179547006195875,49.22178672709103],[21.17954849942919,49.221787292194],[21.17955022380597,49.22178730810161],[21.17992118452469,49.2217783374457],[21.17992779931294,49.22177838642124],[21.179934376182015,49.22177885226581],[21.17994085404152,49.22177973065224],[21.17994717272069,49.22178101342155],[21.17995327352738,49.22178268865852],[21.17995909979312,49.22178474080238],[21.17996459739956,49.22178715079137],[21.179969715281143,49.22178989624],[21.179974405899447,49.221792951646556],[21.180132458990375,49.221906339753595],[21.180133589859235,49.221907113202725],[21.18024098034721,49.2219771431043],[21.18024542113326,49.221980331241916],[21.180249374775066,49.22198378358535],[21.18025280484204,49.22198746832324],[21.180255679728003,49.221991351502936],[21.180257972942414,49.221995397343214],[21.180259663354466,49.22199956856387],[21.180260735387872,49.222003826729654],[21.180261179164287,49.222008132603975],[21.180260990594395,49.222012446510604],[21.180260171415615,49.222016728699415],[21.180236409853872,49.2221059697623],[21.18023496330258,49.22211019101593],[21.180232904016638,49.22211430165525],[21.180230251064454,49.222118263616686],[21.180227029011718,49.22212204021311],[21.180223267693894,49.22212559647408],[21.180157408749718,49.22218187387097],[21.18015652730724,49.22218270820053],[21.180158035655843,49.222182939158024],[21.180264364622992,49.222195683250895],[21.180270931468545,49.22219669097533],[21.180277315615914,49.222198115984334],[21.180283455422295,49.22219994451859],[21.1802892916041,49.22220215892252],[21.18029476780945,49.22220473781466],[21.180299831162188,49.222207656294295],[21.180445586359106,49.2223003782104],[21.180447805534317,49.22230167242818],[21.180565879970455,49.222364745807134],[21.180567471522824,49.222365500511856],[21.180569184816967,49.22236613056323],[21.1809878435616,49.22249996991708],[21.180989191865155,49.22250037752859],[21.181251553583927,49.22257522600825],[21.1812595450881,49.2225779267118],[21.181631040065387,49.22272440623874],[21.18163236173638,49.2227249408042],[21.181799701423998,49.22279434840754],[21.181802083891224,49.222795250988675],[21.181968359415585,49.22285254056997],[21.181973773333734,49.2228546181646],[21.182207156497682,49.22295383270068],[21.182209222367003,49.22295464486509],[21.18225045347331,49.22296959019277],[21.182256348435537,49.222971989659435],[21.182261843318845,49.22297476678144],[21.182266881942514,49.22297789316503],[21.182271412790676,49.22298133684547],[21.182275389539008,49.22298506261392],[21.182278771528374,49.2229890323775],[21.182281524180567,49.222993205548576],[21.182283619351768,49.22299753945985],[21.18228503562041,49.22300198980066],[21.182285758506087,49.2230065110698],[21.182285780617683,49.22301105704096],[21.18228510172895,49.223015581235195],[21.18228372878079,49.2230200373963],[21.182281675810312,49.223024379963526],[21.18207845518265,49.223388049887554],[21.181902467565887,49.22370298321783],[21.181899811448048,49.223707092149844],[21.181896546564865,49.22371100839476],[21.181745562402334,49.22387250577267],[21.181524312931977,49.22410915841766],[21.18143027281787,49.224209743400905],[21.18142865001927,49.224211688530076],[21.181187384707577,49.2245381912777],[21.181186726808555,49.22453921094801],[21.181187841921574,49.22454004279414],[21.18130373325102,49.22461809469334],[21.181305317374978,49.22461919818268],[21.181518284240664,49.22477264824691],[21.18151926710693,49.224773327470885],[21.181601615165626,49.224827912957416],[21.181605322232183,49.22483057569898],[21.181608691799635,49.2248334243415],[21.181764434207334,49.22497659200606],[21.181764434998517,49.224976592696244],[21.181768034772023,49.224979901701744],[21.18176917048748,49.22498083594464],[21.18177045173475,49.22498168573115],[21.182109219198626,49.22518360658993],[21.182112018051743,49.225185372232446],[21.18229315069539,49.22530629594284],[21.182293151035083,49.22530629615865],[21.182487683235223,49.22543616260242],[21.18248973660835,49.225437425267685],[21.18271066587461,49.22556250952031],[21.182892597242756,49.22566551488186],[21.182895128244446,49.225666817144855],[21.183089551427393,49.225757524979066],[21.183090807295137,49.22575805828729],[21.18309212948396,49.225758517713906],[21.183242212209212,49.22580528086345],[21.183243703277075,49.22580568994509],[21.183245285284013,49.225805907814745],[21.183297688372562,49.225811442810354],[21.183388679678316,49.22582105299885],[21.18338868145461,49.22582105315782],[21.183425449250958,49.2258249358201],[21.18343003587042,49.225825214857714],[21.183522574617772,49.22582675396617],[21.183631101256626,49.225828556661156],[21.183632971929313,49.225828554326995],[21.183868095823186,49.2258240614464],[21.183869381218873,49.225824021073976],[21.184060066504166,49.225815682314376],[21.184144677635885,49.22581198233264],[21.18414914432616,49.22581188251051],[21.184422526690962,49.22581160495649],[21.184425898701843,49.22581165580282],[21.184465033982164,49.225812876524344],[21.18446644409692,49.22581287501452],[21.184465264840746,49.22581236862502],[21.184360631057928,49.22577211354891],[21.184359299675513,49.22577162705712],[21.184164533801308,49.22570412954981],[21.184158190567146,49.22570163583043],[21.184152293933295,49.225698709479914],[21.184146912394247,49.2256953844904],[21.184142108461195,49.22569169948457],[21.184137937935883,49.225687697266984],[21.184132618351363,49.22568194987632],[21.18412935667698,49.22567799190998],[21.18412671511875,49.22567384030473],[21.18412472011339,49.22566953661012],[21.184123391626876,49.2256651238978],[21.184122742954564,49.2256606463303],[21.18412278058821,49.22565614871944],[21.184123504151028,49.22565167607745],[21.184124906401358,49.22564727316674],[21.184126973305254,49.22564298405182],[21.184129684176902,49.225638851658374],[21.184133011885635,49.22563491734343],[21.184136923127497,49.225631220481795],[21.184141378758547,49.22562779807179],[21.184146334186586,49.225624684365],[21.184151739817462,49.225621910523444],[21.184157541551446,49.225619504307836],[21.18416368132456,49.225617489799646],[21.18417009768982,49.22561588716003],[21.18417672643206,49.22561471242832],[21.184183501210693,49.22561397736128],[21.18419035422359,49.22561368931542],[21.184197216885682,49.2256138511735],[21.184572129337816,49.2256350291329],[21.184577349133676,49.22563545648447],[21.185229052577554,49.225705513365384],[21.185235199238672,49.22570636493016],[21.185241201279172,49.22570758100726],[21.185247008420166,49.225709151409696],[21.185252572015397,49.225711062982235],[21.185257845458782,49.22571329971162],[21.185262784574814,49.22571584286096],[21.1852673479886,49.22571867112631],[21.18545463991973,49.2258458826457],[21.18545798614381,49.22584787413721],[21.185517256130712,49.22587873025576],[21.18551871365394,49.22587940982385],[21.18552049566533,49.225879514162735],[21.186048702330005,49.22589204563321],[21.18605180001326,49.22589202744773],[21.186271500635865,49.22588423058416],[21.186275599214387,49.22588392234935],[21.18655620199925,49.22585151951982],[21.186559370366886,49.22585120340391],[21.186651993520474,49.22584340642068],[21.186651994829685,49.225843406289286],[21.186914566583837,49.225821299354386],[21.186923663942785,49.22582093298727],[21.187005829547033,49.225821203570305],[21.187005829764317,49.225821203567385],[21.18713123102106,49.225821616157845],[21.187134149308182,49.2258216664156],[21.187292064417182,49.22582658841118],[21.18729206469165,49.225826588415195],[21.18762481366019,49.22583695814921],[21.187629270298732,49.225837192501004],[21.1876482761116,49.22583860120536],[21.187648276722882,49.225838601241314],[21.187826468578308,49.225851807590516],[21.187832111139418,49.2258523823315],[21.187837661239367,49.22585326225225],[21.18784308046957,49.225854441263266],[21.18788789003852,49.22586556566406],[21.18801889617079,49.225898087460145],[21.1880241952862,49.22589957243239],[21.188029285513352,49.225901343333824],[21.188034130964333,49.225903387679075],[21.18807146134797,49.22592063189981],[21.18816381406664,49.22596329325956],[21.1881691377464,49.22596601904163],[21.188174026438745,49.22596907444068],[21.188178432769316,49.22597242984813],[21.188273040897172,49.22605209142326],[21.188276662524984,49.226055446725915],[21.188365410437356,49.22614619979928],[21.188370090811336,49.2261518343187],[21.188445038322083,49.22625975864086],[21.188447227697797,49.22626330425733],[21.188509878986533,49.22637865529163],[21.188511046185415,49.226380531697195],[21.18853528303731,49.22641496398386],[21.188563170322336,49.22645458341557],[21.188564047542272,49.226455667999474],[21.188565415408075,49.226456506932166],[21.188672157035377,49.22651508195654],[21.18867441690674,49.22651622082046],[21.18900584943338,49.22666931725727],[21.189011644099438,49.22667231200305],[21.189016914288384,49.22667569694514],[21.189023129465962,49.22668014275872],[21.189024324831273,49.22668091764788],[21.189024628517465,49.22668107911983],[21.189025064505323,49.22668131093751],[21.18921796534451,49.22677136728446],[21.189221266903825,49.22677272961548],[21.189381322654953,49.22683071168974],[21.189383527408687,49.2268314437419],[21.18973653086117,49.22693836465134],[21.18973915098,49.22693920294377],[21.189960585961266,49.227013905848146],[21.189960587105002,49.22701390621056],[21.189990817063727,49.22702410403525],[21.189991078748285,49.22702419277826],[21.190356336456425,49.227148710741915],[21.190356336554085,49.227148710773264],[21.190450337165995,49.227180755588414],[21.190454167788864,49.22718216527506],[21.19077453621469,49.22730906336959],[21.190837516493982,49.2273340098459],[21.191045516878876,49.22741639753717],[21.191049387789327,49.227417718155564],[21.19115936317603,49.227449585588985],[21.19115936376416,49.22744958574804],[21.191218346370185,49.227466676583816],[21.191222403264973,49.22746765683649],[21.19156237173406,49.22753418314438],[21.191566424074473,49.227535066938934],[21.19188381767299,49.22761155098588],[21.191885045449762,49.22761185560967],[21.19219833412923,49.22769183716397],[21.19253511546387,49.22777684342433],[21.192541686369555,49.22777876678463],[21.192547913677707,49.22778113015627],[21.192690960898304,49.22784219452807],[21.192691321103702,49.22784234935007],[21.192694983576864,49.227843934331],[21.19269998304023,49.22784631646303],[21.192704634977,49.227848983529846],[21.192708901653116,49.22785191389761],[21.192712748459506,49.22785508379683],[21.19271614419285,49.22785846751491],[21.19271906130868,49.22786203760497],[21.1927439466098,49.22789609692707],[21.19274642788699,49.227899941866895],[21.192748353976608,49.227903920952556],[21.192767476148003,49.22795089302235],[21.19276893182663,49.22795537533797],[21.192769683251306,49.22795993141819],[21.192777293399008,49.22804787643184],[21.192777401223626,49.22805006437374],[21.192779547831098,49.22822764628996],[21.192779628381558,49.22822901757158],[21.192796791833615,49.22839169798517],[21.192797445279858,49.22839477454217],[21.192826313398072,49.22848460317289],[21.192826687736375,49.228485557707764],[21.192827309332472,49.22848645103017],[21.19289816157063,49.22857752713478],[21.192898803366948,49.22857827924371],[21.19289953140051,49.228578996878376],[21.193012897767755,49.22868193688115],[21.19301313262434,49.228682147550174],[21.193043869234646,49.22870938537341],[21.193044977309587,49.228710268888534],[21.193046336528443,49.22871098639941],[21.193104563802454,49.22873862851217],[21.193207334782223,49.2287873831174],[21.19320878567653,49.22878800029829],[21.19321045266449,49.22878830349662],[21.19328599699281,49.2287993690122],[21.19346225931672,49.228825197428016],[21.193538549374434,49.228836371994774],[21.193540487984453,49.22883661782619],[21.193615045472797,49.22884462227745],[21.19372439716209,49.22885630344347],[21.193724520803148,49.22885631672686],[21.193791129591222,49.22886351371984],[21.193991167244338,49.228885207181854],[21.193991538215112,49.2288852460473],[21.194078100060526,49.22889399690881],[21.194079538334165,49.22889412198546],[21.194166283380607,49.228900446693366],[21.194167638695223,49.22890054557929],[21.194195580861184,49.22890258304862],[21.19419579020882,49.228902591662205],[21.194198728124388,49.228902754090036],[21.19419888745448,49.228902765160285],[21.194296285355744,49.22890641410568],[21.194370704125447,49.22890913701194],[21.194411299144814,49.22891062180927],[21.19441139483469,49.228910625353066],[21.194461131714316,49.22891249012511],[21.19446779522883,49.228912954509994],[21.19447435786109,49.22891384217376],[21.19448075707682,49.2289151446581],[21.194486931898904,49.228916849551766],[21.194492823488414,49.22891894060912],[21.19449837570529,49.22892139790485],[21.194505680169108,49.22892498285949],[21.19461167937825,49.228977068283164],[21.19461440154437,49.22897847769549],[21.19479365414441,49.22907620754891],[21.19484931156996,49.22910655290707],[21.194852973107647,49.22910869910342],[21.195014706092024,49.22921055610873],[21.195082153859722,49.22925303337836],[21.195304220002036,49.22939286995603],[21.195305681250055,49.22939369125095],[21.195307386486995,49.22939427704815],[21.195502645171352,49.229452390764976],[21.19550422864378,49.22945280061976],[21.195505930768284,49.229452772772454],[21.195633023602166,49.22944650625083],[21.195633024603765,49.22944650618493],[21.195706843470646,49.229442865653844],[21.195887299817137,49.22943400521465],[21.19590957594363,49.22943291098047],[21.195911136464748,49.22943278691899],[21.19591267302614,49.22943256962152],[21.195999238135194,49.22941757286644],[21.196011863956027,49.22941537911979],[21.19601843099316,49.22941446062572],[21.196025103636057,49.22941396672177],[21.196031818037675,49.22941390213396],[21.196115239799532,49.22941577359562],[21.196214171703,49.22941803921575],[21.196337137496652,49.2294207817731],[21.19640434602569,49.22942231102071],[21.196412691809194,49.22942283643042],[21.196420877548558,49.2294240242194],[21.196519922800526,49.229442616638316],[21.19654552350296,49.22944742276245],[21.196625989509304,49.22946254064519],[21.19663375177597,49.22946433527098],[21.196641130239207,49.22946672547508],[21.196666186525047,49.2294761066185],[21.196684026861764,49.229482790950094],[21.1966840270753,49.22948279102569],[21.196778019540254,49.22951800733033],[21.196778116556565,49.229518043748236],[21.196781343025123,49.22951925718479],[21.196785152987985,49.229520800455774],[21.19684020353076,49.22954476007584],[21.196846793430698,49.229548018700534],[21.196863174738716,49.22955718232043],[21.196937691562333,49.229598867488704],[21.196971933330286,49.22961803720214],[21.19697193429378,49.22961803771523],[21.197075602014603,49.229676072209195],[21.197257585388055,49.229777918386674],[21.19732906227688,49.22981792163597],[21.19732906360313,49.22981792234214],[21.19743767341794,49.22987870443821],[21.19749523426475,49.22991090350442],[21.197531234343877,49.229931041862805],[21.19753123499891,49.229931042210815],[21.197565806816716,49.229950381099314],[21.197567038818423,49.22995100864282],[21.197568529596143,49.22995130407136],[21.197616223978137,49.22995922557425],[21.19762178337273,49.22996031462347],[21.19762718246972,49.22996170725981],[21.197629788235385,49.2299624641872],[21.197631300651594,49.22996270090114],[21.197653254170547,49.22996545617269],[21.197657207726245,49.22996603203053],[21.19774370041596,49.22998039609061],[21.197900915648876,49.23000651762124],[21.197901045465994,49.23000653927876],[21.198068557912748,49.23003459941225],[21.198213187223867,49.23005880670927],[21.198367469776038,49.23008466603961],[21.198493582595248,49.230105800042026],[21.19849725620237,49.230106277437024],[21.198694894813183,49.230124684037705],[21.198696218046116,49.23012479014648],[21.198753651340187,49.230128655840524],[21.198753652887383,49.230128655918975],[21.198880784807937,49.23013721082461],[21.199078461912464,49.23015051342526],[21.199125185139252,49.230153655765996],[21.199130657632026,49.23015417037428],[21.19930083977624,49.2301747841482],[21.199329142232354,49.23017821685916],[21.199630550267827,49.23021476932425],[21.199631714966625,49.23021491739686],[21.199807770730676,49.23023833553623],[21.19980948900718,49.23023850511475],[21.19981122468737,49.23023855966185],[21.199880551093834,49.230238429811095],[21.200036147449723,49.230238130855014],[21.20021611262414,49.23023786785761],[21.200311934825162,49.23023773718721],[21.20031330276492,49.23023769948381],[21.20031466173592,49.23023759034675],[21.20051734839561,49.23021589673428],[21.200656830376627,49.230200945097714],[21.200658624080898,49.23020068719095],[21.200660292068427,49.23020018403382],[21.20085799678736,49.2301318649018],[21.201006730387892,49.230080491028524],[21.201036300237618,49.23007027372419],[21.201043326210385,49.23006816801001],[21.201155681832713,49.23003938445315],[21.201321116259567,49.22999701273855],[21.201581990041085,49.22993019406932],[21.201652732059117,49.229912082808],[21.201654091017307,49.22991168956375],[21.20165539280492,49.22991122064663],[21.2018917460516,49.229817113581866],[21.2019590850644,49.22979029520846],[21.20200167296966,49.22977333347028],[21.20200174687072,49.22977330068994],[21.20203230339616,49.22976113474706],[21.20203515523265,49.2297600597417],[21.202156169293254,49.22971693808144],[21.20221878670022,49.22969463025542],[21.20222490323345,49.22969270144937],[21.202231280749054,49.22969117771584],[21.20223785688062,49.229690073955446],[21.202244567319504,49.22968940096206],[21.20225134644365,49.22968916531693],[21.202258127959322,49.229689369324426],[21.20226484554942,49.22969001098958],[21.202312290695655,49.22969612532493],[21.202374679520037,49.2297041389094],[21.202379361587973,49.22970452357242],[21.20248898881398,49.229708542691974],[21.20265698412841,49.22971466466534],[21.20268441486166,49.2297156644493],[21.202693003367166,49.229716334871846],[21.202789561916042,49.22972795124182],[21.202856828839032,49.229736065803934],[21.202856952838072,49.229736080839324],[21.203003900491407,49.22975399018129],[21.20300390113946,49.229753990249705],[21.20303071170112,49.22975725762254],[21.20303187556841,49.22975738594294],[21.20312041187617,49.22976612494011],[21.203376922019377,49.22979144380804],[21.203377328204628,49.22979148471482],[21.20345747218055,49.22979971685179],[21.203775256152312,49.22983226167712],[21.203970102152983,49.229852206199375],[21.203976576406507,49.2298530798558],[21.204141837857172,49.2298808734826],[21.20414816879268,49.22988215443775],[21.204154281664437,49.2298838291553],[21.204160119521497,49.22988588203251],[21.20416562797511,49.22988829394366],[21.204170755705398,49.22989104241798],[21.20417545493952,49.22989410184931],[21.20417968189667,49.22989744373412],[21.204183397196083,49.229901036937626],[21.20418656622379,49.22990484798346],[21.20418915945523,49.22990884136583],[21.20419115273025,49.22991297988009],[21.20419252747819,49.229917224969434],[21.204193270890972,49.229921537084216],[21.204193376042383,49.22992587605033],[21.204192841952597,49.22993020144345],[21.20419167359733,49.22993447296571],[21.204189881861495,49.22993865082105],[21.204187483437824,49.22994269608626],[21.204184500671275,49.229946571073214],[21.204164385145294,49.22996983713525],[21.204164264322845,49.22996997630261],[21.203296316237722,49.23096555536386],[21.203081168521017,49.23121233150811],[21.20308044413973,49.23121326690021],[21.203081943356658,49.231213635737966],[21.205441185396847,49.231708391131846],[21.205442756033115,49.23170866723825],[21.205444378095006,49.231708743532415],[21.205674948405242,49.23171237717821],[21.205679152722873,49.23171227437183],[21.205862135131554,49.231700408088365],[21.205863403085406,49.23170029440652],[21.205864654544246,49.23170011906007],[21.205989447997947,49.23167941373511],[21.205991347805856,49.231679060129856],[21.206093817328867,49.23165788272632],[21.206097366033063,49.23165700527537],[21.206139257721226,49.231644874188056],[21.206145346879044,49.23164333311751],[21.2061516320202,49.23164217776944],[21.20615805631459,49.23164141859052],[21.206164561673894,49.231641062445206],[21.206201076302285,49.231640205012205],[21.206207307894264,49.23164024403313],[21.20621350840842,49.231640652959506],[21.20621962675174,49.23164142842178],[21.206225612508284,49.23164256403004],[21.206231416354644,49.23164405042672],[21.206302401116485,49.23166470913247],[21.206309272978736,49.23166702053871],[21.206315704791102,49.231669822913354],[21.20632161510968,49.23167308077082],[21.206384785921628,49.23171208272],[21.206386269553168,49.2317128994924],[21.206387996387377,49.231713475914006],[21.20645423831132,49.23173256179823],[21.206455697326273,49.2317329308332],[21.206457254596195,49.2317330261551],[21.206652709488157,49.23173908504052],[21.206661383618517,49.231739717642796],[21.20672579559401,49.2317471546683],[21.206731595391016,49.23174799520217],[21.20673726252684,49.231749160918234],[21.20674275457389,49.23175064308925],[21.206853553941883,49.23178428756269],[21.20685474943676,49.23178461519441],[21.206855979328758,49.23178488270909],[21.206963451856705,49.23180533805263],[21.206970114411348,49.231806853205356],[21.207193243641065,49.23186617065971],[21.2071988206755,49.231867847109804],[21.207204146836602,49.23186984299631],[21.207209179569542,49.23187214237251],[21.20721387866389,49.231874726866934],[21.207218206574904,49.231877575829984],[21.20731455489812,49.23194694168991],[21.207315796831885,49.231947748740225],[21.20731715814705,49.2319484684963],[21.20745616349747,49.232014569481],[21.207590701613125,49.23207750432996],[21.207594886327172,49.232079179447915],[21.207802328254115,49.23214939532086],[21.207808870345197,49.232151919239946],[21.207935123907365,49.23220700385976],[21.207940526059726,49.23220961949975],[21.208044209718818,49.232265159432444],[21.208045479776974,49.23226577382716],[21.20804599265874,49.23226479585168],[21.208047513165873,49.23226135176595],[21.20806642119139,49.23221851178252],[21.208068598586596,49.23221435270393],[21.208071385920977,49.23221035279425],[21.208074756536714,49.23220655030791],[21.208078678197595,49.232202981611366],[21.208083113397354,49.23219968083507],[21.208088019718296,49.23219667954722],[21.208093350237057,49.23219400645158],[21.208099053973317,49.23219168711327],[21.20810507637739,49.23218974371408],[21.208111359851916,49.232188194840326],[21.208117844302752,49.232187055305324],[21.208124467713603,49.23218633600722],[21.20813116673924,49.2321860438254],[21.20813787731126,49.232186181554184],[21.208144535250828,49.23218674787639],[21.20815107688248,49.232187737375774],[21.208157439643095,49.23218914058892],[21.208443972857594,49.232262730282585],[21.20858273932979,49.232298368678535],[21.208584354271775,49.23229872243266],[21.208585765271785,49.23229809809653],[21.208655863911424,49.23226355004629],[21.209465065790496,49.2318647295555],[21.20969831696155,49.23174970156028],[21.209699609192388,49.23174899555548],[21.209700070021594,49.23174793559686],[21.20974200344761,49.23162933345902],[21.209743755837746,49.23162526006974],[21.209746085311213,49.23162131263113],[21.2097489712276,49.23161752611951],[21.209752388016106,49.23161393408509],[21.209756305402205,49.231610568355194],[21.209760688675836,49.23160745875186],[21.209786123869655,49.23159103739108],[21.210244672587812,49.23129556263953],[21.21040014891054,49.231195377566735],[21.210402332147673,49.23119383236771],[21.210500218493028,49.23111768611538],[21.210500218600163,49.23111768602772],[21.21092495755731,49.23078727425674],[21.21092589256357,49.23078647185109],[21.210924474470904,49.23078607647276],[21.2107214956688,49.23073686009916],[21.210715429969994,49.23073516826015],[21.210709640055832,49.23073310317169],[21.210704179326374,49.230730683879955],[21.21069909814561,49.23072793269803],[21.210694443376937,49.23072487499983],[21.210690257950965,49.230721538986366],[21.21068658046953,49.230717955425554],[21.210621568147708,49.23064751805496],[21.210620627702955,49.23064660415373],[21.210619431996292,49.23064582868327],[21.21054219020796,49.23060044854811],[21.210540936853455,49.23059977954483],[21.210539513544397,49.23059927708991],[21.209829172969282,49.230376258328796],[21.2098231527252,49.23037412008061],[21.209817487757487,49.23037159963885],[21.209812234446066,49.23036872208793],[21.20980744507384,49.230365516066335],[21.20980316730642,49.23036201348163],[21.20979944371765,49.230358249192896],[21.209796311366013,49.23035426066379],[21.209793801425697,49.23035008758956],[21.209791938876425,49.23034577150235],[21.20979074225482,49.230341355357446],[21.20979022346993,49.23033688310595],[21.209790387684702,49.23033239925733],[21.20979123326463,49.230327948436496],[21.209792751794033,49.23032357493968],[21.209794928159763,49.230319322293525],[21.209797740701685,49.23031523282183],[21.209830186731796,49.23027372015925],[21.209830840766053,49.23027277235093],[21.209829402783843,49.230272330823574],[21.209750020913205,49.230250975555315],[21.20954672379434,49.23019634524825],[21.20953929192461,49.23019399708477],[21.209463635465976,49.23016630519863],[21.20945842317451,49.230164192039844],[21.20945351951199,49.23016178279232],[21.20934712281666,49.23010447252518],[21.209345237689753,49.230103526780596],[21.208766497668734,49.229833462516865],[21.208766497515345,49.22983346244882],[21.208584177593604,49.2297483836275],[21.20857890696223,49.22974566010409],[21.20857406775683,49.22974261243493],[21.208569706261347,49.229739269769084],[21.20804602841899,49.22929571349527],[21.20732198258008,49.22868242852348],[21.20731769976824,49.22867835625723],[21.20717069519223,49.22852066634559],[21.207170693658675,49.228520664789635],[21.207079861575135,49.22842323890114],[21.207058103010944,49.22839989039381],[21.20705475139446,49.22839584094589],[21.207052050008958,49.22839158815796],[21.20705002720929,49.228387176669294],[21.207017544055702,49.22830042574695],[21.206974244365178,49.228184389818885],[21.20693232504241,49.228072191444845],[21.20689897663449,49.227983114889724],[21.206898483311,49.22798203519712],[21.206897826865582,49.22798099342378],[21.206889538319153,49.227969513740334],[21.206884108416816,49.2279619932647],[21.206813943512664,49.227865433009484],[21.206749128032303,49.22777619175247],[21.206748996355298,49.22777600939903],[21.206743490436498,49.22776834003211],[21.20667960454944,49.22768008515209],[21.206621592283604,49.22760022867647],[21.20656596271996,49.22752350436522],[21.206509473279368,49.22744560317465],[21.20645038772933,49.22736418733321],[21.206449659528833,49.22736329101918],[21.206448700130203,49.2273624988181],[21.20642178370394,49.22734221526973],[21.20634558672804,49.22728479218789],[21.206241963472586,49.22720677915919],[21.206064174806144,49.227072716254085],[21.20594369826409,49.226981970039795],[21.20593949428279,49.226978466997025],[21.205935840368426,49.226974708622414],[21.205932772408406,49.226970731829624],[21.20593032053503,49.22696657567721],[21.20592850882963,49.22696228098554],[21.205927355085954,49.22695788993554],[21.205926870635512,49.226953445654615],[21.205927060236228,49.22694899179297],[21.20592792202574,49.22694457209489],[21.205929447539674,49.22694022996894],[21.2059316217948,49.22693600806201],[21.205934423436222,49.22693194784017],[21.205985757541175,49.226866415151015],[21.206025426398796,49.226815772093644],[21.206028940572395,49.22681179934048],[21.206033055068502,49.22680808204086],[21.206037726976746,49.22680465896268],[21.206042907573458,49.22680156580534],[21.206048542829894,49.22679883482757],[21.206054573975678,49.226796494510815],[21.206060938111715,49.22679456926232],[21.206067568866136,49.226793079160565],[21.206074397086557,49.226792039745874],[21.206081351561217,49.2267914618584],[21.206492330597253,49.22677120394912],[21.206499231239427,49.22677109174064],[21.20650611419896,49.226771433997015],[21.206512909876935,49.22677222725744],[21.206519549557015,49.22677346350061],[21.206525966100262,49.226775130225995],[21.206532094624023,49.22677721057992],[21.206537873158016,49.226779683526416],[21.206543243270943,49.226782524059566],[21.20654815066136,49.22678570345656],[21.20655254570672,49.22678918956798],[21.20666645081662,49.226889403382245],[21.206668172739587,49.226890798413876],[21.20702858266995,49.227160050773634],[21.20702973269349,49.227160829858285],[21.207031248470678,49.22716126430086],[21.2071626320319,49.22719402562105],[21.207164089602717,49.22719433613229],[21.207163659747202,49.227193372567896],[21.207087397253723,49.22704923184279],[21.207085517426624,49.22704502671982],[21.20708427153472,49.227040721720535],[21.207083671411784,49.227036357735464],[21.207083722757826,49.22703197621525],[21.207084425084993,49.22702761877721],[21.207085771722152,49.227023326809835],[21.20708774987829,49.22701914107981],[21.207090340764026,49.22701510134462],[21.20709351977008,49.22701124597512],[21.207097256701,49.22700761159096],[21.20710151606198,49.22700423271281],[21.20710625739606,49.22700114143439],[21.207111435668317,49.22699836711774],[21.207117001693685,49.22699593611427],[21.207122902604098,49.226993871514544],[21.20712908235066,49.22699219292874],[21.207135482236033,49.22699091630072],[21.207142041471897,49.22699005375618],[21.207148697756455,49.22698961348806],[21.207155387866038,49.22698959967804],[21.20716204825574,49.226990012457335],[21.207168615662933,49.2269908479052],[21.207175027708157,49.2269920980863],[21.207181223487623,49.226993751125995],[21.20718714415171,49.226995791323134],[21.20719273346389,49.22699819929923],[21.207197938334918,49.2270009521825],[21.207202709327085,49.22700402382514],[21.207207001123773,49.22700738505162],[21.207210772959918,49.22701100393581],[21.207213989009187,49.22701484610434],[21.207401009442158,49.22726666145805],[21.207408322482873,49.2272765078791],[21.207411216388945,49.227281011239015],[21.207413347048135,49.2272856936785],[21.207734664274096,49.22816357867195],[21.20773513329658,49.22816462725129],[21.20773660477925,49.2281651421642],[21.208183419773157,49.228303269224185],[21.208184924351354,49.228303677669395],[21.20818654680379,49.22830358424902],[21.208204678357834,49.228301962189086],[21.208303679893586,49.22829310297434],[21.20830977714632,49.228292758986846],[21.208310205905335,49.22829249247174],[21.208309969865763,49.22829145369055],[21.20824189121872,49.22806653164386],[21.208240912375828,49.22806220200643],[21.208240580994442,49.2280578305502],[21.208240900215095,49.22805345870583],[21.20824186701217,49.22804912790765],[21.20824347222265,49.22804487920088],[21.208245700632972,49.22804075285275],[21.208248531123147,49.228036787970865],[21.20825193686701,49.22803302213244],[21.208255885586436,49.22802949102836],[21.208260339857237,49.228026228124605],[21.208265257463903,49.228023264345566],[21.20827059179967,49.22802062778041],[21.20827629230823,49.22801834341718],[21.208282304962896,49.228016432906],[21.208288572778635,49.22801491435377],[21.208295036352162,49.2280138021526],[21.208301634424867,49.22801310684334],[21.208354678964344,49.22800924031806],[21.20836078278574,49.22800897500582],[21.20836689843564,49.22800906662368],[21.208475224003724,49.22801385845829],[21.208481682589408,49.22801434624335],[21.208488041751245,49.22801523199637],[21.208494244450367,49.22801650777267],[21.20850023505125,49.22801816212899],[21.208505959820773,49.22802018022646],[21.208511367410228,49.22802254396372],[21.208516409315823,49.228025232138975],[21.208521040313805,49.22802822064052],[21.208525218866033,49.22803148266277],[21.208528907492575,49.22803498894675],[21.208532073107943,49.228038708042625],[21.208534687317794,49.22804260659171],[21.208536726673636,49.22804664962562],[21.20857450177131,49.228135455723624],[21.208576002362566,49.22813980877973],[21.208631441029045,49.22834832958684],[21.208632260350388,49.22835262754278],[21.208632495676653,49.228354651088715],[21.208632679239276,49.2283589952323],[21.208632221526145,49.228363330688],[21.208631126813767,49.22836761694697],[21.208629405330576,49.22837181396003],[21.208627073161296,49.22837588251191],[21.208624152096686,49.22837978458766],[21.208620669429937,49.22838348372762],[21.208616657701672,49.22838694536851],[21.208612154395883,49.228390137165974],[21.2086072015897,49.22839302929712],[21.208601845560246,49.22839559473887],[21.20859613635225,49.228397809520736],[21.208590127310398,49.22839965294855],[21.208583874580984,49.228401107798085],[21.208577436587202,49.22840216047562],[21.208570873483335,49.228402801145414],[21.208564246592648,49.228403023821265],[21.208557617834387,49.22840282642251],[21.208551049145296,49.22840221079372],[21.208544601900797,49.228401182686916],[21.208538336341626,49.22839975170852],[21.208532311010856,49.22839793122896],[21.208526582206964,49.22839573825819],[21.20852120345775,49.22839319328656],[21.208443464502796,49.22835252557362],[21.208442160119336,49.228351908134634],[21.208440641281634,49.228352256757695],[21.20838120826966,49.22836804063372],[21.20837480476142,49.22836950445103],[21.208368211947736,49.22837054727993],[21.208361494184675,49.22837115894077],[21.20835847859755,49.228371236596956],[21.208356374094468,49.22837248074974],[21.208350862985746,49.22837513769967],[21.208344975340143,49.22837742208626],[21.208338769667204,49.22837931120798],[21.208268375479083,49.22839800600376],[21.208266794497938,49.22839848988067],[21.208266104231956,49.22839953957739],[21.208201885305094,49.228513086677495],[21.208201401363553,49.22851408304996],[21.208201208762464,49.2285151209807],[21.208181393919382,49.22868975105079],[21.208181350160306,49.228690775686474],[21.208182136234512,49.2286916604115],[21.208298262767915,49.228809582045116],[21.208299730799983,49.22881095718771],[21.208528044510967,49.229008671830385],[21.208727921784178,49.229181815513655],[21.208728949939594,49.22918262103692],[21.20873027956149,49.22918203451937],[21.20876022471138,49.22916738219502],[21.208765711093378,49.2291649584586],[21.20877152834035,49.22916289196764],[21.208777622389466,49.22916120192711],[21.208783936605425,49.22915990404345],[21.20879041230685,49.229159010378645],[21.20879698931157,49.22915852923796],[21.20880360649596,49.22915846509288],[21.20881020236301,49.229158818539595],[21.208816715613793,49.22915958629328],[21.208823085717196,49.22916076121884],[21.2088292534724,49.22916233239696],[21.208835161559165,49.22916428522599],[21.208840755070444,49.22916660155709],[21.208845982022662,49.229169259863454],[21.20885079383888,49.22917223544],[21.20885514580022,49.229175500633005],[21.209078512473333,49.22936036722722],[21.20907965165609,49.22936121775536],[21.209081028834586,49.22936190078776],[21.209894689639928,49.229724513047124],[21.20989604610038,49.229725058388915],[21.20989763252172,49.22972514289129],[21.210600794327057,49.2297409028628],[21.210601139977612,49.229740911179846],[21.2111924533309,49.22975611479808],[21.211198059228764,49.22975640990565],[21.21120360943011,49.22975700453833],[21.211209066685015,49.22975789470518],[21.211227680230053,49.2297614670987],[21.2116131414437,49.22983468755779],[21.211744165484678,49.22985958802175],[21.211745690510686,49.22985982707321],[21.211746408769212,49.22985891418302],[21.21182146352213,49.22975125303265],[21.211836947814163,49.22972908569703],[21.211837624836413,49.22972795853815],[21.211837915283482,49.229726762337705],[21.211848004390127,49.22966310509245],[21.211848154193593,49.22966224131482],[21.211854112750693,49.22963061387903],[21.21185423444946,49.22962956029837],[21.211854051679513,49.22962851050928],[21.211843040189006,49.22958404682599],[21.211842286449247,49.229579633014474],[21.211842201360724,49.22957519203525],[21.21184278575362,49.22957076722734],[21.21184403392476,49.2295664017719],[21.211845933693198,49.22956213827101],[21.211848466519147,49.229558018331566],[21.21185160768493,49.229554082159645],[21.211855326536135,49.229550368167814],[21.211859586780843,49.22954691260042],[21.212008495096253,49.22943764522582],[21.212212993881923,49.2292875256268],[21.212389287926218,49.229158028312206],[21.212392078494904,49.22915568261932],[21.212485422915123,49.22906547961294],[21.212488409801146,49.22906281033884],[21.21308486470688,49.228568976966024],[21.213496337838436,49.22822846279829],[21.213497245504247,49.22822763158699],[21.213495776191262,49.22822728766018],[21.213453526224352,49.228218891145964],[21.21344721919121,49.22821741406701],[21.21344116198233,49.228215541457416],[21.213435412266417,49.2282132911458],[21.21343002478459,49.22821068455656],[21.21342505082925,49.22820774650619],[21.213420537755724,49.22820450496699],[21.213416528531397,49.22820099080044],[21.21341306132668,49.22819723746386],[21.21341016915152,49.22819328069146],[21.213407879541222,49.22818915815444],[21.21340621429424,49.22818490910196],[21.213405189264655,49.22818057398787],[21.213404814211266,49.22817619408526],[21.213405092704658,49.22817181109371],[21.213406022093224,49.228167466742185],[21.213407593528405,49.2281632023917],[21.213409792048953,49.22815905864157],[21.213412596723394,49.228155074943096],[21.213415980849277,49.22815128922357],[21.214291760107425,49.22727286538174],[21.214292603131817,49.227271918389825],[21.214291542304327,49.227271070494766],[21.213344191022237,49.22658752325538],[21.213340045602408,49.2265842307814],[21.21333639549728,49.22658069571689],[21.213333273594312,49.22657694991289],[21.213330708021807,49.226573027119194],[21.213328721895497,49.22656896268021],[21.213327333110282,49.22656479321668],[21.21332655417898,49.22656055629554],[21.213326392119644,49.226556290091544],[21.213326848392256,49.22655203304316],[21.213327918885646,49.226547823506564],[21.2133295939545,49.22654369940965],[21.213331858506304,49.226539697910624],[21.213334692137266,49.2265358550629],[21.213831155124375,49.22593693793339],[21.213831232711577,49.2259368384524],[21.21383846769005,49.225928060887156],[21.213838541257743,49.225927971873745],[21.213943389235713,49.225801450851755],[21.213944096453073,49.225800489311595],[21.213943728189406,49.22579944963132],[21.21381715374949,49.225507091246925],[21.213816650812674,49.22550610990669],[21.213815079188873,49.22550600049926],[21.213546129144422,49.225495710742926],[21.213539314885175,49.22549522550144],[21.21353260848696,49.225494297571636],[21.213526076820393,49.22549293620599],[21.213519785013805,49.225491154979046],[21.213513795803813,49.22548897165154],[21.21350816890978,49.225486407993955],[21.213502960438337,49.225483489568845],[21.21349822232391,49.22548024547633],[21.21349400181092,49.22547670806379],[21.213490340982634,49.225472912603266],[21.213487276341638,49.225468896939944],[21.213484838445773,49.22546470111458],[21.21348305160353,49.22546036696444],[21.213481933631584,49.22545593770596],[21.213481495677236,49.22545145750386],[21.213481742107206,49.22544697103097],[21.213482670464117,49.22544252302248],[21.213484271491033,49.22543815783017],[21.213709714824073,49.22493547182886],[21.213710103305285,49.22493441200371],[21.213708835554183,49.224933705950626],[21.213525715572537,49.22484165447414],[21.213520716413683,49.22483888352557],[21.21351614318766,49.22483581314918],[21.213512037523284,49.224832471293865],[21.213508436793237,49.2248288883796],[21.21350537377394,49.22482509702083],[21.213502876347082,49.22482113172917],[21.213500967245963,49.22481702859964],[21.21349966384847,49.224812824981974],[21.21349897801892,49.2248085591405],[21.213498916000077,49.22480426990608],[21.2134994783563,49.22479999632236],[21.213500659968503,49.224795777290645],[21.21350245008061,49.22479165121557],[21.2135048323976,49.224787655655646],[21.2146204458271,49.2231515009214],[21.21462369964066,49.223147327601424],[21.214715003611182,49.22304391038588],[21.21471860056208,49.22304025618682],[21.21472271959171,49.223036846650146],[21.214727322177353,49.223033713662986],[21.214732365273925,49.22303088652624],[21.214737801716527,49.22302839168024],[21.214743580661604,49.22302625245764],[21.214749648062398,49.22302448886522],[21.21475594717446,49.223023117396735],[21.214762419086284,49.22302215087857],[21.214769003270302,49.223021598349966],[21.214775638148954,49.223021464978395],[21.214782261670553,49.22302175201118],[21.214788811889665,49.22302245676387],[21.214795227546343,49.22302357264533],[21.21480144863915,49.22302508921953],[21.215176141012375,49.223130205581384],[21.21517762256678,49.22313056698815],[21.21517835635365,49.22312964976165],[21.215911118496628,49.22209543559221],[21.215911732774,49.222094515272076],[21.217133527873617,49.220146451496966],[21.21713634769618,49.220142509861105],[21.21713973623521,49.22013876532609],[21.217143661725473,49.22013525299421],[21.217148087368177,49.22013200579111],[21.21715297167603,49.22012905415698],[21.217158268862068,49.22012642576125],[21.21716392926894,49.22012414524325],[21.217169899834385,49.22012223398118],[21.21717612458863,49.2201207098917],[21.21728830061171,49.22009723095582],[21.21728988578058,49.220096840583224],[21.21729070739278,49.22009587058565],[21.217525992037167,49.21978181335931],[21.217579258175693,49.21971071304138],[21.217579728805855,49.21971004881312],[21.217579851823285,49.219709850673404],[21.21757988164747,49.21970964930343],[21.217579937100368,49.2197089005047],[21.217584175280866,49.21960469114028],[21.217603718217934,49.219124126851796],[21.217603684171614,49.21912308550329],[21.217602165192325,49.21912277748276],[21.21722895646152,49.21905978918809],[21.217222536677816,49.21905848298847],[21.217216342758842,49.21905677166759],[21.217210434123288,49.21905467164222],[21.217204867453088,49.219052203058105],[21.217199696149653,49.2190493895965],[21.21719496982159,49.21904625824724],[21.217190733808817,49.21904283904948],[21.217187028747556,49.2190391648038],[21.217183890180603,49.219035270757516],[21.217181348216286,49.21903119426648],[21.217179427239667,49.21902697443667],[21.217178145678645,49.219022651749164],[21.21717751582711,49.21901826767176],[21.217177543727125,49.21901386426117],[21.217178229110843,49.21900948375949],[21.217721113441357,49.216674201498186],[21.217721503066787,49.216670989141655],[21.217727900487724,49.21610899571131],[21.217730450875784,49.21588487548013],[21.217737139113375,49.21529714745938],[21.217740042704975,49.21504207905406],[21.21774042470294,49.215037665551364],[21.217741466484235,49.21503329795905],[21.217743157976898,49.21502901850239],[21.217745482827677,49.21502486855451],[21.21774841856009,49.21502088823648],[21.217751936791807,49.215017116029436],[21.21775600350898,49.21501358840248],[21.217760579395097,49.21501033946013],[21.21805114887952,49.21482337379451],[21.218052274879387,49.2148225745489],[21.21805269367165,49.214821522101126],[21.218305825278826,49.2140278285208],[21.21830606547778,49.214026837466264],[21.21830460624819,49.2140271425696],[21.218250300738614,49.214040429865314],[21.218243835899187,49.214041777168454],[21.218237199593645,49.21404269973512],[21.218230456672234,49.21404318854993],[21.2182236730271,49.21404323883616],[21.218216914948304,49.21404285010241],[21.218210248476115,49.21404202614741],[21.218203738755562,49.21404077502289],[21.21819744939993,49.214039108954864],[21.218191441869035,49.214037044224256],[21.218185774868672,49.214034601007704],[21.218180503776956,49.21403180318033],[21.218175680103133,49.21402867808272],[21.218171350984235,49.21402525625342],[21.21816755872444,49.21402157113061],[21.218164340381733,49.21401765872548],[21.218161727405715,49.214013557270185],[21.21815974533032,49.21400930684421],[21.218158413524268,49.21400494898281],[21.218157745001832,49.21400052627121],[21.21815774629566,49.213996081928165],[21.21815841739291,49.21399165938391],[21.218159751735453,49.21398730185557],[21.218161736283896,49.213983051925055],[21.218164351645047,49.21397895112266],[21.21816757226144,49.213975039521486],[21.218171366661025,49.213971355345706],[21.21817569776482,49.213967934597164],[21.218180523249153,49.21396481070333],[21.218185795959304,49.21396201419096],[21.218191464370282,49.21395957238757],[21.21819747309035,49.21395750915445],[21.21834069547601,49.213914099517105],[21.218342116839576,49.21391361256779],[21.218341841831272,49.21391257733119],[21.21832776848468,49.21387150510074],[21.218327767604407,49.21387150279875],[21.218316318503607,49.213838097241755],[21.21829358460678,49.2137717596301],[21.218292481099326,49.21376765961721],[21.218291961242738,49.2137635103109],[21.218292029494645,49.213759347291635],[21.21829268526965,49.213755206257396],[21.218293922944316,49.21375112271775],[21.2182957319054,49.213747131689196],[21.218550389414563,49.213267835378765],[21.218550519537924,49.21326759270647],[21.21942101598445,49.21165884460985],[21.219424068687673,49.21165408876552],[21.21969374094256,49.2112934067096],[21.21969438384891,49.21129242745095],[21.219692942380114,49.21129163895557],[21.219690464560845,49.211290411347576],[21.2196854017654,49.21128733264688],[21.219680837037313,49.211283936092286],[21.219676816627096,49.21128025609828],[21.219673381270102,49.2112763299512],[21.219670565773807,49.211272197431455],[21.219668398665128,49.21126790041038],[21.219666901901405,49.211263482426105],[21.219666090647888,49.21125898824233],[21.219665973124165,49.21125446339483],[21.219666550520795,49.21124995373012],[21.21966781698734,49.2112455049408],[21.21966975969157,49.21124116210259],[21.219672358949573,49.21123696921781],[21.220379924160014,49.21024233706927],[21.220382027717104,49.210239623822126],[21.220722166221652,49.20983539208887],[21.220723949386255,49.209833396111456],[21.220752677021096,49.20980305780168],[21.220753452620006,49.20980214182537],[21.22075214566731,49.20980153848561],[21.22056003083546,49.20972174063811],[21.22055467606695,49.20971927427228],[21.220549704329716,49.209716484863506],[21.220545160859604,49.2097133977915],[21.22054108699583,49.20971004114435],[21.220537519804807,49.209706445462935],[21.22053449174289,49.209702643462855],[21.22053203036113,49.20969866973716],[21.220530158054526,49.209694560441186],[21.220528891858304,49.209690352963676],[21.220528243292932,49.209686085586945],[21.220528218259286,49.20968179713804],[21.22052881698498,49.209677526635865],[21.220530034022296,49.209673312936026],[21.220531858297747,49.20966919437726],[21.22053427321285,49.20966520843259],[21.220537256795158,49.20966139136854],[21.220540781898137,49.20965777791503],[21.220690267713223,49.209519547743845],[21.22069241691645,49.20951728723716],[21.22093653360255,49.20922296433212],[21.22093723176461,49.209222019088315],[21.22093750018579,49.20922098381481],[21.22099809384056,49.20889501372967],[21.220999220036443,49.20889070951676],[21.22100097828066,49.20888649719491],[21.22100335198433,49.20888241650663],[21.221006318751833,49.20887850595244],[21.221009850592168,49.20887480242769],[21.221013914182944,49.20887134087446],[21.221018471184863,49.20886815395179],[21.22102347860341,49.20886527172773],[21.22102888919447,49.20886272139549],[21.221034651910152,49.20886052701696],[21.2210407123803,49.20885870929561],[21.22104701342558,49.20885728538141],[21.22105349559685,49.20885626870855],[21.221060097736125,49.20885566886926],[21.221598675796443,49.20882410551057],[21.221600236641443,49.20882396474376],[21.221600545050688,49.208822952431206],[21.22163610377204,49.20866821680627],[21.22166245546332,49.2085536727991],[21.22166261759081,49.208552646845554],[21.22166206127882,49.20855168195568],[21.221476051759907,49.20826944018014],[21.221418052768946,49.20818143426395],[21.22141598080956,49.20817788527289],[21.22141437364271,49.208174234326066],[21.221413242748312,49.20817050750219],[21.22139700049,49.20810194575934],[21.22139630033389,49.208097615177856],[21.221396242932002,49.20809326052953],[21.221396828822748,49.20808892267067],[21.221398052508988,49.20808464230013],[21.221399902509688,49.20808045957715],[21.221402361467582,49.208076413744976],[21.221405406312066,49.208072542762444],[21.22140900847564,49.20806888294798],[21.221413134161928,49.20806546863864],[21.221417744662798,49.20806233186826],[21.221422796721505,49.20805950206659],[21.221428242938554,49.20805700578347],[21.221434032216365,49.20805486643948],[21.22144011023876,49.20805310410637],[21.221446419980495,49.208051735318726],[21.221452902242305,49.208050772918746],[21.221459496206336,49.20805022593597],[21.22146614000672,49.20805009950213],[21.22147277131002,49.20805039480358],[21.221479327900038,49.20805110906967],[21.22148574826156,49.20805223559901],[21.22149197215748,49.20805376382238],[21.22149326499838,49.20805412897561],[21.22149342940719,49.20805310180544],[21.2214939727751,49.20804665775942],[21.221535931208745,49.20754943472094],[21.22156133110125,49.207249686406904],[21.22156134586809,49.20724866651891],[21.221560543137294,49.20724779429775],[21.2215502956141,49.20723772750298],[21.221550214032124,49.20723764717323],[21.221503089462537,49.207191137719725],[21.221500582741495,49.20718846593834],[21.22133293924341,49.206994963560334],[21.221326994028715,49.2069880868981],[21.221324358452556,49.20698471447091],[21.221222314188037,49.20683934773048],[21.22122157923297,49.20683841848275],[21.22122037464883,49.20683773111986],[21.2209262887034,49.206685235134714],[21.220725183760443,49.206580949449695],[21.220720480784557,49.20657827449284],[21.22071616733726,49.20657533116542],[21.220712278950955,49.20657214371348],[21.22070884765652,49.20656873839379],[21.220318969841127,49.206140754880565],[21.220316634195132,49.206138458036925],[21.220315389169492,49.20613735324548],[21.220311830759687,49.20613341122933],[21.220308902892985,49.206129252464635],[21.220306635952273,49.2061249201077],[21.220305053461903,49.206120459116335],[21.22030417184349,49.20611591578308],[21.22030400024559,49.206111337255045],[21.220304540448698,49.20610677104452],[21.220305786846833,49.206102264535836],[21.22030772650571,49.206097864494026],[21.220310339296944,49.206093616579096],[21.22031359810694,49.206089564872464],[21.220317469118303,49.20608575141939],[21.22044591701917,49.20597221154722],[21.220584338434644,49.20584984242507],[21.220588743824617,49.205846333481354],[21.220593667245776,49.205843133800016],[21.220599058412844,49.205840276060876],[21.220604862263315,49.20583778945123],[21.220611019519783,49.20583569936805],[21.22061746729536,49.20583402715822],[21.220624139735982,49.20583278990087],[21.220630968692998,49.2058320002326],[21.22063788441919,49.205831666218614],[21.220644816281155,49.20583179127047],[21.220651693480665,49.205832374110834],[21.22065844577778,49.20583340878694],[21.220665004208268,49.20583488473116],[21.220671301787903,49.20583678686907],[21.220924225535967,49.20592358950323],[21.22092951766359,49.20592560782857],[21.220934514100385,49.20592792725022],[21.221137484467913,49.20603136184513],[21.221139560711123,49.20603246306325],[21.221457989674043,49.20620818471115],[21.22154988338468,49.20625889487703],[21.221551035437713,49.20625947021611],[21.221550729523123,49.20625854251467],[21.221504578120854,49.20614554704063],[21.22150313608391,49.20614114398076],[21.221502373539916,49.20613666848702],[21.221502298139235,49.20613216546168],[21.221502910638186,49.206127680083256],[21.22150420489144,49.20612325735321],[21.221506167913645,49.206118941644455],[21.221508780009838,49.206114776256115],[21.221512014972912,49.2061108029791],[21.221515840346623,49.20610706167701],[21.221520217751234,49.206103589886006],[21.221525103268537,49.206100422438126],[21.221530447882536,49.206097591112226],[21.221536197971158,49.206095124314636],[21.221542295844262,49.20609304679443],[21.221548680322506,49.20609137939531],[21.221555287351016,49.20609013884599],[21.22156205064217,49.20608933759283],[21.221568902340536,49.20608898367468],[21.22157577370375,49.206089080642435],[21.221582595792146,49.206089627523184],[21.22160670615451,49.206092369277926],[21.221608316786423,49.206092500735295],[21.221609838535752,49.20609213085987],[21.221657116548077,49.206078919042426],[21.221663230126072,49.206077431365586],[21.221669531643702,49.20607633069749],[21.221675964177646,49.206075626980734],[21.221682469621086,49.206075326572154],[21.22168898920861,49.20607543218543],[21.22169546404701,49.20607594286653],[21.22197646068227,49.20610704262794],[21.221986057761036,49.206108577330994],[21.2228262378604,49.206285782338895],[21.22282780005097,49.20628605707959],[21.222828512086963,49.206285105487126],[21.222874727662415,49.20621479059999],[21.222877754609947,49.20621075397832],[21.222881381936936,49.20620693570914],[21.22288557334363,49.206203374002946],[21.22289028688541,49.20620010450262],[21.222895475392566,49.20619715992692],[21.2229010869423,49.20619456974295],[21.222907065378347,49.20619235987134],[21.22291335087293,49.206190552426875],[21.222919880525502,49.20618916549705],[21.222926588992163,49.20618821296124],[21.222933409139632,49.20618770435175],[21.222940272716965,49.206187644758295],[21.222947111038632,49.206188034777284],[21.222953855671857,49.20618887050575],[21.22296043912139,49.2061901435802],[21.223225411379786,49.2062509761129],[21.2232261129654,49.20625113163188],[21.223674024584458,49.20634690037802],[21.22396572572956,49.20640925461049],[21.223967376133174,49.20640954800403],[21.22396906985294,49.20640939343115],[21.224111455446046,49.20639156605443],[21.22411844972008,49.20639093266526],[21.22412550630559,49.20639077357423],[21.224132550483475,49.20639109046593],[21.224234086075903,49.20639911393076],[21.224449118251545,49.20641617331626],[21.224449943943192,49.206416232185454],[21.224671617243104,49.20643025982785],[21.22488877299766,49.20644392885158],[21.224890456909296,49.20644398002367],[21.224892123359442,49.20644381348246],[21.225060930717614,49.206421301977834],[21.225303389893433,49.2063889056325],[21.225303391923937,49.2063889053275],[21.225382203089655,49.20637837323216],[21.22550125271793,49.206362487184904],[21.225502730225877,49.206362244457715],[21.225503981428936,49.20636167871573],[21.225559596763294,49.20633406661235],[21.22558230542868,49.20632279608852],[21.225583566802626,49.206322102131686],[21.225582729788083,49.20632117268941],[21.225442497208466,49.206181925154766],[21.22484288659888,49.205586237214426],[21.224842884958527,49.20558623566768],[21.22476320808,49.2055070857252],[21.22475897177794,49.20550224936183],[21.224757381406807,49.20550014068018],[21.224670064673525,49.20539914959479],[21.22450296865701,49.20520609672727],[21.224502510326406,49.205205583155916],[21.224361876113697,49.20505267846293],[21.2243586129653,49.2050486892024],[21.224355978498654,49.20504450518052],[21.22435399941362,49.20504016880188],[21.22435269576781,49.20503572401511],[21.22435208077336,49.205031215867656],[21.224352160662967,49.20502669004895],[21.224352934626776,49.20502219242777],[21.224354394820576,49.20501776858678],[21.224356526445316,49.20501346336117],[21.22435930789708,49.205009320383716],[21.224362710986075,49.20500538164304],[21.224366701222323,49.205001687057674],[21.224371238165208,49.20499827407176],[21.22437627583334,49.204995177275464],[21.224381763170584,49.204992428054226],[21.224387644563507,49.2049900542712],[21.224515890841317,49.20494395901172],[21.224517245494617,49.20494341458383],[21.224516578575994,49.20494246943555],[21.224411915493896,49.20481123252542],[21.224411915427098,49.204811232446346],[21.224284649085874,49.204651653041516],[21.22428204797902,49.204648001578235],[21.224279956296407,49.20464421217616],[21.224278390841214,49.204640315277],[21.22427736418921,49.20463634218602],[21.22427688458776,49.20463232482062],[21.22426670610136,49.20443172729867],[21.224266880524425,49.204426699261525],[21.2242679109137,49.20442171544913],[21.224269784374908,49.20441683822754],[21.22434428092875,49.2042604428346],[21.224344698915615,49.204259381314294],[21.224343689002225,49.20425850727883],[21.2239557453687,49.20395552265567],[21.223951762693105,49.20395209049021],[21.223948300079485,49.20394842412854],[21.223945389373323,49.20394455729012],[21.223943057344183,49.20394052553824],[21.223941325439554,49.20393636595285],[21.223940209587564,49.20393211678944],[21.223939720050524,49.203927817127514],[21.223939861330518,49.203923506510975],[21.223940632128038,49.20391922458438],[21.22394202535393,49.20391501072848],[21.223944028194605,49.203910903697945],[21.223946622229846,49.203906941264975],[21.223949783602283,49.20390315987192],[21.22395348323679,49.20389959429613],[21.223957687107887,49.20389627732992],[21.22443524622726,49.20355425973277],[21.224436251339387,49.20355346802182],[21.224435723049794,49.20355249810677],[21.22428445161171,49.203311311376616],[21.224282135601168,49.203307010039616],[21.224280496621308,49.203302577074496],[21.22427955154127,49.203298058108],[21.224279310088168,49.20329349965187],[21.224279774746982,49.203288948624355],[21.224280940735,49.20328445186723],[21.224282796051014,49.20328005566366],[21.224285321598902,49.20327580526184],[21.22428849138412,49.20327174440933],[21.224292272781334,49.203267914902646],[21.225078834910178,49.20255358459721],[21.225079808137203,49.20255259388802],[21.225080071994565,49.2025514284257],[21.22509908436852,49.20241955849475],[21.225100121982084,49.20241493924132],[21.225101885096873,49.202410415411364],[21.225104354697613,49.20240603579405],[21.225107504149697,49.202401847623236],[21.225719543108525,49.2016844878077],[21.225720338025354,49.20168342772039],[21.225720586650308,49.201682257861],[21.225743068904684,49.201509999324074],[21.22574395813722,49.20150567306292],[21.225745483461026,49.20150142370535],[21.2257476304959,49.20149729131223],[21.22575037900046,49.201493314841805],[21.22575370306294,49.20148953178234],[21.22575757134557,49.201485977798825],[21.225761947379905,49.201482686396396],[21.22576678991069,49.20147968860491],[21.225772053284807,49.20147701268608],[21.225943091533733,49.2013984655593],[21.22594446242392,49.20139776420258],[21.225944957448437,49.20139667165648],[21.22610979794969,49.200949475897716],[21.22611155215082,49.20094552051936],[21.226113851418596,49.20094168694511],[21.226116676453533,49.20093800735303],[21.226120003542984,49.20093451262834],[21.226309746809164,49.20075416636763],[21.226437146365242,49.200633076228605],[21.22667464688142,49.20040738131975],[21.22667829338455,49.200404223293994],[21.22668234982698,49.20040128779506],[21.226686784735616,49.20039859759882],[21.226823313789314,49.20032281611554],[21.22694112677055,49.20025748921633],[21.226942302373885,49.20025677250542],[21.226943252543364,49.20025592429611],[21.226985117339748,49.20021460928108],[21.2270388591014,49.200161573890256],[21.22711604183686,49.20008540615149],[21.227116042130326,49.200085405846025],[21.22749280101763,49.1997135910651],[21.227493615875467,49.19971269985652],[21.227494163063614,49.19971172951622],[21.227569932925775,49.19955565785206],[21.227677583989344,49.199334153453755],[21.227682133766752,49.199324717356504],[21.227682534265654,49.19932373005728],[21.22768194553079,49.199322783860005],[21.22750190809635,49.19906780684727],[21.22749946619819,49.199063870291205],[21.227497602345146,49.19905980024164],[21.227496333187503,49.19905563305768],[21.227495670062897,49.199051405966124],[21.227495618895098,49.19904715672903],[21.227496180141046,49.19904292330614],[21.227497348786784,49.199038743515935],[21.227499114392298,49.19903465469795],[21.227501461184712,49.199030693378745],[21.22795359878822,49.19836288673443],[21.227953761858586,49.198362641963946],[21.2285593432069,49.197438709324395],[21.228560135625703,49.19743738645686],[21.228614044615203,49.197338287059225],[21.228656855719787,49.197259697166594],[21.22865953889557,49.19725546602091],[21.229057737250255,49.19670805617398],[21.229060599381985,49.19670453319601],[21.229063926990584,49.19670119044667],[21.22949939625361,49.19630350017049],[21.2295002510794,49.19630263820616],[21.229500572758074,49.19630163425522],[21.229505453169967,49.19628197174369],[21.229505637092394,49.19628089152552],[21.22950416508929,49.19628039072977],[21.229321980212692,49.196225820112154],[21.22932047807905,49.19622542559198],[21.229320247790945,49.19622541107732],[21.229314024490176,49.19622520820044],[21.229307388346644,49.1962245618673],[21.229300880270348,49.19622349382376],[21.22929456250337,49.19622201428442],[21.22928849546773,49.19622013739933],[21.229282737187436,49.196217881118606],[21.229277342733607,49.19621526702107],[21.229272363697806,49.19621232010734],[21.229270321209455,49.19621084950376],[21.229269062290303,49.19621003215297],[21.22926754487799,49.19620951568782],[21.22925537503246,49.19620587023907],[21.229249299375077,49.196203804237626],[21.229243568108025,49.1962013517429],[21.229238238285852,49.1961985371694],[21.229233362966706,49.1961953885361],[21.22922899068412,49.1961919371876],[21.22922516496392,49.196188217481826],[21.229221923890883,49.19618426644848],[21.22921929972963,49.19618012341982],[21.229217318603382,49.19617582963955],[21.229216000234043,49.19617142785204],[21.22921535774573,49.19616696187694],[21.229215397534194,49.19616247617279],[21.22921611920316,49.19615801539453],[21.22921751556828,49.19615362394894],[21.22921957272864,49.19614934555265],[21.229222270205163,49.196145222796794],[21.229225581144497,49.19614129672325],[21.229247882943028,49.19611771298213],[21.229249114259588,49.19611645789069],[21.22929088621171,49.196075393681824],[21.229296107235697,49.19607090059403],[21.229434589804917,49.19596609773472],[21.22943960100139,49.19596268622678],[21.22954377966732,49.19589886063206],[21.229549505275944,49.195895717549874],[21.229656714908554,49.19584309778028],[21.229661608115407,49.19584090577422],[21.229666771769054,49.19583899875085],[21.22967216732494,49.19583739094527],[21.229806659591663,49.19580182428204],[21.22980816845611,49.19580136668078],[21.229808400202366,49.195800287724836],[21.22981878123105,49.195724871953146],[21.229818781277594,49.19572487148724],[21.229830930464583,49.19563660003182],[21.229841275783134,49.19556144242725],[21.229841282002646,49.19556139749511],[21.229846483606952,49.19552402745742],[21.229847574468643,49.19551915695921],[21.229849471294084,49.19551439381565],[21.229852151342822,49.19550979512986],[21.230450755671672,49.19463038493368],[21.230450755917218,49.19463038454848],[21.23049043496316,49.19457208943052],[21.23082472999046,49.19408095998852],[21.23082528967457,49.19408001891642],[21.23082375977371,49.19407989716278],[21.229697240686036,49.19402597347009],[21.229695620035386,49.19402594742638],[21.22969454609543,49.19402674331315],[21.22947381383573,49.19420721755082],[21.22935421880048,49.19430499850543],[21.22934981581211,49.19430826105562],[21.22934495177849,49.19431122907009],[21.229339672350537,49.19431387469273],[21.22933402707787,49.19431617309325],[21.229328068943712,49.19431810270025],[21.229321853867653,49.19431964540347],[21.22931544018083,49.19432078672399],[21.229308888078403,49.19432151595007],[21.22930225905467,49.194321826237626],[21.229295615325842,49.19432171467438],[21.229289019246195,49.19432118230753],[21.227772614228105,49.19414956231456],[21.227766785612783,49.19414873011864],[21.227761089348515,49.19414756920894],[21.226114235969504,49.19375970200084],[21.22610750270576,49.19375784525177],[21.226101108876527,49.19375552978156],[21.226095126984955,49.19375278184662],[21.226089624862965,49.19374963260727],[21.22581173419635,49.193572622587624],[21.22574862964663,49.1935324260193],[21.22574422291754,49.19352934215222],[21.22574027735619,49.19352600078868],[21.225736827807822,49.193522431438105],[21.225733904737098,49.193518665623195],[21.225731533959074,49.19351473660192],[21.225451707201408,49.192978579882684],[21.22544981313261,49.192974255086604],[21.225448588112684,49.19296982787094],[21.225448044410726,49.192965342576805],[21.225448187472068,49.19296084412712],[21.225449015863664,49.19295637757638],[21.225450521288533,49.192951987659725],[21.225452688668785,49.19294771834478],[21.2254554962967,49.19294361239106],[21.22545891605212,49.19293971092212],[21.225462913684115,49.192936053013376],[21.225467449154017,49.19293267530087],[21.225472477036412,49.192929611614254],[21.22547794697414,49.19292689263816],[21.225511309181393,49.19291197154815],[21.225564706788646,49.19288809095381],[21.22556597356703,49.192887465229305],[21.225566390997187,49.19288646224176],[21.225619654178796,49.19272979737366],[21.225619951132973,49.192728640828875],[21.225619873540165,49.19272746912582],[21.225567096250344,49.19236787519219],[21.225566841244834,49.19236675062335],[21.225565514797246,49.19236601795269],[21.223395130714643,49.191287646615955],[21.223389998260778,49.19128482758913],[21.22338530963826,49.19128169400161],[21.223381109528226,49.191278275715646],[21.223377437956373,49.19127460530644],[21.22337432991159,49.19127071775199],[21.22337181501247,49.191266650099465],[21.22336991722509,49.191262441112336],[21.223368654634648,49.19125813090102],[21.22314482201827,49.19022347384374],[21.223144516320588,49.19022242435127],[21.223143911937775,49.19022143205084],[21.22311701282449,49.190182746321874],[21.223018914928666,49.19004167240389],[21.223018200423166,49.19004075987039],[21.223016731709343,49.19004040582461],[21.221705213711125,49.18976890477263],[21.221702146090525,49.18976837071835],[21.22131511430558,49.18971342342862],[21.22051267533431,49.18959949571627],[21.22050628306817,49.18959837407469],[21.22050008544527,49.18959685393273],[21.220494140145206,49.189594949437925],[21.220488502499272,49.18959267831494],[21.220483224975485,49.18959006170048],[21.22045949094077,49.18957706839169],[21.22045949050631,49.1895770681656],[21.219454681891396,49.18902697942987],[21.219326514863813,49.18895681139054],[21.219321971564153,49.18895408808485],[21.219317819115776,49.188951108733455],[21.21929238116584,49.18893112546738],[21.219288429134313,49.188927700798104],[21.21928499358187,49.188924044630774],[21.219282105846858,49.188920190316296],[21.21927979227055,49.188916173013034],[21.219278073956815,49.188912029366065],[21.219276966579645,49.18890779717299],[21.219276480240172,49.18890351503902],[21.219276619374526,49.18889922202502],[21.21927738271339,49.18889495729096],[21.219278763293595,49.188890759739],[21.219280748521584,49.1888866676583],[21.21928332028837,49.18888271837598],[21.219286455134704,49.18887894791673],[21.21938141516803,49.18877668123856],[21.219384882366814,49.18877330199481],[21.219388801847973,49.188770142247854],[21.219393141454475,49.188767227921375],[21.219397865582472,49.18876458292573],[21.21940293547333,49.18876222896146],[21.219408309531726,49.18876018534135],[21.221112049722574,49.18817821016641],[21.221118531363683,49.18817626962797],[21.221125285176548,49.188174780319315],[21.221132238272013,49.18817375831346],[21.221139315610213,49.18817321464021],[21.221146440810415,49.188173155167036],[21.22126915257958,49.1881763123026],[21.22168302096793,49.18818695962011],[21.221688428573923,49.18818723942445],[21.221801835822138,49.188196076513066],[21.221803167652634,49.188196163054585],[21.223199781134554,49.18826889828464],[21.223208374433757,49.18826970700127],[21.223334898028266,49.18828703042318],[21.2242202486992,49.18840824170144],[21.22422429598059,49.188408795920225],[21.224228291823447,49.188409183671105],[21.225083096918993,49.18845861604052],[21.225084359498673,49.188458658332905],[21.22508562339723,49.18845863943615],[21.225894169987647,49.1884269389197],[21.226987956822036,49.18838404588668],[21.22698957594815,49.18838393003053],[21.226990187130657,49.18838294047312],[21.227155875619555,49.18807166687136],[21.227229256826888,49.1879338080847],[21.227230471555018,49.18793169775878],[21.22746793264229,49.18754854470132],[21.22747070340182,49.18754462532124],[21.227474035223622,49.18754089832586],[21.227477897350088,49.18753739812065],[21.227482254128173,49.187534157017566],[21.227487065338504,49.18753120493657],[21.227492286566708,49.18752856912957],[21.227497869613345,49.18752627392879],[21.227503762938937,49.18752434052224],[21.227509912139684,49.18752278675801],[21.227516260449736,49.18752162697949],[21.22752274926516,49.187520871893135],[21.22752289946718,49.187520859257575],[21.227527697783724,49.18752056747045],[21.228087999634255,49.18749947174832],[21.228089624976086,49.1874993576054],[21.228090076127028,49.1874983277655],[21.228244176827136,49.18706745710082],[21.22824597403402,49.18706332969175],[21.228248363518773,49.18705933342843],[21.22825132350267,49.18705550473404],[21.228254827007266,49.18705187850469],[21.228258842100338,49.187048487791145],[21.228263332186838,49.18704536349742],[21.228268256342556,49.1870425340994],[21.228273569687,49.187040025385166],[21.22827922379253,49.18703786022004],[21.228285167125705,49.187036058337924],[21.228291345516993,49.18703463616188],[21.228297702654487,49.18703360665403],[21.228304180597124,49.1870329791977],[21.228310720302815,49.187032759511695],[21.22831726216651,49.18703294959832],[21.228323746563532,49.187033547725065],[21.228330114392936,49.18703454844038],[21.228336307616235,49.18703594262347],[21.228840797231225,49.18716747058274],[21.22884229356882,49.187167806320026],[21.228842673878926,49.1871668000595],[21.22894388214206,49.18682929560424],[21.22894412602824,49.186828183055006],[21.22894291768867,49.18682738556059],[21.228358016436747,49.18647909488811],[21.228353324198068,49.18647601622984],[21.228349108026496,49.18647265463733],[21.22834540742314,49.18646904160519],[21.228342257058753,49.1864652109839],[21.228339686448912,49.186461198662414],[21.228337719677427,49.186457042232036],[21.228336375170777,49.186452780634326],[21.22833566552544,49.18644845379598],[21.228335597389908,49.18644410225503],[21.228336171402365,49.186439766780936],[21.228337382184744,49.18643548799253],[21.228339218393128,49.18643130597767],[21.228341662823976,49.18642725991737],[21.228344692575405,49.1864233877191],[21.228348279261688,49.1864197256612],[21.22835238927922,49.1864163080534],[21.228356984121355,49.18641316691501],[21.22855561975422,49.186289911850565],[21.22855665995041,49.186289207125036],[21.22855738425733,49.186288349148136],[21.228668661543395,49.1861416844607],[21.228671753378915,49.186138043102915],[21.228675346298953,49.18613460503943],[21.228679409434115,49.186131399809],[21.22868390787509,49.18612845495001],[21.228814794215296,49.186050369912444],[21.22881588948792,49.186049650635745],[21.22881463624641,49.18604905234041],[21.228583872000296,49.185949616695396],[21.228578852517558,49.185947234183914],[21.228574181598933,49.185944564418165],[21.228569897376875,49.185941629193586],[21.228566034826876,49.18593845247275],[21.228434534101204,49.18581966206346],[21.228431553773337,49.18581673532129],[21.22842893176728,49.18581366475954],[21.228404904636925,49.18578274714242],[21.2284021733754,49.185778765685434],[21.228400044067584,49.185774629366186],[21.228398536788433,49.18577037718192],[21.22839766574843,49.185766049222124],[21.228397439159554,49.1857616862909],[21.228397859157912,49.18575732952187],[21.228398921783615,49.1857530199906],[21.228400617018067,49.185748798327296],[21.228402928878463,49.18574470433377],[21.228405835568484,49.18574077660811],[21.228409309683766,49.18573705218082],[21.22855734345061,49.18559440795986],[21.228558183009973,49.185593507564704],[21.228557123301407,49.18559271317412],[21.228414238215677,49.18549558747006],[21.228409709296827,49.18549218193571],[21.22840572465068,49.18548849565884],[21.228402324512498,49.18548456586198],[21.22839954321537,49.18548043222668],[21.228397408843602,49.1854761364927],[21.22839594294904,49.185471722036716],[21.228395160333505,49.18546723343401],[21.22839506889934,49.18546271600877],[21.228395669569643,49.185458215376016],[21.22839695627891,49.18545377698131],[21.228398916034276,49.18544944564171],[21.228401529046813,49.185445265093314],[21.228523374089196,49.185275221897044],[21.228564016816787,49.185218488053664],[21.2285673049839,49.18521444688279],[21.22857120330983,49.185210645966045],[21.228575671339144,49.18520712474784],[21.228580662704353,49.18520391976997],[21.228586125606995,49.18520106429232],[21.228592003355235,49.18519858794798],[21.22859823495215,49.18519651643535],[21.228604755728753,49.185194871251774],[21.228611498015077,49.185193669470294],[21.22861381142175,49.18519333903907],[21.228616473514215,49.18519235958508],[21.228617147859325,49.18519208219909],[21.228623294308825,49.185190084314435],[21.228629714497906,49.1851884989262],[21.22863634419049,49.18518734189666],[21.22864311705437,49.18518662480229],[21.22864996532488,49.1851863548178],[21.22865682048288,49.18518653464451],[21.228694470427513,49.18518876259753],[21.22886297516815,49.18519873257387],[21.228986002409876,49.18520599592154],[21.228987476803244,49.18520603579755],[21.22898650361975,49.18520530868182],[21.228752602400572,49.18504678934885],[21.22875165563781,49.1850461950377],[21.228750642262618,49.18504564996648],[21.22865623449387,49.18499871754435],[21.228649001280736,49.18499456757104],[21.228493670611417,49.18489198843038],[21.228492278403433,49.18489104172846],[21.22831061342382,49.184763837491346],[21.22830749304,49.1847614951875],[21.228117353292447,49.18460838682157],[21.228116053915283,49.18460740036166],[21.22798079197702,49.18451053793525],[21.227978817421054,49.184509235081535],[21.227853352209703,49.18443295433112],[21.227850404467304,49.18443135332384],[21.227609161369127,49.18431458597803],[21.227605966815254,49.18431321321264],[21.22749755409694,49.18427209765344],[21.227496234925297,49.184271646368614],[21.227494860915222,49.18427127194031],[21.227334939546733,49.18423294931218],[21.22733370712266,49.18423268818309],[21.227332448104104,49.1842324888911],[21.227105607613286,49.184202486164786],[21.227102014495273,49.18420213961548],[21.226953840805347,49.18419307328999],[21.226951109818497,49.184192869929085],[21.22679161019167,49.18417886554218],[21.2267896673458,49.184178768473856],[21.226787720278402,49.18417881711523],[21.226597319874212,49.184190731552825],[21.22659558982101,49.18419089872491],[21.226595415858604,49.18419092768758],[21.226589385846424,49.18419215974174],[21.226582815057917,49.18419305205279],[21.226576142696878,49.18419351919207],[21.226569432631553,49.18419355668811],[21.226562749091116,49.18419316418199],[21.226556156050858,49.18419234543084],[21.22654971661975,49.1841911082717],[21.226543492436416,49.18418946454683],[21.226537543079118,49.18418742999001],[21.22653192549541,49.18418502407617],[21.226526693457096,49.18418226983488],[21.22652189704548,49.18417919362982],[21.22651758217199,49.18417582490667],[21.226513790138753,49.184172195911],[21.226510557243166,49.18416834137974],[21.226509804095272,49.18416732905272],[21.226508225112003,49.18416763741002],[21.226317524137688,49.18421182587046],[21.22631613443315,49.184212193527635],[21.2263147991527,49.18421263950716],[21.226242157691924,49.18423959151488],[21.225874398614394,49.184376037439854],[21.225871343509223,49.18437731527242],[21.22531107464213,49.18463997191346],[21.225306658032707,49.184641878138066],[21.224720473063492,49.18487415155363],[21.224696419278736,49.184883682781326],[21.224690603739855,49.18488574315397],[21.22468451261696,49.184887426966164],[21.22467820249345,49.184888718576154],[21.22467173198709,49.18488960598558],[21.224665161205575,49.1848900809508],[21.224658551188067,49.18489013905965],[21.224651963338268,49.184889779772405],[21.22464545885392,49.1848890064266],[21.22463909815833,49.18488782620623],[21.224632940339067,49.184886250074875],[21.22462704259912,49.1848842926741],[21.224621459725384,49.184881972187014],[21.22461624357985,49.18487931016988],[21.224611442617725,49.18487633135133],[21.224607101437407,49.18487306340312],[21.224603260366074,49.18486953668278],[21.224599955085168,49.18486578395166],[21.224597216298893,49.18486184007069],[21.224595069449,49.18485774167639],[21.22459353447844,49.18485352684076],[21.224593175831274,49.18485183306542],[21.224592814591453,49.18485057594411],[21.224591292054537,49.18485024141471],[21.224585951333253,49.18484925295281],[21.22458433152404,49.18484900846579],[21.224582673047898,49.184849081312656],[21.22436683386657,49.18486553539941],[21.22436528472826,49.184865701291955],[21.224363934545625,49.18486622177524],[21.22406906071653,49.18499213536915],[21.224066912473447,49.184993131700004],[21.223780192188034,49.185137244135845],[21.223774275183867,49.185139907886615],[21.223767965879702,49.18514215169303],[21.22359641717233,49.18519574429349],[21.22359067735569,49.185197331982025],[21.22358474144037,49.18519857172701],[21.22335306091327,49.185239462541986],[21.2233510801009,49.18523985452877],[21.223039041257145,49.18530840333753],[21.223031838887987,49.185309704264476],[21.22302446339197,49.185310484000134],[21.223017002272943,49.185310733293626],[21.222907329846866,49.18531047733206],[21.22290162470139,49.18531030816146],[21.222895960803218,49.18530982846195],[21.222890377420235,49.18530904155924],[21.222841083584466,49.185300672880246],[21.22283405851649,49.18529921210204],[21.222827313120998,49.185297265657134],[21.222820925282427,49.18529485601972],[21.22273860574112,49.18525981487793],[21.22273338991423,49.18525735970626],[21.222728547222946,49.18525459555615],[21.222724120113625,49.185251546655586],[21.222676736512643,49.18521569328627],[21.2226753951609,49.18521478708305],[21.22267390666544,49.18521398565367],[21.222626665909115,49.185191349713776],[21.22262521511489,49.18519072604613],[21.222623675340678,49.18519020200058],[21.22254037957214,49.185165285345484],[21.22253887484065,49.185164890822506],[21.22253726146963,49.18516479034786],[21.222422953981592,49.18516125906165],[21.222421319224374,49.18516125996274],[21.22241971468835,49.185161465058464],[21.222195737562593,49.18519747412525],[21.222192905285215,49.1851980151505],[21.222034906700443,49.18523309726564],[21.222028297055978,49.1852343267099],[21.222021532927727,49.185235116524936],[21.222014682189837,49.18523545878545],[21.22200781358552,49.18523535005699],[21.22200099603731,49.185234791430666],[21.22193733368563,49.185227436103524],[21.221931131891417,49.18522652353854],[21.221925085602916,49.185225238564854],[21.221919246745145,49.18522359221772],[21.221707486620513,49.185156097861956],[21.22170632456714,49.18515576182414],[21.22170512770096,49.185155483191956],[21.22155005225895,49.18512357582205],[21.221548287709687,49.18512327946735],[21.22154648505752,49.18512310793372],[21.221272554166088,49.185106753302264],[21.22126718663677,49.18510629222038],[21.221114055280005,49.185089084431375],[21.221108355363306,49.185088279079075],[21.221102780396233,49.18508715929279],[21.221097370669735,49.185085733165415],[21.220986920371786,49.1850529751371],[21.22098014477155,49.18505065933294],[21.22097380420631,49.18504786385464],[21.220936734796332,49.18502947465881],[21.220931606355233,49.18502666267206],[21.220845125670625,49.1849743421699],[21.220841130069655,49.18497171670685],[21.220615610176978,49.18481076776752],[21.220612209674805,49.184808146213065],[21.22056551309885,49.18476922081535],[21.22056237997464,49.184766388928495],[21.220559592226405,49.18476340593371],[21.220521521370344,49.18471886631948],[21.220518508700177,49.18471489401714],[21.22051610789512,49.18471074643442],[21.22049706309175,49.184672211925914],[21.220496435732066,49.18467113539445],[21.22049548513756,49.184670165983185],[21.2204527478138,49.18463116300877],[21.220451504376477,49.18463015664579],[21.220450091926303,49.184629251168786],[21.220374545574895,49.18458613397934],[21.220236815134143,49.18450752521748],[21.220235654377074,49.184506918901384],[21.22023429402328,49.18450652980376],[21.2201828642173,49.184493536205416],[21.22018130187243,49.18449319738652],[21.220179656949814,49.1844931658403],[21.219923334406534,49.184496379740274],[21.21989324229083,49.1844967577917],[21.219886820140744,49.184496641195224],[21.219880442808527,49.184496131210715],[21.21987416625036,49.18449523231287],[21.219736205116227,49.18447098553162],[21.2197304491651,49.18446979364484],[21.219724875375416,49.184468274629864],[21.219719526919867,49.18446644025254],[21.21961582019538,49.184426967470095],[21.219610818560614,49.18442486887504],[21.219606112608943,49.18442249453878],[21.219601737619428,49.18441986226102],[21.219597726389956,49.18441699177503],[21.21954966746513,49.18437945959095],[21.219545868182013,49.18437620158773],[21.219397208233456,49.1842358919199],[21.219396338474777,49.184235140542505],[21.219395375476022,49.184234439729416],[21.219364361400583,49.184213694506624],[21.219363122156636,49.184212943772735],[21.219361681845076,49.18421236749688],[21.219213696763035,49.184159560142454],[21.21920862057039,49.18415755776755],[21.21920382692757,49.184155275705834],[21.219199351601155,49.1841527309843],[21.21917105741888,49.18413518275695],[21.219165638854246,49.18413141119294],[21.21916091817295,49.18412725604811],[21.21913978462105,49.18410622497637],[21.21913896238019,49.18410547575514],[21.219137967050337,49.18410482737958],[21.219099427388997,49.1840816953237],[21.21909795431397,49.18408090567843],[21.219096250751655,49.18408034986709],[21.21899598505784,49.18405210237018],[21.218994592304863,49.184051756436126],[21.21899311034686,49.184051659074775],[21.21895250256058,49.18405016224688],[21.218950791476036,49.1840501554067],[21.21894908792189,49.18405026074407],[21.218815868708667,49.184062934550795],[21.21880932615727,49.184063348351664],[21.21880275322284,49.18406334971771],[21.21879621027249,49.18406293863628],[21.218772129495516,49.18406065794296],[21.218765246120345,49.18405976835314],[21.218758537396337,49.18405842246388],[21.218752073521774,49.184056634358235],[21.218685656344046,49.184035576510645],[21.218684359004698,49.18403521551532],[21.218685130303623,49.18403598876141],[21.21870916357262,49.18405768014833],[21.21871017041079,49.18405850373265],[21.218711570976325,49.18405902430704],[21.219095970444542,49.18418651021596],[21.2192138722378,49.18422561093421],[21.21921975089567,49.18422780562531],[21.2192252711148,49.18423036927828],[21.219230379187337,49.18423327695049],[21.219235025415315,49.184236500352505],[21.21923916459415,49.18424000812281],[21.219242756452452,49.184243766133356],[21.219245766043873,49.18424773782136],[21.219248164087077,49.18425188454504],[21.21924992725064,49.18425616595981],[21.21925103838004,49.18426054041041],[21.21925148666459,49.18426496533651],[21.21925370001887,49.18435043807577],[21.219253624097984,49.18435344927746],[21.219246177325353,49.18445094829575],[21.219245533651975,49.18445523990727],[21.21924426570311,49.1844594713545],[21.21924238514344,49.18446360370906],[21.21923990927357,49.18446759895419],[21.219236860870826,49.184471420334475],[21.21923326797974,49.184475032694],[21.219229163654045,49.184478402799904],[21.219224585652594,49.18448149964784],[21.219219576091945,49.18448429474739],[21.219214181058994,49.184486762384324],[21.219208450186873,49.18448887985687],[21.21920243619841,49.18449062768467],[21.219196194421084,49.184491989788036],[21.219189782277965,49.18449295363597],[21.219183258759497,49.18449351036122],[21.219176683880736,49.18449365484201],[21.21917011812926,49.18449338574914],[21.219163621908685,49.18449270555825],[21.21915725498294,49.184491620526934],[21.21844522781235,49.18434604993838],[21.218443539699358,49.18434576582511],[21.218441816222565,49.18434559588641],[21.217881766090137,49.18430939333913],[21.217874952160592,49.184308724917344],[21.217868274913744,49.18430761174812],[21.217861801729384,49.18430606506433],[21.217855597928082,49.18430410047351],[21.217849726112057,49.184301737800226],[21.21784424553346,49.18429900088618],[21.217839211496475,49.18429591734934],[21.2178346747992,49.18429251830554],[21.217830681221102,49.18428883805435],[21.217827271061044,49.18428491373296],[21.21782447873059,49.18428078494152],[21.21782233240681,49.18427649334332],[21.217820853747966,49.18427208224465],[21.217820057674928,49.184267596157625],[21.21781995222063,49.18426308035104],[21.217820538449015,49.1842585803935],[21.217821810444306,49.18425414169382],[21.217823755370723,49.18424980904257],[21.217824522557763,49.18424837105432],[21.21782475466933,49.18424726757643],[21.217829876273175,49.18420884997585],[21.21783080345481,49.184204433733754],[21.217832393261332,49.18420009938945],[21.217834630062686,49.18419588955535],[21.217837491867908,49.184191845619765],[21.217840950541508,49.18418800733996],[21.21784497207996,49.184184412451394],[21.21784951694608,49.18418109629659],[21.217854540457687,49.18417809147781],[21.217859993226888,49.184175427536346],[21.217865821645685,49.18417313066231],[21.217871968412933,49.184171223437],[21.217878373097744,49.184169724610996],[21.217884972733565,49.18416864891974],[21.217891702437242,49.18416800693869],[21.21789849604689,49.18416780497939],[21.217905286772332,49.18416804502726],[21.217912007851783,49.18416872472246],[21.21809097117336,49.184192830643326],[21.21809249001944,49.18419298871514],[21.218093992757584,49.18419278431554],[21.218385015709128,49.18414418770998],[21.218386609916976,49.18414386478352],[21.218386884290407,49.184142785892554],[21.21839764047642,49.184081700065015],[21.218401280549593,49.184061024406404],[21.218401384264638,49.184060011634756],[21.218399841437467,49.18406009831063],[21.21830360016207,49.18406856214576],[21.21826040965027,49.18407235964778],[21.218257291540404,49.18407273070232],[21.217966616840567,49.18411650649153],[21.217961369785524,49.18411715687402],[21.217956061443584,49.184117537693844],[21.21791657058989,49.18411935449655],[21.217913834784923,49.18411955297602],[21.217510665730547,49.18415959874578],[21.21750438549423,49.18416002981408],[21.217498071394967,49.184160080438495],[21.217491776953253,49.18415975018992],[21.217419617682133,49.184153762368666],[21.217415443074525,49.18415358471055],[21.216895720090644,49.18415230893269],[21.21689160245462,49.18415221769994],[21.21663351527568,49.184141404528134],[21.216632165726583,49.18414136546205],[21.21645064105818,49.1841384574728],[21.216444414249015,49.184138171464525],[21.21643825289546,49.18413751554522],[21.216432208031023,49.18413649514768],[21.216183087281554,49.18408641604475],[21.216181703422652,49.184086178851274],[21.216180294175114,49.184086018260146],[21.215982031820854,49.18406898637599],[21.215964056680505,49.18406744152585],[21.2159600821325,49.18406702182659],[21.215700561237504,49.184034468138876],[21.215692305245234,49.18403307903241],[21.215547107167126,49.184002230073624],[21.21554548756536,49.18400194359842],[21.21554396603994,49.18400240668081],[21.215486306598,49.18402230329423],[21.215484828694127,49.18402287721922],[21.215483446133266,49.18402354548526],[21.215426467453867,49.184054099045404],[21.215420723254763,49.18405686556006],[21.215414572060794,49.18405922634002],[21.215408080308777,49.18406115588744],[21.215401318113802,49.184062633361954],[21.215394358511926,49.184063642805874],[21.215292920229523,49.18407476770927],[21.21528598005979,49.18407529237088],[21.215278994472587,49.184075351516924],[21.215272035945464,49.184074944533776],[21.215143150184517,49.18406304373109],[21.215136986355347,49.18406228476487],[21.21513095405727,49.18406115989289],[21.215125103729218,49.18405967852075],[21.214871408223498,49.18398653498843],[21.214864250032267,49.18398413362434],[21.214677013817933,49.18391194446752],[21.214672362531925,49.183909981493706],[21.214540830225808,49.18384941730369],[21.21453659248759,49.18384730024014],[21.214532618239673,49.18384497392632],[21.21441143457921,49.18376828960281],[21.214407121550487,49.18376529848298],[21.214403243880554,49.18376206134378],[21.214399834066718,49.183758605314424],[21.21439692068538,49.18375495935882],[21.214394528152468,49.18375115403242],[21.214326575747897,49.18362726018713],[21.21432546032647,49.18362547197658],[21.214282722100844,49.183564569857495],[21.21428176791439,49.1835633986299],[21.214280608815596,49.18356230973378],[21.214125672849644,49.18343374373639],[21.21412125991641,49.183429627808096],[21.21411757609287,49.18342521446281],[21.21404199573488,49.183321242147905],[21.214041383789386,49.18332044176868],[21.213983111989286,49.18324787149887],[21.213979976869048,49.18324338582333],[21.21397761046712,49.18323870195872],[21.21397604128397,49.18323387631698],[21.2139353087434,49.18306312359385],[21.213934921357037,49.18306193078915],[21.213934148609024,49.183060821433585],[21.213881519366343,49.18299503486652],[21.213880657530456,49.182994077263636],[21.213879294707056,49.182993415392765],[21.21380106093293,49.18295925451183],[21.21379648146118,49.182957070731504],[21.213792192429278,49.18295464673768],[21.213782201086413,49.18294851080807],[21.213714260575475,49.182906788777196],[21.213709275179227,49.1829033882943],[21.213704860629473,49.182899664168026],[21.213701065505205,49.182895657379916],[21.213620896227802,49.182800179778134],[21.213618736273474,49.1827973804034],[21.213473988716622,49.18259231614572],[21.213473256947623,49.182591399278245],[21.213471924082466,49.182591953661486],[21.213467923746087,49.182593802331084],[21.213452030299127,49.18260114649507],[21.213450867248046,49.18260173449706],[21.213449785427404,49.18260238573214],[21.21337001088016,49.18265472054459],[21.21336894772793,49.18265548559126],[21.21336799673454,49.182656311649666],[21.21335186223261,49.18267176123094],[21.2133510296957,49.18267264534559],[21.213351494946686,49.18267363856732],[21.213387855147808,49.182739920562646],[21.213388875172427,49.18274157139137],[21.21354865273523,49.1829733108059],[21.213647735502516,49.18311701961454],[21.213650183614366,49.18312108647047],[21.213652017566954,49.18312528997006],[21.213653220017555,49.1831295903634],[21.213653779595177,49.18313394698429],[21.21365369100806,49.183138318634846],[21.213652955093746,49.18314266397497],[21.213651578811163,49.1831469419134],[21.21364957517483,49.18315111199615],[21.21364696313182,49.18315513478941],[21.21364376738247,49.183158972251846],[21.213640018147014,49.18316258809495],[21.21363575087963,49.183165948125755],[21.21363100593325,49.18316902057049],[21.213625828177992,49.18317177637482],[21.213620266576775,49.18317418947868],[21.213614373722375,49.183176237062774],[21.21359160274359,49.183183241883164],[21.2135901325038,49.18318375280397],[21.213590125527272,49.183183755831905],[21.213584768198437,49.18318633522279],[21.21357902555289,49.183188571649346],[21.21357297826984,49.18319043127975],[21.213566683708297,49.183191896475165],[21.213560201572765,49.18319295333811],[21.213553593346905,49.18319359184407],[21.213546921710407,49.183193805936895],[21.21354024994436,49.183193593585784],[21.213533641331118,49.183192956804945],[21.213527158554037,49.18319190163431],[21.21352086310285,49.183190438082235],[21.213514814690516,49.183188580030716],[21.213509070686747,49.18318634510349],[21.213503685573922,49.183183754499055],[21.21349871043029,49.183180832789525],[21.213494192445445,49.18317760768766],[21.21349017447279,49.183174109783735],[21.213486694623047,49.183170372255695],[21.21348378590275,49.18316643055443],[21.21335908812968,49.18297407601218],[21.213352521325717,49.18296394766198],[21.213351768742925,49.18296293510255],[21.213350081652173,49.182962721635924],[21.213312839714735,49.18295930149582],[21.21331104995482,49.182959199644266],[21.213309253773765,49.18295922153733],[21.213185475587604,49.18296500719515],[21.21318375919392,49.182965145726484],[21.213182480241006,49.18296590877498],[21.213135419155645,49.18299702582262],[21.213110126931703,49.18301374817955],[21.213108893705318,49.1830146580738],[21.213108173802677,49.183015780007594],[21.21303531175684,49.18314933518888],[21.21303356698194,49.183152216036575],[21.212970939239508,49.183246053951834],[21.212968054691753,49.18324987226007],[21.2129646316923,49.18325349442033],[21.21282343457117,49.18338819992926],[21.212820907519607,49.183391034765286],[21.212731889163376,49.183510115720956],[21.212731218407576,49.18351106867902],[21.212665130616035,49.18361103206931],[21.212660408115482,49.18361817533094],[21.212659952298495,49.18361889909834],[21.21265958427299,49.18361951359848],[21.212222616382103,49.18434900000405],[21.212221224270973,49.18435115707933],[21.211616645575617,49.18522385574015],[21.211616019077994,49.18522489567213],[21.211615891149997,49.185226010604744],[21.211604624713456,49.185522549025976],[21.21159813345097,49.18569336111819],[21.211594418447245,49.185791116707165],[21.211593926847602,49.18579548489597],[21.211592789127234,49.18579980099909],[21.211591016084295,49.185804024051805],[21.211588624546824,49.18580811397248],[21.211585637213126,49.18581203194293],[21.211582082436358,49.18581574077714],[21.21157799395536,49.18581920527396],[21.211573410574474,49.18582239255126],[21.21156837579524,49.18582527235804],[21.211562937403517,49.1858278173616],[21.211557147015967,49.18583000340683],[21.211551059590114,49.18583180974568],[21.21154473290273,49.185833219233814],[21.211538227001483,49.18583421849357],[21.211531603635027,49.18583479804072],[21.21152492566688,49.18583495237483],[21.210950321326745,49.18582987055671],[21.210943962674257,49.185829620389235],[21.21093766685194,49.185828984618745],[21.210931488164363,49.18582796872912],[21.210777139293413,49.18579753265664],[21.21076948119448,49.185795690496185],[21.210428434824852,49.18569820220305],[21.210423822851155,49.185696747294195],[21.210419389233504,49.185695071000794],[21.209973654736423,49.18551168457927],[21.209966832481147,49.18550848031059],[21.20979190534423,49.18541519472019],[21.20955041160972,49.185286410537394],[21.209548868599807,49.1852856777709],[21.20954711586547,49.18528518791852],[21.209175566946055,49.185197101456886],[21.209169396195577,49.18519541120977],[21.209163505910237,49.18519333505821],[21.2091579520929,49.18519089274167],[21.209152787547392,49.185188107480805],[21.209148061376414,49.185185005757056],[21.20914381851474,49.185181617060444],[21.209140099301994,49.18517797360971],[21.209136939099054,49.185174110045445],[21.20913436795196,49.18517006310116],[21.20913241030613,49.18516587125376],[21.209131084774032,49.185161574357956],[21.209130403958234,49.185157213267146],[21.20913037433149,49.18515282944502],[21.209130996175336,49.18514846457145],[21.20913226357732,49.18514416014608],[21.209134164487274,49.18513995709391],[21.209136680831865,49.18513589537601],[21.209139788686457,49.185132013609724],[21.20914345850257,49.18512834870151],[21.209321417772106,49.18496822810589],[21.209323421290094,49.184966513512656],[21.209684871104912,49.18467211259276],[21.20968696365552,49.18467021334955],[21.20993134057598,49.18442210839443],[21.209932118253644,49.184421234722265],[21.209932772636567,49.184420318659065],[21.210060922304667,49.184217577150385],[21.210062615587553,49.18421487938351],[21.210201898158175,49.18399293605085],[21.210204399961803,49.18398939469776],[21.2102073608471,49.183986008907766],[21.21027829666569,49.18391248518145],[21.210295221584467,49.183894943625525],[21.210307846176498,49.18388185935521],[21.210537364998352,49.18364396835045],[21.21053812716094,49.1836430848075],[21.21053657891586,49.183643069621176],[21.21013244684809,49.18365216832817],[21.210129391292046,49.18365219246651],[21.20986630457218,49.18365042817612],[21.20986457369331,49.18365047475439],[21.209863100131727,49.183651071818865],[21.209622574533988,49.18376007460946],[21.209621148158337,49.18376079749509],[21.209620304976205,49.18376184215507],[21.20869003147382,49.18507962862352],[21.208689425863778,49.18508061114565],[21.208690865730723,49.18508109293552],[21.20876833806916,49.18510392703537],[21.20877120948232,49.18510467332048],[21.209019220967342,49.18516079531419],[21.209025412622044,49.18516242130802],[21.20903133405657,49.185164433838885],[21.209036929270994,49.18516681387399],[21.209042145350402,49.185169538904894],[21.209046932965446,49.1851725831606],[21.209051246838804,49.18517591785106],[21.20905504617337,49.18517951143954],[21.20905829503809,49.185183329940955],[21.209060962707788,49.18518733724302],[21.209063023953714,49.18519149544809],[21.209064459282157,49.18519576523121],[21.209065255118823,49.185200106212356],[21.20906540393715,49.18520447733804],[21.209064904329587,49.18520883726984],[21.20906376102084,49.185213144775],[21.209061984823226,49.185217359116706],[21.209059592534423,49.18522144043918],[21.208657447064493,49.185818964931144],[21.208656917751558,49.1858198515194],[21.2086566261656,49.18582078069498],[21.208649919891847,49.18584789639476],[21.208648677711043,49.18585180899911],[21.20864691038038,49.18585563384018],[21.208517031726593,49.18609741305026],[21.20846665046758,49.186191200287695],[21.208466145970643,49.186192323765944],[21.208465823186,49.18619347563102],[21.2084614754151,49.18621538337727],[21.208460321577444,49.186219608825354],[21.20845855822515,49.186223742884636],[21.208456201432654,49.18622774786938],[21.20845327268415,49.1862315872704],[21.208449798677798,49.186235226088016],[21.208445811082274,49.186238631151035],[21.20844134624814,49.18624177141904],[21.208436444876455,49.18624461826565],[21.208431151647744,49.186247145739145],[21.208425514814678,49.186249330799235],[21.20841958576228,49.18625115352706],[21.20841341853939,49.18625259730672],[21.208407069366032,49.18625364897682],[21.20840059612092,49.18625429895035],[21.208394057813756,49.18625454130228],[21.208360750808357,49.18625473192422],[21.208356079885032,49.18625496865811],[21.20820222718625,49.18626975702292],[21.208199218223186,49.18627013698346],[21.208143134942954,49.186278939646904],[21.208136524733927,49.1862797548742],[21.208129824492463,49.18628014179131],[21.208123098652276,49.18628009667746],[21.20811641189321,49.186279619966456],[21.208109828519312,49.18627871624262],[21.208103411840376,49.18627739419674],[21.208097223563172,49.18627566654251],[21.20809132319797,49.186273549893954],[21.208085767486306,49.18627106460625],[21.208080609855283,49.186268234579366],[21.20807589990378,49.18626508702856],[21.208071682925507,49.186261652222726],[21.2080679994734,49.186257963192915],[21.208064884969666,49.18625405541516],[21.208062369365134,49.18624996646908],[21.208060476851216,49.18624573567636],[21.20796234512374,49.185978448195925],[21.207961116740144,49.1859742229831],[21.20796050995003,49.1859699401621],[21.207960530307016,49.1859656389324],[21.20796117762461,49.185961358661636],[21.207962445977962,49.18595713852596],[21.207964323758077,49.1859530171507],[21.20796679377811,49.185949032257646],[21.20818223831173,49.18564415096245],[21.208182871149415,49.185643122230175],[21.208182174222642,49.18564211145217],[21.208105082225178,49.1855438417808],[21.208105082204437,49.18554384175585],[21.207990273492253,49.185397493745626],[21.207987468117217,49.18539343480124],[21.207985289495163,49.18538921375664],[21.20798375902752,49.18538487207712],[21.20798289174861,49.185380452412886],[21.20798269617794,49.185375998180405],[21.207983174236507,49.18537155313557],[21.207984321227947,49.18536716094409],[21.207986125884677,49.18536286475244],[21.207988570478584,49.18535870676401],[21.207991630995178,49.18535472782458],[21.20799527736951,49.18535096702102],[21.20799947378152,49.18534746129736],[21.208004179007922,49.18534424509181],[21.20815124858536,49.18525321050052],[21.20815233862316,49.185252469076914],[21.208151920252,49.18525147658752],[21.208120927530956,49.18518948851433],[21.20812032942328,49.18518846744599],[21.208118738284035,49.185188138106206],[21.20800633922888,49.185168857456254],[21.208004694866037,49.18516863160355],[21.208003021575255,49.18516873045631],[21.207647289528364,49.18520142077976],[21.207640872002667,49.18520181008635],[21.207634427063383,49.18520180282645],[21.207628011616816,49.18520139906404],[21.20762168230887,49.185200602364354],[21.20761549502486,49.185199419761865],[21.20760950439609,49.185197861698484],[21.20760376331746,49.18519594193132],[21.2075983224804,49.185193677411156],[21.207272280795436,49.18504343613879],[21.2072672793944,49.18504089775705],[21.207262656006485,49.18503806814827],[21.20725844995325,49.18503497137817],[21.207254697006828,49.18503163378453],[21.20725142908568,49.18502808375338],[21.207248673983166,49.1850243514775],[21.20724645513111,49.18502046869964],[21.20724479140057,49.18501646844253],[21.207212304930106,49.18492125373777],[21.207211875449662,49.18492023062789],[21.20721034528243,49.18491988429478],[21.20709019432545,49.1848968968735],[21.207088616100112,49.184896649623354],[21.207088125388854,49.184897364893054],[21.207085021205927,49.18490134730149],[21.20708132880884,49.184905107856245],[21.20707708473148,49.184908609348994],[21.207072330966273,49.184911817134584],[21.20706711454873,49.18491469947395],[21.207061487092066,49.184917227848096],[21.207055504276497,49.18491937724033],[21.207049225298285,49.18492112638365],[21.207042712284128,49.18492245797139],[21.207036029676352,49.18492335882824],[21.20702924359531,49.18492382004086],[21.207022421185204,49.184923837045744],[21.20701562994966,49.184923409674624],[21.207008937083877,49.184922542156194],[21.2070024088097,49.184921243073866],[21.206996109720464,49.18491952528141],[21.206990102141834,49.184917405775344],[21.2069844455151,49.18491490552677],[21.206979195809108,49.18491204927424],[21.20697440496643,49.18490886527858],[21.206970120389443,49.18490538504353],[21.206966384471308,49.184901643003826],[21.20696323417651,49.18489767618469],[21.206960700675136,49.1848935238354],[21.206958809034457,49.184889227040756],[21.20695757797091,49.184884828314985],[21.206944891283673,49.18482203990067],[21.20691773790589,49.184687648071254],[21.20691718144325,49.184683227251384],[21.206917292278153,49.18467879200359],[21.206918069331515,49.18467438550259],[21.206919505039,49.18467005064314],[21.206921585424613,49.18466582962259],[21.20692429023685,49.18466176353022],[21.206927593145757,49.184657891947076],[21.206931461999304,49.18465425256084],[21.206935859136276,49.18465088079875],[21.206940741753026,49.184647809483025],[21.206946062320018,49.184645068511145],[21.206951769044583,49.18464268456484],[21.206957806375033,49.184640680850464],[21.206961012412098,49.18463986578067],[21.206962480023332,49.18463943567008],[21.206963056918564,49.18463840590996],[21.207096996893007,49.18435661230608],[21.207409779592407,49.18369854782983],[21.207412064723812,49.18369445134598],[21.207414944660247,49.18369051929316],[21.207418392295565,49.18368678867995],[21.20742237518043,49.18368329461886],[21.20742685582778,49.183680069996164],[21.20743179206558,49.18367714516196],[21.207437137433857,49.18367454764485],[21.207590329570706,49.18360739989217],[21.207591709511316,49.18360672639254],[21.207592719065758,49.18360581320773],[21.20764614696369,49.18355194574001],[21.207646948466337,49.18355104577618],[21.207645898540065,49.18355026328253],[21.20756235497973,49.183493726341574],[21.20756114445374,49.1834929838334],[21.207559508522795,49.18349280780256],[21.20724901118527,49.18346959115178],[21.20724204968816,49.183468831050774],[21.20723524420325,49.183467606025644],[21.20722866678845,49.183465929047124],[21.207222387086787,49.183463817871434],[21.207216471589046,49.18346129485221],[21.207210982929688,49.183458386703606],[21.207134591548954,49.18341346032549],[21.207129886876476,49.18341041257919],[21.20712565194368,49.18340708192944],[21.207121926138246,49.183403499353595],[21.20711874411257,49.18339969817194],[21.20711613546148,49.1833957137381],[21.20711412444707,49.183391583109945],[21.207112729772977,49.18338734470512],[21.20711196441042,49.18338303794362],[21.207111835477647,49.18337870288114],[21.20711234417363,49.18337437983666],[21.207113485767007,49.183370109017346],[21.207115249640047,49.18336593014472],[21.207117619387418,49.18336188208486],[21.207153454706226,49.18330851501582],[21.207156332473502,49.18330472425877],[21.207159741488088,49.183301127777916],[21.207163651513447,49.18329775747235],[21.20716802786931,49.18329464323518],[21.20717283173931,49.183291812688275],[21.20717802051524,49.183289290937275],[21.207183548174957,49.18328710034904],[21.207189365690606,49.18328526035295],[21.207195421463492,49.183283787269076],[21.207201661781642,49.18328269416289],[21.207286089855373,49.18327066555214],[21.20729457899482,49.18326981671872],[21.20748420921392,49.18325875843627],[21.207485798338325,49.183258614048164],[21.207485738987806,49.183257563100106],[21.207476930007815,49.18319058725401],[21.207476797914925,49.1831897614647],[21.20746132835603,49.183107696853334],[21.207461049453048,49.183106651204724],[21.207459506043886,49.183106972420944],[21.20727485442849,49.18315219838375],[21.20726779327838,49.18315364850603],[21.207260534905547,49.183154591526105],[21.20711366337748,49.183168324970666],[21.207112069656368,49.18316852547609],[21.207110796566482,49.183169185165426],[21.20703198227165,49.18321421040761],[21.20702686554876,49.18321686368734],[21.207021387391855,49.18321918626691],[21.20701559736991,49.18322115713048],[21.20700954787382,49.18322275844475],[21.20700329364231,49.1832239757202],[21.206996891266733,49.18322479794242],[21.206990398678858,49.18322521767148],[21.206859588461022,49.183229570693136],[21.20685293646577,49.18322958031575],[21.206846314335507,49.1832291674672],[21.20683978436342,49.183228336030986],[21.20683340797575,49.1832270938283],[21.206827245153995,49.183225452544306],[21.206821353870666,49.18322342761826],[21.206815789543935,49.18322103809825],[21.206810604516352,49.183218306462095],[21.206805847562407,49.18321525840573],[21.206801563429806,49.18321192260169],[21.206797792418467,49.18320833042922],[21.206794570001456,49.1832045156792],[21.20679192649127,49.18320051423621],[21.206789886754773,49.18319636374109],[21.2067884699792,49.18319210323665],[21.206787689491705,49.18318777280065],[21.206787552634022,49.18318341316857],[21.20679256498581,49.18306583585044],[21.20679262091526,49.18306488463664],[21.206805508735933,49.182892998265366],[21.20680550960735,49.18289197115526],[21.206803967140683,49.18289215162441],[21.20662376557881,49.18291920996222],[21.20662204515141,49.18291953163671],[21.2066215932682,49.1829197316452],[21.20661711934879,49.18292195898503],[21.20661131016027,49.182924294418484],[21.20660517609528,49.18292624041752],[21.20659877771241,49.182927777770075],[21.20659217817978,49.18292889129874],[21.206585442651356,49.18292957001009],[21.20657863762375,49.182929807203614],[21.20657183027971,49.1829296005376],[21.206565087824846,49.18292895205235],[21.206558476824135,49.18292786815002],[21.20655206254479,49.18292635953149],[21.206545908311856,49.182924441090634],[21.206540074883037,49.18292213176722],[21.206534619848888,49.18291945436008],[21.206529597064232,49.18291643530205],[21.206525056116476,49.18291310439864],[21.206521041836055,49.18290949453435],[21.20651759385386,49.18290564134754],[21.206514746209976,49.18290158287879],[21.206512527017612,49.18289735919533],[21.206510958185582,49.18289301199552],[21.206394122235945,49.182478238323114],[21.20639402804642,49.18247789655531],[21.20628571989316,49.18207603009495],[21.20628534458953,49.18207495146726],[21.206284851509462,49.182073985873835],[21.206283418650532,49.182071570540394],[21.206281563166662,49.18206715979316],[21.206280401135185,49.18206264826271],[21.206279944590488,49.182058082672725],[21.206280198260604,49.18205351030689],[21.2062811595182,49.18204897851887],[21.206282818407796,49.18204453424225],[21.206284254972196,49.182041887064194],[21.20628465036304,49.182041030075645],[21.206284479003806,49.182039935374725],[21.206275219695897,49.18200024437913],[21.20627453817486,49.18199595429234],[21.206274486914108,49.181991641136364],[21.206275066385277,49.181987344609325],[21.206276271254783,49.181983104256204],[21.206278090432917,49.181978959104974],[21.206280507175915,49.181974947307424],[21.20628349924007,49.18197110578788],[21.20628703908647,49.18196746990344],[21.2062910941345,49.18196407311861],[21.206295627061625,49.18196094669709],[21.20630059614702,49.181958119414375],[21.206305955655484,49.18195561729251],[21.206311656258404,49.18195346336083],[21.206317645487808,49.18195167744405],[21.20632386821922,49.18195027597954],[21.20633026717905,49.181949271866344],[21.20634323385448,49.18194766385522],[21.20635119646616,49.181946989929536],[21.206359224658723,49.18194693062778],[21.20655397808747,49.18195297344955],[21.20655551954597,49.181952972773985],[21.20655513444743,49.181951994326326],[21.206501237939634,49.1818379654698],[21.20650071766233,49.181837018115075],[21.2064998299733,49.18183619642357],[21.206494534074537,49.1818317352879],[21.206493502885255,49.18183094564277],[21.20649210322912,49.18183045714459],[21.20576832247279,49.18160561010666],[21.205764387734753,49.181604284222594],[21.20566868430597,49.18156943237722],[21.205481586306988,49.181501296043464],[21.205477467960957,49.18150002317141],[21.205273642935058,49.18144757327883],[21.205270718883504,49.18144691891289],[21.2052229739963,49.18143778705897],[21.205218537976837,49.18143714434306],[21.205028888957802,49.18141820763641],[21.204950482763753,49.181410377661784],[21.204948961115594,49.18141027110195],[21.204947440989756,49.181410343929656],[21.204815534201444,49.181420537683685],[21.20481007574628,49.18142081526487],[21.204658814593536,49.18142453479071],[21.2046520076236,49.18142448053665],[21.204645242390676,49.18142398417268],[21.204262995088854,49.18138326003624],[21.20426166645691,49.18138315325291],[21.204260329157655,49.18138311487273],[21.20391927497944,49.18138207884209],[21.20391789231497,49.18138211130924],[21.2039165181719,49.181382216901234],[21.203632249389624,49.18141174065368],[21.203630935679442,49.181411894327574],[21.202888818624587,49.18150850666909],[21.202883520671104,49.18150905617602],[21.20287817341227,49.18150933258351],[21.20251098181413,49.18151886307304],[21.202505009299312,49.18151884746535],[21.202242616060087,49.181510663137786],[21.202233136850303,49.18150993157717],[21.20182246167094,49.18145904001108],[21.201818567531927,49.18145848013028],[21.201749403989766,49.1814471454646],[21.201746123354084,49.181446550751936],[21.201398321527236,49.181377366269835],[21.201393986822666,49.18137639929541],[21.20082076451672,49.18123435923401],[21.20081809007224,49.18123369625804],[21.200816152980963,49.18123325896851],[21.2007468997244,49.181219127882706],[21.200745186251083,49.18121881],[21.20042548444463,49.18116533627869],[21.200424841607653,49.181165233077074],[21.199971816147603,49.181095533842196],[21.19997069641197,49.18109537445689],[21.19927629704533,49.18100446693004],[21.19927021139834,49.18100347863144],[21.19926428885489,49.1810021301381],[21.199258578910136,49.18100043271948],[21.199253129282567,49.18099840056112],[21.199221729168162,49.1809854115528],[21.19921593398364,49.18098272995289],[21.199130037216037,49.180938448402564],[21.199005906788706,49.18087445771061],[21.199000938613253,49.180871633644834],[21.198996405847673,49.18086851064126],[21.198992350162836,49.18086511741054],[21.19898880884366,49.18086148514752],[21.198985814446303,49.18085764724462],[21.198983394498953,49.1808536389847],[21.198981571248666,49.180849497216684],[21.19898036145693,49.180845260017016],[21.198979776245498,49.18084096633928],[21.19897982099421,49.18083665565645],[21.198980495291536,49.180832367597674],[21.19898179293832,49.18082814158421],[21.198983702004806,49.180824016466765],[21.19898620494034,49.18082003016865],[21.19898927873467,49.18081621933688],[21.198992895129543,49.18081261900532],[21.198997020878444,49.180809262272696],[21.19900161805227,49.18080617999828],[21.199006644388046,49.180803400518165],[21.199012053677404,49.1808009493847],[21.199016000438906,49.18079950590594],[21.19901676117298,49.18079918694363],[21.199018199539452,49.180798428942246],[21.19908098013341,49.180761512620315],[21.199086282632226,49.180758693852425],[21.199091986339386,49.180756234635965],[21.199098034739617,49.18075415933803],[21.19910436790231,49.180752488521684],[21.199110923075313,49.180751238742204],[21.19911763530668,49.180750422383134],[21.199124438088287,49.180750047533266],[21.199131264014774,49.18075011790682],[21.19913804545148,49.18075063280653],[21.199144715204554,49.18075158713048],[21.19915120718675,49.18075297142275],[21.19915745707225,49.18075477196711],[21.199163402934047,49.18075697092285],[21.199168985857508,49.18075954650155],[21.19917415052419,49.18076247318326],[21.199178845759878,49.180765721968726],[21.199183025041705,49.18076926066751],[21.199186646959127,49.180773054216324],[21.199189675624197,49.180777065026675],[21.19919208102721,49.18078125335754],[21.199225366688342,49.180849305610224],[21.199225955249236,49.180850328956915],[21.199227614458604,49.18085044299876],[21.199314671935642,49.180853539358],[21.19931625456431,49.18085354700568],[21.199317600024624,49.18085300065342],[21.1993840105737,49.18082312573477],[21.199388379181748,49.18082131533469],[21.19939294335072,49.18081972574055],[21.199594874370277,49.1807556721804],[21.199596301464197,49.18075516115949],[21.199595961755644,49.1807541186691],[21.199541489969167,49.180619742451775],[21.199540955739344,49.18061865326105],[21.19953994273158,49.18061772160706],[21.19938733962552,49.180491611115286],[21.199385178575927,49.180489991082915],[21.19905433284005,49.18026472258374],[21.19905314556148,49.180263990605084],[21.199051833462676,49.18026462441749],[21.198928844309865,49.18033044894391],[21.19892765840794,49.18033114661522],[21.19892669085447,49.180331976567665],[21.19881199472631,49.18044051511086],[21.19881177715079,49.1804407197896],[21.198703048865056,49.18054240036342],[21.198702147952414,49.18054334023326],[21.198702391081415,49.18054443876075],[21.19872594094628,49.180622830276235],[21.198726925748986,49.1806272636293],[21.198727232610885,49.18063173922381],[21.198726858484747,49.18063621261858],[21.198725807085342,49.18064063939417],[21.198724088852565,49.18064497559429],[21.19872172084772,49.18064917816174],[21.198718726584197,49.18065320536638],[21.198715135793947,49.18065701721933],[21.198710984132255,49.18066057587019],[21.1987063128237,49.18066384598254],[21.19870116825287,49.180666795085244],[21.19869560150366,49.18066939389459],[21.198689667852143,49.18067161660518],[21.19868342621763,49.1806734411462],[21.19867693857763,49.18067484940054],[21.19867026935243,49.18067582738458],[21.198663484765408,49.180676365387335],[21.19865665218548,49.18067645806652],[21.198649839458128,49.180676104501934],[21.198643114231647,49.18067530820424],[21.19863654328553,49.18067407708055],[21.198630191867274,49.1806724233555],[21.198624123044517,49.18067036345013],[21.19861839707878,49.18066791781861],[21.19861307082712,49.18066511074535],[21.198455516548705,49.18057323821371],[21.196788165124353,49.179600928856765],[21.19678340693809,49.179597869948836],[21.196779124095883,49.17959452272322],[21.1967753570395,49.17959091878693],[21.196772141340244,49.1795870921711],[21.196769507363047,49.17958307900955],[21.19676747997978,49.179578917197524],[21.19676607833437,49.179574646034034],[21.196765315662045,49.17957030585062],[21.196765199164364,49.17956593763056],[21.196765729941205,49.17956158262176],[21.19676690298042,49.17955728194755],[21.196768707205155,49.17955307621809],[21.1967711255784,49.17954900514693],[21.19677413526397,49.17954510717614],[21.196776694101843,49.179542158125074],[21.19706837569783,49.179206010706324],[21.19706895251663,49.1792053179238],[21.197193041401988,49.17904985204811],[21.197194641661184,49.17904753697048],[21.197375268763235,49.1787412057206],[21.19737804517513,49.178737115332154],[21.19738142836212,49.1787332262528],[21.197385384775618,49.17872957704746],[21.19738987518279,49.17872620390257],[21.197394855055645,49.17872314026692],[21.19740027501255,49.17872041652022],[21.197406081307953,49.17871805967184],[21.19741221636527,49.1787160930927],[21.197418619347904,49.17871453628389],[21.197425226762437,49.178713404683094],[21.1974319730883,49.17871270951147],[21.197438791427437,49.1787124576625],[21.197445614167727,49.17871265163352],[21.197452373653384,49.178713289501175],[21.197459002855876,49.178714364940184],[21.19746543603857,49.17871586728628],[21.19747160940859,49.178717781641765],[21.19747746174942,49.17872008902364],[21.197706693767035,49.17882098381307],[21.197712236787854,49.178823699171254],[21.19771733421469,49.17882676689663],[21.197721934153158,49.178830155758114],[21.19772598977352,49.17883383125551],[21.198016839581683,49.179127561242],[21.19802021210012,49.17913136203244],[21.198023002157115,49.17913536061974],[21.198025183065695,49.17913951875752],[21.198026733965293,49.179143796673195],[21.198108748589977,49.17943202601121],[21.198109113086645,49.17943304161307],[21.198109758519475,49.179433994965635],[21.198112119392693,49.1794379840567],[21.198113891129783,49.17944210221354],[21.198115057683218,49.179446312136385],[21.198115608486887,49.179450575694055],[21.198115538551768,49.17945485426981],[21.198114848511132,49.17945910911068],[21.198113544614813,49.17946330167878],[21.198111638672618,49.179467394000156],[21.198109147947353,49.17947134900896],[21.198106094998447,49.1794751308829],[21.198102507477707,49.1794787053679],[21.198098417878757,49.179482040088274],[21.198093863242804,49.17948510483993],[21.19808888482315,49.17948787186414],[21.198067739331165,49.179498533588585],[21.198066512646356,49.17949921642024],[21.198066827509244,49.17950025100292],[21.19815805458855,49.17973916541517],[21.198158519282725,49.17974017622669],[21.198159522136095,49.17974100225108],[21.198265319892148,49.179820132108134],[21.19826645250814,49.1798209009555],[21.198268042427006,49.17982113770596],[21.19863409109104,49.17986358146563],[21.19863820093391,49.17986389170754],[21.199117223937137,49.17988093691071],[21.19911739088188,49.17988094298462],[21.1993528147051,49.179889696843105],[21.1993541651964,49.179889703483106],[21.19935297651735,49.17988928321729],[21.199073528852715,49.17980181549832],[21.198972236495216,49.17977011096821],[21.198966268894793,49.1797679995481],[21.19896064854467,49.17976551208684],[21.19895543039632,49.17976267290494],[21.198950665468733,49.17975950976176],[21.198946400349655,49.17975605358404],[21.19894267674005,49.17975233816371],[21.198939531046385,49.179748399827226],[21.19893699402471,49.179744277080715],[21.198935090479907,49.17974001023309],[21.1989338390232,49.179735641002395],[21.19893325189018,49.179731212107505],[21.19893333482121,49.179726766850735],[21.198934087005277,49.17972234869433],[21.198935501087945,49.17971800083547],[21.19893756324325,49.179713765784264],[21.1989402533089,49.17970968494759],[21.198943544983425,49.17970579822466],[21.19894692377991,49.179702600126575],[21.198947128169387,49.17970238363122],[21.19894721214972,49.17970126575122],[21.19894681041752,49.17949714893229],[21.198946687249183,49.1794952744973],[21.198935541669876,49.17940932815883],[21.198935363332257,49.17940840684817],[21.198934956710122,49.179407520553255],[21.19875187079767,49.17906082724214],[21.198750383348916,49.17905763096277],[21.19868525113784,49.17889643480166],[21.198683842335257,49.178892091946985],[21.198683093799456,49.17888767917189],[21.19868301283041,49.178883239512096],[21.198683600217603,49.17887881626554],[21.19868485023233,49.17887445257013],[21.19868675068361,49.17887019098307],[21.198689283037044,49.17886607306544],[21.198692422595652,49.178862138977536],[21.198696138740644,49.17885842708661],[21.19870039523008,49.178854973593],[21.198787537814614,49.17879100850183],[21.198791328669007,49.17878843922571],[21.198929069911657,49.178702222643615],[21.198930250821363,49.17870140379134],[21.198930321386253,49.17870027785029],[21.1989297385616,49.17866245164586],[21.19892993279075,49.178658585901054],[21.19894773287543,49.17850524446253],[21.19894861609554,49.178500705013846],[21.1989501986148,49.17849624794034],[21.19901530035987,49.17834760762145],[21.199015676963388,49.17834655240651],[21.199014418751677,49.17834584953673],[21.19764949370949,49.17765715145784],[21.197644395117564,49.1776543085855],[21.197639743529944,49.1776511534006],[21.197635583256748,49.177647715959004],[21.19763195392786,49.17764402900493],[21.197628890115485,49.17764012765981],[21.1976264210048,49.17763604908703],[21.197624570115938,49.17763183213828],[21.197623355079955,49.17762751698352],[21.197622787470877,49.17762314472802],[21.197622872695476,49.17761875702098],[21.197623609941754,49.177614395658935],[21.19767193664495,49.177417055258424],[21.19767217454943,49.17741588972349],[21.197750702587403,49.17693596627566],[21.197761665142814,49.17686897373169],[21.197761754367427,49.176867967628],[21.197760351162238,49.176868379150875],[21.197580712144802,49.17692811899799],[21.19576497411512,49.177531933318924],[21.19576355286552,49.177532464913405],[21.19576343639533,49.177533534941524],[21.195745117735083,49.17807478223442],[21.195744621804476,49.17807927277902],[21.195743443294916,49.17808370828957],[21.195741594024597,49.1780880442857],[21.195739092538297,49.17809223728492],[21.195735963921383,49.17809624523885],[21.19573223954826,49.178100027954656],[21.195727956767797,49.178103547498345],[21.195723158528676,49.17810676857502],[21.195717892948807,49.17810965888286],[21.19571221283271,49.17811218943713],[21.195541398475594,49.178180352499936],[21.19554008809199,49.17818093212957],[21.195539449359323,49.17818188009217],[21.195432217342116,49.17836356882205],[21.195429796975912,49.17836718839661],[21.195426901104618,49.17837065463913],[21.195210507255425,49.1786046327337],[21.1952066798185,49.17860834112709],[21.195202308716834,49.17861178154656],[21.195197437304003,49.17861491986905],[21.19519211389584,49.17861772496802],[21.1951863912912,49.17862016902163],[21.195180326248327,49.17862222778923],[21.195173978921844,49.178623880851404],[21.19516741226616,49.17862511181257],[21.195160691411097,49.17862590846386],[21.195153883015852,49.17862626290381],[21.195147054607887,49.178626171617005],[21.195140273913132,49.17862563550881],[21.195133608184314,49.178624659896535],[21.195127123533887,49.178623254456554],[21.195120884278275,49.178621433128356],[21.19511495230003,49.17861921397639],[21.194891008971883,49.17852544909306],[21.19488556568096,49.17852291736014],[21.194880523546047,49.17852005074011],[21.194875930320997,49.17851687638265],[21.19487182950807,49.178513424352076],[21.194868259945853,49.17850972734246],[21.194865255441435,49.17850582036806],[21.194862844450274,49.17850174043161],[21.19486104980662,49.178497526174255],[21.194859888507338,49.17849321750895],[21.19485937155088,49.17848885524292],[21.19485950383315,49.17848448069102],[21.19489143336405,49.1781793732772],[21.194891466212884,49.178178297853634],[21.19489073084004,49.17817733630535],[21.19477033312276,49.178037288789504],[21.194767271753626,49.17803327087619],[21.194764837127146,49.17802907276769],[21.194763053539017,49.1780247363581],[21.19476193878801,49.178020304921766],[21.194761503998368,49.17801582268118],[21.194761753508775,49.17801133436591],[21.194762684829143,49.17800688476608],[21.194814062379763,49.17782821720081],[21.194814344484325,49.17782707555166],[21.19481641870571,49.17781705432698],[21.194816556395924,49.17781602805139],[21.194815278727827,49.17781542825276],[21.19443212877266,49.17765289872423],[21.194430611518932,49.17765232594051],[21.194428860712296,49.177652321178094],[21.19439836998028,49.177653275042076],[21.19439754641554,49.177653307321094],[21.190639343362548,49.17783031858641],[21.190629725329337,49.1778303281248],[21.190102992273008,49.17780657627796],[21.190102992273136,49.177806576276836],[21.19010299210169,49.17780657627025],[21.188554033318088,49.177736712991226],[21.188552722714988,49.177736686880095],[21.188551412909483,49.177736726631814],[21.18710128887876,49.17781731903526],[21.186897872724458,49.17782870533607],[21.186892667425795,49.17782886642661],[21.18688745849725,49.177828767925355],[21.18587118357453,49.17778416439338],[21.185869676758198,49.17778414501428],[21.185868565379298,49.17778412481122],[21.185867872695162,49.177784108534404],[21.185632068515947,49.17778620845952],[21.185627012457758,49.17778613120996],[21.185323786058287,49.17777415239484],[21.1853221087572,49.17777414059919],[21.18532055411879,49.17777455355345],[21.185000771626118,49.177871824417146],[21.18499937854083,49.17787230121527],[21.184998851535994,49.17787327182478],[21.18492353235136,49.17803562861403],[21.184922832265705,49.17803739145137],[21.18485996827134,49.178226880400715],[21.1848581929402,49.17823118927942],[21.184855774683424,49.178235361524166],[21.184852737333454,49.17823935601623],[21.18484911082409,49.178243133388804],[21.184844930895512,49.17824665641478],[21.18484023874199,49.17824989037369],[21.184835080606,49.17825280339396],[21.18482950732238,49.17825536676693],[21.184823573817443,49.17825755522978],[21.184817338567584,49.178259347214556],[21.184678922203773,49.178293865523834],[21.184672461635095,49.17829524070396],[21.184665825247034,49.17829619013811],[21.184659078145625,49.178296704511986],[21.18465228652306,49.17829677877925],[21.18464551700829,49.17829641221137],[21.1846388360134,49.1782956084045],[21.184632309082044,49.178294375244356],[21.184626000246418,49.17829272482886],[21.184619971399098,49.1782906733493],[21.184614281685803,49.17828824093168],[21.184608986925195,49.17828545143907],[21.18460413906122,49.178282332237686],[21.184599785653564,49.178278913928395],[21.184595969411006,49.17827523004629],[21.1845927277725,49.178271316731866],[21.184514444036374,49.178164515914006],[21.184513680127,49.178163592936116],[21.18451227477705,49.178164096763254],[21.184364793729934,49.17822332379725],[21.18436333083056,49.178223982323864],[21.18436210737934,49.17822482501142],[21.184248386293884,49.178311805926064],[21.184244028923164,49.17831484175953],[21.18423926139649,49.178317599967386],[21.18423412469812,49.17832005683862],[21.184228662985923,49.178322191252605],[21.184222923211802,49.178323984860626],[21.184216954718035,49.178325422243944],[21.18421080881313,49.17832649104594],[21.18407891114498,49.17834518545914],[21.18407735101816,49.178345458341695],[21.18407626660511,49.17834624266874],[21.184040551890256,49.178374696396766],[21.184038277716226,49.17837673112624],[21.18377436150563,49.17864302756593],[21.183773695339273,49.17864375911088],[21.1837731157688,49.17864452168689],[21.183409819105993,49.17917178543746],[21.18340852461044,49.17917395838142],[21.183054887230934,49.17987262932148],[21.18300272387495,49.17997568401499],[21.183002245904948,49.17997682842909],[21.183002147011766,49.179978013192176],[21.18300142814422,49.18028804422801],[21.183001498468993,49.18028907703105],[21.183001855726,49.18029007947038],[21.1831063238021,49.18053257348818],[21.183107743624895,49.18053655248003],[21.183260193637064,49.18107257138064],[21.183261049772668,49.181076571527825],[21.183261354785447,49.18108060590379],[21.183261106213216,49.181084641943556],[21.183260306062298,49.18108864706866],[21.18325541261771,49.1811067732108],[21.183032026490714,49.1819342042691],[21.183031826119024,49.181935242224455],[21.18303342175656,49.18193526401568],[21.18310928706633,49.181933848218726],[21.1831109869412,49.181933759189924],[21.183111752851207,49.18193276039744],[21.183165203874704,49.18185313160794],[21.183168309101582,49.18184907449379],[21.183172022545996,49.18184524331156],[21.183176306356398,49.181841677112786],[21.18318111686744,49.18183841224798],[21.18318640504516,49.18183548199618],[21.18319211698667,49.1818329162257],[21.18319819446969,49.18183074108958],[21.183204575545982,49.18182897875913],[21.18321119517275,49.18182764719791],[21.18321798587568,49.18182675997858],[21.183224878436686,49.18182632614466],[21.183231802599433,49.1818263501183],[21.183351791070198,49.18183074240075],[21.183358676465904,49.18183122395196],[21.183365452696076,49.18183215818538],[21.183372050685907,49.1818335355777],[21.183378403177574,49.18183534208824],[21.18338444541571,49.18183755930194],[21.18339011580759,49.1818401646173],[21.183395356550918,49.18184313147643],[21.183400114223108,49.181846429636146],[21.18340434032579,49.18185002547606],[21.183407991779255,49.18185388234118],[21.183411031361533,49.18185796091582],[21.183413428087896,49.181862219624215],[21.183415157526664,49.18186661505439],[21.18341620204825,49.181871102400564],[21.183420531047734,49.18189912673305],[21.183420747170842,49.18190024518691],[21.183453538973083,49.18204144159423],[21.183453855926377,49.18204247383441],[21.18345497315235,49.1820432303399],[21.183553088070425,49.182103637140195],[21.18355788032586,49.18210690066838],[21.183562147300016,49.18211046375097],[21.183565845676807,49.18211429021747],[21.183568937912284,49.182118341223834],[21.183571392615608,49.182122575646396],[21.18357318486783,49.182126950499686],[21.18357429647482,49.18213142137259],[21.183574716151973,49.18213594287922],[21.18357443963876,49.18214046911976],[21.18357346974201,49.18214495414624],[21.183571816307403,49.18214935242904],[21.183569496119546,49.18215361931928],[21.18356653273159,49.18215771150163],[21.183562956226115,49.182161587434514],[21.183474396957774,49.18224747075615],[21.183470248617887,49.18225108716788],[21.1834655667817,49.182254411929236],[21.18346039886969,49.182257411364986],[21.183454797225615,49.18226005509498],[21.18344881858643,49.1822623163418],[21.183442523507516,49.182264172202196],[21.183435975749376,49.18226560387872],[21.18342924163185,49.18226659687056],[21.183422389362352,49.18226714111995],[21.183415488345027,49.18226723111453],[21.183288212424603,49.182264689593445],[21.18328156403263,49.18226434416494],[21.183274998254113,49.18226357706522],[21.18326857717481,49.18226239554808],[21.18326236151221,49.18226081078586],[21.18325641004134,49.18225883776399],[21.18325077903907,49.182256495139384],[21.18324552175187,49.18225380506368],[21.183240687892376,49.18225079297415],[21.18323632316927,49.182247487353074],[21.183232468855103,49.18224391945816],[21.18322916139595,49.18224012302728],[21.183226432066874,49.18223613395932],[21.18320625375193,49.18220232945056],[21.18320551849897,49.18220126532165],[21.18320446207782,49.182200324528715],[21.18306685314505,49.18209032490569],[21.183065763702132,49.18208953543557],[21.18306414089184,49.18208957544873],[21.183014340878838,49.18209239310486],[21.18301275761759,49.182092534227415],[21.18301297078841,49.18209357230431],[21.18316336691031,49.18262670988725],[21.183261053700118,49.18297299270229],[21.18326105369342,49.18297299270311],[21.183261053719388,49.18297299277059],[21.183368184905557,49.183352751949926],[21.183368184916404,49.18335275198369],[21.183398653876115,49.18346075696165],[21.183399015985565,49.18346177170397],[21.18340003902374,49.183462569395374],[21.184246988229898,49.1840633165149],[21.184250087844827,49.18406567374858],[21.18438161161598,49.18417299368193],[21.18438567870498,49.18417667979837],[21.184389156717017,49.184180616459344],[21.18439201004319,49.184184763360314],[21.18439420947026,49.18418907804426],[21.18439573247978,49.18419351633638],[21.184396563478604,49.18419803279624],[21.184396693958554,49.18420258118325],[21.184396122583564,49.18420711492975],[21.184364331042346,49.18436283307606],[21.18436345947551,49.1843661514853],[21.184117226419346,49.18513109959021],[21.18411698409846,49.18513205626308],[21.184117125893195,49.18513302156844],[21.184182938893,49.185440457648944],[21.184216757165146,49.185598441534545],[21.184217050555972,49.1855994557672],[21.184218622924977,49.18559939780751],[21.184485698549956,49.18558109611505],[21.184491780912357,49.18558085768399],[21.184497871555646,49.185580974032874],[21.184503922412333,49.18558144424345],[21.18450988572893,49.18558226460478],[21.184640595383733,49.18560426074457],[21.184642212617717,49.18560447720219],[21.184643110456683,49.185603569308945],[21.184723127919856,49.18551306781927],[21.184725323704797,49.18551010147712],[21.184787985421753,49.18540674022648],[21.184788535454842,49.18540568136712],[21.184788753177955,49.185404571949654],[21.184798747897553,49.18532061434597],[21.18479958379035,49.185316298396145],[21.184801052161095,49.185312055612215],[21.18480313926002,49.185307925723],[21.184805825543698,49.1853039474002],[21.184809085858028,49.18530015789614],[21.18481288967381,49.185296592695245],[21.18481720137258,49.185293285181444],[21.184821980580196,49.18529026632581],[21.18482718254481,49.185287564396425],[21.184899125670164,49.185253777892974],[21.184924700274948,49.185241767588266],[21.184924702230315,49.185241766619804],[21.184970557035797,49.185220230716524],[21.184972932144998,49.18521916396495],[21.185037558384824,49.185191426153835],[21.185043539875142,49.185189133123686],[21.185049843798293,49.185187247404365],[21.185056405812855,49.18518578824264],[21.18506315894319,49.185184770531535],[21.18507003426306,49.18518420465832],[21.18507696159908,49.1851840963987],[21.185083870246984,49.18518444685759],[21.185090689693233,49.185185252458005],[21.185097350334726,49.18518650497756],[21.1851037841892,49.1851881916323],[21.18510992558908,49.18519029520726],[21.185162674431,49.18521064970473],[21.185164063969122,49.18521112995656],[21.1851655353739,49.18521076939501],[21.185232283710906,49.18519203419838],[21.185238740843413,49.18519046818488],[21.185245404954877,49.18518933439962],[21.18525220889627,49.18518864426683],[21.185259084109575,49.18518840474051],[21.18526596131868,49.185188618234086],[21.185272771227325,49.18518928259643],[21.185317545134417,49.18519516958048],[21.185324676515016,49.18519637147436],[21.185331570241907,49.18519806756304],[21.18533814686364,49.18520023829884],[21.185344330583384,49.18520285866362],[21.185386134034943,49.18522273673028],[21.185391752824973,49.18522571693426],[21.185396861976944,49.18522906817588],[21.18540140475428,49.18523275324009],[21.185405330709937,49.18523673120474],[21.185408596246532,49.18524095789501],[21.185451946368644,49.18530526660155],[21.185454309915563,49.18530928271018],[21.185456076697644,49.185313428576606],[21.185457230518914,49.18531766619629],[21.18545776080228,49.18532195672359],[21.18545766268656,49.185326260827736],[21.18545693707101,49.18533053905369],[21.185455590607077,49.18533475218346],[21.18545363563749,49.18533886159589],[21.18545109008303,49.18534282962049],[21.185447977278358,49.18534661988289],[21.185444325758027,49.185350197638186],[21.185440168994983,49.18535353008957],[21.185400962503795,49.18538205777828],[21.18539990982272,49.18538290401868],[21.18539959236815,49.18538397591405],[21.18539647772789,49.185398204412884],[21.185395207960365,49.185402503600145],[21.185393306162368,49.185406701423155],[21.18539079037539,49.18541075805883],[21.18538768446561,49.185414635023285],[21.185384017897505,49.18541829553731],[21.185379825454344,49.185421704874834],[21.185375146908168,49.18542483069287],[21.185370026642563,49.18542764333777],[21.185244140181066,49.18549021464663],[21.185239207716833,49.18549245062285],[21.185233996137484,49.18549439562532],[21.185228545285504,49.18549603478453],[21.185135735518543,49.18552078508642],[21.185134236050107,49.18552124281884],[21.185133835019847,49.185522294718915],[21.185115244025038,49.185583852244925],[21.185113752405787,49.185587830239704],[21.18511171461309,49.185591702729624],[21.185109147563733,49.18559543756686],[21.18510607256824,49.1855990037463],[21.1851025151539,49.1856023716629],[21.18509850485288,49.18560551335759],[21.185035239078314,49.18565072093501],[21.18503212941244,49.1856528033004],[21.18490524032582,49.18573243882259],[21.184904119290245,49.18573321490343],[21.184904620950928,49.185734205221095],[21.18490604793751,49.185736638988026],[21.18490789517756,49.185741127961],[21.184909025284906,49.1857457179813],[21.18490942617356,49.18575035996158],[21.18490909355611,49.18575500425884],[21.184908030989455,49.185759601205426],[21.184906249836875,49.18576410163986],[21.184905613538742,49.18576542388493],[21.1849055851766,49.18576649495184],[21.184913673813977,49.1859392672406],[21.18491380351031,49.1859403392027],[21.18491468016164,49.185941248117025],[21.184999542055223,49.18602045836767],[21.18500306000239,49.18602410179744],[21.185006029308113,49.18602794937175],[21.185008422661053,49.18603196570123],[21.185010218047395,49.1860361138444],[21.185011398953307,49.186040355647144],[21.18501195451684,49.18604465209413],[21.185011879627847,49.18604896366725],[21.185011174974974,49.1860532507093],[21.18500984703937,49.18605747378868],[21.18500790803504,49.18606159406215],[21.185005375796493,49.186065573631986],[21.185002273614796,49.186069375894654],[21.18499863002325,49.18607296587755],[21.18499447853501,49.1860763105604],[21.184989857334802,49.186079379179326],[21.184984808927737,49.18608214350955],[21.18497937974835,49.18608457812513],[21.184973619733444,49.18608666063277],[21.184967581862896,49.186088371877865],[21.184961321672233,49.186089696120604],[21.18476087692216,49.18612523842603],[21.18475444585698,49.186126164157024],[21.184747909006365,49.18612668142067],[21.18474132660896,49.18612678545016],[21.184483858819874,49.186122749114574],[21.18448254763818,49.186122761493856],[21.184481241750323,49.18612283963536],[21.184326885112355,49.18613600064795],[21.184325327535543,49.18613618389882],[21.184325413248185,49.186137219660466],[21.18433422479614,49.18619340667862],[21.184334582962705,49.18619771839942],[21.18433430843356,49.18620203275592],[21.184333403740975,49.186206309950194],[21.184331877230164,49.18621051052695],[21.184329742982378,49.186214595737724],[21.184327020684986,49.186218527898184],[21.18432373544986,49.186222270735946],[21.18431991758174,49.18622578972482],[21.18431560229875,49.186229052403725],[21.184310829407423,49.186232028675846],[21.18430564293556,49.18623469108626],[21.184300090726126,49.1862370150755],[21.18429422399585,49.18623897920558],[21.184288096862833,49.186240565358354],[21.18428176584726,49.18624175890214],[21.1842752893501,49.18624254882713],[21.184268727114322,49.18624292784643],[21.18426213967378,49.186242892463866],[21.184063226595182,49.186235552403815],[21.184057765425905,49.18623520681134],[21.18387811678819,49.186219062270645],[21.183875359518918,49.18621888852218],[21.183757479840715,49.18621460126774],[21.183750838236637,49.18621414630547],[21.183744295604438,49.186213270154845],[21.18373791395963,49.1862119811206],[21.183731753791776,49.18621029142104],[21.183725873491127,49.18620821707235],[21.183720328795115,49.18620577773661],[21.183715172260083,49.18620299653543],[21.183710452763084,49.18619989983097],[21.183706215038622,49.18619651697589],[21.183702499254593,49.18619288003514],[21.18369934063157,49.18618902348206],[21.18369676910897,49.1861849838717],[21.183694809061254,49.186180799494146],[21.1836934790669,49.18617651001171],[21.183692791732316,49.186172156082996],[21.18369275357234,49.186167778977286],[21.18369336494851,49.186163420183775],[21.183694620065637,49.18615912101794],[21.18373198373733,49.18605806834273],[21.183734018867177,49.1860535936001],[21.183736751054756,49.186049281348744],[21.18374015082973,49.18604517810201],[21.183744181521025,49.186041328118634],[21.18374879965232,49.18603777292552],[21.183753955411035,49.18603455087002],[21.183759593185666,49.18603169670617],[21.183765652165544,49.186029241219714],[21.18398745655755,49.18594947597725],[21.183994094435686,49.18594738448859],[21.18400103616488,49.18594577158728],[21.184008201707876,49.185944655869825],[21.18420113681434,49.18592170728224],[21.184202736881453,49.18592146215908],[21.18420263649225,49.18592038708234],[21.18417767113485,49.18577385196452],[21.18417740462542,49.185772776810474],[21.18417588228529,49.18577234010546],[21.183919721903113,49.185708626833154],[21.183760377647896,49.185668993560874],[21.18374229059588,49.18566449460847],[21.18374039645072,49.18566410439545],[21.183738446005535,49.18566386095325],[21.1833802525752,49.1856331676995],[21.18337848138227,49.18563307731347],[21.18337675410552,49.18563334968071],[21.182879664620145,49.18573000479213],[21.182878267666414,49.18573032003443],[21.182876979247062,49.185730786537235],[21.182173164617765,49.18601207084997],[21.182171920723828,49.18601261834948],[21.182170845985915,49.18601329723726],[21.181871861995035,49.18621931805516],[21.18125147652479,49.18664679810787],[21.181245942776084,49.18665021089589],[21.181239867108946,49.186653201552666],[21.18123332407834,49.186655733379624],[21.180553390546013,49.18688654892095],[21.18054690460517,49.18688875065658],[21.180545465073106,49.186889300180134],[21.18054489339106,49.18689032580085],[21.180183797470658,49.18765334393255],[21.180183413021577,49.187654304812206],[21.18018329407839,49.18765529121045],[21.180163254234458,49.18803138747829],[21.180162778426872,49.18803533104866],[21.180161775595078,49.18803923193925],[21.180091350199586,49.18825480614961],[21.18008941999631,49.1882594728184],[21.1800867363778,49.18826397663582],[21.180083330382015,49.18826826551163],[21.17993095236773,49.18843727802843],[21.179927105497967,49.1884410884625],[21.179922688448467,49.18844462329897],[21.1799177468399,49.18844784602892],[21.17991233171079,49.18845072336687],[21.17990649899037,49.18845322559466],[21.179900308920928,49.188455326868436],[21.17989382543559,49.18845700548556],[21.179887115498026,49.188458244108666],[21.179880248410818,49.1884590299448],[21.17983434504746,49.188462719266944],[21.179834344512834,49.188462719318565],[21.179678530826802,49.18847524296367],[21.179672212991765,49.18847555751397],[21.179665877828743,49.18847548861343],[21.179659579393043,49.18847503684997],[21.17965337142658,49.188474206078325],[21.17964730689933,49.18847300338704],[21.179641437557365,49.18847143903825],[21.1796358134813,49.188469526379876],[21.17953456695556,49.18843110396572],[21.17934888348606,49.18836063561604],[21.17934888143313,49.18836063487867],[21.179290833639406,49.18833860681997],[21.179282702852948,49.18833498806677],[21.178909791139453,49.188142049785476],[21.17890838342255,49.18814139446278],[21.178906803295874,49.18814093824704],[21.178539281228915,49.18804909161956],[21.178538938406014,49.18804900731588],[21.177830552841233,49.18787762716922],[21.177824744541144,49.18787601947934],[21.177819185997848,49.18787406900124],[21.176981351483647,49.18754674140039],[21.176980213173508,49.187546286791914],[21.176246516480152,49.187246819094796],[21.17624506937783,49.187246290999404],[21.176243413399096,49.18724627080472],[21.176132075804777,49.187248485448954],[21.176125290919632,49.18724840026474],[21.1761185520829,49.187247876037844],[21.17611192525687,49.18724691789955],[21.176105475307423,49.18724553522846],[21.176099265369103,49.18724374155869],[21.1760933562271,49.18724155444742],[21.176087805722272,49.18723899530282],[21.176082668184996,49.187236089174796],[21.176077993903323,49.18723286450964],[21.176073828630777,49.187229352871576],[21.176070213138466,49.18722558863378],[21.176067182816045,49.18722160864202],[21.176064767325258,49.18721745185387],[21.176062990309667,49.187213158957526],[21.17606186916318,49.18720877197342],[21.17605349711237,49.187161874650386],[21.17601425313789,49.18694204047425],[21.17601420446515,49.18694178091044],[21.175988255468265,49.18680974623379],[21.175987994175163,49.18680876381734],[21.17598760074099,49.186807800505164],[21.175930010393415,49.186688337132814],[21.175928335302967,49.18668418001276],[21.17592727370502,49.18667993701789],[21.175926835308793,49.186675646954505],[21.175922465883584,49.18652529690295],[21.17592233016468,49.18652408552319],[21.175921995086853,49.186522890904186],[21.175849361337146,49.18632498512087],[21.175848667025452,49.18632336325063],[21.17551456134926,49.18564216638035],[21.175514560866407,49.18564216547488],[21.17551194225215,49.185636826715545],[21.17551107599502,49.18563491629051],[21.17544004817594,49.18546453114384],[21.17543625098023,49.185455423744685],[21.17531223297909,49.18515791618325],[21.175311747782693,49.18515693683879],[21.175310188648325,49.18515681128701],[21.17523745223039,49.185153230450396],[21.175236103479424,49.185153199031426],[21.175234755145432,49.18515323737734],[21.174908687621286,49.18517097478357],[21.174716528858873,49.18518142618618],[21.17471000866974,49.18518157671094],[21.17470349616,49.18518132046656],[21.174697050255975,49.18518065977163],[21.174690729281313,49.185179600604194],[21.174684590429326,49.1851781525478],[21.174678689245354,49.185176328704685],[21.174673079124325,49.18517414557736],[21.174667810827525,49.1851716229191],[21.174662932023374,49.185168783555355],[21.17465848685601,49.18516565317711],[21.174654515546003,49.185162260108626],[21.17465259411829,49.18516024790399],[21.174651824348533,49.18515952428726],[21.17465042360939,49.185160021802794],[21.17463247360643,49.185167157882724],[21.174631335741704,49.18516760046074],[21.174606843712144,49.185176918560494],[21.17460668783276,49.18517697768626],[21.17408352834477,49.18537481199735],[21.174081331693557,49.18537571695304],[21.17386163657879,49.18547401715878],[21.17385946469114,49.18547507361389],[21.173676488193184,49.18557164110808],[21.17367548085565,49.18557216262926],[21.17335644728865,49.18573417804616],[21.173354320563814,49.185735215574795],[21.17310899846531,49.18585013455452],[21.172938780148275,49.18592987003766],[21.17292702456478,49.18593537626431],[21.172923954777,49.18593699685548],[21.172559004095618,49.186153543871555],[21.172557728812265,49.18615438554601],[21.172556753076933,49.1861553846112],[21.17224352553854,49.186517065034664],[21.172242927463834,49.18651782109418],[21.172242418604068,49.18651860471182],[21.172227057171263,49.18654499803717],[21.172227056981466,49.18654499838949],[21.172188355614654,49.186611494877305],[21.172006100707037,49.186924632851394],[21.171986975801396,49.18695749296661],[21.171834253298833,49.18721988854858],[21.171832111423036,49.187223170890256],[21.171829578985495,49.18722633149279],[21.171691428068762,49.18738327799308],[21.1715352926811,49.187560653766106],[21.171534576916887,49.187561567466744],[21.171536117184836,49.187561756356374],[21.171595614642975,49.18756709323033],[21.17160201323403,49.18756787142025],[21.171608270511076,49.18756904358229],[21.17161433014763,49.18757059916491],[21.17162013759631,49.187572524165105],[21.17162564057981,49.18757480125448],[21.171630789561576,49.187577409935315],[21.17163553819163,49.18758032672477],[21.171639843723874,49.187583525366705],[21.171703359281295,49.18763548609709],[21.171704524008994,49.18763634350315],[21.171706233539926,49.18763659325738],[21.17185437983158,49.18765299233318],[21.171855994244602,49.18765311873747],[21.171857282975523,49.18765246896934],[21.17192738210038,49.187613445064045],[21.171932989001345,49.18761063593343],[21.17193900658732,49.187608219296884],[21.17194537115675,49.18760622073665],[21.17195201533502,49.187604661409225],[21.171958868787627,49.187603557821475],[21.1719658589647,49.18760292165588],[21.171972911869066,49.18760275964681],[21.17202933959265,49.18760336760929],[21.172035912403643,49.187603645732544],[21.172042414213877,49.18760433579562],[21.17204878507177,49.187605431435685],[21.172054966233187,49.1876069225501],[21.17206090070315,49.18760879538962],[21.172066533761328,49.18761103268529],[21.1720718134666,49.187613613807535],[21.172076691136052,49.187616514956424],[21.172081121793777,49.1876197093812],[21.172085064585655,49.18762316762685],[21.172088483156028,49.18762685780564],[21.172091345982942,49.18763074589135],[21.17209362666882,49.18763479603284],[21.172095304183824,49.18763897088469],[21.17209636305983,49.18764323195148],[21.17209679353301,49.18764753994301],[21.172096591633924,49.18765185513614],[21.172095759224067,49.18765613774146],[21.172094303978746,49.187660348270036],[21.172092239316306,49.18766444789747],[21.172089584274413,49.18766839882196],[21.172086363334515,49.187672164612906],[21.17192747332245,49.18783865105102],[21.171927473042167,49.18783865136131],[21.171892101627908,49.18787571431974],[21.171888152613118,49.187879423218874],[21.17188365507238,49.187882853289906],[21.17187865452046,49.18788596982076],[21.171873201562608,49.18788874127223],[21.171867351382435,49.187891139597404],[21.171547685673012,49.188007956137945],[21.171546327340273,49.18800847968518],[21.171314100450658,49.18810275973788],[21.171312735724587,49.18810337618531],[21.171311832114604,49.18810428688988],[21.17115542897185,49.18828014807141],[21.171151534762647,49.18828404714878],[21.17114704569683,49.18828766105763],[21.171142010006292,49.188290950968984],[21.17113648179608,49.18829388153496],[21.171130520463038,49.18829642126854],[21.17112419005771,49.18829854288199],[21.17111755859604,49.18830022357991],[21.17111069732871,49.18830144530441],[21.17102399917653,49.18831376005972],[21.171017526631537,49.18831446890006],[21.171010980363654,49.1883147690819],[21.1710044202898,49.18831465785779],[21.17099790645331,49.18831413624576],[21.170991498474272,49.188313209019974],[21.1709852550039,49.188311884667236],[21.17097923318764,49.188310175309105],[21.170973488142202,49.1883080965911],[21.170968072451,49.18830566753934],[21.170963035682927,49.18830291038655],[21.170758933235838,49.188179854787585],[21.17075765836124,49.18817916074453],[21.170756415354457,49.18817987919328],[21.1706721567992,49.18823378020527],[21.170506687425565,49.18833963385586],[21.170502226177433,49.1883422486579],[21.17049743417352,49.1883445986157],[21.170492347893802,49.18834666583966],[21.16998337529928,49.1885338893501],[21.169956131678397,49.18854391011382],[21.169683742903178,49.188644105255165],[21.169681335491443,49.1886450784917],[21.169348809511654,49.18879225378404],[21.16919981667163,49.188858196586224],[21.169198577492654,49.18885880013721],[21.169197528550825,49.18885953699093],[21.16915023306861,49.188895895620675],[21.16900860276496,49.189004771142166],[21.169007555993925,49.18900566315446],[21.169006802748353,49.18900667442655],[21.168937419219148,49.18911310845984],[21.168936873164387,49.18911406501287],[21.168936743258133,49.18911508277654],[21.16891843117712,49.18943326798163],[21.168918473107922,49.18943457974965],[21.168918748980015,49.18943587928633],[21.16901156549481,49.1897408341374],[21.16901208519643,49.189742130989636],[21.169012837842313,49.189743377784986],[21.169184284886743,49.18998411999504],[21.169185436199108,49.18998582834157],[21.16933041863226,49.19021364422142],[21.169332958259908,49.19021835626189],[21.169334684324802,49.190223223928506],[21.16946536986613,49.1907140968951],[21.169465711399944,49.190715103708996],[21.16946619267203,49.19071608568761],[21.169557755992365,49.190877066703514],[21.169558338270193,49.19087796772061],[21.169559257809755,49.1908787385955],[21.169616248294783,49.19092242733095],[21.169694354611096,49.19098230394162],[21.16969553094417,49.19098311795141],[21.169697233019733,49.19098322990174],[21.169733503817927,49.19098439862803],[21.16974010418133,49.19098482167536],[21.169746611368538,49.19098566049388],[21.169752964557365,49.190986907243136],[21.169759104365053,49.19098855026993],[21.169764973403247,49.19099057421698],[21.16977051681449,49.19099296016662],[21.169775682784856,49.19099568581754],[21.169780423028335,49.19099872569329],[21.169784693238142,49.19100205138041],[21.16978845350083,49.191005631793864],[21.169791668669347,49.19100943346782],[21.169794308691618,49.19101342086826],[21.16979634889138,49.19101755672518],[21.169797770198862,49.19102180238102],[21.16979855932902,49.19102611815188],[21.16979870890575,49.191030463698496],[21.169798217530783,49.19103479840328],[21.16979708979683,49.191039081749935],[21.169795336244594,49.19104327370232],[21.169792973264283,49.19104733507836],[21.16979002294243,49.1910512279166],[21.16978863582451,49.191052685308485],[21.169787690297905,49.19105379866698],[21.169787985290952,49.191054864472065],[21.16984575562293,49.191217636880104],[21.1698706323195,49.19128772764223],[21.169872000569733,49.191292972358596],[21.16987241386715,49.19129828629091],[21.169868105995622,49.191639410419484],[21.169867768640582,49.191643507146296],[21.169866862894985,49.19164756666035],[21.16986342524858,49.19165922865445],[21.16960645016109,49.192530907055996],[21.169606192020098,49.1925319021383],[21.16957076924084,49.19268983276797],[21.1695594680534,49.19274021475719],[21.169557964863568,49.19274505247575],[21.16955566140775,49.19274975300583],[21.16955258546174,49.192754259666565],[21.169548774116336,49.19275851811485],[21.169394443496525,49.192911088065074],[21.169393585989994,49.19291203346299],[21.169392874018786,49.192913029400245],[21.169116741777017,49.193354476701906],[21.16911618540623,49.19335550699201],[21.169115945184224,49.19335658850607],[21.169105983847118,49.193424630376064],[21.16910590611155,49.19342575420443],[21.169106172994212,49.193426865506225],[21.169117274166922,49.19346160183885],[21.169117653186042,49.19346256955624],[21.169118524768507,49.19346338681306],[21.169180593403965,49.1935164048056],[21.16918173668009,49.19351728285567],[21.169183323704505,49.19351778342035],[21.169247047249517,49.19353527193525],[21.169248441273087,49.193535608510416],[21.169249920683956,49.193535697364446],[21.169484720025448,49.19354305669685],[21.169493747904227,49.193543734538984],[21.16957051274235,49.19355290750299],[21.169577567661264,49.19355400583477],[21.169584406271255,49.193555586088856],[21.16959095216296,49.193557630608765],[21.169803943677383,49.193633455812666],[21.169810020483254,49.19363589520637],[21.169815678377404,49.19363873459537],[21.169820856305847,49.19364194334004],[21.16982549839389,49.19364548681501],[21.169829554548983,49.19364932678301],[21.16984921939208,49.19367018051574],[21.169852504123554,49.19367408423515],[21.16985518282716,49.19367818196002],[21.169857229166272,49.193682433402415],[21.169858623021543,49.1936867967629],[21.16985935068867,49.19369122914183],[21.169859405013195,49.19369568696092],[21.169858785460836,49.19370012639169],[21.169857498122738,49.19370450378654],[21.16985555565561,49.19370877610774],[21.169852977157237,49.1937129013506],[21.16984978797883,49.19371683895646],[21.169846019475653,49.1937205502115],[21.169841708698858,49.193723998627334],[21.169836898031146,49.19372715029972],[21.16983163477007,49.193729974242004],[21.16982597066304,49.19373244268952],[21.169819961398566,49.19373453137312],[21.16981366605868,49.19373621975705],[21.169807146538073,49.19373749124147],[21.1698004669356,49.19373833332543],[21.169726830761455,49.1937451557513],[21.169725232001916,49.193745355636075],[21.169723955392953,49.193746017320855],[21.16940357133499,49.19392914213491],[21.169402328108934,49.19392992959872],[21.16940183207579,49.193931015091174],[21.16934895920607,49.19407271305616],[21.169348148547833,49.19407581286859],[21.16932536620334,49.19422515341897],[21.169324366073337,49.19422952498306],[21.169322715741732,49.19423381104966],[21.16932043116205,49.19423797018539],[21.169317534419104,49.194241962184],[21.169314053515507,49.19424574845492],[21.169310022100948,49.19424929239639],[21.169305479146914,49.19425255974924],[21.169300468569965,49.19425551892788],[21.16929503880721,49.19425814132614],[21.169289242348007,49.19426040159328],[21.169283135226614,49.19426227787925],[21.169276776480462,49.194263752046126],[21.16927022757948,49.194264809843055],[21.16926355183181,49.194265441044436],[21.16923197141295,49.19426739443329],[21.16922532126833,49.194267593143856],[21.169218673047467,49.19426736847905],[21.169212089356147,49.19426672255442],[21.169205632192448,49.19426566145261],[21.169199362362964,49.194264195165935],[21.16919333891013,49.19426233750229],[21.16918761855629,49.194260105955195],[21.16918225516949,49.19425752153882],[21.169177299256226,49.194254608590505],[21.169172797485857,49.194251394541176],[21.16916879225104,49.194247909657285],[21.169165321268615,49.19424418675561],[21.16916241722439,49.19424026089449],[21.16905067357823,49.19406842245765],[21.16904998264937,49.19406748557805],[21.1690484516934,49.194067209782226],[21.168889444730407,49.19404380816755],[21.168887835429587,49.194043625853645],[21.16888727624719,49.19404463150425],[21.168784654788777,49.19426226007155],[21.168784132452693,49.194263490721795],[21.16860209492367,49.19474497605434],[21.16860179314538,49.194745964143245],[21.16860218225265,49.194746939030686],[21.16863193559396,49.19480971172375],[21.168633459683953,49.194813503637],[21.16863447382124,49.194817368161985],[21.16863497029117,49.19482127590126],[21.16863494531699,49.1948251971288],[21.168629976109536,49.19489328073772],[21.16862998406966,49.19489444486995],[21.168630539720578,49.194895550592044],[21.168725602901265,49.19505597341512],[21.168727707963548,49.195060109875854],[21.16872919169688,49.19506436052626],[21.16873004014445,49.195068685382886],[21.16873024532525,49.19507304376421],[21.168729805309077,49.19507739467343],[21.16872872423476,49.19508169718405],[21.168727012271187,49.19508591082475],[21.168724685521692,49.19508999596017],[21.168721765872544,49.195093914163685],[21.168718280787143,49.19509762857898],[21.16871426304763,49.195101104266605],[21.16870975044655,49.19510430853267],[21.16870478543138,49.195107211236426],[21.168699414705216,49.19510978507369],[21.168693688787492,49.19511200583385],[21.168687661538744,49.195113852627344],[21.16849353993584,49.19516597297705],[21.16849209124973,49.19516641627037],[21.16849196675923,49.195167460898574],[21.16848499923423,49.19531991974579],[21.16848501632587,49.195320858607566],[21.168485153187614,49.1953217932422],[21.16849901078299,49.195387403265165],[21.16849959178236,49.195391582420896],[21.168499575687605,49.19539577887339],[21.168498962638818,49.19539995606222],[21.16849775797685,49.19540407759474],[21.16849597219684,49.1954081075633],[21.168493620856797,49.1954120108579],[21.16849072444197,49.19541575347212],[21.168487308186478,49.195419302799465],[21.168483401853436,49.195422627917374],[21.16847903947562,49.195425699856635],[21.168389934470657,49.19548284925231],[21.168388830175484,49.19548362806696],[21.168387843445863,49.195484471948994],[21.168299614440176,49.19556783905996],[21.168296685902465,49.19557040577793],[21.16814056764074,49.19569752306307],[21.168139669777826,49.19569832475552],[21.168139126835204,49.19569925337911],[21.168125154459037,49.1957267586633],[21.16812314262364,49.1957302328813],[21.168120699873214,49.19573358635074],[21.1681178428951,49.19573679616265],[21.168008314456046,49.195848930819324],[21.168003042094778,49.195853627344185],[21.167769155639345,49.19603590842448],[21.167765583472967,49.19603848315125],[21.167761718144355,49.19604086910296],[21.167700239185038,49.196075977050754],[21.167699047524994,49.19607673018876]],[[21.224843678945433,49.19513420855206],[21.22484449823923,49.19513327698683],[21.224854964556357,49.195119919897955],[21.224858262940547,49.195116167122315],[21.22486209697666,49.19511263974299],[21.224866431088397,49.19510937049073],[21.224871225059243,49.19510638970101],[21.224876434405676,49.19510372503279],[21.224882010789894,49.195101401211566],[21.224887902468375,49.195099439800174],[21.224894054771976,49.195097858998665],[21.22490041061322,49.19509667347529],[21.22490691101602,49.19509589423063],[21.224913495662904,49.19509552849528],[21.224920103454707,49.19509557966289],[21.224926673077505,49.19509604725874],[21.22493314357153,49.195096926943904],[21.224939454896827,49.195098210555905],[21.22494554849038,49.19509988618386],[21.22495136780948,49.19510193827973],[21.224956858856423,49.19510434780193],[21.22496197067951,49.19510709239244],[21.224966655845865,49.19511014658407],[21.22497087088154,49.19511348203693],[21.22497457667496,49.195117067801135],[21.22497773883977,49.19512087060419],[21.22498032803397,49.19512485515981],[21.22498232023216,49.19512898449498],[21.225007653668225,49.19519188822729],[21.225008521884067,49.195193722440735],[21.225011323320842,49.195198854637816],[21.22501327719533,49.19520307684782],[21.225014590179185,49.195207404238204],[21.225015249627337,49.19521179513337],[21.225015249188708,49.19521620724606],[21.225014588867342,49.19522059808482],[21.225013275022395,49.19522492536296],[21.225011320306898,49.19522914740594],[21.225008743545896,49.19523322355269],[21.22500556955517,49.19523711454719],[21.22500182890223,49.195240782916585],[21.224997557611935,49.19524419333201],[21.224992796819595,49.195247312948865],[21.22498759237476,49.19525011172319],[21.224981994399652,49.195252562700816],[21.22497605680654,49.195254642277234],[21.224969836778413,49.19525633042469],[21.224888666475053,49.195275359896215],[21.224881461993526,49.195276762359974],[21.224874066655488,49.1952776399202],[21.22468293581219,49.19529329294075],[21.224676217329407,49.195293624642886],[21.224669481599953,49.19529352283531],[21.224662793593883,49.19529298849994],[21.224656217820925,49.19529202679076],[21.224649817708215,49.19529064698398],[21.224643654988608,49.19528886238875],[21.22463778910506,49.19528669021837],[21.224632276637394,49.19528415142483],[21.224627170756513,49.1952812704962],[21.224622520711506,49.195278075220685],[21.224618371354666,49.19527459641863],[21.224614762708793,49.195270867645014],[21.22461172958124,49.19526692486601],[21.224609301228107,49.19526280611199],[21.22460750107209,49.19525855111067],[21.22460634647655,49.19525420090391],[21.224605848578044,49.195249797451964],[21.22460601217892,49.195245383228546],[21.22460683570096,49.19524100081133],[21.224608311200683,49.195236692471184],[21.224610424445903,49.19523249976437],[21.22461315505306,49.195228463131954],[21.224616476683785,49.19522462150939],[21.224620357299028,49.19522101195126],[21.224624759468,49.195217669273696],[21.224629640729308,49.1952146257187],[21.224634954000482,49.195211910642904],[21.224640648032057,49.195209550234765],[21.224842291807526,49.19513478273331],[21.224843678945433,49.19513420855206]],[[21.22249014656672,49.19504473663952],[21.222490146274904,49.19504473656295],[21.222361393788233,49.19500847682885],[21.222355327070545,49.19500653111973],[21.22234958170612,49.19500420386277],[21.222344213387753,49.19500151761732],[21.22233927415336,49.19499849842259],[21.222334811881442,49.19499517554519],[21.22233086982707,49.19499158119558],[21.222327486202516,49.19498775021557],[21.22232469380689,49.19498371974095],[21.222322519708193,49.1949795288412],[21.222320984980918,49.19497521814078],[21.22232010450182,49.19497082942565],[21.222319886805636,49.19496640523777],[21.222320334002468,49.194961988463135],[21.222321441757202,49.19495762191572],[21.222323199331658,49.1949533479227],[21.222325589688623,49.19494920791407],[21.222328589657003,49.19494524202091],[21.222332170156484,49.19494148868667],[21.222345016191724,49.194929391218324],[21.222350273112376,49.19492444049197],[21.222385520798387,49.19489124605184],[21.222416516869846,49.19486205696501],[21.22244040435116,49.19483956153556],[21.222444396345203,49.194836160622],[21.222448864848168,49.19483302459834],[21.222453769159618,49.19483018202843],[21.222459064609637,49.19482765880309],[21.222464702965794,49.19482547790465],[21.222470632872348,49.19482365919727],[21.222476800318066,49.1948222192462],[21.222483149128188,49.19482117116697],[21.222489621476,49.194820524505715],[21.222496158409637,49.194820285152446],[21.222502700388933,49.19482045528723],[21.222509187827786,49.19482103336044],[21.222515561636865,49.194822014106855],[21.222521763761762,49.19482338859352],[21.222527737711854,49.19482514430127],[21.222533429074744,49.19482726523859],[21.222538786011924,49.19482973208748],[21.22254375973088,49.19483252237916],[21.222554849724627,49.1948393712408],[21.222556019808714,49.19484003113135],[21.22255727589732,49.19484061920721],[21.22269655070167,49.19489979299093],[21.22269815071463,49.1949003949975],[21.222699840434835,49.194900880444195],[21.22300416371303,49.194975753146764],[21.223010366000356,49.194977512109176],[21.223016274113068,49.194979662481096],[21.22302183071488,49.194982183393876],[21.223026981880825,49.19498505038287],[21.22303167762048,49.194988235624976],[21.223035872363184,49.19499170820849],[21.223039525400242,49.19499543443303],[21.22304260128003,49.19499937813699],[21.22304507015201,49.195003501047886],[21.223046908056425,49.1950077631543],[21.22304809715685,49.195012123093846],[21.223048625913275,49.19501653855465],[21.223048489194124,49.195020966686215],[21.223047688326012,49.195025364514805],[21.22304623108098,49.19502968936095],[21.22304413160093,49.19503389925334],[21.223006121291984,49.19509905741887],[21.22298639087574,49.195132879987725],[21.222986047306375,49.19513346893153],[21.222983259348265,49.19513761001424],[21.222979850187876,49.19514154639843],[21.222975854378294,49.195145238187195],[21.222971312418533,49.19514864796282],[21.22296627034311,49.19515174116581],[21.222960779255427,49.19515448644523],[21.222954894809853,49.19515685597664],[21.222948676647615,49.195158825743846],[21.222942187792327,49.19516037578241],[21.222935494011214,49.19516149038206],[21.222928663148515,49.19516215824584],[21.222921764437867,49.195162372604756],[21.222914867800586,49.19516213128606],[21.222908043136968,49.195161436735766],[21.222901359617783,49.19516029599331],[21.2228948849833,49.195158720620604],[21.222882796929724,49.19515531643717],[21.22249014656672,49.19504473663952]],[[21.221253923268293,49.20480279889166],[21.221256729954245,49.20480674433363],[21.221258941168248,49.204810849132635],[21.221260536181383,49.20481507480857],[21.22126150004124,49.204819381748436],[21.221261823712076,49.20482372957735],[21.221261504159475,49.20482807753704],[21.221260544378904,49.20483238486802],[21.221258953367567,49.20483661119171],[21.22125674604005,49.20484071688886],[21.221253943088595,49.2048446634711],[21.221250570789035,49.20484841394153],[21.221246660754527,49.204851933141754],[21.22124224963921,49.2048551880814],[21.221237378794577,49.2048581482473],[21.221232093881817,49.204860785889664],[21.22122644444381,49.20486307628221],[21.22122048344065,49.204864997953806],[21.221214266753194,49.2048665328899],[21.22120785265921,49.204867666701446],[21.22120130128705,49.20486838875957],[21.221194674051986,49.20486869229542],[21.221188033080455,49.20486857446352],[21.221181440627657,49.20486803636842],[21.22117495849398,49.20486708305454],[21.221168647445605,49.204865723458596],[21.221162566644885,49.204863970325995],[21.22090320215785,49.20477914777026],[21.220898456222276,49.204777439168126],[21.220759133040087,49.2047224832063],[21.22075343939937,49.20471997501425],[21.220748156495425,49.20471710679566],[21.22074333714664,49.20471390722692],[21.220739029536762,49.204710408297416],[21.22073527673313,49.204706644989365],[21.220732116256134,49.20470265492826],[21.22072957970404,49.20469847800678],[21.2207276924371,49.204694155985656],[21.220726473324042,49.204689732076446],[21.220725934553332,49.20468525050928],[21.220726081511426,49.20468075609084],[21.220726912728853,49.20467629375613],[21.220739430489846,49.2046289290301],[21.220740867104528,49.20462471070118],[21.22074291525952,49.204620602253115],[21.220745556026273,49.204616641654965],[21.22074876499949,49.204612865509304],[21.220752512522726,49.20460930871409],[21.220756763962413,49.2046060041401],[21.220761480028024,49.20460298232724],[21.22076661713507,49.204600271202004],[21.220772127807987,49.2045978958199],[21.220777961118866,49.20459587813337],[21.22078406315808,49.204594236789255],[21.22079037753252,49.20459298695627],[21.220998721975914,49.20455881440068],[21.221005118028355,49.20455797475983],[21.221011606862884,49.20455753689402],[21.22101812983227,49.20455750476062],[21.221024627980768,49.204557878650114],[21.221031042576964,49.204558655183305],[21.221037315644594,49.20455982734163],[21.221043390486557,49.204561384531],[21.22104921219733,49.20456331267716],[21.221054728159206,49.2045655943533],[21.221059888517896,49.20456820893711],[21.221064646633085,49.20457113279753],[21.221068959499974,49.20457433950826],[21.221072788137995,49.204577800086355],[21.221076097943094,49.2045814832545],[21.221253923268293,49.20480279889166]],[[21.22014831335491,49.20563181255328],[21.220148306569712,49.205634444803266],[21.220147642056805,49.20563881254006],[21.220146330679388,49.205643117002374],[21.220144384937036,49.20564731716101],[21.220141823375997,49.20565137298103],[21.220138670412343,49.20565524580317],[21.220134956099326,49.205658898712585],[21.22013071584085,49.20566229689052],[21.22012599005405,49.20566540794624],[21.220120823784065,49.2056682022259],[21.220115266274597,49.20567065309492],[21.220109370498648,49.20567273719214],[21.22010319265348,49.20567443465242],[21.220096791625036,49.20567572929588],[21.22009022842658,49.20567660878227],[21.220083565617177,49.20567706472854],[21.220076866705366,49.20567709278858],[21.220070195543826,49.20567669269501],[21.220063615720704,49.20567586826148],[21.22005718995352,49.205674627346234],[21.22005097949136,49.20567298177749],[21.220045043531066,49.205670947240435],[21.22003943865293,49.205668543127864],[21.220034218281448,49.205665792355276],[21.220029432176045,49.20566272114248],[21.220025125956784,49.20565935876359],[21.22002134066953,49.205655737268096],[21.219778742429643,49.205397432719664],[21.21977549808563,49.20539356498095],[21.219772848135765,49.20538950745012],[21.219770818116153,49.20538529922747],[21.219769427588894,49.20538098086562],[21.219768689953664,49.205376593978464],[21.219768612318475,49.205372180840065],[21.219769195431322,49.205367783977756],[21.219770433672842,49.20536344576179],[21.219772315110582,49.20535920799727],[21.21977482161393,49.20535511152139],[21.21977792902888,49.205351195809776],[21.219781607410745,49.205347498596055],[21.21978582131278,49.20534405550835],[21.219790530127707,49.205340899725925],[21.219795688479074,49.20533806165935],[21.21980124665852,49.205335568657624],[21.21980715110475,49.20533344474442],[21.21981334491974,49.20533171038674],[21.219819768416947,49.20533038229775],[21.21982635969657,49.20532947327549],[21.219833055241956,49.20532899207972],[21.21983979053171,49.20532894334746],[21.219846500661472,49.2053293275483],[21.219853120969304,49.205330140979974],[21.219859587658828,49.205331375803766],[21.21986583841401,49.20533302012046],[21.21987181299963,49.205335058084586],[21.219877453841754,49.20533747005736],[21.219882706582545,49.205340232795905],[21.220079874681314,49.20545480330383],[21.220085940931185,49.205458800625536],[21.220090836651643,49.20546245925609],[21.220092234680525,49.20546338862627],[21.220093788303966,49.205464205055925],[21.220098418509863,49.20546636012948],[21.220165023205773,49.205497359963125],[21.220170499639618,49.2055001940741],[21.220175508407735,49.20550337800278],[21.220199108567584,49.20551998780244],[21.22020354554962,49.2055234433889],[21.220207431088728,49.20552717318924],[21.220210725983577,49.20553113957344],[21.22021339699182,49.20553530252466],[21.22021541716548,49.205539620042885],[21.220216766122842,49.20554404856863],[21.220217430254074,49.205548543422424],[21.22021740285857,49.20555305925564],[21.220216684212527,49.205557550507955],[21.220215281566208,49.205561971867084],[21.220213209070764,49.20556627872577],[21.22021048763547,49.20557042763205],[21.22020714471681,49.205574376727526],[21.22020321404145,49.205578086169595],[21.22019873526596,49.20558151853363],[21.220193753576755,49.20558463919036],[21.220188319234186,49.20558741665541],[21.220187091429615,49.205587981567696],[21.220186014919282,49.20558856852764],[21.22015862370113,49.20560479085104],[21.22015742213874,49.20560557712757],[21.22015648178297,49.20560650364187],[21.22015395803539,49.20560928078105],[21.220153210301227,49.20561019833915],[21.220152878251852,49.20561121549876],[21.220150832954992,49.205619308529094],[21.22014856942031,49.20562826864969],[21.22014836913462,49.20562944348092],[21.220148348704363,49.20563181268413],[21.22014831335491,49.20563181255328]],[[21.22032110964822,49.19449135697296],[21.220318457229663,49.194487351720745],[21.22031641012736,49.19448319673749],[21.220314987648067,49.19447893121016],[21.22031420320748,49.19447459536836],[21.220314064203738,49.194470230104734],[21.22031457194766,49.194465876589526],[21.220315721650397,49.194461575882066],[21.220317502468557,49.19445736854366],[21.220319897606576,49.19445329425511],[21.22032288447498,49.1944493914422],[21.22032643490359,49.19444569691359],[21.22033051540711,49.19444224551346],[21.22033508750098,49.19443906979307],[21.22034010806433,49.19443619970353],[21.220345529746645,49.194433662313536],[21.220351301414386,49.19443148155394],[21.220357368633206,49.194429677992204],[21.220363674181364,49.19442826863819],[21.220370158589354,49.194427266783904],[21.220376760700837,49.19442668187823],[21.22038341824935,49.19442651943742],[21.220390068445642,49.19442678099365],[21.220396648569746,49.19442746408004],[21.220403096562606,49.194428562254245],[21.220409351611288,49.19443006515897],[21.220415354722594,49.194431958619994],[21.220421049279363,49.194434224779435],[21.220426381574534,49.19443684226456],[21.220431301317568,49.194439786389005],[21.220466096395064,49.19446273617113],[21.220599319965885,49.19455060669823],[21.220600395561984,49.19455128588822],[21.220753932323184,49.194644097758626],[21.220757365421317,49.194645919201605],[21.22082741698757,49.1946784205806],[21.220832697725704,49.19468113418905],[21.22083754865999,49.194684172945216],[21.220841923374245,49.19468750777275],[21.220845780008947,49.19469110676243],[21.22084908166182,49.1946949354773],[21.22085179674087,49.194698957282355],[21.220853899266743,49.194703133694965],[21.220855369121267,49.19470742475308],[21.22085619223996,49.1947117893978],[21.220856360746662,49.19471618586595],[21.22085587302882,49.19472057208987],[21.22085473375302,49.19472490610005],[21.22085295382025,49.19472914642631],[21.220850550261662,49.19473325249515],[21.220847546075607,49.19473718501754],[21.22084397000754,49.194740906365084],[21.220839856275035,49.19474438093],[21.22083524424031,49.19474757546581],[21.220830178033637,49.194750459405505],[21.220824706131104,49.19475300515407],[21.22081888089067,49.19475518835244],[21.22081275805129,49.194756988110655],[21.22080639619951,49.194758387207564],[21.220799856208867,49.19475937225595],[21.220793200657496,49.19475993383033],[21.220786493229223,49.19476006655726],[21.220779798104306,49.194759769166765],[21.22054434799921,49.194741694373214],[21.220537611600317,49.194740952832866],[21.220531021120355,49.1947397759186],[21.220524641901406,49.194738175299086],[21.220518537190983,49.194736166843796],[21.220512767514972,49.19473377046588],[21.220507390077437,49.19473100992445],[21.22050245819358,49.19472791258924],[21.220498020761024,49.19472450916916],[21.220494121775097,49.19472083340778],[21.220490799892627,49.19471692174886],[21.22032110964822,49.19449135697296]],[[21.22019649930451,49.185072191076316],[21.220190519738797,49.18507440183719],[21.220184232974283,49.185076209693555],[21.220177701994693,49.1850775965334],[21.220170992230408,49.18507854846279],[21.220164170902983,49.18507905594473],[21.220157306351698,49.18507911389516],[21.220150467348827,49.18507872173345],[21.220143722410718,49.185077883388395],[21.220137139111326,49.18507660725904],[21.22013078340521,49.185074906130225],[21.22012471896678,49.18507279704457],[21.220119006552373,49.18507030113197],[21.220113703391544,49.185067443397585],[21.220108862613763,49.18506425247155],[21.22010453271607,49.18506076032205],[21.220100757077265,49.18505700193495],[21.220097573523297,49.18505301496358],[21.220095013948313,49.18504883935122],[21.220093103995143,49.18504451693104],[21.22009186279837,49.18504009100695],[21.22009130279271,49.185035605919886],[21.220091429588344,49.18503110660343],[21.220098279834918,49.18496569272084],[21.220099092968795,49.18496122113719],[21.220100584436143,49.18495682530471],[21.220102739273653,49.18495254932444],[21.220105535862768,49.18494843609512],[21.220108946146627,49.18494452688266],[21.22011293591147,49.18494086090615],[21.22011746512993,49.184937474944434],[21.220122488362655,49.18493440296711],[21.220127955214085,49.18493167579363],[21.220133810838135,49.1849293207844],[21.220139996488346,49.18492736156589],[21.22014645010736,49.184925817793946],[21.220153106949407,49.184924704956416],[21.220159900229934,49.18492403421778],[21.220166761795568,49.184923812307254],[21.220173622807867,49.184924041451104],[21.220180414433955,49.18492471935042],[21.220187068537072,49.18492583920432],[21.220193518360116,49.18492738977774],[21.22019969919542,49.18492935551474],[21.22020554903391,49.18493171669403],[21.220211009187203,49.18493444962721],[21.220216024876386,49.184937526896164],[21.2202205457816,49.18494091762827],[21.22027081549417,49.18498266819028],[21.220274735123283,49.1849862756685],[21.22027809425773,49.184990118437575],[21.22028086030016,49.18499415920712],[21.22028300640856,49.18499835876525],[21.22028451175681,49.18500267635912],[21.22028536173675,49.185007070090556],[21.22028554809993,49.18501149732248],[21.220285069037683,49.185015915092656],[21.22028392919872,49.1850202805308],[21.220282139643935,49.18502455127429],[21.22027971773915,49.185028685879594],[21.220276686986583,49.18503264422403],[21.220273076796744,49.18503638789556],[21.220268922203147,49.18503988056525],[21.220264263522196,49.185043088340045],[21.22025914596208,49.1850459800912],[21.220253619183982,49.18504852775701],[21.22019649930451,49.185072191076316]],[[21.214741201669717,49.20387342477755],[21.214298667416926,49.203875996332094],[21.214230617880407,49.203876413243094],[21.21422380029941,49.20387623270193],[21.214217043793397,49.20387560936963],[21.214210415176918,49.203874549410344],[21.21420397999984,49.2038730633059],[21.214197801899086,49.203871165752254],[21.214191941969364,49.20386887551422],[21.214186458158974,49.20386621523964],[21.214181404696824,49.203863211235934],[21.214176831556063,49.20385989320919],[21.214172783959985,49.20385629397135],[21.21416930193481,49.20385244911476],[21.214166419913816,49.20384839666096],[21.2141641663969,49.203844176684235],[21.214162563668705,49.20383983091558],[21.21416162757828,49.20383540232978],[21.214161367382356,49.20383093472072],[21.214161785653808,49.20382647226815],[21.214162878256214,49.203822059100794],[21.214164634384755,49.20381773885989],[21.21416703667313,49.20381355426799],[21.214170061365195,49.20380954670584],[21.214173678550004,49.20380575580388],[21.214177852457503,49.203802219049905],[21.21418254181232,49.203798971418394],[21.214279921694317,49.203737919414046],[21.214284998654986,49.20373503483514],[21.214290481891165,49.20373248950297],[21.214296318810057,49.20373030783128],[21.214302453426498,49.20372851074556],[21.2143088269,49.20372711548279],[21.214315378099037,49.203726135425626],[21.2143540885129,49.2037216382656],[21.21435540820259,49.20372144948956],[21.214356701071292,49.203721193126825],[21.21476033401876,49.20362961993709],[21.214761862223735,49.20362921813219],[21.214763244367077,49.203628631649444],[21.21492003202285,49.2035548303263],[21.214921398226323,49.20355411508875],[21.21492264578582,49.203553312149474],[21.215000186306458,49.20349802372429],[21.2150053126047,49.203494732061415],[21.215010935623297,49.20349180930139],[21.215016993832887,49.20348928742619],[21.21502342094204,49.203487194031226],[21.215038171841133,49.2034830047626],[21.215044498687465,49.203481445712114],[21.21505102894504,49.20348030214519],[21.215057699236173,49.20347958516035],[21.215064444824115,49.20347930171619],[21.215071200241372,49.203479454563514],[21.215077899925028,49.203480042218956],[21.2150844788531,49.20348105897912],[21.215090873175544,49.20348249497624],[21.21509702083394,49.20348433627347],[21.215102862163775,49.20348656500065],[21.215108340473527,49.20348915952752],[21.215109219289545,49.20348962056794],[21.21511065211901,49.20349001859558],[21.215138989671164,49.20349690797253],[21.21514062527221,49.20349724505915],[21.215142331348645,49.20349713320668],[21.215168046253876,49.203494581794075],[21.215169872587783,49.20349433290678],[21.215171572708833,49.20349382987062],[21.21520358087265,49.20348293965494],[21.215209283678526,49.203481211765144],[21.21521520379124,49.20347983294138],[21.215221291569478,49.20347881474545],[21.21522749596599,49.2034781657151],[21.215233764955716,49.203477891292536],[21.215240045971953,49.20347799377891],[21.215254870518415,49.203478681672024],[21.215286091562817,49.20348012978427],[21.21529116655402,49.20348048991073],[21.215296186639684,49.20348109627212],[21.21535878590296,49.203490247121756],[21.215365586089245,49.20349148487297],[21.21537215625621,49.203493173805875],[21.21537842688807,49.20349529605065],[21.215384331638276,49.203497829152866],[21.215389808031464,49.203500746311036],[21.215394798124475,49.203504016660084],[21.215414487391197,49.2035183216084],[21.21541555190816,49.2035190290328],[21.215416863538877,49.20351952736959],[21.21560316182613,49.20358322858384],[21.215606194069778,49.20358414520504],[21.215861677404664,49.20365169379238],[21.215864196077078,49.20365228594767],[21.216105742351605,49.20370219579456],[21.21610724249998,49.20370245737723],[21.21610877265746,49.203702628787276],[21.21626882521743,49.20371569384174],[21.216276246644643,49.203716573340024],[21.21628347592808,49.203717981235236],[21.21649043135221,49.20376654391528],[21.21649715150372,49.2037683901223],[21.216503534948966,49.203770692906666],[21.216509509689725,49.2037734262956],[21.216559719826787,49.20379909963005],[21.21656109194487,49.20379973246106],[21.2165616655785,49.203799855930576],[21.216561800027513,49.203799884869554],[21.21693092231665,49.20386148135585],[21.216937715436327,49.20386286425669],[21.216944253541463,49.20386470057475],[21.21719053238065,49.20394401199953],[21.217191995258258,49.20394442856533],[21.217193577076678,49.20394456288829],[21.21748478698914,49.20396025023085],[21.21748537345715,49.20396028348307],[21.217797985213533,49.20397889345824],[21.217799029783794,49.20397896092302],[21.217912937771427,49.20398689463962],[21.21791425697737,49.20398695288109],[21.217915579108734,49.20398694424526],[21.218001731238388,49.20398419910349],[21.218068047026645,49.20398208581123],[21.21807473737771,49.203982086587736],[21.218081395808582,49.2039825143081],[21.21808795901324,49.203983364905746],[21.218094364590968,49.203984630293455],[21.218100551639758,49.20398629844032],[21.21810646133526,49.20398835348623],[21.218112037490098,49.20399077589248],[21.218117227088033,49.203993542627714],[21.218121980788094,49.203996627386694],[21.218126253393617,49.20400000084059],[21.218130004282028,49.204003630915786],[21.218170855573547,49.20404764619421],[21.218174237759733,49.2040517571687],[21.218176950851312,49.20405607586416],[21.218178965571855,49.20406055567881],[21.21818026018087,49.20406514827212],[21.218192943732962,49.20412837947147],[21.218193219436504,49.20412937643201],[21.218194536582665,49.204128845674944],[21.218304703186053,49.2040794677196],[21.218310288167032,49.204077213385766],[21.21831617616103,49.20407531881229],[21.218322313353564,49.204073801315],[21.218328643652626,49.20407267476333],[21.21833510920126,49.20407194945361],[21.218341650906382,49.204071632014944],[21.21834820897888,49.2040717253486],[21.218354723480033,49.20407222860155],[21.218361134869372,49.204073137174234],[21.21836738454878,49.20407444276258],[21.218373415398172,49.20407613343389],[21.218379172297443,49.20407819373603],[21.218384602630294,49.20408060483842],[21.21838965676513,49.20408334470433],[21.218394288508648,49.20408638829227],[21.218398455528074,49.20408970778475],[21.218722389124036,49.20437448054658],[21.218726253903053,49.20437826377414],[21.218729514966032,49.20438228370416],[21.218732138875353,49.2043864991181],[21.218734098726443,49.20439086679297],[21.218735374423716,49.20439534194459],[21.21873595288651,49.204399878686694],[21.218735828183355,49.20440443050157],[21.218735001592723,49.20440895071683],[21.218733481589897,49.20441339298419],[21.21873128376017,49.20441771175453],[21.218728430638983,49.20442186274504],[21.218724951480862,49.20442580339323],[21.218720881959474,49.20442949329335],[21.218716263801866,49.20443289461071],[21.218711144360586,49.20443597246964],[21.218568871578732,49.20451319035567],[21.2185676247264,49.20451393815136],[21.2185675522957,49.2045139911083],[21.218563473473573,49.20451729078002],[21.218558756355623,49.20452042327007],[21.218553594455052,49.20452323857953],[21.218548037227073,49.20452570973549],[21.218542137914426,49.20452781306219],[21.218535953037367,49.204529528408045],[21.2185295418521,49.204530839338624],[21.21852296578305,49.20453173329416],[21.218516287834422,49.20453220170979],[21.218509571986466,49.204532240097706],[21.21850288258257,49.20453184809007],[21.218496283712778,49.204531029442734],[21.218489838599695,49.20452979199896],[21.21848360899283,49.20452814761451],[21.21838883120257,49.20449952170946],[21.21829949424179,49.20447253882276],[21.21829368003736,49.20447055688875],[21.218288180944914,49.20446822051486],[21.21828304713671,49.20446555101756],[21.218278325452204,49.2044625727526],[21.21827405897075,49.20445931289296],[21.2182702866185,49.20445580118063],[21.218267042813288,49.20445206965566],[21.218264357150627,49.2044481523634],[21.218242829031507,49.20441225649778],[21.218242129311026,49.204411242143934],[21.21824088124253,49.204410486930094],[21.218101684047742,49.20433435319561],[21.218100139725887,49.20433360129241],[21.218098377479716,49.20433309534642],[21.217739160302955,49.20424545238139],[21.217735951894664,49.20424478511173],[21.21760406816036,49.204221959697506],[21.217602251236894,49.20422167965457],[21.21526037250895,49.20390449660743],[21.21525654732676,49.20390412443437],[21.21474448575471,49.20387351461374],[21.214741857266628,49.20387344271143],[21.214741201669717,49.20387342477755]],[[21.218877250679075,49.189401122332995],[21.218876209448116,49.18940116998408],[21.218793287828266,49.189405796879775],[21.21878639436759,49.18940595339142],[21.218779511777868,49.18940565534313],[21.218772709653987,49.18940490574865],[21.218766056777177,49.18940371218765],[21.218759620419554,49.18940208672915],[21.218753465663795,49.18940004580933],[21.218747654745076,49.18939761006541],[21.21874224642178,49.18939480412696],[21.218737295381317,49.18939165636688],[21.218732851687136,49.18938819861444],[21.218728960272554,49.18938446583345],[21.218725660486328,49.18938049576876],[21.218722985694825,49.18937632856454],[21.21872096294461,49.18937200635841],[21.21871961268898,49.18936757285525],[21.21871894858117,49.18936307288534],[21.218708726073153,49.18921793060151],[21.218708742688627,49.18921356025941],[21.218709406610916,49.18920921162281],[21.218710711566345,49.1892049257826],[21.21871264522401,49.1892007432365],[21.21871518931229,49.18919670350612],[21.218718319791527,49.18919284476346],[21.218722007081183,49.189189203470555],[21.218726216339334,49.18918581403446],[21.218730907791922,49.189182708482505],[21.218831642491136,49.1891222120205],[21.21883690990548,49.18911935184062],[21.218842585738475,49.189116849737275],[21.21884861354914,49.18911473059164],[21.218854933396447,49.18911301547662],[21.21886148243532,49.189111721447425],[21.21886819554163,49.18911086137205],[21.21887500595976,49.18911044380308],[21.218881845966415,49.18911047289288],[21.218888647544077,49.18911094835215],[21.218895343057355,49.18911186545292],[21.218901865925588,49.18911321507548],[21.218908151284875,49.18911498379906],[21.218914136633106,49.189117154035316],[21.218919762451485,49.189119704203335],[21.21892497279638,49.18912260894395],[21.218929715855648,49.189125839372295],[21.21893394446383,49.18912936336461],[21.21893761657119,49.18913314587816],[21.21894069566184,49.189137149299185],[21.218943151116896,49.18914133381741],[21.21894495851894,49.18914565782156],[21.218946099894836,49.18915007831339],[21.218982097921504,49.189349500577364],[21.218982556976886,49.18935380999841],[21.21898238290126,49.18935812840359],[21.2189815773016,49.18936241592399],[21.21898014761527,49.18936663297597],[21.218978107041455,49.18937074062632],[21.218975474419228,49.18937470095195],[21.21897227405362,49.189378477389894],[21.218968535491346,49.18938203507483],[21.218964293247886,49.1893853411611],[21.21895958648893,49.189388365125815],[21.218954458668698,49.189391079050736],[21.218948957128866,49.18939345788007],[21.218943132661394,49.18939547965165],[21.218937039039663,49.18939712569982],[21.218930732521983,49.18939838082778],[21.218924271332185,49.18939923344767],[21.218917715122124,49.18939967568783],[21.218877250679075,49.189401122332995]],[[21.214423390965763,49.21396948079827],[21.214422650198593,49.2139704998343],[21.214345406866485,49.214092553894474],[21.214342486845982,49.21409658884663],[21.21433897023649,49.2141004141317],[21.214334891729365,49.21410399201301],[21.21433029155916,49.21410728719471],[21.214325215106676,49.21411026716961],[21.21431971245126,49.2141129025401],[21.214313837876848,49.21411516730814],[21.21430764933636,49.21411703913167],[21.214301207880062,49.21411849954505],[21.21429457705323,49.21411953414121],[21.214287822269352,49.21412013271391],[21.214281010164715,49.21412028935803],[21.21427420794113,49.21412000252835],[21.214267482702912,49.21411927505446],[21.214260900794876,49.21411811411289],[21.214100365444303,49.2140841136898],[21.21409397678888,49.21408252642311],[21.214087860724785,49.21408053084608],[21.214082077877418,49.21407814673986],[21.21407668556916,49.214075397736906],[21.214071737251157,49.21407231108665],[21.214067281973485,49.21406891738559],[21.214063363898905,49.21406525027358],[21.214060021865176,49.21406134610093],[21.214057289,49.214057243567645],[21.214055192392696,49.214052983340004],[21.21405375282569,49.214048607647456],[21.21405298456848,49.214044159863896],[21.214052895236204,49.214039684077896],[21.21405348571419,49.21403522465556],[21.214054750149163,49.214030825800734],[21.214056676007274,49.214026531116964],[21.21405924419839,49.214022383175156],[21.214062429265216,49.21401842309153],[21.2140661996358,49.214014690120315],[21.21407051793637,49.214011221264464],[21.21407534136187,49.21400805090877],[21.21408062210023,49.21400521047924],[21.214257170059636,49.21391951921098],[21.214263416842464,49.21391681984956],[21.214270075122595,49.21391458211545],[21.21448779121134,49.21385098068696],[21.214619823442373,49.21381237331778],[21.214621358042688,49.213811861725276],[21.21462231742495,49.21381092501904],[21.214676201627903,49.21375204430258],[21.214676976273736,49.21375109717182],[21.214677251699953,49.21375021957326],[21.214677869661838,49.21374763453483],[21.214679551791086,49.21374337609927],[21.214681861083566,49.2137392457336],[21.214684775433724,49.21373528297517],[21.214688266944183,49.213731525756984],[21.214692302192812,49.21372801004454],[21.21469684255263,49.21372476949144],[21.21470184456159,49.213721835117504],[21.214703719529098,49.21372093494864],[21.21470538529883,49.21372004726466],[21.2147063255985,49.21371912673555],[21.21472473726613,49.213699006915476],[21.214728679818865,49.21369516253918],[21.214733205164244,49.21369160427942],[21.214738265278722,49.213688369896815],[21.214743806463794,49.21368549371489],[21.214749769915812,49.21368300625597],[21.214756092350026,49.21368093391724],[21.21476270667215,49.21367929869052],[21.21476954269039,49.213678117928986],[21.214776527860305,49.213677404162986],[21.21526730575139,49.21364410438904],[21.215272701171898,49.21364387855191],[21.215753346318355,49.213636191167886],[21.215757285735762,49.21363597883596],[21.21606997494744,49.213607159538775],[21.216076739305656,49.21360675844132],[21.21608353105544,49.21360679735204],[21.216090283671463,49.21360727588987],[21.21609693101172,49.21360818936752],[21.21610340796535,49.2136095288374],[21.21610965109044,49.21361128117944],[21.216115599235426,49.21361342922933],[21.216121194138022,49.21361595194698],[21.21612638099598,49.21361882462221],[21.2161311090038,49.21362201911708],[21.216135331850424,49.21362550414153],[21.216139008172835,49.21362924555955],[21.216142101961214,49.21363320672381],[21.216144582911642,49.21363734883465],[21.216146426722972,49.2136416313199],[21.216147615334844,49.21364601223241],[21.216148137104568,49.213650448661035],[21.216147986921204,49.213654897150704],[21.21614716625564,49.21365931412826],[21.21614568314616,49.21366365632913],[21.21614355211972,49.21366788122136],[21.21614079404969,49.21367194742179],[21.216137435951374,49.2136758151018],[21.216133510717402,49.21367944637726],[21.216129056795577,49.21368280567957],[21.216124117812225,49.21368586010409],[21.215785008055853,49.21387568962637],[21.215779516641327,49.213878461887106],[21.215773626303907,49.2138808570445],[21.215767397155023,49.21388285065581],[21.2152363799695,49.214031531322526],[21.215230147616683,49.21403304691703],[21.21522372066268,49.21403416035788],[21.215217159415705,49.2140348611969],[21.21521052544408,49.21403514285767],[21.215203880998608,49.214035002697194],[21.215197288428346,49.214034442030744],[21.21519080959558,49.214033466119304],[21.215184505295305,49.21403208412052],[21.21517843468476,49.214030309002595],[21.215162880709027,49.214025155174646],[21.21515678305515,49.214022870798814],[21.21515107378042,49.21402019005679],[21.21514581269672,49.21401714103281],[21.21514105492054,49.21401375566916],[21.21513685029555,49.21401006943199],[21.215133242870415,49.2140061209392],[21.21513027043735,49.21400195155636],[21.215127964136194,49.21399760496298],[21.215126348128205,49.213993126695115],[21.21512543934293,49.213988563668394],[21.215121812920778,49.21395837822645],[21.215121608663758,49.21395733488575],[21.215120003605193,49.21395736349065],[21.215105572971474,49.21395808537355],[21.21510390962546,49.21395822269322],[21.215102492816296,49.21395853227903],[21.21509601185407,49.21395972053904],[21.21508938439556,49.213960487221534],[21.215082674176248,49.213960824953475],[21.2150759457275,49.21396073048691],[21.21506926375603,49.213960204730306],[21.21506269252155,49.2139592527399],[21.215056295218844,49.213957883670695],[21.215050133369974,49.21395611068902],[21.215044266232685,49.21395395084534],[21.21503875023048,49.213951424910626],[21.215033638410006,49.21394855717649],[21.214930631502067,49.21388477601921],[21.21492934829171,49.213884058200506],[21.21492769514728,49.21388427971192],[21.2144250350402,49.213969143328235],[21.214423390965763,49.21396948079827]],[[21.213257786205734,49.207789190799296],[21.21325820075699,49.207788016373776],[21.213279907319233,49.20770675977497],[21.213281437877214,49.20770234969501],[21.213283636931017,49.207698062679775],[21.21328648222738,49.207693942111156],[21.213289944973518,49.207690029686866],[21.213293990128417,49.20768636499816],[21.213298576757506,49.20768298512948],[21.21330365844685,49.20767992428299],[21.213309183772832,49.20767721343246],[21.21331509682254,49.20767488001011],[21.213321337759577,49.20767294762867],[21.213327843429536,49.207671435842606],[21.21333454799912,49.207670359950306],[21.213341383622282,49.207669730839065],[21.21334828112686,49.207669554875054],[21.213355170714415,49.20766983383901],[21.213361982666694,49.20767056490795],[21.213368648051016,49.20767174068392],[21.213375099417895,49.20767334926881],[21.21338127148353,49.20767537438473],[21.21382183449306,49.20783857925654],[21.21382241107391,49.20783876885291],[21.21382267340071,49.20783885557467],[21.213823337007256,49.207839076123356],[21.21382336373309,49.20783907930508],[21.21382495378682,49.20783926860125],[21.213983323797525,49.20785298823494],[21.21399002622792,49.207853792452376],[21.213996573878514,49.20785502823437],[21.214002902186117,49.20785668339548],[21.21400894875032,49.20785874161495],[21.214014653948848,49.20786118259774],[21.214019961525427,49.207863982274404],[21.214024819144548,49.207867113038766],[21.21402917890744,49.20787054401978],[21.21403299782449,49.20787424138623],[21.214036238239032,49.20787816868014],[21.214038868198738,49.2078822871763],[21.21404086177065,49.20788655626414],[21.214042199296944,49.207890933848255],[21.214042867588713,49.207895376763254],[21.214042860056054,49.20789984119966],[21.214042176773084,49.2079042831357],[21.214040824477152,49.20790865877145],[21.214038816502452,49.207912924960844],[21.214036172648566,49.207917039636826],[21.214032918985186,49.20792096222648],[21.214029087595083,49.2079246540509],[21.214024716257782,49.207928078706686],[21.214019848076983,49.207931202424724],[21.214014531055554,49.20793399440356],[21.214008817622272,49.20793642711258],[21.214002764114735,49.207938476563974],[21.213996430223876,49.20794012254905],[21.213989878405414,49.2079413488373],[21.213983173263983,49.207942143337064],[21.213811132608317,49.20795679330137],[21.213810023959482,49.20795689979614],[21.213799565375602,49.20795801902528],[21.213799559793777,49.207958019716436],[21.213414555447258,49.20799924204384],[21.21339542110033,49.20800129035456],[21.213395418036068,49.2080012907336],[21.213317732990017,49.20800960913027],[21.213311091288954,49.20801010415877],[21.21330440758764,49.208010173430765],[21.21329774531215,49.208009816289014],[21.213244461950755,49.2080052392335],[21.213238144732696,49.208004498270476],[21.213185223032664,49.20799660152773],[21.21317881090544,49.20799542770469],[21.21317260257901,49.2079938522709],[21.213166656496323,49.20799189005692],[21.21316102863161,49.20798955953431],[21.213155771963535,49.20798688264176],[21.21315093597639,49.207983884578596],[21.213146566194325,49.20798059356747],[21.213142703752766,49.207977040588815],[21.213139385011218,49.20797325908897],[21.213136641210962,49.20796928466567],[21.213134498180956,49.207965154732555],[21.213132976094755,49.20796090816736],[21.213132089280528,49.207956584945606],[21.21313184608626,49.20795222576444],[21.21313224880112,49.20794787165961],[21.213133293633923,49.207943563618926],[21.213134970748865,49.20793934219662],[21.21313726435807,49.2079352471316],[21.213140152870274,49.2079313169731],[21.213256997082354,49.207790279710444],[21.213257786205734,49.207789190799296]],[[21.211600152159924,49.21319769312542],[21.211600820928982,49.21319321079144],[21.211602170865284,49.21318879478065],[21.211604188422402,49.21318448940672],[21.211606853354496,49.21318033787292],[21.211610138919482,49.21317638183879],[21.211614012147425,49.213172661002226],[21.211618434171385,49.21316921270079],[21.21162336061739,49.2131660715373],[21.211628742049776,49.21316326903241],[21.21163452446724,49.213160833308635],[21.211640649844707,49.213158788807746],[21.211647056715638,49.213157156045746],[21.211653680788796,49.213155951407025],[21.211660455593385,49.2131551869797],[21.211667313146094,49.213154870434714],[21.211674184633253,49.213155004948426],[21.211681001101347,49.213155589171045],[21.211687694148978,49.213156617240074],[21.211716956657657,49.21316213835036],[21.211733975688425,49.213165349623964],[21.211921461274482,49.213200720989306],[21.212013873285336,49.21321815616564],[21.212020340829053,49.213219608563215],[21.212026555682964,49.213221475347844],[21.212032456162934,49.2132237379912],[21.212037983705027,49.213226374035884],[21.212043083446787,49.21322935731843],[21.212047704771816,49.21323265822897],[21.212051801812034,49.21323624400502],[21.21205533390307,49.213240079056746],[21.212058265987768,49.21324412532009],[21.212060568964223,49.21324834263489],[21.21206221997455,49.21325268914296],[21.212063202631835,49.21325712170397],[21.21206350718272,49.21326159632346],[21.21206313060428,49.213266068589526],[21.212062076633984,49.21327049411352],[21.21206035573262,49.21327482897083],[21.212057984980515,49.21327903013673],[21.21205498790791,49.213283055913294],[21.21205139426155,49.21328686634342],[21.212047239709378,49.21329042360748],[21.212042565486477,49.213293692398466],[21.212037417985922,49.21329664027261],[21.21203184829819,49.21329923797133],[21.21202591170416,49.213301459711666],[21.212019667126366,49.213303283442016],[21.211908881469306,49.213331393520164],[21.211902451721993,49.21333279008892],[21.211895843133462,49.213333764579566],[21.21188912009179,49.213334307497654],[21.211882348100147,49.21333441355339],[21.211821584986513,49.2133333993147],[21.211815066602597,49.21333308655028],[21.21180862319659,49.21333236896747],[21.21180231321177,49.213331253075005],[21.211796193881227,49.213329748994255],[21.21179032070876,49.21332787036761],[21.211784746965446,49.21332563423461],[21.211779523206456,49.213323060877634],[21.21162457072479,49.213238869568094],[21.211619378498053,49.21323573972143],[21.211614704256203,49.2132322771527],[21.211610597409095,49.21322851846368],[21.21160710136874,49.213224503386186],[21.211604253090545,49.213220274362406],[21.211602082682557,49.21321587609596],[21.211600613087263,49.21321135507943],[21.21159985983909,49.21320675910307],[21.21159983090018,49.213202136749395],[21.211600152159924,49.21319769312542]],[[21.209895010710643,49.19217839810353],[21.20989501071595,49.19217839715962],[21.20989606017586,49.19215381284076],[21.209896586634557,49.19214937147925],[21.20989778112783,49.19214498606587],[21.209899631928437,49.19214069965502],[21.20990212086574,49.19213655432909],[21.20990522350411,49.19213259078521],[21.20990890938291,49.19212884793611],[21.209913142315454,49.19212536252756],[21.209917880744303,49.19212216877799],[21.209923078149316,49.192119298042435],[21.209928683504305,49.192116778504605],[21.20993464177799,49.192114634900406],[21.20994089447435,49.1921128882749],[21.20994738020682,49.192111555775746],[21.210043211422263,49.192095236351705],[21.21004989377388,49.19209432826576],[21.210056680726314,49.19209385984678],[21.21006350510654,49.19209383573106],[21.210070299371075,49.19209425615712],[21.210076996274537,49.19209511696395],[21.210083529535094,49.19209640963174],[21.210089834490606,49.19209812136653],[21.210095848738508,49.19210023522654],[21.21010151275346,49.19210273029022],[21.21010677047645,49.19210558186289],[21.21013536974855,49.192122733344775],[21.210225299897665,49.192176667137275],[21.210226466311116,49.19217730639627],[21.210227849249037,49.19217772056846],[21.210235318194044,49.192179698408694],[21.210334260019312,49.19220590152672],[21.210340897640812,49.19220793604265],[21.21034716627377,49.1922104229907],[21.210352994389613,49.19221333399343],[21.21035831548625,49.19221663583468],[21.210363068846956,49.192220290838605],[21.210369531660145,49.19222583473282],[21.21037337064716,49.19222948836428],[21.210376641562057,49.19223337217278],[21.210379312559127,49.19223744834569],[21.21038135763345,49.19224167719739],[21.210382756874036,49.1922460175559],[21.21038349665773,49.19225042716347],[21.21038356978184,49.19225486308828],[21.210382975534245,49.19225928214214],[21.210381719700358,49.19226364130116],[21.210379814506815,49.192267898124605],[21.21037727850242,49.192272011168],[21.21037413637756,49.19227594038669],[21.21037041872386,49.19227964752589],[21.210366161736296,49.192283096492794],[21.210361406860837,49.19228625370825],[21.21031111340623,49.19231650615893],[21.210299807809694,49.192323305611175],[21.210298638992253,49.19232408125966],[21.210298186573965,49.19232508345402],[21.210295926486854,49.19232930529418],[21.210293037344385,49.192333359002035],[21.21028954775875,49.1923372044321],[21.21028549228861,49.19234080350155],[21.21028091109679,49.19234412056731],[21.21027584955262,49.19234712277915],[21.210270357782566,49.19234978040494],[21.210264490173817,49.19235206712507],[21.21025830483569,49.19235396029326],[21.21025186302412,49.19235544116065],[21.21024522853502,49.19235649506165],[21.210238467072493,49.192357111558955],[21.210231645598114,49.19235728454717],[21.210224831667787,49.192357012313124],[21.2101804054735,49.1923537769372],[21.210074786544865,49.192346083418315],[21.20988820637905,49.19233249308542],[21.20988378751792,49.1923320754095],[21.20987980479309,49.192331611792426],[21.209871224850573,49.19233023442338],[21.209860635943695,49.19232805228936],[21.209854358159188,49.19232653436132],[21.209848335889063,49.192324622785655],[21.209842626435375,49.19232233575093],[21.209837284123743,49.19231969501855],[21.20983235978636,49.19231672571501],[21.209827900278377,49.19231345609341],[21.209823948032028,49.19230991726424],[21.20982054065296,49.19230614289959],[21.2098177105623,49.19230216891264],[21.209815484688313,49.192298033115875],[21.209813884210085,49.192293774861604],[21.209812924356008,49.192289434667074],[21.209812614258972,49.192285053829394],[21.209812956869364,49.19228067403226],[21.209813948927074,49.19227633694949],[21.209815580992526,49.19227208384846],[21.209817837536406,49.192267955197394],[21.209820697087565,49.19226399028048],[21.20982413243723,49.19226022682393],[21.209828110897934,49.192256700636975],[21.209892898645975,49.192204779941086],[21.209893844851496,49.19220394449313],[21.2098939637343,49.19220290695502],[21.209895010710643,49.19217839810353]],[[21.20789818007967,49.19689021291907],[21.20789182347488,49.1968913502063],[21.207885329700964,49.196892082600094],[21.207878758663604,49.19689240334411],[21.207872170981254,49.196892309479445],[21.20786562742588,49.196891801871956],[21.207859188362438,49.196890885204446],[21.207852913191857,49.19688956793318],[21.207846859803187,49.196887862210204],[21.20771582374667,49.196845943484334],[21.20771000099326,49.1968438461285],[21.207704515144176,49.1968413894719],[21.20769941765654,49.19683859655788],[21.207694756344612,49.196835493584],[21.207690574931302,49.19683210965601],[21.207686912638067,49.19682847651503],[21.207683803817027,49.196824628239945],[21.207681277628684,49.19682060092742],[21.20767935776847,49.1968164323535],[21.207678062244465,49.196812161619285],[21.207677403208475,49.19680782878414],[21.207677386842075,49.19680347448985],[21.2076780132986,49.196799139579525],[21.207679276701754,49.1967948647145],[21.207681165200718,49.19679068999273],[21.2076836610813,49.196786654572996],[21.207686740932118,49.19678279630732],[21.207690375864207,49.19677915138603],[21.207694531781982,49.19677575399823],[21.207699169703048,49.19677263601129],[21.20770424612389,49.19676982667174],[21.207709713427924,49.196767352331044],[21.2077155203321,49.19676523619837],[21.207721612367983,49.19676349812288],[21.20772793239263,49.196762154407615],[21.207855560615883,49.19673943144545],[21.207857055074513,49.19673911645174],[21.20785849917505,49.1967387129979],[21.20807386162121,49.19667073021399],[21.208077600591373,49.19666935481612],[21.20811984416758,49.19665144996333],[21.208121131379635,49.19665084395476],[21.208120093820853,49.19665005877358],[21.208083971425154,49.19662528001867],[21.208079995664622,49.196622300569075],[21.20807643516482,49.196619103511615],[21.208073317520345,49.19661571362413],[21.208070666893548,49.19661215717908],[21.20793452243591,49.196407053043856],[21.207932125705202,49.19640289044939],[21.207930368494427,49.19639859299389],[21.207929268011263,49.1963942027611],[21.207928835032227,49.196389762743244],[21.20792907379719,49.196385316420084],[21.20792998196781,49.196380907333044],[21.20793155065049,49.19637657865907],[21.207933764483418,49.196372372787415],[21.207936601787086,49.19636833090491],[21.207940034776502,49.196364492592394],[21.207944029833392,49.196360895437294],[21.2079485478353,49.19635757466537],[21.207953544538793,49.19635456279586],[21.2079589710127,49.19635188932311],[21.207964774117265,49.196349580427466],[21.208143827872508,49.19628606312422],[21.208145076353244,49.1962855741784],[21.20814617629582,49.19628495584677],[21.2085561311889,49.19603406620943],[21.208557406003376,49.19603319726245],[21.208558530922105,49.1960322435539],[21.208676442333715,49.1959203084259],[21.20867724484555,49.195919508991544],[21.208677293829286,49.19591945460531],[21.20867729958886,49.195918531811955],[21.208677305863702,49.19591835427896],[21.20866980747922,49.19572576911023],[21.208669677589857,49.1957243061433],[21.20866608981023,49.19569846206424],[21.208665809518493,49.19569405585506],[21.208666189273938,49.19568965284668],[21.208667225422488,49.19568529540301],[21.208668907994618,49.19568102544959],[21.20867122080115,49.195676884070174],[21.20867414158908,49.19567291111128],[21.20867764225567,49.19566914479911],[21.208681689118873,49.19566562137152],[21.20868624324138,49.19566237472943],[21.208691260805274,49.195659436110596],[21.208696693533653,49.1956568337892],[21.208702489155083,49.195654592803685],[21.208708591906543,49.19565273471572],[21.20871494307,49.19565127740312],[21.2087214815373,49.19565023488753],[21.208728144398133,49.19564961719949],[21.208734867545363,49.195649430282174],[21.208741586291808,49.19564967593408],[21.208748235992623,49.19565035179154],[21.208754752667282,49.19565145135183],[21.20876107361516,49.19565296403543],[21.20876713801885,49.19565487528793],[21.20877288752924,49.195657166720146],[21.208778266826975,49.19565981628481],[21.208783224154732,49.19566279848909],[21.20878771181515,49.19566608463941],[21.20904736422325,49.1958760958178],[21.209051556491772,49.19587987179136],[21.209055128509902,49.19588391237564],[21.209058041742228,49.195888173980485],[21.20906026476034,49.195892610631276],[21.209061773581947,49.19589717446499],[21.209062551929524,49.1959018162466],[21.209062591405967,49.19590648589998],[21.209061891585208,49.195911133048554],[21.209042965193667,49.19599301975093],[21.209041615326015,49.19599738616713],[21.209039612673276,49.19600164359171],[21.209036976900094,49.19600575021947],[21.20903373388795,49.19600966572595],[21.20902991548106,49.19601335166329],[21.20902555917367,49.196016771837925],[21.209020707741896,49.19601989266577],[21.209015408823728,49.196022683502356],[21.209009714451163,49.19602511694328],[21.209003680539414,49.19602716909377],[21.208997366337723,49.196028819802855],[21.20899083384765,49.19603005286165],[21.208940601621226,49.19603779094729],[21.208939080149722,49.19603807878501],[21.20894012069695,49.19603886111425],[21.209181373561584,49.19620285969303],[21.20918571465616,49.196206109589184],[21.20918955985919,49.196209617484406],[21.20919287368195,49.196213351003195],[21.209195625540026,49.19621727568787],[21.20919779003551,49.19622135531607],[21.20919934719144,49.19622555223572],[21.20920028263615,49.19622982771206],[21.209200587735992,49.19623414228535],[21.20920025967491,49.19623845613501],[21.209199301480545,49.19624272944704],[21.209197721996212,49.196246922781704],[21.209195535799367,49.19625099743734],[21.20919276306698,49.19625491580747],[21.20918942938943,49.19625864172825],[21.20918556553421,49.19626214081177],[21.20918120716207,49.19626538076394],[21.209176394497824,49.196268331682],[21.209171171959138,49.19627096633099],[21.209133789537024,49.196288015589424],[21.20913246552821,49.196288687110304],[21.20913296563743,49.196289734205045],[21.20924884703923,49.1964952294615],[21.20925085781664,49.1964994122056],[21.209252237209235,49.19650370343523],[21.20925297209268,49.196508062321726],[21.209253055474807,49.19651244739278],[21.20925248656212,49.19651681692686],[21.20925127076734,49.19652112935014],[21.209249419657905,49.19652534363245],[21.209246950845955,49.196529419677184],[21.209243887820747,49.196533318702926],[21.209240259725156,49.19653700361259],[21.209236101078435,49.196540439346265],[21.209231451447756,49.19654359321486],[21.209226355071753,49.19654643521095],[21.209220860439665,49.1965489382945],[21.209215019829898,49.196551078649954],[21.209201177123283,49.19655558543716],[21.208700097994733,49.19671871672534],[21.208690802589853,49.19672120519801],[21.20805631700898,49.19685649462885],[21.20789818007967,49.19689021291907]],[[21.203436319359437,49.223583195298986],[21.203167538209833,49.223313854423466],[21.203164108125744,49.22331001491454],[21.203161274142808,49.22330597217206],[21.203159064006947,49.223301765776405],[21.203157499356312,49.223297436910315],[21.20315659550941,49.22329302795541],[21.20315636131517,49.22328858207751],[21.203156799066278,49.22328414280384],[21.203157904476768,49.22327975359708],[21.203159666723995,49.22327545742955],[21.203162068554537,49.2232712963628],[21.20316508645321,49.22326731113564],[21.20316869087324,49.22326354076525],[21.203172846525547,49.22326002216527],[21.203177512724267,49.223256789784536],[21.203182643785098,49.223253875269435],[21.203188189472513,49.22325130715444],[21.203194095491668,49.22324911058258],[21.203200304019887,49.22324730705925],[21.203206754272856,49.22324591424182],[21.203213383099662,49.22324494576654],[21.20322012560109,49.22324441111525],[21.20322691576501,49.223244315522464],[21.203233687112657,49.22324465992401],[21.20324037334948,49.22324544094807],[21.203246909014208,49.22324665094808],[21.203253230119707,49.22324827807758],[21.20325927477949,49.22325030640622],[21.20326498381355,49.223252716075784],[21.2032703013278,49.22325548349447],[21.203582171740866,49.223434973460655],[21.20358217191007,49.223434973553275],[21.203961149921305,49.22365308148807],[21.203962632690338,49.22365388765903],[21.204485151003947,49.22392210621836],[21.20449085085035,49.22392538044048],[21.20449596463973,49.22392904640396],[21.204500429988002,49.22393305938708],[21.2045917938726,49.22402549184337],[21.20459475690075,49.22402878907361],[21.20459728118754,49.224032239370565],[21.204740976026628,49.224252204076734],[21.204741825324685,49.22425332609867],[21.204742860633726,49.224254378973576],[21.204930044366712,49.22442318744526],[21.20493328415015,49.224425699364616],[21.205176271725055,49.2245882755384],[21.20518120048429,49.22459195401497],[21.205185489574312,49.22459596159213],[21.205294899984043,49.22471104605173],[21.205295976131506,49.22471221732216],[21.2053918243369,49.22482022081512],[21.205391824384783,49.224820220866114],[21.20580239262268,49.22528284894534],[21.205802394646643,49.225282851113136],[21.206107758860853,49.225626886493515],[21.20641253559364,49.225970252579245],[21.206413799313324,49.225971740437224],[21.206712348530885,49.226339460309795],[21.206713469634828,49.2263409032393],[21.206750423454647,49.226390661774566],[21.206753073416085,49.22639472666123],[21.206755101153878,49.22639894232476],[21.206756487069924,49.22640326802103],[21.206757217769262,49.22640766194244],[21.206757286189543,49.22641208162192],[21.206756691669312,49.2264164843436],[21.20675543995441,49.22642082755528],[21.206753543142423,49.22642506928013],[21.206751019565797,49.226429168522074],[21.20674789361463,49.226433085661995],[21.206744195501,49.226436782841034],[21.206739960966903,49.22644022432606],[21.206735230938826,49.226443376855215],[21.20673005113225,49.22644620995942],[21.206724471609785,49.22644869625683],[21.206718546297243,49.226450811717505],[21.206712332462594,49.22645253589551],[21.206705890162308,49.22645385212676],[21.206699281661045,49.22645474768988],[21.206692570829762,49.226455213929306],[21.206685822528474,49.22645524633888],[21.206679101979315,49.22645484460528],[21.206672474136226,49.22645401261128],[21.20666600305712,49.22645275839814],[21.206659751284764,49.22645109408773],[21.20665377924235,49.22644903576555],[21.206648144649456,49.22644660332525],[21.20664290196418,49.2264438202763],[21.20663810185684,49.22644071351681],[21.206633790720222,49.22643731307336],[21.206630010221204,49.22643365181128],[21.206615980951696,49.226418510968614],[21.206583772017538,49.22638374936524],[21.206583771318506,49.22638374865289],[21.206532630238723,49.22632855672561],[21.20653113622134,49.22632686229652],[21.206275373642207,49.22602163869278],[21.206274875605814,49.22602106450087],[21.20606441308852,49.22578650921213],[21.20548526772721,49.22514105148368],[21.205485266959172,49.225141050679234],[21.2051563386261,49.22477447006534],[21.205155246282853,49.22477339895093],[21.20515397328726,49.224772417125074],[21.204788530676563,49.22452139154167],[21.20478758403956,49.22452076627847],[21.204502918081236,49.22433996547223],[21.20444272036457,49.22430172986437],[21.204441727603438,49.2243010863285],[21.204405102984115,49.22427685713331],[21.204180170614592,49.224128014478694],[21.20405375886545,49.22404429786953],[21.204052776018283,49.22404369618749],[21.204051724102282,49.224043146887546],[21.203929071202474,49.223984106261106],[21.203923897792826,49.22398135286168],[21.20391915654452,49.223978283764396],[21.20391489217298,49.22397492791429],[21.203911144896082,49.223971316960956],[21.203907950054926,49.22396748495995],[21.20390533778041,49.22396346805142],[21.20390333270919,49.223959304119546],[21.203901953751238,49.22395503243494],[21.20390121391156,49.22395069328456],[21.203901120167554,49.2239463275916],[21.203901673403138,49.223941976529545],[21.20390286840051,49.22393768113389],[21.203904693889314,49.2239334819152],[21.203907132652947,49.223929418476835],[21.203910161690942,49.223925529141646],[21.203913752435888,49.2239218505905],[21.203947968939303,49.223890286877364],[21.203948843723918,49.223889390616385],[21.203948205950596,49.223888412312725],[21.20383668149666,49.22373803073891],[21.203835931368655,49.22373712848268],[21.203834500151615,49.22373670812766],[21.203524972316817,49.223656890749275],[21.203518550774305,49.223654979736146],[21.20351246254525,49.22365264718699],[21.203506771914714,49.22364991773097],[21.20350153896957,49.223646820188264],[21.203496818963956,49.223643387265525],[21.20349266173593,49.22363965521077],[21.20347321544524,49.2236201684113],[21.203436319359437,49.223583195298986]],[[21.207504840784836,49.201871429471026],[21.20750484185312,49.20187142922794],[21.207507850482695,49.20187079894845],[21.207514416526383,49.201869654849446],[21.207521123060644,49.20186894189999],[21.207527904321374,49.20186866709121],[21.207534693811745,49.20186883311799],[21.207541424954215,49.20186943835218],[21.207548031743407,49.20187047685892],[21.207554449393307,49.20187193845459],[21.207560614972625,49.20187380880687],[21.20756646802182,49.201876069575135],[21.207571951146,49.20187869859035],[21.20757701057773,49.2018816700724],[21.207581596704248,49.201884954883084],[21.207585664554006,49.20188852081156],[21.2075881126485,49.201891179834554],[21.207588685638783,49.201891741047824],[21.207590182213185,49.20189215936304],[21.207774417724725,49.20193691642831],[21.207776122669554,49.201937265398115],[21.207777873877976,49.20193749588407],[21.20790996604261,49.20195021907962],[21.207915665666775,49.20195093055278],[21.207921253175478,49.20195195503559],[21.207926688610844,49.20195328520177],[21.208088384854577,49.20199804710414],[21.208094662925696,49.2020000371711],[21.208100600264515,49.202002434574744],[21.208106135526844,49.20200521454527],[21.20811121152268,49.202008348360266],[21.20811577580708,49.202011803641284],[21.20811978122207,49.202015544688685],[21.20812318638382,49.20201953285011],[21.20812595611027,49.20202372692022],[21.2081280617846,49.20202808356608],[21.20816633410056,49.20212394874371],[21.20816770411815,49.20212821593053],[21.208168436826405,49.20213255001553],[21.20816852533249,49.20213691022745],[21.208167968803625,49.202141255549186],[21.208166772475003,49.20214554510385],[21.20816494760046,49.20214973853902],[21.208162511346675,49.20215379640655],[21.208159486631654,49.20215768053347],[21.208155901909162,49.202161354381396],[21.20815179090104,49.20216478338983],[21.208147192280002,49.202167935301766],[21.208142149305832,49.202170780466645],[21.208136709418397,49.2021732921196],[21.208130923791444,49.20217544663319],[21.208124846851153,49.202177223739575],[21.208118535764125,49.20217860672129],[21.20811204989968,49.2021795825684],[21.208105450271262,49.20218014210098],[21.208098798962524,49.202180280055394],[21.208092158543312,49.20217999513396],[21.208085591481012,49.20217929001695],[21.208079159552927,49.2021781713374],[21.20807292326513,49.20217664961906],[21.207642471844903,49.20205573301275],[21.207642504386317,49.20205568327164],[21.20764250438611,49.20205568327159],[21.207642471844903,49.20205573301275],[21.2073768166797,49.20198110820623],[21.207370831200326,49.20197919646527],[21.207365156712566,49.201976913535994],[21.207359846661795,49.201974280920275],[21.20735495106093,49.20197132341357],[21.207350516019318,49.201968068871196],[21.207346583308503,49.20196454794628],[21.20734318996877,49.20196079380083],[21.207340367960313,49.20195684179332],[21.207338143862167,49.201952729145916],[21.20733653862194,49.20194849459373],[21.207335567358488,49.201944178020085],[21.207335239219496,49.20193982008066],[21.20733555729541,49.2019354618209],[21.20733651859024,49.20193114428911],[21.207338114049858,49.20192690815017],[21.20734032864722,49.201922793302145],[21.20734314152396,49.20191883850087],[21.20734652618682,49.20191508099472],[21.20735045075718,49.20191155617372],[21.207354878271314,49.201908297236535],[21.207359767028535,49.20190533487741],[21.207365070983993,49.20190269699745],[21.20737074018226,49.20190040844148],[21.20737672122793,49.20189849076428],[21.20738295778846,49.20189696202753],[21.207504840784836,49.201871429471026]],[[21.205814143343723,49.22649562111918],[21.205814147597955,49.226495596579014],[21.205813551901652,49.22649459490679],[21.205730603781046,49.22637289905408],[21.20572817116658,49.22636880311717],[21.205726360781792,49.22636457119078],[21.20572518992635,49.22636024371463],[21.20572466978863,49.226355862041565],[21.20572480533885,49.22635146804238],[21.20572559528151,49.22634710370555],[21.205739579355573,49.22629273492472],[21.20574098749503,49.226288511390734],[21.205743008483324,49.22628439596078],[21.20574562363425,49.22628042668615],[21.205748808767943,49.226276640266846],[21.20575253443451,49.22627307171206],[21.205756766186312,49.22626975401668],[21.205761464896465,49.22626671785616],[21.205766587120618,49.22626399130283],[21.205772085498605,49.2262615995664],[21.205777909192403,49.2262595647609],[21.205784004356104,49.226257905700066],[21.205790314633834,49.22625663772355],[21.20579678168078,49.226255772555156],[21.205803345702666,49.226255318194184],[21.205809946008575,49.226255278841606],[21.205816521572117,49.22625565486135],[21.20582301159567,49.22625644277665],[21.205829356072517,49.226257635302545],[21.20583549634163,49.226259221412896],[21.20584137563011,49.22626118644256],[21.205846939578016,49.22626351222277],[21.205852136741072,49.22626617724953],[21.205856919066235,49.2262691568819],[21.20586124233606,49.2262724235702],[21.20605267389104,49.226431964139714],[21.206053852860496,49.22643284703154],[21.20605528706371,49.22643354945317],[21.206211268282132,49.22650188527249],[21.206216559938294,49.22650445244887],[21.206221451655505,49.22650733990764],[21.20622589841526,49.22651052107547],[21.20622985929396,49.226513966676116],[21.206233297839578,49.22651764499973],[21.206236182407057,49.22652152219473],[21.206238486449603,49.22652556257931],[21.206240188762955,49.22652972896971],[21.206241273680583,49.22653398302275],[21.20624173121781,49.22653828558824],[21.20624155716377,49.22654259706972],[21.206240753120124,49.22654687778857],[21.206239326486322,49.22655108834925],[21.206237290391552,49.226555190001946],[21.20623466357387,49.226559144999044],[21.206231470207804,49.22656291694262],[21.206227739681847,49.22656647111947],[21.206223506328,49.226569774820355],[21.206218809105835,49.2265727976412],[21.20621369124394,49.22657551176305],[21.206208199842056,49.2265778922076],[21.2062023854377,49.22657991706766],[21.206042007365536,49.22662945925165],[21.206035813944837,49.22663113557069],[21.20602940046649,49.22663240837192],[21.206022828055076,49.22663326552479],[21.206016159349925,49.226633698860006],[21.206009457908117,49.22663370424767],[21.20600278759874,49.22663328163644],[21.205996211994144,49.22663243505396],[21.20598979376409,49.226631172568844],[21.205983594078468,49.22662950621329],[21.20597767202424,49.22662745186875],[21.205972084042372,49.226625029114594],[21.205966883389873,49.226622261040994],[21.20596211963224,49.226619174029686],[21.205957838171027,49.2266157975017],[21.205954079811214,49.22661216363757],[21.205950880372246,49.226608307070386],[21.205906625562246,49.22654813408093],[21.20590584450464,49.226547194085164],[21.205904247940204,49.22654742181626],[21.205899208174127,49.22654831380522],[21.205892681351582,49.22654924841279],[21.20588604672071,49.2265497630396],[21.205879367128755,49.226549852810905],[21.20587270584885,49.226549516876304],[21.205866125980673,49.226548758417934],[21.205859689852673,49.226547584620384],[21.205853458431772,49.22654600660263],[21.20584749074569,49.22654403931252],[21.20584184332393,49.22654170138545],[21.205836569662196,49.226539014967656],[21.205831719715718,49.22653600550651],[21.20582733942601,49.226532701509406],[21.205823470285683,49.22652913427382],[21.205820148945424,49.22652533759066],[21.20581740686681,49.226521347424416],[21.20581527002428,49.22651720157226],[21.205813758659104,49.22651293930612],[21.20581288708768,49.22650860100072],[21.205812663565847,49.22650422775101],[21.205813090210782,49.2264998609829],[21.205814143343723,49.22649562111918]],[[21.205604973962362,49.201428708437405],[21.205607648787954,49.20142476416414],[21.205610888479065,49.20142100614274],[21.205614663177084,49.2014174690089],[21.205618938092517,49.201414185362424],[21.20562367382569,49.20141118546701],[21.205628826729814,49.20140849697097],[21.2056343493133,49.20140614465279],[21.20564019067745,49.201404150192495],[21.205646296985538,49.20140253197195],[21.205652611959042,49.20140130490537],[21.20565907739627,49.201400480302006],[21.205665633708815,49.201400065761746],[21.205672220470735,49.20140006510523],[21.205678776975432,49.20140047833845],[21.205685242795184,49.20140130165292],[21.205691558338057,49.201402527460495],[21.20589659306159,49.20144944775476],[21.205902954944534,49.20145114214849],[21.205909026474433,49.20145324479376],[21.205914746825396,49.20145573462584],[21.205920058689756,49.201458586701115],[21.205924908852086,49.20146177244689],[21.205929248722363,49.20146525994768],[21.205933034822742,49.20146901426502],[21.205936229223163,49.20147299778738],[21.20593879992128,49.20147717060686],[21.205940721163135,49.20148149091936],[21.205941973701137,49.201485915443044],[21.205942544986904,49.20149039985205],[21.205942429296993,49.20149489922054],[21.205941627790214,49.20149936847279],[21.20594014849608,49.20150376283492],[21.205938006234305,49.20150803828315],[21.205915873723782,49.20154573046432],[21.205913210693144,49.20154968665141],[21.205909980002097,49.20155345690718],[21.205906211533364,49.20155700635804],[21.20590194014395,49.201560302172645],[21.205897205342758,49.201563313865876],[21.20589205092508,49.201566013580425],[21.2058865245676,49.20156837634486],[21.205880677387313,49.20157038030429],[21.205874563468782,49.2015720069228],[21.205868239363788,49.20157324115461],[21.205861763568315,49.201574071583515],[21.20585519598144,49.20157449052828],[21.2058485973513,49.2015744941138],[21.205842028713146,49.201574082306934],[21.205835550824837,49.20157325891673],[21.205829223604812,49.20157203155932],[21.205624017870377,49.201525082622624],[21.205617644515065,49.20152338505534],[21.205611562639625,49.20152127777713],[21.205605833394774,49.201518781975906],[21.205600514385633,49.20151592274584],[21.20559565909256,49.201512728835276],[21.205591316333386,49.201509232357715],[21.20558752977263,49.20150546846874],[21.20558433748241,49.20150147501261],[21.205581771559746,49.20149729214192],[21.20557985780371,49.20149296191364],[21.205578615456112,49.20148852786622],[21.205578057008058,49.20148403458227],[21.205578188074316,49.201479527239655],[21.205579007336887,49.20147505115785],[21.205580506558256,49.20147065134185],[21.205582670664256,49.201466372029834],[21.205604973962362,49.201428708437405]],[[21.206916136437908,49.18349414179177],[21.20704283181956,49.183537998959956],[21.20704871242788,49.183540287345444],[21.20705421615276,49.18354294824659],[21.20705928827524,49.18354595520817],[21.207063878367414,49.18354927833458],[21.20706794079374,49.183552884586724],[21.20707143516484,49.18355673811066],[21.207074326738944,49.183560800594066],[21.207076586767414,49.18356503164701],[21.207078192780493,49.183569389203704],[21.207079128810776,49.18357382994057],[21.207079385551882,49.183578309707],[21.20707896045108,49.183582783964425],[21.207077857734618,49.18358720822894],[21.207076088365724,49.18359153851371],[21.206900259733423,49.183949404452036],[21.206897836158877,49.183953605381234],[21.206894785278582,49.183957626842606],[21.206891137538182,49.18396142870452],[21.206886929339642,49.18396497302694],[21.20688220267793,49.18396822443984],[21.206877004721978,49.183971150496085],[21.206871387343963,49.183973721995706],[21.206865406601647,49.183975913276676],[21.20685912217896,49.183977702471445],[21.20685259679038,49.183979071724984],[21.20684589555511,49.18398000737305],[21.20683908534716,49.18398050007843],[21.20683223412809,49.183980544924296],[21.20682541026868,49.18398014146307],[21.206818681866714,49.183979293721045],[21.2068121160673,49.18397801015812],[21.206805778392937,49.18397630358351],[21.206799732089532,49.18397419102762],[21.206794037495257,49.18397169357251],[21.206788751438474,49.18396883614116],[21.206783926670514,49.1839656472488],[21.206779611339392,49.18396215871864],[21.206775848509196,49.183958405363875],[21.20677267573038,49.18395442464054],[21.206770124665084,49.1839502562737],[21.206768220771103,49.18394594186092],[21.206766983047874,49.18394152445716],[21.206677535940138,49.18349880997219],[21.206676980991197,49.183494418650426],[21.206677084469476,49.1834900128086],[21.20667784538084,49.1834856347669],[21.206679256416226,49.18348132657861],[21.20668130402179,49.18347712962576],[21.206683968529177,49.18347308422215],[21.206687224344403,49.183469229225686],[21.20669104019373,49.18346560166543],[21.206695379424037,49.18346223638582],[21.20670020035492,49.18345916571187],[21.206705456679064,49.18345641913875],[21.20671109790701,49.18345402304867],[21.206717069852136,49.18345200045706],[21.206723315151198,49.183450370791896],[21.20672977381522,49.183449149706796],[21.20673638380584,49.183448348930874],[21.206743081631082,49.18344797615594],[21.20674980295534,49.18344803496261],[21.206756483217276,49.183448524786115],[21.206763058249948,49.183449440921414],[21.206769464897206,49.18345077456863],[21.206837878249946,49.183467476391705],[21.20684596856116,49.18346985224961],[21.206916136437908,49.18349414179177]],[[21.20134720517805,49.22461454929219],[21.201346985165863,49.224613449889375],[21.201314105411015,49.22449600183417],[21.201313216345127,49.224491622511884],[21.2013129878027,49.2244872071809],[21.201313421990378,49.224482798475634],[21.20131451471546,49.22447843896666],[21.201316255426413,49.22447417074945],[21.20131862731477,49.224470035037925],[21.20132160747739,49.22446607176647],[21.201325167137682,49.22446231920456],[21.201329271923452,49.22445881358689],[21.201333882198774,49.22445558876367],[21.20133895344675,49.22445267587377],[21.20134443669937,49.224450103044106],[21.201350279010327,49.22444789511785],[21.201356423966285,49.22444607341478],[21.20136281223155,49.2244446555252],[21.201369382121108,49.22444365514018],[21.201376070196147,49.22444308191951],[21.201382811876712,49.22444294139817],[21.20138954206521,49.224443234933084],[21.201396195775015,49.22444395968979],[21.201402708757982,49.22444510867012],[21.20140901812481,49.22444667077949],[21.201415062952293,49.224448630934226],[21.20142078487161,49.22445097020707],[21.20152674174179,49.22449918232205],[21.201527970969686,49.22449969232823],[21.201529261874345,49.22450013213131],[21.201787717553778,49.224579236102514],[21.20178895529434,49.22457959561773],[21.201868190657226,49.22460139561191],[21.201869665490168,49.22460175015797],[21.201871207952298,49.22460192121964],[21.2019774871901,49.22461047077159],[21.201985228562137,49.224611391071],[21.201992758291855,49.224612885544346],[21.202154471193683,49.22465173763988],[21.202229623622422,49.22466979276102],[21.202231260589524,49.22467012596371],[21.202232966169852,49.224670238385684],[21.20245404477529,49.22467749085633],[21.20245514534158,49.22467751537312],[21.202519790429587,49.22467827562207],[21.202526512759967,49.22467857128036],[21.202533158454997,49.22467929715693],[21.202739047383883,49.224708651777895],[21.20274045539731,49.224708812541],[21.202741878975473,49.22470889583552],[21.202886911629648,49.22471339700947],[21.20288847025203,49.22471339864949],[21.20288997122049,49.224713123558494],[21.202987040490733,49.22469215430876],[21.202993391086352,49.2246910006204],[21.20299988133247,49.2246902511391],[21.203006451402437,49.224689912773606],[21.203013040733808,49.22468998864294],[21.20301958858659,49.22469047804768],[21.20302603460312,49.22469137647658],[21.20303231936447,49.22469267564796],[21.20303838493812,49.22469436358617],[21.20304417541199,49.22469642473184],[21.203049637409844,49.22469884008554],[21.203054720583314,49.22470158738272],[21.203059378075945,49.22470464129893],[21.203063566955187,49.224707973683344],[21.203067248608104,49.224711553818196],[21.203070389097338,49.224715348702176],[21.20307295947389,49.2247193233541],[21.203074936044064,49.224723441135964],[21.203076300587757,49.224727664090075],[21.203077040526537,49.224731953289655],[21.203077227573438,49.22473385034314],[21.203077353331913,49.22473480733298],[21.203080926633042,49.22475655024265],[21.203081179770525,49.2247576015272],[21.20308278983784,49.22475774511832],[21.203274245190855,49.22476857319571],[21.203276053537156,49.224768691283316],[21.203590000641597,49.22479194496748],[21.203596767846378,49.2247926719883],[21.203603390524982,49.22479383763365],[21.203609802578008,49.22479543026963],[21.203615940008262,49.2247974340004],[21.20362174155947,49.22479982882724],[21.20362714932766,49.22480259084798],[21.203632109339086,49.224805692495444],[21.203636572088946,49.22480910281291],[21.20364049303545,49.22481278776272],[21.203643833044396,49.22481671056626],[21.20364655877978,49.224820832070904],[21.203648643036477,49.224825111140774],[21.203650065011832,49.22482950506745],[21.20365081051324,49.22483396999619],[21.20365087209981,49.22483846136341],[21.203650249156702,49.224842934341744],[21.203648947901193,49.224847344287376],[21.203646981320656,49.22485164718551],[21.203644369042973,49.22485580008983],[21.203641137140593,49.224859761551],[21.203541378734293,49.22496858512032],[21.20353768684596,49.22497220331763],[21.203533478154558,49.224975570779044],[21.20352879209335,49.224978655952995],[21.20352367256838,49.224981429933],[21.203518167547017,49.22498386672819],[21.203512328608614,49.22498594350698],[21.203506210461157,49.22498764081097],[21.203499870428708,49.22498894273719],[21.203493367914287,49.22498983708725],[21.203215061775122,49.225018985687285],[21.203207391780886,49.22501950177119],[21.203199681805305,49.225019451208446],[21.20280256084915,49.22500220526862],[21.202793199446972,49.22500137195514],[21.202369002947716,49.22494390713798],[21.202363260901098,49.224942958414154],[21.202357665072352,49.22494168906576],[21.202352257110558,49.22494010854047],[21.202204748663544,49.22489189750002],[21.2022047482775,49.224891897381674],[21.20184660772921,49.22477484491644],[21.201845265106353,49.224774452314485],[21.201843844910098,49.22477421700818],[21.201590273395585,49.22473966155614],[21.20159027252617,49.2247396614521],[21.201507526905743,49.22472838587338],[21.20134487621623,49.224706220562254],[21.20133847617882,49.224705135408364],[21.201332265207352,49.2247036520343],[21.201326300913863,49.22470178419958],[21.20132063862226,49.22469954923008],[21.201315330855095,49.2246969678569],[21.201310426846412,49.22469406402468],[21.201305972084956,49.22469086466877],[21.201302007892377,49.22468739946597],[21.201298571039793,49.224683700558984],[21.201295693406838,49.2246798022583],[21.201293401685827,49.224675740723946],[21.201291717134275,49.2246715536301],[21.20129065537765,49.22466727981557],[21.20129022626449,49.22466295892357],[21.201290433774997,49.2246586310339],[21.20129127598418,49.22465433629151],[21.201292745079698,49.22465011453355],[21.201294827434307,49.224646004920444],[21.201297503732295,49.22464204557214],[21.201300749148672,49.22463827321495],[21.201304533579382,49.22463472284052],[21.20130882192063,49.22463142738153],[21.20131357439446,49.22462841740609],[21.201318746917693,49.2246257208341],[21.201324291510915,49.22462336267849],[21.201345787978536,49.22461515579578],[21.20134720517805,49.22461454929219]],[[21.20084421590951,49.222489062175164],[21.200852413802885,49.22249101210738],[21.20245849496807,49.22295061190723],[21.202464437948745,49.22295254159454],[21.202470068809465,49.222954838003005],[21.202475334965335,49.222957479687146],[21.202480187237356,49.222960441977115],[21.20248458031162,49.22296369720904],[21.202488473162497,49.222967214983356],[21.202491829435758,49.22297096244861],[21.20249461778809,49.22297490460842],[21.202496812179774,49.222979004648174],[21.20249839211795,49.22298322427886],[21.202499342847872,49.2229875240946],[21.20249965549081,49.22299186394078],[21.202499327126908,49.22299620328876],[21.2024983608225,49.22300050161476],[21.202496765601456,49.22300471877798],[21.20249455636092,49.22300881539548],[21.202491753732204,49.223012753210206],[21.20248838388812,49.22301649544803],[21.202484478298548,49.22302000716126],[21.202480073436575,49.22302325555499],[21.202475210437886,49.22302621029339],[21.202469934716575,49.223028843783],[21.202464295541073,49.22303113143037],[21.202458345574033,49.22303305187181],[21.202452140380537,49.22303458717284],[21.202445737909148,49.22303572299572],[21.202439197950785,49.22303644873332],[21.202432581580336,49.22303675760816],[21.20242595058625,49.223036646735714],[21.202419366893594,49.223036117151445],[21.202412891985656,49.22303517380094],[21.20240658632984,49.22303382549392],[21.200453623288027,49.222546638285614],[21.200448030184678,49.22254505335172],[21.200442673749745,49.222543149724906],[21.200098648009973,49.22240760424068],[21.200058760137274,49.22239188842238],[21.200053240102765,49.22238946782056],[21.200048103157656,49.22238670904333],[21.20004339741651,49.22238363793042],[21.200039166955055,49.22238028324715],[21.200035451397287,49.22237667641464],[21.20003228554445,49.22237285121599],[21.20002969904902,49.22236884347938],[21.20002771613691,49.22236469074281],[21.20002635538071,49.22236043190246],[21.200025629525598,49.22235610684811],[21.200025545370035,49.22235175608988],[21.200026103702076,49.222347420378576],[21.200027299292042,49.22234314032408],[21.20002912094142,49.222338956014895],[21.20003155158783,49.22233490664282],[21.200034568464815,49.22233103013572],[21.200038143315105,49.22232736280239],[21.20004224265524,49.22232393899229],[21.200046828089267,49.22232079077413],[21.200051856668296,49.222317947635155],[21.20005728129282,49.22231543620524],[21.200063051153883,49.222313280007356],[21.200069112208887,49.222311499237115],[21.20007540768788,49.222310110573886],[21.2000818786252,49.22230912702442],[21.200088464411817,49.22230855780085],[21.20009510336299,49.22230840823479],[21.200101733296,49.222308679727135],[21.20010829211261,49.22230936973498],[21.200114718380693,49.2223104717955],[21.200120951909582,49.22231197558635],[21.200564758520414,49.22243532352572],[21.20056851950877,49.22243620333965],[21.20084421590951,49.222489062175164]],[[21.203079568490775,49.19400356753642],[21.203072487800902,49.19400146282265],[21.203065815977233,49.193998846526725],[21.202820541583673,49.193889837766626],[21.202815700116382,49.19388747578361],[21.20281119416796,49.19388484404336],[21.20280705861856,49.19388196291794],[21.202803325481074,49.19387885470993],[21.20274009767876,49.1938211589644],[21.20268637814708,49.19377213871184],[21.20268274480088,49.19376845662789],[21.202679676040994,49.19376456008583],[21.202677201059036,49.19376048615173],[21.202675343398223,49.193756273579005],[21.202674120729494,49.19375196244006],[21.202673544683364,49.193747593744696],[21.202673620739336,49.193743209050346],[21.202674348173737,49.193738850066545],[21.20267572006667,49.19373455825832],[21.20267772336779,49.19373037445163],[21.20268033902048,49.19372633844504],[21.20268354214312,49.19372248863117],[21.202687302265804,49.19371886163155],[21.202691583620147,49.19371549194799],[21.202696345479588,49.19371241163471],[21.20270154254675,49.19370964999332],[21.202707125384368,49.19370723329394],[21.202713040885566,49.193705184525435],[21.202926778328074,49.193639687828004],[21.202933190718948,49.193637975655726],[21.20293983379916,49.19363669585436],[21.202946639889426,49.19363586146241],[21.202953539649766,49.193635480980625],[21.202960462785885,49.19363555828534],[21.202967338765347,49.19363609258893],[21.202974097536124,49.193637078447956],[21.20339092958818,49.19371253146555],[21.203397611191434,49.19371398659649],[21.20340403002204,49.19371588291736],[21.20341011846266,49.19371820045199],[21.203415812376342,49.193720914786994],[21.203938556928883,49.19399807271007],[21.203939821876038,49.19399868235943],[21.203941292819078,49.19399904235992],[21.20439958967116,49.19409567950505],[21.204405714652996,49.194097185768875],[21.204411592858108,49.19409906755595],[21.204417170828698,49.19410130775286],[21.204422397837366,49.1941038859868],[21.204427226348404,49.194106778810664],[21.204431612450115,49.1941099599164],[21.20443551625417,49.19411340037434],[21.20443890225831,49.19411706889605],[21.204441739669313,49.19412093211917],[21.204444002682937,49.19412495491058],[21.204445670718613,49.19412910068595],[21.20447076718327,49.19420622262812],[21.20447185115984,49.194210604278986],[21.204472270574254,49.19421503462852],[21.20447202133798,49.194219470490545],[21.20447110588034,49.19422386862514],[21.20446953312486,49.19422818616027],[21.204467318402276,49.19423238100939],[21.204464483301106,49.19423641228196],[21.204461055457237,49.19424024068197],[21.204457068284484,49.194243828890805],[21.20445256064893,49.19424714193138],[21.204447576490075,49.194250147508775],[21.204442164392493,49.194252816325175],[21.20443637711222,49.19425512236546],[21.204430271062595,49.19425704315074],[21.20442390576422,49.194258559957596],[21.204417343264858,49.194259658000426],[21.204410647534573,49.194260326575765],[21.204403883842122,49.1942605591664],[21.204397118118763,49.19426035350509],[21.204390416315576,49.19425971159664],[21.203767018309197,49.194179225021145],[21.203760954673836,49.19417825240139],[21.20375505105358,49.19417692255328],[21.20338214195723,49.194080275856116],[21.203079568490775,49.19400356753642]],[[21.2026331006362,49.20102299844134],[21.202659154698583,49.20103077483617],[21.202665183799475,49.20103281601205],[21.202670875686355,49.20103523749929],[21.202676174673986,49.20103801560783],[21.202681028920985,49.20104112315879],[21.202685390936953,49.20104452975011],[21.20268921804707,49.20104820205428],[21.20269247280961,49.2010521041443],[21.202695123382263,49.201056197844885],[21.202697143833642,49.20106044310637],[21.202698514396957,49.201064798396224],[21.202699221663472,49.20106922110547],[21.202699258713626,49.201073667965666],[21.20269862518477,49.2010780954718],[21.20269732727471,49.20108246030844],[21.202695377681103,49.201086719773265],[21.202692795477176,49.20109083219468],[21.202689605925222,49.20109475733969],[21.2026858402294,49.20109845680754],[21.202681535230436,49.20110189440525],[21.202676733045276,49.20110503650182],[21.202671480655017,49.20110785235725],[21.202665829445234,49.20111031442315],[21.202659834703304,49.2011123986124],[21.20265355507752,49.20111408453483],[21.202639462494012,49.20111734463967],[21.20263223919334,49.201118728808694],[21.202624827996605,49.201119586233425],[21.202617318074644,49.20111990659744],[21.202552333244927,49.20112033818819],[21.202546091088564,49.201120193327206],[21.202539894903534,49.20111967707318],[21.202533796042744,49.201118793704644],[21.202527845052483,49.201117550542875],[21.202522091253496,49.201115957890956],[21.202469012623364,49.20109936140299],[21.202463095421866,49.20109727217637],[21.202457518584644,49.201094813569476],[21.202452335635225,49.201092009178645],[21.20244759631677,49.2010888859189],[21.2024433461147,49.2010854737659],[21.202439625820098,49.201081805467474],[21.202436471138284,49.20107791623006],[21.202413796667837,49.2010463179006],[21.20241096035787,49.20104172331837],[21.202408913057322,49.20103695207536],[21.202407679646246,49.201032062155264],[21.202407380176062,49.20103026324424],[21.202406977932664,49.20102576224495],[21.202407265674996,49.201021257478715],[21.202408240509012,49.20101679424995],[21.202409892630637,49.2010124174454],[21.202412205424306,49.20100817108264],[21.20241515563008,49.20100409786728],[21.202418713577583,49.20100023876369],[21.202422843484435,49.20099663258286],[21.202427503816057,49.200993315592136],[21.202432647703425,49.20099032115043],[21.20243822341444,49.20098767937286],[21.202444174874174,49.2009854168277],[21.20245044222883,49.20098355626939],[21.202456962447663,49.20098211640949],[21.202463669956934,49.20098111172876],[21.202470497299316,49.2009805523311],[21.20247737581232,49.20098044384247],[21.20248423631888,49.2009807873539],[21.202491009822968,49.20098157941069],[21.202497628203574,49.20098281204718],[21.202504024899728,49.20098447286673],[21.2026331006362,49.20102299844134]],[[21.19918250405163,49.221954048095576],[21.199316339628126,49.22200667586314],[21.199379945529262,49.222031687356086],[21.199385544920517,49.222034141811385],[21.199390749952002,49.222036944023806],[21.19939551047115,49.22204006699295],[21.19939978060841,49.22204348062775],[21.199403519219263,49.22204715203656],[21.199406690280597,49.22205104584387],[21.199409263237833,49.22205512453133],[21.199411213299392,49.222059348799185],[21.199412521675452,49.22206367794488],[21.199413175759148,49.22206807025537],[21.199413169247936,49.222072483408986],[21.19941250220438,49.22207687488322],[21.199411181055545,49.22208120236434],[21.19940921853108,49.22208542415537],[21.199406633540566,49.22208949957758],[21.19940345099131,49.22209338936251],[21.19939970154836,49.222097056030556],[21.199395421339084,49.22210046425176],[21.199390651604975,49.22210358118654],[21.19938543830439,49.222106376801825],[21.199379831669624,49.2221088241607],[21.19937388572296,49.22211089968184],[21.19936765775607,49.222112583366645],[21.199361207778125,49.222113858992174],[21.199354597937404,49.222114714267185],[21.199347891922567,49.2221151409507],[21.199341154348975,49.222115134931485],[21.199334450136053,49.22211469626752],[21.199327843881818,49.22211382918553],[21.199321399240343,49.22211254204019],[21.199315178308538,49.2221108472338],[21.199121541786308,49.222050630187404],[21.19911933529358,49.222049911943664],[21.19892539702979,49.221983912922866],[21.198919179192774,49.22198151710627],[21.19877795874191,49.221920341447714],[21.198775337775007,49.22191931291853],[21.19856543435393,49.221845054142115],[21.19855974675768,49.22184280249076],[21.198554418266657,49.22184020111085],[21.198549498833355,49.22183727438928],[21.198545034575453,49.22183404976288],[21.198541067343548,49.2218305574614],[21.19853763432876,49.2218268302236],[21.19853476771414,49.221822902990986],[21.198532494372934,49.22181881257979],[21.198530835616644,49.221814597335985],[21.198529806995303,49.2218102967758],[21.198529418151647,49.2218059512152],[21.198529672730775,49.22180160139214],[21.19853056834593,49.22179728808434],[21.198532096600925,49.22179305172731],[21.19853424316886,49.22178893203523],[21.198536987926385,49.2217849676284],[21.198540305142416,49.22178119567154],[21.198544163719315,49.221777651525116],[21.198548527484444,49.221774368414074],[21.198553355529256,49.22177137711611],[21.198558602592815,49.22176870567345],[21.198564219486066,49.221766379129626],[21.198570153553003,49.221764419295056],[21.198576349164256,49.221762844542376],[21.19858274823863,49.22176166963417],[21.19858929078755,49.2217609055847],[21.198595915477433,49.22176055955662],[21.198602560204684,49.221760634793775],[21.198609162677858,49.22176113059086],[21.198615661001615,49.22176204229997],[21.19862199425698,49.22176336137426],[21.19862810307238,49.22176507544793],[21.19882990845199,49.22182944296561],[21.19883053562803,49.22182963789263],[21.198997245561767,49.22188010465848],[21.199004292821407,49.22188257375511],[21.1991822471655,49.22195394607625],[21.19918250405163,49.221954048095576]],[[21.200510795813116,49.18411429939051],[21.20050430312276,49.184115547200335],[21.2004976544687,49.184116369596566],[21.200490914552862,49.18411675857609],[21.200484148965323,49.18411671035342],[21.200477423545994,49.184116225397915],[21.200470803743855,49.184115308428886],[21.200464353980085,49.18411396836996],[21.200458137021077,49.184112218261994],[21.20045221336769,49.184110075136275],[21.20044664066639,49.18410755984892],[21.200441473148324,49.18410469687756],[21.200436761101543,49.18410151408346],[21.200432550381606,49.18409804244023],[21.200428881965337,49.18409431573242],[21.2004257915521,49.184090370226805],[21.200412739853416,49.184071466504925],[21.200397328587854,49.18404914554074],[21.200396618431363,49.184048230912694],[21.2003957836501,49.184047362689554],[21.200283230751403,49.18394138601114],[21.200261560304302,49.18392098183444],[21.20024365193796,49.183904119961625],[21.200233466477762,49.183894529604174],[21.20022930775016,49.18389008463464],[21.20022596210847,49.18388535392053],[21.200159182973906,49.18377449530285],[21.20015708479249,49.183770462373175],[21.200155578460027,49.18376631734982],[21.20015467750658,49.1837620974644],[21.200154390024554,49.18375784062086],[21.200154718596036,49.18375358505513],[21.200155660269566,49.18374936899161],[21.20015720658668,49.18374523029994],[21.200159343657862,49.183741206154735],[21.200162052287347,49.18373733270173],[21.200165308145525,49.18373364473301],[21.200169081987482,49.18373017537479],[21.20017333991568,49.1837269557896],[21.200189043087185,49.18371616106165],[21.200193999706404,49.18371307715089],[21.200199399890664,49.18371033188556],[21.20020519002829,49.18370795251989],[21.200211312636277,49.18370596267565],[21.20021770693092,49.183704382107415],[21.200224309431384,49.18370322650673],[21.200231054589754,49.183702507346084],[21.20023787544191,49.183702231765025],[21.20131836846142,49.18369392723239],[21.20132499883275,49.18369408662293],[21.201331574686122,49.18369466522667],[21.201338034484323,49.18369565762902],[21.201344317776204,49.18369705454311],[21.201350365762316,49.18369884289645],[21.201356121845226,49.18370100595358],[21.201361532159133,49.1837035234724],[21.201366546073928,49.183706371893905],[21.201371116669023,49.183709524562374],[21.201375201172386,49.18371295197488],[21.201378761360886,49.18371662205751],[21.20138176391791,49.18372050046532],[21.201384180745187,49.18372455090402],[21.201385989225717,49.183728735469174],[21.20138717243548,49.183733015001415],[21.20138771930171,49.18373734945248],[21.20138762470665,49.18374169826028],[21.201386889535364,49.18374602072826],[21.201385520667465,49.18375027640647],[21.20138353091279,49.18375442546985],[21.201380938891482,49.183758429091114],[21.201377768859775,49.183762249804005],[21.201374050483,49.18376585185398],[21.201369818557954,49.18376920153267],[21.201365112687316,49.18377226749341],[21.20135997690901,49.18377502104477],[21.201356417028883,49.18377657940395],[21.201354127904384,49.18377770119236],[21.20131990218458,49.18379632105571],[21.200906867145438,49.18402102884247],[21.20090197200059,49.184023457895314],[21.20089676509608,49.184025590265406],[21.200891288154434,49.18402740886627],[21.200885585062014,49.184028899125465],[21.20077834839757,49.18405333497618],[21.200510795813116,49.18411429939051]],[[21.19761777695113,49.209396421578404],[21.197617429381502,49.20939544800199],[21.197496513527817,49.20911394685373],[21.197494966045774,49.20910948451324],[21.197494118913674,49.20910494222518],[21.197493980907492,49.20910036704683],[21.197494553456742,49.20909580637637],[21.197495830629737,49.209091307461435],[21.197605375538792,49.20879128271814],[21.197607182468637,49.20878719827096],[21.19760957031833,49.20878324394917],[21.197612517724142,49.20877945513122],[21.19761599831616,49.208775865714934],[21.197619980954155,49.208772507814],[21.197624430006254,49.20876941147079],[21.197629305667686,49.208766604387655],[21.197634564316907,49.208764111678924],[21.197640158905926,49.2087619556463],[21.197646039381162,49.20876015557927],[21.19765215313131,49.20875872758277],[21.197658445458007,49.208757684432626],[21.197675439179935,49.2087554214594],[21.197682248110148,49.20875474578097],[21.197689126118156,49.20875452064684],[21.19769600393112,49.208754748324424],[21.197702812278166,49.20875542652075],[21.197709482588028,49.20875654840519],[21.19771594767972,49.20875810267854],[21.197722142439098,49.208760073686676],[21.197728004474712,49.20876244157837],[21.197733474746155,49.20876518250503],[21.1977384981587,49.208768268860936],[21.19774302411821,49.20877166956144],[21.197747007040686,49.20877535035586],[21.197750406811384,49.20877927417255],[21.197753189188834,49.20878340149214],[21.19775532614973,49.20878769074561],[21.19775679617115,49.20879209873313],[21.19775758444736,49.2087965810589],[21.19782494322954,49.209479665916774],[21.19782512256187,49.20948070716361],[21.197826524974012,49.209481210910745],[21.198221899132374,49.20960750929259],[21.19833163101078,49.20964256258307],[21.198337617404537,49.209644722979306],[21.198343246100936,49.20964726280524],[21.198348461266338,49.20965015686716],[21.198353211169074,49.20965337645753],[21.19835744869257,49.209656889639696],[21.19836113180281,49.209660661564925],[21.198512907406027,49.20983461172553],[21.19851600551821,49.20983861367951],[21.198518479303,49.209842798037684],[21.198520304117146,49.20984712311681],[21.19852146178225,49.20985154583178],[21.19852194076581,49.20985602212487],[21.198521736296165,49.20986050740452],[21.19852085041001,49.20986495698976],[21.198519291932083,49.20986932655521],[21.19851707638732,49.20987357257241],[21.19846441452368,49.209960122978636],[21.19846157149651,49.20996419365938],[21.19845812467763,49.20996805892444],[21.198454108239883,49.20997168045215],[21.19844956200355,49.2099750223374],[21.198444531041535,49.20997805144764],[21.198439065232513,49.20998073775108],[21.19843321876643,49.20998305461483],[21.19842704960721,49.209984979068544],[21.19842061891811,49.20998649203262],[21.198413990455318,49.209987578506926],[21.19840722993579,49.2099882277197],[21.198358682625567,49.20999128192069],[21.198352553669366,49.20999148688784],[21.198346421272323,49.20999133228493],[21.198043230692207,49.209974768459354],[21.198036375248243,49.20997416472702],[21.198029647400656,49.20997311189728],[21.19802311550876,49.209971620667616],[21.198016845940817,49.20996970618988],[21.19801090239966,49.20996738791639],[21.198005345275494,49.20996468940236],[21.198000231032204,49.20996163806636],[21.197995611633733,49.20995826491193],[21.19799153401603,49.20995460421263],[21.197988039610188,49.20995069316334],[21.197985163921455,49.20994657150289],[21.19798293616851,49.20994228110999],[21.197981378986572,49.20993786557772],[21.1979805081974,49.20993336977069],[21.19798033264858,49.2099288393691],[21.197980854123614,49.20992432040471],[21.19800217075345,49.20981396197305],[21.19800229471296,49.209812928631735],[21.198000993767707,49.20981233879627],[21.197594164367977,49.209646007525066],[21.197588589064,49.209643468646064],[21.197583424006247,49.20964058121344],[21.197578719760962,49.20963737349553],[21.197574522382972,49.209633876896014],[21.19757087296481,49.20963012564692],[21.19756780723443,49.20962615647325],[21.197565355205395,49.20962200823347],[21.19756354088308,49.2096177215391],[21.19756238202967,49.20961333835723],[21.197561889990226,49.209608901599466],[21.19756206958168,49.20960445470189],[21.197562919045616,49.20960004119991],[21.197617578714343,49.209397414985936],[21.19761777695113,49.209396421578404]],[[21.197159386169982,49.221381262819634],[21.197608709570744,49.2214873223442],[21.197614851669123,49.2214889966025],[21.197620717461323,49.221491052483586],[21.197626251841346,49.22149347067358],[21.197631402816594,49.22149622845481],[21.197636121996354,49.22149929991952],[21.197640365046354,49.22150265621279],[21.197644092105318,49.22150626580418],[21.197647268159354,49.22151009478336],[21.197649863371,49.22151410717917],[21.19765185335945,49.22151826529719],[21.197653219429665,49.22152253007416],[21.197653948747966,49.22152686144461],[21.1976540344626,49.22153121871762],[21.19765347576817,49.22153556095886],[21.197652277913143,49.22153984737523],[21.197650452150615,49.221544037697974],[21.19764801563254,49.22154809256115],[21.19764499124861,49.2215519738714],[21.19764140741126,49.22155564516578],[21.19763729778874,49.22155907195428],[21.197632700988777,49.22156222204395],[21.197627660195952,49.221565065841304],[21.197622222765922,49.221567576630214],[21.197616439780607,49.22156973082308],[21.197610365568256,49.22157150818235],[21.19760405719308,49.2215728920106],[21.19759757391914,49.221573869307456],[21.197590976653622,49.22157443089168],[21.197584327374592,49.2215745714874],[21.19757768854875,49.22157428977395],[21.197571122544637,49.221573588397696],[21.197564691046615,49.22157247394786],[21.197176306423977,49.221491795087786],[21.197173251549582,49.221491108276425],[21.196533296344047,49.221336111059905],[21.196530230633876,49.22133531317167],[21.19633829949327,49.22128182771421],[21.196332329298738,49.22127993591253],[21.196326665718292,49.22127767552339],[21.19632136162939,49.22127506765072],[21.196316466553085,49.221272136642696],[21.19631202619173,49.221268909864364],[21.196308082002204,49.22126541744225],[21.196304670808946,49.22126169198302],[21.1963018244601,49.22125776826893],[21.19629956953014,49.221253682933494],[21.196297927071875,49.22124947411888],[21.196296912419765,49.22124518112032],[21.19629653504682,49.221240844018865],[21.1962967984762,49.22123650330736],[21.19629770024824,49.22123219951238],[21.196299231943506,49.22122797281581],[21.196301379261357,49.221223862679686],[21.196304122153443,49.22121990747779],[21.196307435010986,49.22121614413736],[21.196311286903782,49.22121260779434],[21.196315641869017,49.22120933146537],[21.196320459247037,49.22120634573942],[21.196325694060953,49.22120367849234],[21.196331297436565,49.221201354626565],[21.196337217058684,49.22119939583858],[21.19634339765952,49.221197820416215],[21.196349781534735,49.22119664306826],[21.19635630908213,49.221195874786865],[21.196362919358194,49.22119552274497],[21.196369550646985,49.22119559022939],[21.196376141036424,49.221196076610056],[21.19638262899622,49.22119697734589],[21.196388953952482,49.221198284027366],[21.196584468772645,49.22124559160171],[21.197159386169982,49.221381262819634]],[[21.194681612008942,49.205044529642684],[21.1946808502144,49.20504360455034],[21.194575056950736,49.2049285542261],[21.194571925048447,49.20492474479629],[21.19456936654607,49.20492075573422],[21.194567405142315,49.20491662398964],[21.19456605900507,49.20491238783399],[21.194565340603145,49.20490808650585],[21.194565256590774,49.204903759847426],[21.194565807745978,49.20489944793552],[21.19456698896338,49.204895190710445],[21.194568789301478,49.20489102760587],[21.194571192084005,49.204886997183586],[21.194574175054434,49.2048831367765],[21.194577710582088,49.204879482142594],[21.194581765918127,49.20487606713388],[21.194586303498863,49.20487292338269],[21.19459128129371,49.20487008000887],[21.19459665319454,49.2048675633499],[21.194602369442713,49.204865396716855],[21.19476005529209,49.2048120920874],[21.194761433721073,49.20481157075121],[21.194762033682082,49.20481060482358],[21.19486956019737,49.20461099337148],[21.194870015483783,49.204609994525974],[21.19486845389233,49.204609795235456],[21.194585226163603,49.20458302084966],[21.194578698836057,49.20458219050527],[21.19457232481656,49.204580950080945],[21.19456616396269,49.20457931122538],[21.194560274130236,49.20457728932883],[21.19455471062979,49.20457490337872],[21.194549525707433,49.20457217578115],[21.19454476805401,49.20456913215066],[21.194540482347932,49.20456580106952],[21.194536708835585,49.20456221381951],[21.194533482953393,49.20455840408801],[21.194502975764028,49.20451786085895],[21.19450031566878,49.20451384334166],[21.19449826472203,49.20450967530459],[21.194496842383273,49.204505396294586],[21.19449606214767,49.20450104691135],[21.194495931418,49.204496668422394],[21.1944964514345,49.20449230237134],[21.194497617263018,49.20448799018375],[21.194499417841865,49.204483772774076],[21.1945018360868,49.20447969015765],[21.19450484905313,49.204475781070684],[21.19450842815337,49.20447208260312],[21.19451253942854,49.20446862984621],[21.194517143870343,49.20446545556021],[21.194522197791308,49.20446258986295],[21.194527653239284,49.20446005994453],[21.19453345845239,49.204457889809056],[21.194539558350197,49.204456100046876],[21.194545895056308,49.2044547076395],[21.19455240844743,49.20445372579815],[21.19573270279581,49.2043150658674],[21.195739698187122,49.20431448521139],[21.195746747587602,49.20431437805085],[21.19575377654817,49.20431474551753],[21.195760710835565,49.204315583730526],[21.195767477216396,49.20431688383747],[21.19577400423056,49.20431863210782],[21.195780222945828,49.2043208100781],[21.19578606768597,49.20432339474649],[21.195791476724267,49.20432635881629],[21.196285830765508,49.204626850690765],[21.196287113620436,49.20462755621008],[21.19628877962074,49.20462766878799],[21.197466898542984,49.204668722965316],[21.19747358457912,49.20466917191381],[21.197480171505692,49.20467004732183],[21.197486596122218,49.204671340789986],[21.19749279678551,49.204673039907625],[21.197498714001217,49.20467512837205],[21.19750429099454,49.20467758614472],[21.19750947425507,49.20468038964374],[21.197514214050177,49.20468351196993],[21.197518464902164,49.204686923165134],[21.19752218602469,49.20469059049944],[21.197525341713998,49.20469447878522],[21.197527901691608,49.20469855071507],[21.197529841394765,49.20470276721945],[21.197531142212124,49.20470708784152],[21.19753179166239,49.204711471125556],[21.19753178351399,49.20471587501461],[21.1975278563603,49.204767082421235],[21.19752783047728,49.204768924466684],[21.19753052935083,49.2048245237952],[21.197530402270882,49.204829038385014],[21.197529584722314,49.20483352185389],[21.197528084951337,49.20483792897842],[21.197525918085525,49.204842215305064],[21.197523105981293,49.20484633759895],[21.1975196770034,49.204850254279535],[21.197515665738884,49.20485392584041],[21.19751111264815,49.204857315247494],[21.1975060636569,49.20486038831274],[21.197500569692885,49.20486311403899],[21.1974946861722,49.20486546493255],[21.197488472440302,49.204867417280546],[21.196529793062748,49.20513069635185],[21.196528346785033,49.20513114894949],[21.196528724722768,49.205132169516716],[21.19665199800828,49.20540610390427],[21.196653531464467,49.20541021614452],[21.196654467845665,49.205414404656885],[21.196654798850194,49.205418632307854],[21.19665452154336,49.20542286161713],[21.19664987726225,49.20545657024624],[21.19662044476486,49.20567019329286],[21.19661740282026,49.205692269657206],[21.19661645106085,49.205696700564395],[21.196614831814745,49.20570104753788],[21.196612561120958,49.20570526751925],[21.196609661471356,49.20570931870819],[21.196606161587855,49.20571316097615],[21.196602096137912,49.205716756264174],[21.196597505391157,49.20572006895958],[21.196592434820506,49.20572306624899],[21.19658693465174,49.20572571844312],[21.19658105936595,49.20572799927099],[21.196574867159967,49.20572988614015],[21.196568419369846,49.2057313603605],[21.1965617798633,49.205732407329435],[21.196555014407096,49.20573301667623],[21.196128712127802,49.205757328113236],[21.19612712790448,49.20575746974403],[21.196127173502855,49.20575851695688],[21.19615583690373,49.206000952974314],[21.19615603078732,49.20600523360954],[21.196155602193173,49.2060095069121],[21.19615455500984,49.20601373410903],[21.19615289873859,49.20601787684569],[21.19615064840711,49.2060218975339],[21.19614782443317,49.206025759692785],[21.196144452439384,49.2060294282798],[21.196140563020755,49.20603287000875],[21.196136191467026,49.20603605365185],[21.196131377442537,49.20603895032289],[21.196126164626328,49.206041533739516],[21.19612060031579,49.20604378046165],[21.196114734997593,49.20604567010403],[21.19610862188952,49.20604718552143],[21.19567109275069,49.20614029758363],[21.195669609868837,49.20614066547287],[21.195669668270106,49.20614170369673],[21.195674707123096,49.2061805662984],[21.195674945083383,49.206185072190266],[21.195674493081288,49.206189571041264],[21.19567335566221,49.20619401760868],[21.19567154426442,49.20619836717561],[21.1956690771041,49.20620257600057],[21.19566597899211,49.20620660175734],[21.19566228108453,49.206210403961016],[21.19565802056929,49.20621394437454],[21.195653240292238,49.2062171873937],[21.19564798832626,49.20622010040503],[21.19564231748779,49.20622265411373],[21.195636284805715,49.20622482283831],[21.19562995094783,49.20622658476908],[21.195623379610723,49.20622792218698],[21.195616636879233,49.20622882164229],[21.19560979056183,49.20622927408961],[21.195507864972193,49.20623264006488],[21.19544500409165,49.206234714994764],[21.19543837813492,49.206234723823016],[21.195431781771312,49.20623431386875],[21.195425276510253,49.20623348895466],[21.19541892301172,49.206232256772914],[21.19541278052046,49.20623062881323],[21.19540690631366,49.20622862025596],[21.195316582503445,49.20619400188873],[21.195310896350747,49.20619156735119],[21.195305605423023,49.206188776383314],[21.195300761568003,49.20618565633485],[21.195296412252375,49.206182237780354],[21.195292600096607,49.20617855421951],[21.195289362457313,49.206174641748945],[21.195257507344152,49.2061311362579],[21.19525671444312,49.20613017758541],[21.195255240355728,49.20612967153059],[21.195093790562996,49.20608072975345],[21.19508774282425,49.2060786510812],[21.195082040401893,49.206076188800886],[21.195076739783925,49.20607336730378],[21.19507189347806,49.206070214539615],[21.195067549491572,49.20606676173943],[21.195063750855752,49.20606304310668],[21.19506053519965,49.206059095478025],[21.195057934377296,49.20605495795849],[21.19505597415219,49.2060506715342],[21.195054673942074,49.2060462786663],[21.195054046626606,49.20604182287043],[21.195054098419767,49.20603734828537],[21.19505482880831,49.20603289923629],[21.19505623055687,49.206028519795176],[21.195058289779634,49.20602425334457],[21.19506098607786,49.20602014214766],[21.195064292742032,49.20601622692974],[21.195068177016413,49.20601254647477],[21.19507260042347,49.20600913724104],[21.19507751914512,49.206006033000286],[21.195082884456756,49.206003264502854],[21.19508864320988,49.20600085917331],[21.19509473835863,49.20599884083869],[21.195101109524856,49.20599722949245],[21.195107693596213,49.20599604109648],[21.19514544619909,49.20599053499694],[21.195146967649954,49.205990260831896],[21.195146111573536,49.205989392316546],[21.19485363007805,49.20572254040647],[21.19481086037677,49.20568351771528],[21.194807244732562,49.20567985621878],[21.194804187517953,49.20567598241701],[21.19480171749883,49.20567193275941],[21.194799857916024,49.205667745350205],[21.194798626266596,49.20566345958954],[21.194798034139264,49.20565911580316],[21.194798087105294,49.20565475486268],[21.194798784666176,49.205650417801166],[21.194800120258225,49.20564614542696],[21.194802081314418,49.20564197793965],[21.19480464938262,49.205637954552024],[21.194807800299202,49.205634113121036],[21.19481150441641,49.20563048979145],[21.194815726881338,49.205627118655876],[21.194820427963887,49.20562403143408],[21.194825563430538,49.205621257174236],[21.194831084960608,49.20561882198001],[21.194836940600894,49.20561674876457],[21.194843075254514,49.205615057035224],[21.19484943119928,49.205613762709724],[21.195277409264204,49.205541318237145],[21.195285161522214,49.20554031393204],[21.19594391995353,49.20548054792719],[21.1959454828205,49.2054803565643],[21.19594653832948,49.20547957749042],[21.196174250438077,49.20529463201296],[21.196175146033674,49.20529383504932],[21.196175810951313,49.20529295069557],[21.19641689882195,49.204933381902705],[21.196417507066297,49.204932333176615],[21.196417089929266,49.204931245078484],[21.19635274873907,49.20479343287056],[21.196352189944815,49.20479241750109],[21.196350636324357,49.20479205870732],[21.19587789409892,49.20469974159391],[21.19587649998826,49.20469951064887],[21.195875071585984,49.204699436314975],[21.195239011643395,49.20468378423318],[21.195237297447324,49.20468379916869],[21.195235905529945,49.20468445491598],[21.194939364242966,49.20483972498456],[21.194938235140796,49.20484037804897],[21.19493972084479,49.20484053979701],[21.195243541206263,49.20486366639308],[21.195250134062206,49.204864382908276],[21.195256589267835,49.20486551627006],[21.195262845587607,49.20486705572706],[21.195268843672633,49.20486898667566],[21.195274526623685,49.20487129079847],[21.19527984053095,49.20487394623798],[21.19528473498542,49.20487692780413],[21.195289163557103,49.204880207213115],[21.19529308423543,49.20488375335565],[21.19529645982782,49.20488753259221],[21.19529925831248,49.20489150907208],[21.19530145314217,49.20489564507344],[21.195303023496056,49.204899901361124],[21.195303954477225,49.20490423755896],[21.19530423725399,49.20490861253275],[21.195303869143682,49.20491298478039],[21.195302853638136,49.204917312825636],[21.195301200370515,49.20492155561151],[21.195298925023994,49.20492567288994],[21.195296049182936,49.20492962560332],[21.195292600128177,49.20493337625519],[21.19528861057824,49.204936889265866],[21.195284118378932,49.20494013131002],[21.195279166144374,49.20494307163272],[21.194827175014762,49.20518624965749],[21.194821451527904,49.2051890164188],[21.194815321674795,49.205191380098356],[21.194808851320765,49.205193315298416],[21.194802109989862,49.20519480122521],[21.194795170117796,49.20519582191241],[21.19478810627363,49.20519636639276],[21.194780994358517,49.20519642881578],[21.194773910790136,49.2051960085107],[21.19472195440967,49.205191135940005],[21.194715426555106,49.205190310554194],[21.194709051252616,49.20518907509768],[21.194702888353866,49.20518744116913],[21.194696995716452,49.20518542410776],[21.194691428660715,49.20518304285005],[21.1946862394504,49.20518031975122],[21.194681476802014,49.2051772803759],[21.194677185427427,49.20517395325788],[21.194673405614186,49.20517036963231],[21.194670172847193,49.20516656314242],[21.194667517475704,49.205162569523665],[21.1946654644283,49.205158426268305],[21.194664032978896,49.20515417227338],[21.194663236565862,49.20514984747558],[21.194663082665755,49.2051454924762],[21.194663572723247,49.205141148160095],[21.194681492156427,49.20504557787108],[21.194681612008942,49.205044529642684]],[[21.19561705551763,49.22104156315439],[21.195616491660537,49.22104135469748],[21.195582856159938,49.22102878232305],[21.19557912663735,49.22102757841513],[21.194906833531757,49.22084283638283],[21.19475074354929,49.22079994339101],[21.19474267563256,49.22079730561496],[21.194721475571736,49.22078919364855],[21.194715915849166,49.22078682308641],[21.194710731472817,49.22078411202703],[21.194705970872654,49.22078108579595],[21.194701678519813,49.220777772662636],[21.19469789451133,49.2207742035769],[21.19469465419548,49.220770411879414],[21.194691987841615,49.22076643299035],[21.19468992035739,49.22076230407858],[21.19468847105608,49.2207580637144],[21.19468765347618,49.22075375150923],[21.194687475254987,49.22074940774557],[21.194687938057168,49.220745073000735],[21.194689037559286,49.22074078776773],[21.194690763490197,49.22073659207708],[21.194693099726944,49.22073252512284],[21.194696024445445,49.22072862489645],[21.194699510324313,49.22072492783185],[21.194703524800122,49.22072146846514],[21.194708030371565,49.220718279112035],[21.194712984949806,49.22071538956575],[21.194718342251647,49.22071282681901],[21.194724052231862,49.22071061481166],[21.1947300615507,49.22070877420707],[21.194736314072223,49.22070732219933],[21.194742751388542,49.220706272352274],[21.194749313365573,49.22070563447305],[21.194755938704755,49.22070541452042],[21.194762565515585,49.22070561454907],[21.194769131893825,49.22070623269034],[21.194775576499794,49.22070726316997],[21.194781839131284,49.22070869636172],[21.19484095037682,49.22072436197257],[21.195606459932616,49.220927231027986],[21.195644069557996,49.220937197932535],[21.195652015208104,49.22093970391333],[21.195674787303,49.22094810668763],[21.195676934292234,49.220948932872],[21.195879735413808,49.22103024930912],[21.19600486745044,49.221080422635126],[21.19601036406941,49.2210828739541],[21.19601547275448,49.22108566217016],[21.19602014555567,49.22108876111321],[21.196024338614148,49.221092141696715],[21.19602801257389,49.22109577219055],[21.196031132951127,49.22109961851911],[21.196033670457936,49.2211036445808],[21.196035601277206,49.221107812587164],[21.19603690728616,49.221112083417296],[21.196037576226477,49.22111641698537],[21.19603760181933,49.221120772616565],[21.196036983824328,49.22112510942898],[21.1960357280418,49.221129386717394],[21.196033846258352,49.22113356433521],[21.196031356136224,49.221137603071426],[21.19602828104754,49.22114146501834],[21.19602464985493,49.221145113927804],[21.196020496640646,49.221148515551235],[21.196015860386662,49.22115163796095],[21.196010784608752,49.22115445185002],[21.196005316948124,49.22115693080722],[21.195999508724206,49.22115905156517],[21.195993414452968,49.22116079421828],[21.195987091335258,49.221162142410115],[21.19598059871989,49.22116308348649],[21.195973997546584,49.22116360861443],[21.19596734977402,49.22116371286512],[21.195960717798236,49.221163395260064],[21.195954163867004,49.22116265878028],[21.195947749495584,49.22116151033837],[21.195941534889293,49.22115996071364],[21.19593557837845,49.22115802445085],[21.195873305512436,49.221135255377284],[21.195675527915625,49.221062942699035],[21.19561705551763,49.22104156315439]],[[21.194435308053365,49.22521717372153],[21.194434227661255,49.22522191991999],[21.19443238107175,49.22522656366341],[21.194429789321582,49.22523105204866],[21.194426481936645,49.22523533394264],[21.19442249659559,49.2252393605645],[21.19428625057045,49.22536212709113],[21.19428215828656,49.22536546754313],[21.194277599268247,49.22536853779958],[21.194272614887332,49.22537130999866],[21.194267250375713,49.22537375898346],[21.194261554414904,49.22537586253002],[21.19425557869425,49.2253776015492],[21.194249377441867,49.22537896025988],[21.194243006932503,49.22537992633208],[21.194236524976933,49.225380490998894],[21.194229990397236,49.22538064913622],[21.194223462493074,49.225380399308904],[21.19421700050352,49.225379743784146],[21.193790873860785,49.225322785944115],[21.19378408830716,49.2253216398432],[21.193777516518278,49.22532004660231],[21.193771226983596,49.22531802282581],[21.193765285250976,49.22531558960495],[21.19375975324354,49.22531277229813],[21.193754688614344,49.2253096002665],[21.1937501441455,49.225306106568254],[21.193746167198153,49.225302327613655],[21.19374279921884,49.22529830278608],[21.193740075307574,49.22529407403106],[21.193738023852045,49.225289685419625],[21.19371034788434,49.225217502547665],[21.193709081760737,49.225213400619616],[21.1937084034562,49.225209239354825],[21.193708318847772,49.22520505480881],[21.193708828668395,49.225200883238664],[21.193709928500557,49.22519676078919],[21.19371160881459,49.225192723179326],[21.19382629025939,49.22496037146806],[21.19382878112317,49.22495608526249],[21.193831925719103,49.22495198756211],[21.193847722050563,49.224933781715286],[21.19385123270908,49.22493015124086],[21.193855256549348,49.2249267568853],[21.19385975680755,49.22492362966115],[21.193864692367114,49.22492079814022],[21.19387001813435,49.2249182881926],[21.19387568545051,49.22491612275031],[21.19388164253629,49.2249143215979],[21.193887834964922,49.22491290119155],[21.19389420615947,49.22491187450871],[21.19390069790973,49.22491125092969],[21.19390725090404,49.22491103615177],[21.193913805271166,49.22491123213722],[21.193920301127392,49.224911837095476],[21.19392667912352,49.224912845499375],[21.194157975599026,49.22495717522283],[21.19416631764697,49.22495916587304],[21.194305044805727,49.224999101470715],[21.194311050565066,49.225001065164996],[21.194316734771498,49.22500340367236],[21.194322043068222,49.225006094630324],[21.19432692469314,49.22500911230584],[21.19433133296428,49.22501242784154],[21.19433522572623,49.22501600953167],[21.194435007726455,49.22511803302262],[21.194438256267826,49.225121729608325],[21.194440955359706,49.225125611183],[21.194443080709878,49.225129642812085],[21.19444461318981,49.225133788210464],[21.194445539006892,49.22513801006913],[21.19444584982851,49.225142270390926],[21.19444554285708,49.22514653083244],[21.194435308053365,49.22521717372153]],[[21.194514966132065,49.220543661784895],[21.19451760254596,49.2205476789462],[21.194519630727918,49.22055184486691],[21.194521031492794,49.22055612014095],[21.194521791590272,49.2205604643274],[21.19452190383028,49.220564836333715],[21.194521367150944,49.22056919480418],[21.194520186628644,49.22057349851098],[21.194518373430075,49.22057770674451],[21.194515944706495,49.22058177969797],[21.194512923431642,49.220585678844564],[21.194509338184282,49.220589367301216],[21.19450522287802,49.220592810178026],[21.194500616440365,49.220595974908015],[21.194495562444633,49.22059883155524],[21.19449010869767,49.220601353098],[21.194484306787746,49.22060351568448],[21.194478211596472,49.22060529885812],[21.194471880779698,49.22060668575156],[21.194465374222144,49.22060766324575],[21.194458753470926,49.22060822209448],[21.194452081153326,49.22060835701132],[21.194445420384415,49.220608066720104],[21.194438834170057,49.22060735396682],[21.19443238481084,49.220606225493505],[21.194426133312806,49.22060469197469],[21.19442013881036,49.220602767916276],[21.194414458006946,49.22060047151845],[21.19440914463857,49.220597824503315],[21.194404248965615,49.22059485190972],[21.194237760256527,49.2204834231852],[21.194232827954053,49.22047974043673],[21.194228536670995,49.22047572802354],[21.194224937361643,49.22047143358874],[21.194222072763807,49.22046690812426],[21.19409385856673,49.22022838328959],[21.194092029644874,49.220224401959136],[21.194090770026733,49.22022032698355],[21.19408762879775,49.220207029702124],[21.19408692287404,49.220202596645336],[21.194086890528272,49.22019813958805],[21.19408753207821,49.22019370233547],[21.194088841218324,49.22018932849803],[21.194090805081867,49.220185061063006],[21.19409340436733,49.22018094197186],[21.194096613528096,49.220177011708046],[21.194100401023565,49.22017330889922],[21.194104729629174,49.22016986993758],[21.194109556802164,49.220166728622],[21.194114835099796,49.220163915826234],[21.194120512645576,49.220161459195076],[21.194126533639135,49.22015938287292],[21.194132838904626,49.220157707266324],[21.19413936647234,49.22015644884364],[21.194146052187733,49.22015561997288],[21.19415283034198,49.220155228800444],[21.19415963431772,49.22015527917082],[21.194166397243855,49.22015577058899],[21.19417305265268,49.22015669822514],[21.194179535133234,49.2201580529623],[21.194185780974088,49.22015982148568],[21.194191728789583,49.22016198641392],[21.194197320123077,49.22016452646952],[21.194202500021497,49.220167416688135],[21.194207217575457,49.22017062866405],[21.194211426419553,49.22017413082912],[21.194215085188098,49.220177888763196],[21.194402903875762,49.22039369712726],[21.194404940083395,49.22039621959964],[21.194514966132065,49.220543661784895]],[[21.19378661742528,49.21953793000268],[21.19378593199027,49.21953696106613],[21.19364393196149,49.21935923743536],[21.193643727527235,49.2193589795444],[21.193296921985038,49.21891800615732],[21.193295977858238,49.21891695141961],[21.1932944712071,49.21891562467682],[21.193290763593392,49.21891200586088],[21.193287608307728,49.218908168893286],[21.193285035000454,49.21890414983034],[21.193283067853024,49.218899986439524],[21.19328172535072,49.218895717844546],[21.193281020108973,49.218891384157736],[21.193280958754826,49.21888702610302],[21.193281541864668,49.2188826846334],[21.19328276395881,49.21887840054602],[21.19328461355298,49.21887421409865],[21.193287073266276,49.21887016463165],[21.19329011998446,49.21886629019815],[21.193293725077222,49.21886262720635],[21.193297854667154,49.218859210077675],[21.19330246994818,49.21885607092301],[21.193307527550157,49.21885323924125],[21.19331297994646,49.218850741641795],[21.193318775900586,49.21884860159475],[21.193324860947627,49.218846839210265],[21.193331177906053,49.21884547104949],[21.1933376674151,49.218844509969124],[21.193344268492524,49.21884396500052],[21.193350919107687,49.21884384126473],[21.19335755676444,49.21884413992452],[21.193364119088425,49.21884485817338],[21.193370544413163,49.2188459892619],[21.19338756041198,49.218849572303704],[21.193394299765217,49.21885125202486],[21.193400732896063,49.218853385634134],[21.19340678879833,49.218855949581744],[21.193779247571165,49.21903247555935],[21.193783849873874,49.21903485957096],[21.193788124514118,49.21903749235874],[21.19379204025186,49.21904035468166],[21.193892565048913,49.2191204785759],[21.193897018899676,49.219124454519005],[21.193900781175,49.21912872607808],[21.19397705985439,49.21922747592718],[21.193979837075705,49.219231564608485],[21.19398198000589,49.21923581389103],[21.194024086155157,49.2193357579554],[21.194025764842188,49.21934089724385],[21.194026516475255,49.219346129740664],[21.194032104030565,49.21944966510745],[21.194032319301563,49.21945150629484],[21.194065864092035,49.21963758704233],[21.19406632574428,49.21964202135164],[21.1940661167253,49.219646463850815],[21.194065239077712,49.21965087112236],[21.194063701378777,49.21965520009302],[21.19406151865661,49.219659408454795],[21.1940587122433,49.21966345507842],[21.194055309566405,49.2196673004153],[21.194051343880933,49.21967090688411],[21.19404685394436,49.21967423923796],[21.194041883637773,49.21967726490896],[21.19403648153708,49.219679954326516],[21.19403070043825,49.2196822812063],[21.194024596841295,49.21968422280718],[21.194018230398104,49.21968576015343],[21.194011663329448,49.21968687822017],[21.194004959816898,49.21968756608029],[21.19399818537549,49.21968781701111],[21.19399140621351,49.219687628560244],[21.193984688585363,49.219687002569536],[21.193978098144065,49.21968594515683],[21.193971699299585,49.219684466656545],[21.193965554589376,49.219682581518434],[21.19396370740992,49.21968194007136],[21.193962266490164,49.2196824454615],[21.193917963747456,49.21969986292788],[21.193916645097747,49.21970043732682],[21.1939154131535,49.21970108911231],[21.193852573160974,49.219737608716066],[21.193847242746916,49.2197404086829],[21.193841513746523,49.21974284761702],[21.193835442934898,49.2197449013482],[21.193829090474537,49.219746549523656],[21.19382251931917,49.2197477758098],[21.1938157945898,49.219748568053916],[21.193808982929415,49.21974891840481],[21.193802151842497,49.219748823390496],[21.19379536902603,49.21974828395246],[21.193788701698654,49.21974730543668],[21.193782215934487,49.21974589754044],[21.193775976008286,49.21974407421601],[21.19377004375854,49.21974185353291],[21.193764477974586,49.21973925749842],[21.193759333813997,49.21973631183947],[21.19375466225601,49.21973304574798],[21.19375050959626,49.21972949159136],[21.19374691698801,49.21972568459174],[21.19374392003431,49.219721662476914],[21.19374154843521,49.219717465106555],[21.193739825693367,49.219713134077054],[21.193738768881182,49.219708712309476],[21.19373838847161,49.219704243624065],[21.19373868823437,49.21969977230593],[21.193739665198603,49.21969534266628],[21.193786381818605,49.2195389867002],[21.19378661742528,49.21953793000268]],[[21.192166603215554,49.21258359501602],[21.192165965360303,49.21258260915696],[21.192086145888123,49.212474059072875],[21.192083479587374,49.21246991472939],[21.192081458645422,49.2124656166023],[21.19208010328533,49.212461207702205],[21.19207942706975,49.21245673214818],[21.192079436765297,49.21245223472635],[21.192080132274747,49.2124477604415],[21.19208150663807,49.212443354067055],[21.192083546102122,49.21243905969681],[21.192086230258177,49.21243492030368],[21.192089532246257,49.21243097730981],[21.192093419023852,49.212427270171936],[21.192097851696605,49.21242383598671],[21.192102785907544,49.21242070911934],[21.192108172280914,49.21241792085974],[21.19211395691627,49.21241549910951],[21.1921200819279,49.212413468102525],[21.19212648602402,49.212411848162766],[21.192133105120128,49.2124106555006],[21.192139872980288,49.21240990205074],[21.192146721879894,49.21240959535278],[21.192153583283442,49.21240973847583],[21.192160388530276,49.21241032998765],[21.192502897325465,49.21245161196077],[21.192503676321355,49.21245170890199],[21.19287761868173,49.212499711083254],[21.19288451562324,49.21250084228912],[21.19315573260983,49.212555248882694],[21.193157312933597,49.21255553900013],[21.193372624449697,49.21259145024328],[21.193379054423225,49.21259274557243],[21.193385259919868,49.21259444711494],[21.19339118131049,49.212596538520515],[21.193396761695933,49.212598999692716],[21.19340194745379,49.21260180698193],[21.193406688753594,49.21260493341266],[21.19341094003571,49.21260834894277],[21.19341466044911,49.212612020752196],[21.19341781424389,49.21261591355811],[21.19342037111482,49.212619989954234],[21.193422306492533,49.21262421077009],[21.193460453727724,49.2127251145362],[21.193460478867383,49.21272518125174],[21.193497908119596,49.21282483794269],[21.193499208069785,49.21282923125769],[21.19349983490711,49.21283368747351],[21.193499782420872,49.21283816243927],[21.193499051130896,49.21284261181827],[21.193497648282428,49.21284699152742],[21.193495587774304,49.21285125817378],[21.1934928900213,49.21285536948464],[21.193489581751837,49.21285928472625],[21.193485695743178,49.212862965107576],[21.193481270496704,49.2128663741643],[21.19347634985644,49.21286947812056],[21.193470982574656,49.21287224622309],[21.193465221828856,49.21287465104635],[21.193459124694918,49.212876668763954],[21.193452751581543,49.21287827938495],[21.193446165631844,49.21287946695167],[21.193439432097616,49.21288021969814],[21.19343261769294,49.212880530166196],[21.19342578993314,49.2128803952799],[21.19341901646581,49.2128798163756],[21.193412364400704,49.212878799189006],[21.193286755363392,49.212855217025165],[21.193086327122376,49.2128177715403],[21.193079818839976,49.21281632103414],[21.192818073930386,49.21274822394346],[21.192816535491392,49.21274787818968],[21.192814953887186,49.21274762970887],[21.192266032542445,49.21267928261897],[21.192259483415523,49.21267824661634],[21.19225312091385,49.212676794889475],[21.19224700636157,49.212674941430656],[21.192241198692994,49.21267270410434],[21.192235753884535,49.21267010447452],[21.19223072441523,49.21266716759753],[21.192226158760867,49.21266392177998],[21.192222100926806,49.21266039830628],[21.19221859002384,49.212656631137015],[21.192174957290373,49.21260418723699],[21.192172074586374,49.21260028581287],[21.19216977874896,49.2125962206567],[21.192168091117495,49.21259202955369],[21.192167027378098,49.21258775145942],[21.192166629055905,49.21258374441038],[21.192166603215554,49.21258359501602]],[[21.19071647953238,49.226012100219336],[21.19071516590952,49.22601153977268],[21.190504492999448,49.225930482058466],[21.190498914118137,49.22592808949823],[21.190493716018043,49.22592535368384],[21.190488947755227,49.22592230043399],[21.190484654329225,49.22591895856326],[21.190480876258334,49.22591535960982],[21.190477649197273,49.22591153753813],[21.190475003600707,49.225907528418354],[21.190472964435784,49.22590337008572],[21.19047155094659,49.225899101783696],[21.190470776472484,49.225894763793534],[21.190470648322247,49.2258903970542],[21.19047116770509,49.225886042775855],[21.190472329719302,49.225881742051165],[21.19047412339843,49.22587753546732],[21.190476531814856,49.22587346272304],[21.19047953223949,49.22586956225399],[21.19048309635636,49.225865870870095],[21.190487190529733,49.22586242340796],[21.19049177612165,49.22585925240219],[21.190496809856505,49.22585638777854],[21.190592357892875,49.225807137046644],[21.19059765012629,49.225804665608806],[21.1906032755329,49.22580253308779],[21.190609183676447,49.2258007586033],[21.19061532158578,49.22579935806497],[21.19062163422971,49.22579834402975],[21.190628065010433,49.2257977255892],[21.190634556270957,49.22579750828828],[21.190641049812047,49.22579769407509],[21.19064748741404,49.225798281283986],[21.19065381135878,49.22579926465017],[21.190659964947137,49.22580063535701],[21.19066589300737,49.225802381115024],[21.190671542389726,49.22580448627211],[21.190676862443013,49.225806931953905],[21.19098577582098,49.225963748178636],[21.190990986373784,49.22596667788216],[21.19099572391463,49.22596993390599],[21.190999941028974,49.22597348366301],[21.191003595510832,49.22597729162641],[21.191006650785113,49.22598131968514],[21.191009076273772,49.22598552752548],[21.19101084770174,49.2259898730343],[21.191011947339963,49.22599431272066],[21.191012364182793,49.22599880215101],[21.19101209405819,49.226003296394104],[21.19101113966946,49.22600775047034],[21.191009510568165,49.22601211980217],[21.191007223058623,49.22601636066018],[21.191004300034656,49.22602043060077],[21.19100077075053,49.226024288890876],[21.19099667052812,49.226027896915646],[21.19099204040345,49.226031218565055],[21.19098692671598,49.22603422059515],[21.19098138064481,49.2260368729607],[21.19091761508595,49.22606427456432],[21.19091535583365,49.226065204784824],[21.190859121238983,49.226087371712126],[21.19085333691248,49.22608941150859],[21.190847281356525,49.226091079810004],[21.190841010034912,49.226092361336015],[21.190834580387683,49.22609324434903],[21.19082805130504,49.22609372076131],[21.190821482587918,49.226093786209404],[21.19081493440027,49.226093440093756],[21.19080846671803,49.226092685584625],[21.19080213877976,49.22609152959249],[21.19079600854407,49.2260899827055],[21.190790132158774,49.22608805909169],[21.19078456344658,49.226085776369764],[21.19077935341221,49.22608315544762],[21.19077454977512,49.22608022033066],[21.19077019653251,49.226076997902034],[21.190766333556326,49.2260735176765],[21.19076299622805,49.22606981153003],[21.190717273728666,49.22601298551918],[21.19071647953238,49.226012100219336]],[[21.191974473493225,49.18926879229093],[21.191974591527444,49.18926773187605],[21.191974631014546,49.18926663947734],[21.191975103699612,49.18926232955503],[21.191976205450047,49.18925806928061],[21.191977926088683,49.18925389800677],[21.19198024972161,49.189249854264126],[21.19198315488501,49.18924597540519],[21.191986614743413,49.18924229725948],[21.19199059733755,49.18923885380247],[21.191995065879667,49.189235676841705],[21.191999979093225,49.189232795723235],[21.192005291594235,49.189230237060194],[21.192010954310486,49.189228024487285],[21.1920169149348,49.18922617844227],[21.19202311840821,49.18922471597726],[21.19202950742854,49.18922365060124],[21.192036022979725,49.189222992155194],[21.1920426048769,49.18922274672124],[21.192049192322397,49.18922291656647],[21.192055724467256,49.18922350012201],[21.192062140973373,49.189224491997486],[21.192068382570785,49.18922588303092],[21.19207439160516,49.18922766037306],[21.19208011257037,49.189229807606495],[21.192246091177903,49.18929925072897],[21.192247535282732,49.18929979067952],[21.192249081440924,49.18929939012332],[21.19237509676518,49.189261897107016],[21.192376530743065,49.18926141482873],[21.192377051810137,49.18926041515557],[21.19241547412835,49.18917324358744],[21.192415864742532,49.18917214958374],[21.192414767748694,49.18917128621548],[21.192303772248525,49.189092528724075],[21.192299481303504,49.18908916945498],[21.192295709574253,49.18908555239137],[21.192292492877165,49.18908171188101],[21.192289861758034,49.18907768439366],[21.192287841201935,49.18907350817444],[21.192286450396004,49.18906922288092],[21.192285702547217,49.18906486920646],[21.192285604757018,49.18906048849366],[21.19228615795384,49.18905612234198],[21.192287356884368,49.189051812212426],[21.19228919016332,49.18904759903427],[21.19229164038169,49.18904352281585],[21.192294684272007,49.189039622265135],[21.192298292929273,49.18903593442173],[21.192302432085476,49.18903249430556],[21.192307062435017,49.18902933458397],[21.192312140007928,49.18902648526179],[21.192317616587427,49.18902397339624],[21.192323440167787,49.18902182283997],[21.192329555448165,49.189020054014705],[21.192335904357773,49.18901868371723],[21.192342426607283,49.18901772495992],[21.19234906026135,49.189017186847195],[21.192355742326704,49.18901707448885],[21.19267326745112,49.18902188137688],[21.19267472040552,49.18902191347098],[21.193107919729293,49.18903449512797],[21.19311465169443,49.18903490928271],[21.193121288742738,49.18903575585035],[21.193127766382826,49.18903702660475],[21.19313402167224,49.189038709198215],[21.19313999382909,49.18904078728125],[21.193145624822588,49.18904324066128],[21.19315085993701,49.189046045499104],[21.193155648303268,49.18904917454047],[21.193159943393297,49.18905259738092],[21.19316370347209,49.189056280761015],[21.193166892003255,49.189060188889734],[21.193169478004048,49.18906428379224],[21.19317143634643,49.189068525678884],[21.193172748001242,49.18907287333162],[21.1931734002231,49.18907728450477],[21.19317338667423,49.189081716335394],[21.193172707486145,49.18908612575988],[21.193171369258263,49.18909046993223],[21.193154349057686,49.18913442734899],[21.19315254977009,49.189138324704096],[21.193150219886064,49.1891420993746],[21.193147378516528,49.18914572039836],[21.193144048967923,49.18914915807369],[21.193090251746714,49.18919950855849],[21.19308631700009,49.189202846275286],[21.193081922344774,49.189205927610686],[21.193077106462,49.18920872544322],[21.19307191174066,49.18921121514656],[21.193066383904135,49.18921337480651],[21.192893603703126,49.18927386628025],[21.1928875035228,49.18927575542543],[21.19288114969914,49.18927724263668],[21.19287460370224,49.189278313525946],[21.192867928861464,49.18927895773285],[21.192861189752687,49.18927916902512],[21.19285445157349,49.18927894535852],[21.192847779512537,49.189278288896915],[21.192841238118778,49.189277205991274],[21.19261510251127,49.18923190822514],[21.19261357165478,49.189231653221576],[21.192612707673316,49.18923251990164],[21.192568720432163,49.189281610015044],[21.192568720364015,49.18928161009567],[21.1924935192693,49.18936553525087],[21.192489802622966,49.189369249745155],[21.192485544877076,49.189372705718164],[21.19248078759452,49.18937586943365],[21.192475577214598,49.18937871000813],[21.19246996459961,49.18938119971282],[21.192464004538426,49.18938331424369],[21.19245775521161,49.1893850329593],[21.192276419281082,49.18942813135408],[21.192274907341975,49.18942854647661],[21.192274279725282,49.18942953902965],[21.192232504219803,49.18950595248987],[21.19222993192661,49.189510018752095],[21.192226765275336,49.18951390064868],[21.192223034622042,49.18951756096675],[21.192218775729547,49.189520964617664],[21.192214029424466,49.189524078973285],[21.192208841205918,49.18952687417866],[21.192203260809308,49.18952932343819],[21.192197341729617,49.18953140327285],[21.19219114070851,49.189533093744764],[21.192184717190433,49.18953437864865],[21.192178132752783,49.18953524566714],[21.192171450515545,49.18953568648876],[21.192164734536288,49.189535696887724],[21.192158049195996,49.18953527676431],[21.192151458581964,49.18953443014592],[21.192133708331106,49.189531552099275],[21.19212746319506,49.189530330452776],[21.192121423139046,49.18952872584099],[21.192115642689657,49.18952675274953],[21.192110174029885,49.189524428990595],[21.192105066528008,49.18952177554178],[21.19210036629195,49.18951881635719],[21.192096115753014,49.18951557815078],[21.19209235328282,49.189512090155546],[21.191922847069552,49.189337950696626],[21.191919503081994,49.189334111139175],[21.191916750611846,49.18933007487518],[21.191914616275064,49.18932588093487],[21.191913120710286,49.189321569873165],[21.191912278379295,49.18931718337757],[21.19191209742717,49.189312763865054],[21.191912579603525,49.1893083540717],[21.191913720245587,49.18930399663976],[21.191915508323316,49.189299733705006],[21.191917926546083,49.18929560648957],[21.19192095152979,49.189291654903066],[21.191924554023117,49.18928791715683],[21.191928699190292,49.189284429394405],[21.19193334694798,49.189281225341944],[21.191938452352918,49.189278335982266],[21.191943966036437,49.18927578925505],[21.191949834681928,49.18927360978681],[21.19195600154036,49.189271818652664],[21.19196240697906,49.189270433172666],[21.191968989058303,49.189269466744236],[21.19197289054911,49.18926902465859],[21.191974473493225,49.18926879229093]],[[21.191416049706575,49.21248409458113],[21.19141327102976,49.212488119914894],[21.19140990273694,49.21249194715104],[21.19140597735141,49.21249553933487],[21.191401532775558,49.21249886178107],[21.191396611925025,49.21250188240894],[21.191391262314244,49.21250457205206],[21.19138553559767,49.212506904739904],[21.191379487071053,49.21250885794856],[21.19137317513745,49.21251041281836],[21.191366660743356,49.212511554335876],[21.19136000679016,49.21251227147886],[21.19135327752686,49.21251255732275],[21.191346537929604,49.212512409107546],[21.191339853074297,49.21251182826427],[21.190930812706725,49.21246278416251],[21.190923365270617,49.212461606371185],[21.190916164637446,49.212459892068225],[21.190810187743217,49.21243017604847],[21.190804145874985,49.21242824736689],[21.19079842095651,49.21242594074334],[21.19079306789877,49.212423278302026],[21.19078813804599,49.21242028557994],[21.190783678683175,49.21241699128199],[21.19077973258255,49.212413427005735],[21.190776337593313,49.2124096269382],[21.190773526278633,49.21240562752799],[21.190771325603297,49.212401467135685],[21.190769756675074,49.21239718566607],[21.19076883454228,49.21239282418509],[21.190768568049435,49.212388424526154],[21.190768959752482,49.21238402888895],[21.190770005894166,49.21237967943435],[21.190776586444983,49.21235897367365],[21.190778245494307,49.21235477824127],[21.190780513439417,49.212350706955036],[21.19078336920528,49.21234679764745],[21.190786786254566,49.21234308664567],[21.190790732834216,49.21233960843428],[21.19079517227054,49.21233639533449],[21.190800063310018,49.21233347720399],[21.19080536050262,49.21233088115956],[21.19081101462416,49.212328631324894],[21.190816973133725,49.21232674860654],[21.190823180661905,49.21232525049967],[21.190829579525285,49.21232415092542],[21.190836110262506,49.212323460101544],[21.190842712186765,49.21232318444753],[21.190849323949756,49.21232332652481],[21.191399995131803,49.212352613367536],[21.191406672938026,49.21235318571387],[21.19141323295525,49.21235418412513],[21.19141961200445,49.21235559898556],[21.191425748649497,49.21235741666887],[21.191431583788805,49.21235961966904],[21.191437061224544,49.21236218676909],[21.191442128203896,49.212365093245594],[21.19144673592707,49.2123683111064],[21.191450840017314,49.21237180936054],[21.191454400948345,49.212375554316594],[21.191457384424925,49.21237950990709],[21.191459761713258,49.21238363803609],[21.191461509917684,49.212387898945764],[21.19146261220118,49.21239225159957],[21.191463057947544,49.212396654077345],[21.19146284286366,49.21240106397906],[21.19146196902081,49.212405438833215],[21.191460444834764,49.21240973650583],[21.191458284984712,49.2124139156062],[21.191416049706575,49.21248409458113]],[[21.189515650358306,49.205599767568565],[21.18951435875405,49.20559546684688],[21.189513712444768,49.20559110415446],[21.1895137175734,49.20558672095838],[21.18951437409103,49.20558235892044],[21.18951567575733,49.205578059501356],[21.18951761019996,49.205573863566634],[21.189520159032092,49.205569810998206],[21.189523298027208,49.20556594031536],[21.18952699734939,49.20556228830835],[21.189531221836862,49.205558889689215],[21.189535931336284,49.205555776761365],[21.189541081084315,49.20555297911283],[21.189546622133154,49.205550523334914],[21.189552501815776,49.20554843276956],[21.18955866424644,49.205546727287256],[21.189565050852003,49.205545423098414],[21.18957160092856,49.20554453259925],[21.189578252218432,49.205544064253736],[21.189584941501966,49.20554402251352],[21.18959160519835,49.20554440777529],[21.189598179969988,49.20554521637729],[21.18960538989253,49.20554634398195],[21.189608941587384,49.20554677134559],[21.189683076838975,49.20555306904554],[21.1896864444932,49.205553245155585],[21.190006363216,49.2055596100706],[21.190010950026497,49.20555980222959],[21.19002545726502,49.20556073051883],[21.190026992889802,49.2055607829034],[21.1900284084197,49.205560389325164],[21.19015102313868,49.20552191177059],[21.190642692298855,49.205367618673975],[21.19064889036924,49.20536591286306],[21.19065531345103,49.205364612652716],[21.1906618998887,49.20536373052359],[21.190668586458663,49.20536327494338],[21.190675308976182,49.20536325028522],[21.190682002911426,49.20536365678576],[21.190688604008983,49.205364490542976],[21.19069504890453,49.205365743553685],[21.190701275733147,49.20536740379004],[21.190707224723138,49.205369455315434],[21.19071283876977,49.20537187843711],[21.190718063983443,49.205374649895425],[21.190722850206935,49.20537774308688],[21.190727151496922,49.20538112831986],[21.19073092656495,49.20538477309921],[21.19073413917376,49.205388642438514],[21.19073675848518,49.205392699195706],[21.190738759356123,49.20539690442969],[21.19074012257991,49.20540121777413],[21.190740835070702,49.205405597824914],[21.19074088998906,49.20541000253753],[21.19074028680766,49.20541438963088],[21.190739031316316,49.20541871699288],[21.19073713556643,49.20542294308478],[21.190734617755286,49.20542702733998],[21.190731502051456,49.20543093055334],[21.190727818362728,49.20543461525757],[21.19050999886744,49.20563080422901],[21.19050912723486,49.20563167697966],[21.190510611789193,49.205632053392456],[21.190533068663303,49.20563692548601],[21.19053903077636,49.20563842407721],[21.190544754449263,49.20564027934504],[21.1907718427778,49.20572271827886],[21.190774645243636,49.205723628768105],[21.190915939904603,49.20576438388768],[21.190921952955126,49.205766354075976],[21.19092764288522,49.20576870037075],[21.190932955072277,49.20577140024774],[21.190937838519943,49.20577442778862],[21.19094224634769,49.205777753929354],[21.190946136240854,49.205781346739414],[21.190949470856832,49.205785171728316],[21.191331249907375,49.206277644294865],[21.191334061853834,49.20628177358159],[21.191336226551794,49.20628606704974],[21.19133772210523,49.20629048127104],[21.191338533386478,49.206294971595696],[21.19133865218927,49.20629949260418],[21.191338077311723,49.20630399856659],[21.191336814568523,49.20630844390517],[21.191334876732135,49.206312783655385],[21.19133228340357,49.20631697392065],[21.19132906081417,49.20632097231652],[21.19132524156027,49.20632473839925],[21.19132086427348,49.20632823407486],[21.191315973229948,49.20633142398468],[21.191310617902495,49.206334275862666],[21.191304852460203,49.20633676086214],[21.191298735220485,49.20633885384727],[21.191292328059244,49.206340533647555],[21.191285695784913,49.20634178327176],[21.191278905483003,49.20634259007993],[21.191272025837485,49.20634294591114],[21.19114309574222,49.20634535138913],[21.191136289298424,49.20634525699716],[21.191129530631752,49.20634472113788],[21.19112288627445,49.20634374908636],[21.19111642163353,49.20634235041141],[21.19111020034683,49.20634053888161],[21.19110428365664,49.206338332329615],[21.191098729806722,49.206335752476676],[21.191093593469066,49.20633282471886],[21.19108892520564,49.20632957787703],[21.191084770970647,49.20632604391295],[21.191081171658215,49.206322257614985],[21.191078162699757,49.20631825625532],[21.191075773715262,49.206314079223276],[21.191074028221674,49.20630976763742],[21.191072943401423,49.206305363940956],[21.191045281575583,49.20614185856387],[21.191045031291303,49.206140825894856],[21.191044093214952,49.20613998001709],[21.19069081059148,49.20585106242625],[21.190689741264972,49.20585027208693],[21.19068867669153,49.20585106517623],[21.190530593719856,49.20598139469196],[21.190529657919473,49.20598224654038],[21.190529878957275,49.205983286074385],[21.19063632878763,49.20635378710143],[21.1906366847836,49.206354775141016],[21.19063777439871,49.20635549494134],[21.191009655388495,49.2065798261274],[21.191014560833356,49.206583103801854],[21.19101893059085,49.20658669214339],[21.191022719103064,49.20659055374116],[21.191025886871977,49.2065946483353],[21.191028400871193,49.20659893323674],[21.191030234890327,49.20660336377236],[21.191031369808258,49.20660789375064],[21.191031793792472,49.206612475943395],[21.19103150242243,49.206617062578026],[21.191030498735657,49.20662160583546],[21.19102879319616,49.20662605834905],[21.1910264035852,49.20663037369811],[21.190975265748158,49.20670981637358],[21.190972328645223,49.206713815493735],[21.19096880408339,49.20671760539459],[21.190964726407067,49.20672114914602],[21.190960135350437,49.20672441221662],[21.190955075650265,49.20672736280978],[21.190949596609954,49.20672997217397],[21.19094375161915,49.20673221488253],[21.190937597633454,49.206734069081776],[21.190931194619463,49.20673551670376],[21.1909246049704,49.206736543642286],[21.19091789289815,49.206737139890514],[21.190911123807513,49.206737299638405],[21.19090436365895,49.206737021329324],[21.190897678325754,49.20673630767517],[21.190891132952178,49.206735165630086],[21.190884791318673,49.20673360632254],[21.19087871522035,49.206731644946956],[21.19087296386484,49.2067293006158],[21.1908675932953,49.206726596172906],[21.190219929589226,49.20636577539352],[21.19021464168669,49.206362497300155],[21.190209913572488,49.20635887059919],[21.18958320421999,49.205823010072635],[21.189579158853665,49.205819150216044],[21.189575748112507,49.20581503561386],[21.18957300899108,49.20581071089529],[21.189570971199206,49.205806222968576],[21.18956965683967,49.205801620512155],[21.189569080168503,49.20579695344671],[21.189566359325056,49.20573482630945],[21.189566208819265,49.20573363050637],[21.18956586393062,49.20573245211627],[21.189515650358306,49.205599767568565]],[[21.191141712450136,49.19541917103179],[21.19114171155513,49.19541917081471],[21.19098529788204,49.19537831608718],[21.1909834427671,49.195377871664924],[21.190885649896316,49.19535651510146],[21.19087929507915,49.1953548931352],[21.19087321739023,49.195352865680405],[21.190867476891697,49.19535045277317],[21.19086213031338,49.195347678258756],[21.19085723049224,49.195344569556056],[21.19085282585016,49.195341157386494],[21.19084895991543,49.19533747547044],[21.19084567089263,49.19533356019411],[21.190842991285017,49.19532945024973],[21.19084094757336,49.195325186253335],[21.190839559954245,49.195320810343425],[21.190838842140494,49.19531636576448],[21.190838801225606,49.19531189643937],[21.190839437613757,49.195307446535764],[21.19084074501575,49.19530306002926],[21.19084271051116,49.19529878026888],[21.19084531467607,49.19529464954891],[21.190848531775035,49.19529070869053],[21.190889990245214,49.19524548232716],[21.19089574137199,49.19524013320836],[21.19095314943891,49.195194236025834],[21.190957063620736,49.19519136655171],[21.190961337949638,49.19518872699738],[21.190965941099343,49.19518633670797],[21.191039961607494,49.195151171945675],[21.19104191392856,49.19515017199388],[21.19107445272818,49.19513222806122],[21.191079725913475,49.19512959448791],[21.19108536237442,49.19512730680521],[21.191091309468096,49.1951253863794],[21.191097511650373,49.195123851146704],[21.191103910994688,49.19512271544566],[21.19111044773306,49.19512198988342],[21.191117060814296,49.19512168123659],[21.191123688474196,49.195121792387695],[21.191130268812405,49.195122322298815],[21.19113674037051,49.19512326602056],[21.1911430427061,49.19512461473894],[21.19122717482133,49.19514561843079],[21.191233131576077,49.19514732142191],[21.1912388157107,49.1951493861805],[21.191244176213658,49.195151794176695],[21.19124916497778,49.195154523800134],[21.191253737232,49.19515755055429],[21.19125785194313,49.19516084727589],[21.19136549337887,49.1952559481742],[21.191369407582634,49.195259807174615],[21.191372694910203,49.19526390971746],[21.19137532044076,49.19526821222226],[21.19137725628361,49.19527266898424],[21.191401292947372,49.19534125208247],[21.19140171618961,49.195342240154396],[21.19140323874635,49.19534200022686],[21.191428350144594,49.19533719872119],[21.191435097141206,49.195336147934114],[21.191441971539184,49.19533554893141],[21.191448903089732,49.19533540783416],[21.19145582096004,49.195335726084316],[21.191462654457073,49.19533650042967],[21.191469333750025,49.19533772295728],[21.191475790583834,49.19533938117423],[21.191481958976727,49.195341458135445],[21.19148777589446,49.19534393261651],[21.191493181894458,49.19534677933104],[21.191498121733243,49.19534996918873],[21.191502544930962,49.19535346959269],[21.19150640628725,49.195357244772644],[21.191580929285823,49.195438728119115],[21.191584126147358,49.19544265148818],[21.191586715851543,49.195446762668865],[21.191605373811782,49.19548110818851],[21.191607291481212,49.195485262984185],[21.19160858884263,49.195489519611925],[21.191609253802554,49.195493838393666],[21.19160928016243,49.195498179072096],[21.19160866767638,49.19550250118567],[21.191607422053515,49.19550676444605],[21.1916055549047,49.195510929113354],[21.19160308363435,49.19551495636674],[21.191600031278213,49.19551880866626],[21.191596426288612,49.19552245010284],[21.191592302269264,49.195525846732956],[21.191587697662012,49.19552896689493],[21.191582655388537,49.19553178150425],[21.19157722245023,49.19553426432461],[21.191571449490088,49.1955363922124],[21.191565390320612,49.19553814533258],[21.191559101422254,49.19553950734339],[21.191552641416884,49.19554046554902],[21.191546070521337,49.195541011017426],[21.191539449986152,49.19554113866411],[21.19153284152454,49.19554084729915],[21.191526306737224,49.19554013963852],[21.191519906538133,49.19553902227871],[21.191513700586636,49.19553750563524],[21.191329685527265,49.19548577408462],[21.191321417069283,49.195483001210455],[21.191194918186415,49.195433225735044],[21.191193706229292,49.19543279145287],[21.191192444783614,49.19543242263314],[21.191141712450136,49.19541917103179]],[[21.18970598681585,49.20695839433674],[21.189704707545523,49.206957625011036],[21.189693493395374,49.206951549558916],[21.18968854538646,49.20694859089926],[21.189684061262707,49.20694533022037],[21.189680083759896,49.206941798598116],[21.189676650785415,49.20693802969055],[21.189673795057043,49.20693405941714],[21.189671543791075,49.20692992561652],[21.18966991844301,49.20692566768571],[21.189668934503022,49.20692132620494],[21.189668601348338,49.2069169425504],[21.189668922153917,49.20691255850045],[21.18966989386216,49.20690821583709],[21.189671507212072,49.206903955947915],[21.189673746827545,49.206899819431705],[21.189676591363828,49.206895845711216],[21.18968001371108,49.206892072657915],[21.18968398125265,49.20688853623065],[21.189688456175983,49.2068852701332],[21.189693395832922,49.20688230549296],[21.189698753146285,49.206879670564234],[21.189704477058402,49.20687739045907],[21.18971051301782,49.20687548690789],[21.189716803499135,49.20687397805246],[21.189723288551253,49.20687287827272],[21.18994029355088,49.20684339829719],[21.189941863280538,49.206843133293646],[21.18994316922583,49.20684250410721],[21.190103094130908,49.20675746164275],[21.190108541397688,49.20675484545581],[21.190114354816235,49.20675259281896],[21.190120478064905,49.206750725556205],[21.190126851820388,49.20674926175808],[21.19033007550465,49.20670983121849],[21.19033683934857,49.20670875996589],[21.19034373400374,49.206708143075346],[21.190350688563086,49.20670798689115],[21.19035763150353,49.20670829301959],[21.190364491421445,49.20670905831237],[21.190371197767,49.20671027489883],[21.190377681569807,49.20671193026729],[21.190383876148143,49.20671400739327],[21.190389717794723,49.20671648491496],[21.19039514643195,49.20671933735254],[21.190400106229713,49.20672253537062],[21.190630647530202,49.20688707504241],[21.190635009807895,49.20689051767319],[21.190638828208023,49.20689422736072],[21.190642064909426,49.20689816736072],[21.19064468785265,49.20690229864775],[21.190646671057404,49.206906580301634],[21.190647994879992,49.206910969912784],[21.190648646207862,49.20691542400238],[21.190648618589442,49.20691989845283],[21.190647912298125,49.20692434894492],[21.19064653432951,49.20692873139675],[21.19064449833215,49.20693300240028],[21.19064182447236,49.206937119651364],[21.19063853923446,49.20694104236878],[21.19063467515851,49.20694473169822],[21.190630270517914,49.20694815109687],[21.190625368940402,49.206951266695725],[21.190620018975917,49.206954047634945],[21.190614273615626,49.20695646636927],[21.190608189767147,49.206958498941326],[21.190601827690827,49.206960125218345],[21.19059525040287,49.20696132909228],[21.190588523051176,49.206962098638726],[21.190581712270035,49.206962426235286],[21.19057488552008,49.206962308637145],[21.190538336740634,49.20696048352037],[21.190535077097444,49.2069604226362],[21.190356254731167,49.206962656988864],[21.190352996719618,49.206962799578456],[21.190058437432388,49.2069849610724],[21.190053243815203,49.206985221427395],[21.189926155193426,49.206988420212284],[21.189924492218687,49.20698851708019],[21.189923879023358,49.206989534517504],[21.189905271016563,49.20702562132575],[21.1899027367938,49.207029825936125],[21.18989957095008,49.20703384254678],[21.18989580549247,49.207037630549166],[21.189891478490253,49.20704115164575],[21.189886633690072,49.20704437023782],[21.189881320073617,49.20704725378479],[21.189875591362412,49.20704977313342],[21.1898695054747,49.2070519028127],[21.189863123939862,49.20705362129116],[21.189856511276354,49.20705491119472],[21.189849734339408,49.207055759482195],[21.18978899201629,49.2070613060016],[21.189782336422276,49.207061698476664],[21.18977565412327,49.207061664910675],[21.189769008495613,49.207061205622004],[21.189762462567813,49.20706032496663],[21.18975607842283,49.20705903129688],[21.18974991660919,49.20705733688215],[21.18974403556683,49.2070552577927],[21.189738491072703,49.20705281374696],[21.189733335711892,49.207050027924815],[21.189728618378826,49.20704692674754],[21.18972438381355,49.20704353962734],[21.18972067217745,49.20703989868835],[21.189717518672285,49.207036038461936],[21.189714953206394,49.207031995559305],[21.18971300011102,49.20702780832406],[21.18971167790952,49.20702351646874],[21.18971099914175,49.20701916069814],[21.189708433510525,49.20698749510597],[21.189706168280274,49.206959525833575],[21.18970598681585,49.20695839433674]],[[21.190333694951505,49.1999244189968],[21.19033301132038,49.1999232239024],[21.19014575907469,49.199645373000195],[21.19014339688132,49.199641358189325],[21.190141631193843,49.199637213785586],[21.1901404781854,49.19963297775071],[21.190139948417105,49.19962868888585],[21.190140046741377,49.199624386475996],[21.190140772257426,49.1996201099302],[21.190142118319525,49.199615898420696],[21.190144072597928,49.199611790523754],[21.19014661719176,49.19960782386683],[21.190149728793028,49.19960403478349],[21.19022596228922,49.199520989446754],[21.190229339010042,49.199517656319756],[21.19023315453118,49.199514533103574],[21.190392969819065,49.199395027693676],[21.19039770824442,49.19939182066349],[21.190402908626417,49.19938893736661],[21.190408519698085,49.19938640622734],[21.190414486143744,49.199384252198506],[21.19042074914438,49.19938249651506],[21.190427246957462,49.19938115648508],[21.19043391552563,49.199380245319],[21.19044068910818,49.19937977199937],[21.190447500929157,49.19937974119222],[21.190454283835646,49.19938015320136],[21.190460970959776,49.199381003965044],[21.190467496377916,49.199382285096235],[21.190473795760568,49.19938398396509],[21.190479807006543,49.19938608382367],[21.190485470855172,49.199388563971034],[21.190490731470494,49.199391399957065],[21.190495536991737,49.19939456382381],[21.19049984004453,49.1993980243809],[21.190503598207982,49.19940174751312],[21.190506774432865,49.19940569651674],[21.19050933740682,49.19940983246124],[21.19051126186312,49.1994141145732],[21.190550090418128,49.19951957601005],[21.190551303051237,49.19952370984149],[21.190593381574242,49.19971510992162],[21.190593968432324,49.19971892749475],[21.190594348018585,49.19972323262698],[21.190594348021524,49.199723232650435],[21.19060217234018,49.19981197233284],[21.19060223733438,49.19981626879502],[21.190601676158547,49.19982054970237],[21.190600493937932,49.199824775956145],[21.19056988261502,49.19991079752504],[21.190567671324622,49.199915721413106],[21.19056461802859,49.19992044805398],[21.19052125193109,49.19997816080711],[21.19050426440625,49.2000007676861],[21.190500574809896,49.20000506558226],[21.190496189110377,49.2000090728313],[21.190491160069957,49.20001274122393],[21.190459588203232,49.20003337329201],[21.190454537077382,49.20003636182255],[21.190449058991607,49.20003900773319],[21.190443207843803,49.200041284991286],[21.190437041202358,49.20004317119122],[21.19043061973983,49.200044647775094],[21.19042400663587,49.20004570021493],[21.19041726695573,49.200046318155984],[21.19041046700998,49.20004649551844],[21.19040367370219,49.20004623055721],[21.190396953870607,49.20004552587931],[21.190390373630514,49.20004438841787],[21.190383997723806,49.20004282936416],[21.190377888881958,49.20004086405756],[21.190372107208795,49.20003851183428],[21.19036670958917,49.2000357958375],[21.19036174912931,49.20003274278945],[21.19035727463421,49.200029382728516],[21.190353330127575,49.20002574871382],[21.190349954418572,49.200021876499704],[21.19034718072009,49.20001780418425],[21.190345036321887,49.20001357183422],[21.190343542322147,49.200009221090916],[21.19034271341988,49.20000479476052],[21.190333946892597,49.19992568457326],[21.190333694951505,49.1999244189968]],[[21.187210885606675,49.22540108756497],[21.187266652685473,49.22525565847045],[21.18726856529535,49.22525152315741],[21.18727107517654,49.2252475271971],[21.187274159145858,49.22524370749899],[21.18727778871744,49.22524009934455],[21.187281930365874,49.22523673606127],[21.187286545835875,49.22523364871479],[21.187291592495626,49.22523086582202],[21.18729702373057,49.225228413087684],[21.187302789373934,49.22522631316703],[21.187308836170192,49.225224585456324],[21.187315108266873,49.22522324591399],[21.187321547730477,49.2252223069129],[21.187328095081643,49.22522177712634],[21.18733468984445,49.22522166144781],[21.187341271105083,49.225221960945774],[21.18734777807443,49.22522267285388],[21.187354150649572,49.225223790596424],[21.187437209060526,49.225241200386144],[21.18743720951267,49.225241200473064],[21.187706588066643,49.22529766284061],[21.18771272955426,49.22529916539847],[21.18771862417531,49.22530104484171],[21.187724218160213,49.225303284026545],[21.18772946048175,49.22530586252748],[21.18773430332048,49.22530875682399],[21.187738702500912,49.22531194051494],[21.18774261789453,49.22531538455922],[21.18774601378577,49.22531905754106],[21.187748859197864,49.225322925956156],[21.187751128175382,49.225326954517556],[21.187752800021023,49.225331106477604],[21.187753583639864,49.22533351342862],[21.187754669727347,49.22533790482075],[21.187755087875708,49.22534234501602],[21.187754833990677,49.22534679054063],[21.187753910557866,49.22535119786851],[21.187752326618405,49.225355523847746],[21.18775009768044,49.22535972612272],[21.1877472455673,49.22536376354904],[21.187743798203808,49.2253675965963],[21.187739789342917,49.225371187735234],[21.187735258235207,49.22537450180511],[21.187730249244606,49.22537750635792],[21.187724811413993,49.225380171976035],[21.187718997985044,49.22538247256044],[21.18771286587697,49.22538438558621],[21.187706475129147,49.22538589232277],[21.18769988831335,49.22538697801782],[21.187693169921026,49.225387632041276],[21.187455393180837,49.225402951757395],[21.18744664502173,49.225403515053486],[21.187445092594356,49.22540366270363],[21.1874438060103,49.225404247516735],[21.187304767460923,49.22547383567696],[21.187299152051118,49.22547636713191],[21.187293180966208,49.22547852130247],[21.18728691309647,49.225480276942996],[21.187280410259234,49.22548161673832],[21.18727373658925,49.225482527474554],[21.18726695790612,49.22548300016957],[21.187260141065188,49.22548303016131],[21.187253353298086,49.22548261715397],[21.18724666154975,49.225481765220955],[21.18724013181808,49.225480482764425],[21.18723382850308,49.22547878243281],[21.187227813771678,49.225476680995676],[21.18722214694459,49.22547419917867],[21.1872168839113,49.22547136145888],[21.187212076578813,49.22546819582357],[21.187207772359702,49.22546473349396],[21.18720401370453,49.22546100861762],[21.187200837683193,49.225457057931386],[21.18719827561927,49.22545292039914],[21.187196352781136,49.22544863682763],[21.187195088132736,49.22544424946378],[21.187194494146574,49.2254398015783],[21.18719457668068,49.22543533703868],[21.187195334920897,49.225430899876706],[21.187196761388854,49.22542653385413],[21.187198842015757,49.22542228203106],[21.187210118111334,49.22540265126881],[21.18721074584829,49.22540137231036],[21.187210885606675,49.22540108756497]],[[21.188651050414318,49.20512068708597],[21.188650405985978,49.20511992145976],[21.188647359986618,49.20511582429294],[21.18864496267861,49.20511154612156],[21.188643238695445,49.205107130906214],[21.18864220575182,49.20510262401564],[21.188641874461606,49.20509807176064],[21.188642248228824,49.2050935209181],[21.188643323212595,49.20508901825038],[21.18864508836671,49.20508461002487],[21.188647525553076,49.205080341538455],[21.188650609728136,49.20507625665208],[21.188654309200178,49.205072397340125],[21.18865858595506,49.20506880325909],[21.188663396046724,49.20506551134005],[21.188668690048882,49.205062555409256],[21.18870267139109,49.2050454514048],[21.18870392151892,49.205044757323165],[21.188704931942965,49.20504407729286],[21.188709580723902,49.205041226116315],[21.18871461286399,49.20503866958677],[21.188719985026566,49.205036429721055],[21.188725650946747,49.205034525808685],[21.18873156182982,49.205032974246144],[21.188737666771495,49.2050317883954],[21.18874391319626,49.20503097846899],[21.18875024731017,49.20503055144193],[21.188756614564106,49.20503051099174],[21.188758948766424,49.20503056718105],[21.188758985163275,49.205030568307954],[21.188758986742247,49.20503056798398],[21.188760450095362,49.20503021542185],[21.18876326700081,49.20502948781797],[21.18876773668072,49.20502808055825],[21.188788505570212,49.20502028229836],[21.188794396808003,49.20501831106815],[21.188800550363034,49.20501672070652],[21.188806909043414,49.20501552599449],[21.188813413750804,49.20501473803582],[21.188820004029704,49.20501436415393],[21.188826618629275,49.205014407823725],[21.188833196072643,49.20501486863935],[21.188839675228294,49.20501574231785],[21.18884599587819,49.205017020739206],[21.188852099277426,49.205018692021646],[21.18885792870028,49.20502074063201],[21.18886342996736,49.20502314753026],[21.188868551949174,49.20502589034649],[21.18887324704131,49.205028943588545],[21.18887747160693,49.20503227887921],[21.18904828589117,49.20518119665014],[21.189051000124582,49.20518328424654],[21.18917807201576,49.20526971937671],[21.18918250393519,49.20527304663609],[21.18918641627039,49.205276642748174],[21.18918977127164,49.20528047301452],[21.189192536566832,49.20528450047736],[21.18919468547386,49.20528868627635],[21.189196197258024,49.20529299002306],[21.18919705733215,49.20529737019129],[21.189197257397296,49.20530178451731],[21.18919679552291,49.20530619040783],[21.18919567616536,49.20531054535084],[21.189193910125066,49.20531480732614],[21.18919151444216,49.20531893521024],[21.189189965132506,49.20532097567847],[21.18918932940052,49.20532192973561],[21.189189800271944,49.20532359600715],[21.189190187535136,49.205324669119186],[21.18919109166086,49.20532912567807],[21.189191311987003,49.20533361912062],[21.18919084631027,49.2053381045153],[21.189189699286946,49.20534253701108],[21.18918788238634,49.20534687228585],[21.189185413776126,49.20535106698964],[21.18918231814067,49.205355079178126],[21.189178626434202,49.20535886873193],[21.189174375571312,49.20536239775797],[21.18916960805783,49.20536563096821],[21.189164371565788,49.205368536032566],[21.18915871845674,49.20537108390224],[21.189152705258174,49.205373249100084],[21.189146392098273,49.20537500997559],[21.189139842104655,49.205376348920986],[21.189133120773164,49.205377252547684],[21.189126295312917,49.20537771182],[21.188995988295176,49.20538218261655],[21.188994941083276,49.20538221329176],[21.18886364613314,49.20538540089824],[21.18885665543524,49.20538533707518],[21.18884971093779,49.20538480747362],[21.188842884738065,49.20538381759185],[21.18883624770521,49.20538237770673],[21.188829868744424,49.20538050276704],[21.18882381408159,49.20537821223827],[21.18881814657575,49.205375529900614],[21.188812925066465,49.205372483601764],[21.188808203762992,49.20536910496826],[21.188804031681403,49.20536542907681],[21.18880045213582,49.20536149409019],[21.18879750228865,49.205357340861134],[21.18865280854728,49.20512310699532],[21.188651050414318,49.20512068708597]],[[21.179688903356496,49.21328391678894],[21.179688903368895,49.21328391674258],[21.1799598079684,49.21228204892208],[21.180086108699385,49.211814951999315],[21.180104994527884,49.21174510054688],[21.180106137785156,49.211741661820966],[21.1801491564828,49.21163292648418],[21.180155746913687,49.211616267996405],[21.18015574691444,49.21161626799648],[21.180155746923326,49.21161626797201],[21.180178914403562,49.21155770808339],[21.180613745522994,49.21045857216016],[21.180614070597656,49.2104575583865],[21.180613810606346,49.2104565365835],[21.18057934539281,49.21035148029013],[21.18047124816181,49.210021984246175],[21.180470170234937,49.210017701382824],[21.18046972773546,49.21001337037604],[21.180469924787946,49.21000903159724],[21.18047075955542,49.21000472549047],[21.180472224256423,49.210000492195135],[21.180474305237592,49.209996371171826],[21.180476983100906,49.20999240083478],[21.180480232884523,49.209988618193385],[21.180484024295474,49.20998505850754],[21.18048832199204,49.20998175495891],[21.18049308591317,49.20997873834146],[21.18049827165195,49.209976036774535],[21.180503830869494,49.20997367544072],[21.18050971174558,49.20997167635126],[21.180515859461682,49.20997005814061],[21.180522216711914,49.209968835892845],[21.180528724237266,49.209968021001195],[21.18053532137793,49.20996762106166],[21.180541946638773,49.2099676398022],[21.180548538262528,49.20996807704816],[21.180555034805494,49.209968928723804],[21.180561375710234,49.209970186890175],[21.180567501870087,49.20997183981937],[21.180573356180126,49.20997387210356],[21.18057888406945,49.20997626479889],[21.180791234420226,49.21007815557523],[21.18089291353451,49.21012699678227],[21.180898874497984,49.21012986017389],[21.18164697373723,49.210489203460774],[21.18202144935084,49.21066907631761],[21.18264351332485,49.21096786814381],[21.18293100649632,49.21110595542559],[21.18293100668309,49.21110595551006],[21.183135442107375,49.211204147277364],[21.183566374252013,49.211411126557735],[21.18383699928445,49.21154110813265],[21.184857251565166,49.21203112166974],[21.184906911345287,49.21205490603018],[21.18490698389571,49.2120549408257],[21.185478882043107,49.21232960005121],[21.185546333163746,49.21236199488154],[21.185559838614665,49.21236848101544],[21.185559839760877,49.21236848153777],[21.185592969398915,49.21238439171447],[21.18583425053779,49.212500266944],[21.185920037514848,49.212541466345435],[21.18592003783415,49.212541466491146],[21.186635878389122,49.21288524149549],[21.18663642401396,49.21288550333348],[21.186826490826533,49.212976780357174],[21.187291745920334,49.21320020826648],[21.18756343543678,49.213330679056845],[21.18756343546813,49.21333067907114],[21.187637321350834,49.21336616029493],[21.18764255851473,49.21336894447241],[21.18764735321989,49.21337205199015],[21.187651659155406,49.213375452833525],[21.187655434731234,49.21337911415459],[21.187658643479942,49.21338300058963],[21.18766125440887,49.2133870746005],[21.18766324229958,49.21339129683735],[21.187664587951364,49.21339562651867],[21.18766527836673,49.21340002182512],[21.18766530687695,49.21340444030346],[21.187664673206477,49.21340883927669],[21.187663383475602,49.21341317625611],[21.187661450141384,49.21341740935196],[21.187658891877277,49.21342149767768],[21.187655733392823,49.21342540174507],[21.187652005194973,49.213429083845654],[21.18714174468385,49.21388292187686],[21.187137428561545,49.21388638576644],[21.187132608568575,49.21388955165517],[21.187127332381614,49.2138923882278],[21.18712165218986,49.213894867426475],[21.187115624178702,49.213896964728235],[21.187109307973994,49.21389865938767],[21.1871027660523,49.213899934642164],[21.18709606312282,49.21390077787751],[21.187089265487437,49.213901180752906],[21.187082440384785,49.21390113928326],[21.187075655325184,49.21390065387884],[21.18702545645205,49.21389539666523],[21.187023941229775,49.2138952832447],[21.187022434373315,49.21389543724059],[21.186962768112185,49.21390334062787],[21.18696126067365,49.2139035878721],[21.18696007563066,49.213904246411126],[21.18687451573468,49.21395639057492],[21.186870172390293,49.21395882463489],[21.18686553493118,49.21396101347724],[21.186860635525374,49.21396294191891],[21.18677654305812,49.21399299263534],[21.18676981834501,49.213995093927835],[21.186762785552247,49.21399670526707],[21.186755527569847,49.21399780766153],[21.186748129941982,49.21399838811802],[21.18668943327914,49.21400088708368],[21.186687601505525,49.21400103082233],[21.18668593639578,49.21400155119294],[21.18653383038372,49.21405591409697],[21.186527009509266,49.21405804158417],[21.18651987301751,49.214059665041525],[21.18651250738534,49.21406076479662],[21.18634974368474,49.21407896042002],[21.186348143052264,49.214079191537316],[21.1863465835274,49.214079521942494],[21.18623359403366,49.21410744316663],[21.18623233255778,49.21410774568802],[21.186162893161764,49.21412389519235],[21.18611223308421,49.21413567745618],[21.18611222973698,49.214135678296586],[21.186088401130743,49.21414122109348],[21.18608119283283,49.214142611827135],[21.186073795647697,49.21414347793655],[21.186066298261608,49.21414380903782],[21.185875737545924,49.21414537380532],[21.185874330814684,49.21414542332842],[21.185872960229602,49.21414562277697],[21.185654930744196,49.21418353617312],[21.185643171792403,49.21418558068119],[21.185638386072462,49.21418629381442],[21.185583757276994,49.21419309828766],[21.1855754526761,49.214193792173546],[21.185567080898192,49.214193818455215],[21.185450957142177,49.21418953542742],[21.18544915285054,49.21418953190065],[21.18544750764152,49.214190017207414],[21.185406255215945,49.214203961292775],[21.185404805967043,49.21420451178674],[21.185403548591605,49.214205236993436],[21.185287987905507,49.214278791257826],[21.185286369467992,49.214279788536665],[21.185205326601395,49.2143281312164],[21.185199247952514,49.21433136169043],[21.185192647332293,49.21433411770793],[21.185185610603757,49.214336363417694],[21.185117042775186,49.21435515743799],[21.185111105700315,49.214356578050584],[21.185104994296104,49.21435763479753],[21.18509876040308,49.21435831871489],[21.185092456900744,49.21435862400131],[21.185086137259127,49.21435854806706],[21.185009607186103,49.214355314535545],[21.18500313255211,49.21435483793728],[21.18499675608673,49.21435396125409],[21.184990535261996,49.214352692387635],[21.18498452614712,49.2143510427744],[21.18482471097685,49.21430120246093],[21.18482322629891,49.21430079477575],[21.184821616726165,49.2143007760103],[21.184690873815022,49.21430331153221],[21.184683771452885,49.21430320827902],[21.18467672343745,49.21430262458099],[21.18466980529263,49.21430156669275],[21.184663091150703,49.214300045950225],[21.184656652957916,49.21429807864921],[21.184650559703496,49.214295685870525],[21.184644876680455,49.214292893254225],[21.184581929339654,49.21425848629263],[21.184580641912298,49.21425784818382],[21.18457905114663,49.21425766793714],[21.18444060772758,49.214246398368445],[21.18443903995996,49.214246319230135],[21.18443780811717,49.21424695944871],[21.18428992449065,49.21433148306695],[21.184288695662065,49.21433226012921],[21.184288030068156,49.21433329054213],[21.184250378351912,49.2144008687878],[21.184247933033536,49.21440469869337],[21.184244958885095,49.21440836450743],[21.184241481265225,49.21441183497375],[21.184237529825435,49.21441508050179],[21.184233138257206,49.21441807341883],[21.184219343061034,49.21442664520378],[21.18421411923388,49.21442957958527],[21.18420847310345,49.21443215650969],[21.18420246143514,49.21443435006892],[21.18419614466943,49.21443613820928],[21.184189586314186,49.21443750295301],[21.184182852306257,49.21443843057918],[21.18417601034846,49.21443891176149],[21.18416912922894,49.21443894166229],[21.18409878615568,49.21443693475101],[21.184097163918175,49.214436939016],[21.184095572149534,49.21443714406554],[21.184034422732296,49.21444701934546],[21.184027506015664,49.2144478924468],[21.184020489118943,49.21444829648272],[21.184013445964048,49.2144482271968],[21.184006450749532,49.214447685318916],[21.18396648635898,49.214443216982396],[21.1839591025712,49.21444211370012],[21.18395194931082,49.214440484145086],[21.18394511369085,49.21443834816216],[21.183938678956025,49.21443573176359],[21.18386497423481,49.21440193552437],[21.18386364567976,49.214401384746964],[21.183862073483112,49.214401378096554],[21.183815778196816,49.214402592547444],[21.183808957024723,49.2144025492101],[21.183802176116437,49.21440206246493],[21.18379550246711,49.21440113712097],[21.183789002012144,49.21439978232056],[21.183782738975793,49.2143980114491],[21.183776775236606,49.21439584200267],[21.1837127816984,49.21436975597409],[21.18371113259106,49.214369062145366],[21.183616940832714,49.214328176603885],[21.183615619639806,49.214327658047424],[21.183614085136394,49.21432757160362],[21.183503403512713,49.214324642035535],[21.183501686398905,49.214324653402436],[21.183500052640948,49.214324999816036],[21.183345898150574,49.21436341695141],[21.18334440510399,49.214363843378074],[21.183342980723427,49.21436436088573],[21.183198924695226,49.21442273964932],[21.183192485945355,49.21442504667562],[21.183185707960803,49.21442689008781],[21.183178668251212,49.21442824880557],[21.18312733259044,49.214436230313446],[21.18312585112344,49.21443650753908],[21.183124537254606,49.214437034716376],[21.18287901147986,49.21454584272091],[21.1828732272389,49.214548142277586],[21.182867125461236,49.21455005752873],[21.18286076545522,49.21455156985843],[21.18285420903916,49.21455266456711],[21.18284751994049,49.2145533310142],[21.18280606654171,49.214556100005254],[21.182804110636702,49.21455630629039],[21.182802204332795,49.21455665951632],[21.182626244795284,49.214596614372326],[21.18261930811903,49.214597926149985],[21.182612199463406,49.21459875326076],[21.18260499750467,49.2145990865505],[21.182597781951724,49.214598922330424],[21.18244135519202,49.214589947786685],[21.182433892707298,49.214589247354226],[21.182426592517132,49.21458801494182],[21.18241954270999,49.21458626542049],[21.182408716969917,49.21458312325488],[21.18232590732233,49.21455908641188],[21.18232432844431,49.214558688520185],[21.182322637616828,49.21455872352623],[21.182118160284016,49.21456965758641],[21.18211143046493,49.21456980033422],[21.182104711684023,49.214569510359176],[21.182098068617698,49.21456879045267],[21.182091565213522,49.2145676475446],[21.182085264074658,49.2145660926369],[21.18207922585715,49.21456414069742],[21.182073508686145,49.21456181051599],[21.18191218691179,49.2144886325958],[21.18191204746374,49.214488569672824],[21.181703824916845,49.21439510869434],[21.181556377916507,49.214328925784194],[21.18128331856537,49.21420636029875],[21.18128212431727,49.21420581193986],[21.180913021146324,49.21403247052614],[21.1808869333611,49.21402021874255],[21.180083387703192,49.21364283907834],[21.179682367973943,49.213454498385694],[21.179676886592592,49.213451635393355],[21.179671879642964,49.2134484209971],[21.17966739937129,49.21344488873844],[21.179663492528015,49.21344107547557],[21.179660199879926,49.213437020998974],[21.179657555784864,49.213432767616084],[21.179655587833125,49.213428359709965],[21.17965431655961,49.21342384327593],[21.17965375522953,49.213419265441814],[21.179653909700047,49.21341467397621],[21.17965477835909,49.21341011678976],[21.17968890335638,49.21328391678894],[21.179688903356496,49.21328391678894]],[[21.18748774997574,49.18708367067804],[21.187487749970852,49.18708367067826],[21.187469462457273,49.18690289632942],[21.187467634819615,49.186884831265544],[21.18746750188987,49.18688084398738],[21.187467908561644,49.18687686467544],[21.187468851634723,49.18687292464299],[21.187470323687943,49.18686905489406],[21.18747231313762,49.18686528587972],[21.18756045542355,49.18671956386076],[21.187563211632312,49.186715583632775],[21.18756654447513,49.18671179765301],[21.187570422449276,49.18670824170716],[21.18757480889944,49.18670494940668],[21.187579662364065,49.18670195187083],[21.18758493696739,49.18669927743289],[21.187590582852955,49.18669695137195],[21.187596546654948,49.18669499567437],[21.18760277200256,49.18669342882566],[21.18760920005282,49.18669226563599],[21.187615770046836,49.186691517099916],[21.18762241988402,49.18669119029276],[21.187629086709094,49.186691288303535],[21.187635707506242,49.186691810205886],[21.18764221969468,49.18669275106662],[21.187648561720216,49.18669410199263],[21.18765467363704,49.18669585021479],[21.18766049767436,49.186697979208546],[21.187669038448522,49.186701468479654],[21.18767068052235,49.186702059740966],[21.187672479937472,49.186702401704196],[21.187806974139452,49.18672277907957],[21.187808141005224,49.18672294191078],[21.188115143387545,49.18676213629351],[21.188115144006815,49.18676213636243],[21.188168176148725,49.186768906466],[21.188174744743534,49.18676996781232],[21.188181121877268,49.18677144814658],[21.18818724551122,49.186773333067585],[21.18819305607278,49.18677560423822],[21.188198497035028,49.186778239563864],[21.188203515466544,49.18678121340732],[21.18820806254642,49.186784496838094],[21.188212094039162,49.18678805791388],[21.188215570725042,49.18679186199153],[21.18821845878165,49.18679587206379],[21.188220730112924,49.186800049119356],[21.188222362622476,49.18680435252251],[21.188223340428564,49.186808740408445],[21.188223654018586,49.18681317009031],[21.188223300341694,49.18681759847473],[21.188211185699885,49.18689545752946],[21.188207990427323,49.186915996372335],[21.188206889788034,49.18692064506826],[21.188205054105286,49.18692519293089],[21.188202503476997,49.18692959016776],[21.188199265828718,49.18693378863532],[21.18819537660791,49.1869377423664],[21.188072764847558,49.187049126872395],[21.188068987810873,49.18705225550915],[21.188064802497987,49.18705515234552],[21.18806024186737,49.18705779456961],[21.18781216359235,49.18718914109586],[21.187807165256714,49.18719155100396],[21.187801855118604,49.18719365497565],[21.187796276633307,49.18719543579315],[21.187743475489793,49.187210394563486],[21.187664182202,49.187232856761554],[21.187662817060414,49.187233291816824],[21.187661772284454,49.18723401089279],[21.187625973827338,49.187260940749425],[21.187612947978735,49.18727073906179],[21.187608320632243,49.18727389545903],[21.187603246914133,49.18727674192654],[21.18759777492353,49.18727925147959],[21.187591956535222,49.18728140032743],[21.18758584690788,49.18728316809883],[21.1875795039612,49.18728453803524],[21.187572987826744,49.1872854971495],[21.18756636027794,49.187286036349214],[21.187559684144407,49.18728615052264],[21.18755302271642,49.18728583858749],[21.187546439144775,49.18728510350088],[21.1875399958422,49.187283952231496],[21.18753375389168,49.18728239569347],[21.187527772467323,49.18728044864287],[21.187522108273424,49.187278129537894],[21.187516815006862,49.18727546036377],[21.187511942848133,49.18727246642451],[21.18750753798553,49.18726917610284],[21.18750364217734,49.187265620591155],[21.18750029235597,49.18726183359604],[21.187497520277798,49.18725785101837],[21.18749535222213,49.18725371061324],[21.187493808742115,49.18724945163184],[21.18749290446987,49.18724511444963],[21.187492647977788,49.18724074018335],[21.18749411064696,49.18714753854982],[21.187494037335725,49.18714582057274],[21.18748774997655,49.18708367073456],[21.18748774997574,49.18708367067804]],[[21.185312757934156,49.197388266651814],[21.185307086274147,49.19738578170479],[21.185301819278372,49.197382939878025],[21.185297009034606,49.19737976927582],[21.18529270311355,49.19737630125368],[21.18528894409838,49.19737257010852],[21.185285769163645,49.19736861273947],[21.185283209707613,49.197364468282764],[21.185281291041793,49.19736017772479],[21.1852800321406,49.19735578349696],[21.185279445453713,49.19735132905581],[21.185279536782964,49.19734685845336],[21.185280305224975,49.197342415901375],[21.185281743180095,49.197338045334284],[21.185283836427562,49.19733378997466],[21.185286564266164,49.197329691905594],[21.185289899718928,49.19732579165478],[21.18529380979994,49.19732212779349],[21.18529825584056,49.197318736555296],[21.185303193871842,49.197315651477595],[21.185308575059334,49.19731290307009],[21.18531434618609,49.197310518513014],[21.185320450178853,49.1973085213883],[21.185417831212412,49.19728053265811],[21.185419118572266,49.1972801416491],[21.185551765464158,49.19723764685265],[21.18555325718019,49.19723710613324],[21.185554012394952,49.197236104589855],[21.185588470957757,49.19718392152945],[21.18558929812137,49.197182717704095],[21.18563878082707,49.19711343761071],[21.185641903596604,49.197109568117945],[21.18564558576465,49.197105915978334],[21.18564979242638,49.197102515812],[21.18565448370508,49.197099399850416],[21.185659615130213,49.197096597631074],[21.185665138058926,49.197094135717215],[21.185671000137194,49.19709203744628],[21.185677145796067,49.19709032270867],[21.18581077069306,49.19705797833856],[21.18581723836493,49.19705664681639],[21.185823874990774,49.19705574012308],[21.18583061576497,49.19705526711239],[21.185837394864915,49.197055232403144],[21.185844146093775,49.19705563633434],[21.185850803526844,49.19705647496158],[21.185857302155345,49.197057740095815],[21.185863578521165,49.19705941938328],[21.185869571336536,49.19706149642588],[21.185907599424716,49.197076296569605],[21.185911008670818,49.19707745918578],[21.186034532926517,49.19711397074071],[21.186036190204327,49.19711439388954],[21.186037945325538,49.197114582736674],[21.186077293568715,49.19711744478924],[21.186077296254417,49.19711744494169],[21.1862261910508,49.197128271136954],[21.186232833014884,49.19712897156019],[21.18623933836426,49.197130094934735],[21.186245644544247,49.1971316304583],[21.186251690915384,49.19713356336553],[21.18625741933647,49.197135875069826],[21.18626277472364,49.19713854334206],[21.186267705580075,49.197141542524484],[21.186272164491147,49.197144843777345],[21.186276108580397,49.1971484153561],[21.186279499921778,49.19715222291692],[21.186282305904417,49.197156229846684],[21.186284499546133,49.19716039761518],[21.18628605975296,49.197164686145626],[21.18628697152194,49.19716905419993],[21.186287226085433,49.197173459775335],[21.186286820995406,49.19717786050827],[21.18628580271567,49.19718394148118],[21.186284856842015,49.19718958491607],[21.186284796669423,49.197189931532],[21.186276899551103,49.197233902189254],[21.186276786747495,49.19723498909459],[21.186278060480937,49.19723643656117],[21.186278915189835,49.197237305735534],[21.1862819929051,49.19724123581563],[21.1862844672447,49.19724534485877],[21.18628631432164,49.19724959319678],[21.18628751630443,49.197253939817166],[21.186288061589153,49.19725834275831],[21.18628794491156,49.19726275951505],[21.186287167397868,49.19726714744869],[21.186285736553874,49.197271464198984],[21.186283666192555,49.197275668092594],[21.186280976300683,49.19727971854593],[21.1862776928459,49.197283576456506],[21.186273847525996,49.197287204580675],[21.18626947746299,49.197290567893155],[21.186264624844704,49.19729363392498],[21.186259336517455,49.19729637307723],[21.186253663533925,49.19729875890643],[21.18624766066018,49.19730076838024],[21.186241385847016,49.197302382099416],[21.186163810276007,49.19731950150577],[21.18616332163439,49.19731961203263],[21.18613448752012,49.19732629383824],[21.18598588492263,49.19736072925082],[21.18590306406613,49.19737992039008],[21.185896001100126,49.19738128240848],[21.185888756085696,49.19738214057423],[21.185843918901327,49.19738583666058],[21.18584391828646,49.19738583672105],[21.185590599510693,49.197406719820385],[21.18542333948244,49.19742050720614],[21.1854168470599,49.19742083824015],[21.18541033599162,49.19742076437624],[21.18540386494239,49.19742028627987],[21.185397492216442,49.19741940825873],[21.18539127523207,49.19741813822382],[21.185385270004353,49.19741648761814],[21.185379530640432,49.19741447131368],[21.185312757934156,49.197388266651814]],[[21.185800597727336,49.18561039653215],[21.185799030998783,49.185609822534914],[21.185774387747237,49.185601889687334],[21.185772498736032,49.185601257654476],[21.185617952557852,49.18554755857779],[21.18561217958955,49.18554530872337],[21.185606769988905,49.18554269955411],[21.185601775625553,49.18553975608785],[21.185597244387623,49.18553650654789],[21.18559321972256,49.18553298209234],[21.185589740220543,49.185529216515135],[21.18558683924446,49.18552524592234],[21.185584544610027,49.185521108385906],[21.185582878319035,49.18551684357813],[21.185581856348467,49.18551249239199],[21.185581488497245,49.185508096548496],[21.1855817782923,49.18550369819688],[21.185582722954802,49.185499339510514],[21.18558431342676,49.18549506228229],[21.185612271579807,49.185433211861536],[21.185614608596318,49.1854288712144],[21.185617610442286,49.18542470995028],[21.18562124565204,49.185420771687824],[21.18562547612095,49.18541709770808],[21.185630257504886,49.18541372652187],[21.185635539685023,49.185410693466224],[21.18574284307797,49.18535517727275],[21.185748485318022,49.18535254972084],[21.18575450280924,49.18535030827965],[21.18576083427779,49.185348475772884],[21.185767415252784,49.18534707086023],[21.185774178722696,49.18534610784732],[21.185781055817753,49.18534559654025],[21.185787976511197,49.18534554214538],[21.18579487033232,49.185345945216575],[21.185801667084043,49.18534680164958],[21.185808297557692,49.18534810272366],[21.18581469423775,49.185349835190415],[21.18582079198928,49.18535198140891],[21.18598761107718,49.18541801166421],[21.185992806223453,49.18542028584601],[21.185997664151976,49.18542286043923],[21.18600214456268,49.18542571408579],[21.18600621028721,49.1854288231126],[21.186125569483696,49.18552898970076],[21.186126701686305,49.185529845251686],[21.186128413533705,49.18552999899394],[21.186559610818193,49.185554004176765],[21.186566488999556,49.18555461816505],[21.186573237277543,49.185555684726644],[21.18657978653043,49.1855571929369],[21.186586069675112,49.18555912734747],[21.186592022354116,49.18556146814437],[21.186597583594903,49.185564191351155],[21.18660269643433,49.18556726907435],[21.186607308502182,49.185570669789335],[21.18661137255751,49.18557435866287],[21.18661484697257,49.18557829791038],[21.186678927738303,49.18566026347198],[21.186679751812413,49.18566120091113],[21.18668134642862,49.1856614802244],[21.186938139050955,49.185697697969005],[21.186944592016005,49.18569882608753],[21.186950847012845,49.185700360232694],[21.186956844738095,49.18570228585939],[21.186962528327506,49.1857045847108],[21.1869678438951,49.185707234991575],[21.18697274104412,49.1857102115745],[21.18697717334477,49.185713486238726],[21.186981098774456,49.18571702793724],[21.18698448011616,49.18572080309125],[21.18698728531137,49.18572477590868],[21.18698948776396,49.18572890872334],[21.18699106659236,49.18573316235209],[21.186992006827573,49.18573749646636],[21.186992299555087,49.18574186997449],[21.186991941999377,49.18574624141125],[21.186990937550267,49.18575056933126],[21.18698929573076,49.18575481270141],[21.186987032106767,49.18575893129041],[21.186984168139556,49.18576288604989],[21.186980730982253,49.185766639484896],[21.186976753222403,49.18577015600898],[21.186931323188116,49.18580647889229],[21.186926581076865,49.185809896057634],[21.186921329068984,49.185812976228284],[21.186915622609487,49.18581568688706],[21.186909521940997,49.18581799941779],[21.18690309146782,49.18581988940719],[21.186896399076005,49.185821336902805],[21.18688951541669,49.18582232662357],[21.18688251316021,49.18582284812089],[21.186875466228962,49.185822895889515],[21.186685615798694,49.1858177837585],[21.186683996618203,49.18581779223758],[21.186683537316608,49.185818810032934],[21.186681502324735,49.18582429518227],[21.186681501891176,49.18582429648783],[21.18663895687583,49.18593898722346],[21.18663697083496,49.18594336091502],[21.186634318654377,49.18594758011422],[21.18663102765668,49.185951601354866],[21.186627131745585,49.18595538321004],[21.186622671056682,49.18595888671914],[21.18661769154393,49.18596207578893],[21.186612244506204,49.18596491756556],[21.18660638605891,49.18596738277304],[21.186600176555807,49.18596944601475],[21.186593679967245,49.18597108603515],[21.186399971309452,49.186012719377125],[21.186393806472626,49.18601383858897],[21.186387509376473,49.18601457646533],[21.186381134794498,49.186014926588086],[21.186374738174163,49.18601488591169],[21.186196257671906,49.18600828631271],[21.18618926889988,49.18600779139827],[21.18618239410946,49.18600683020614],[21.186175705509253,49.18600541283215],[21.18616927335221,49.186003554163534],[21.185829216500014,49.185891312774736],[21.185823300623003,49.185889112618156],[21.185817746279216,49.18588653920533],[21.185812608090124,49.18588361784329],[21.185807936584702,49.18588037726084],[21.18580377770254,49.185876849325865],[21.185800172342006,49.18587306873211],[21.185797155958156,49.18586907265799],[21.185794758214012,49.18586490040096],[21.18579300268883,49.18586059299104],[21.18579190664631,49.18585619278736],[21.185791480864747,49.18585174306145],[21.185791729531108,49.18584728757198],[21.18579265019983,49.185842870134266],[21.185794233816875,49.185838534189244],[21.18579646480881,49.18583432237671],[21.185799321235912,49.18583027611548],[21.185802775007964,49.185826435196525],[21.185806792160484,49.18582283739142],[21.185811333188738,49.1858195180808],[21.185816353436234,49.185816509906765],[21.18582180353389,49.18581384245167],[21.185899393959257,49.185779659115845],[21.18590066247088,49.18577904086298],[21.185900331723918,49.18577802763985],[21.185866874739066,49.18569504915764],[21.185866302177978,49.185693888947874],[21.185865540557575,49.18569277642497],[21.18580150422323,49.18561141195488],[21.185800597727336,49.18561039653215]],[[21.18521945750378,49.19394063944983],[21.185322091279076,49.19384360812241],[21.185326711181823,49.19383971518309],[21.185331953887975,49.193836177299396],[21.185337756312457,49.193833037042246],[21.185506719751416,49.19375138080684],[21.185507986150625,49.19375070463934],[21.18550862938503,49.19374972059243],[21.185608377152846,49.19357418291294],[21.18560891418933,49.193573059548896],[21.185608889702188,49.19357188244672],[21.1855944788616,49.193430087219404],[21.185594367420233,49.193425559711685],[21.185594951416896,49.19342104781997],[21.18559622492753,49.193416597311085],[21.185598175033967,49.19341225332914],[21.185600781954943,49.19340805993795],[21.18560401924673,49.19340405967345],[21.185607854071407,49.19340029311279],[21.18561224752993,49.193396798462324],[21.185617155056736,49.193393611170485],[21.185622526871786,49.19339076356777],[21.185628308485526,49.19338828453916],[21.18563444125161,49.19338619923088],[21.18564086296176,49.19338452879539],[21.18564750847676,49.19338329017695],[21.1856543103873,49.19338249593955],[21.18581453516191,49.193369201078596],[21.1858210442684,49.19336886623598],[21.18582757246437,49.19336893847716],[21.185834060612496,49.19336941714778],[21.18584044993819,49.193370297911606],[21.185846682562104,49.19337157279008],[21.18585270202438,49.19337323023436],[21.18585845379615,49.19337525523009],[21.18586388577344,49.193377629433215],[21.18586894874921,49.193380331336535],[21.18587359685912,49.19338333646404],[21.18590476962628,49.1934055057584],[21.185961460687288,49.19344582447313],[21.18596572630638,49.193449170138734],[21.18596947740575,49.19345277086119],[21.18597267870924,49.19345659277862],[21.185975300111068,49.19346059994898],[21.185977316958944,49.19346475468811],[21.185978710285895,49.19346901792408],[21.185979466988638,49.19347334956454],[21.185995067619423,49.19362925312224],[21.185995249144927,49.1936302989118],[21.18599648471487,49.193630971291185],[21.186182840959106,49.19372289268969],[21.18618815098839,49.19372579794382],[21.186192987608013,49.19372903889331],[21.18619730164231,49.19373258258624],[21.186201049228863,49.19373639299269],[21.186204192264537,49.19374043137095],[21.18620669879282,49.193744656661394],[21.18626836717289,49.193866468134566],[21.18627029307603,49.19387107953041],[21.18627146091249,49.19387579888661],[21.186271857475667,49.193880572834665],[21.186271478280847,49.193885347388864],[21.186261106960245,49.193949721296974],[21.18626012669351,49.19395390670447],[21.18625854996465,49.19395801310753],[21.186256390759965,49.19396200407994],[21.186253668232695,49.19396584421975],[21.18625040653306,49.19396949946256],[21.18624663459406,49.19397293738439],[21.18624238587484,49.193976127488895],[21.18623769806387,49.19397904147809],[21.18623261274462,49.19398165350315],[21.186227175026758,49.19398394039393],[21.186221433145878,49.19398588186445],[21.185985489510198,49.194056648564214],[21.18598409005243,49.19405712382405],[21.185985065661132,49.19405793515606],[21.186021083150965,49.194085049302664],[21.186021083522103,49.194085049567626],[21.186227826659,49.19424068344252],[21.186275387520602,49.1942764862162],[21.18627952999437,49.194279930310955],[21.18628314076868,49.19428362252417],[21.186286185488054,49.19428752772552],[21.186288635182898,49.19429160875842],[21.186290466544975,49.19429582679313],[21.18629166214932,49.19430014169638],[21.186292210619996,49.19430451241334],[21.186292106738286,49.19430889735788],[21.186291351492436,49.194313254808804],[21.186289952068197,49.19431754330625],[21.18628792178049,49.194321722046446],[21.18628527994673,49.194325751270064],[21.186282051703017,49.19432959264023],[21.186278267764965,49.19433320960756],[21.186273964135477,49.194336567757574],[21.186269181762217,49.19433963513854],[21.186263966147937,49.19434238256526],[21.186258366917603,49.19434478389678],[21.186252437346187,49.194346816285154],[21.186246233851783,49.194348460392774],[21.186239815458798,49.19434970057645],[21.186233243236344,49.194350525036185],[21.186226579717204,49.19435092592751],[21.186219888302812,49.19435089943599],[21.186213232660045,49.19435044581382],[21.186206676115397,49.19434956937698],[21.185213998621307,49.19418344785839],[21.185113161654456,49.19416657242657],[21.1851067421754,49.19416527563153],[21.185100547000133,49.1941635735703],[21.185094635532828,49.19416148256356],[21.185089064457237,49.19415902266149],[21.185083887193144,49.19415621745158],[21.185079153384148,49.194153093832405],[21.185074908421598,49.19414968175564],[21.185071193009417,49.194146013938905],[21.185068042773725,49.194142125552084],[21.1850654879213,49.19413805388008],[21.185063552949888,49.19413383796516],[21.185062256413328,49.194129518232856],[21.185061610743634,49.194125136104006],[21.18506162213182,49.19412073359777],[21.185062290468508,49.19411635292887],[21.185063609345008,49.19411203610237],[21.18506556611478,49.19410782451131],[21.185068142014657,49.19410375853961],[21.185071312344853,49.19409987717487],[21.185075046705705,49.194096217634495],[21.185079309289254,49.19409281500897],[21.18508405922257,49.19408970192512],[21.18508925095968,49.19408690823362],[21.18509483471826,49.19408446072229],[21.185100756957077,49.194082382859875],[21.185246959211877,49.194036975160735],[21.18524813981982,49.194036560227765],[21.185246800933086,49.194036589941255],[21.18524064593007,49.19403692770997],[21.185233789839387,49.194037078374485],[21.185226945068514,49.19403677951822],[21.185220180063645,49.19403603412975],[21.185213562473315,49.19403484966267],[21.18520715847193,49.194033237961484],[21.18520103209805,49.19403121514284],[21.185195244613976,49.19402880143438],[21.18518985389321,49.19402602097268],[21.18518491384164,49.194022901561766],[21.185180473858566,49.19401947439496],[21.18517657834268,49.1940157737432],[21.185173266248103,49.1940118366121],[21.185170570694854,49.19400770237204],[21.185168518637674,49.19400341236444],[21.18516713059647,49.19399900948833],[21.185166420451132,49.193994537771395],[21.18516639530277,49.1939900419297],[21.18516705540266,49.19398556692055],[21.185168394149805,49.19398115749295],[21.185170398156895,49.19397685773997],[21.185173047384193,49.19397271065811],[21.185176315339966,49.193968757717016],[21.185180169345383,49.19396503844519],[21.18518457086127,49.1939615900343],[21.185189475873532,49.193958446967535],[21.185216736775967,49.19394264635015],[21.18521818931313,49.193941696572544],[21.18521945750378,49.19394063944983]],[[21.185711339552235,49.18641488673505],[21.185714315450227,49.18641103664807],[21.185717840849552,49.18640739134513],[21.18572188326103,49.186403984420274],[21.18572640543087,49.18640084727084],[21.185731365684,49.186398008807686],[21.185736718308114,49.18639549518937],[21.185742413974975,49.18639332958065],[21.185748400194957,49.1863915319391],[21.185754621800815,49.18639011883124],[21.185761021456102,49.18638910327989],[21.185767540183477,49.18638849464406],[21.18577411790833,49.18638829853269],[21.185780694012312,49.1863885167532],[21.18578720789204,49.18638914729443],[21.185793599517556,49.186390184345534],[21.18579980998555,49.18639161834943],[21.185805782062182,49.186393436090654],[21.185808500932012,49.186394370125974],[21.185809699457934,49.18639474378389],[21.18581093855143,49.18639505544444],[21.185918337055227,49.186418980830766],[21.185924406098902,49.186420547558335],[21.18593022065481,49.186422485086766],[21.185935728138446,49.18642477589376],[21.18594087874235,49.18642739926226],[21.185945625886518,49.18643033146755],[21.18594992663962,49.186433545992],[21.185953742107305,49.18643701376475],[21.185957037783933,49.186440703424644],[21.1859597838646,49.18644458160391],[21.185961955514724,49.186448613229814],[21.18598773642978,49.18650486311765],[21.185989422321637,49.18650937579005],[21.185990388730584,49.18651397841062],[21.185990625336448,49.18651862182935],[21.18599012961239,49.18652325646053],[21.18598890685188,49.18652783281228],[21.185986970112236,49.18653230201504],[21.18598434007517,49.186536616343524],[21.185981044825912,49.186540729726204],[21.185865616761657,49.18666832878682],[21.18586183429812,49.1866720707236],[21.18585750143507,49.18667554678135],[21.18585266136318,49.18667872231015],[21.185847362329078,49.18668156565572],[21.185841657154427,49.18668404847508],[21.185835602709435,49.18668614601902],[21.185829259345894,49.186687837378855],[21.185822690295623,49.18668910569475],[21.185815961040138,49.186689938323894],[21.185809138657948,49.186690326966485],[21.185802291155852,49.1866902677485],[21.185795486791058,49.186689761260205],[21.18578879339077,49.186688812550386],[21.185782277676047,49.18668743107589],[21.18570673191605,49.18666863472289],[21.18570033181392,49.18666679261314],[21.185694250970926,49.18666453310375],[21.18568855253905,49.18666187966073],[21.18568329569875,49.186658859841124],[21.185678535044335,49.18665550500694],[21.185674320017007,49.1866518499995],[21.185670694391384,49.18664793277755],[21.18566769582087,49.186643794022956],[21.185665355446663,49.186639476718284],[21.18566369757426,49.18663502570046],[21.18563705150182,49.186543460864925],[21.18563609562538,49.186538939492124],[21.185635844083507,49.18653437789136],[21.18563629946882,49.18652982308214],[21.185637457087154,49.18652532201386],[21.185639305006,49.186520921082],[21.185641824177456,49.18651666564989],[21.185711339552235,49.18641488673505]],[[21.185860253521504,49.18435891331926],[21.185861533339725,49.18435835519364],[21.186004097462792,49.18428990487737],[21.18600980729773,49.18428744022327],[21.186015863079728,49.18428536042875],[21.186022204640654,49.184283686157976],[21.186028768973003,49.18428243404586],[21.186035490855904,49.184281616532935],[21.18604230350317,49.184281241741736],[21.186049139226775,49.18428131339597],[21.186055930109454,49.184281830783874],[21.18606260867944,49.18428278876473],[21.186069108580845,49.18428417782041],[21.18607536523298,49.18428598414977],[21.186081316471967,49.18428818980578],[21.186086903168388,49.184290772873844],[21.18609206981473,49.184293707689434],[21.18609676507697,49.184296965093374],[21.18610094230453,49.18430051272115],[21.18610455999384,49.1843043153248],[21.186107582200666,49.184308335123056],[21.186112647073536,49.18431601514581],[21.186115030090946,49.18432018407384],[21.186116772435017,49.18432448705464],[21.186117857021312,49.18432888189597],[21.186118273214884,49.18433332550482],[21.18611801693463,49.184337774309995],[21.186117090693287,49.18434218468939],[21.186115503572818,49.184346513397564],[21.186113271135362,49.18435071799001],[21.186110415270615,49.18435475723915],[21.186106963981278,49.184358591538576],[21.186039726371888,49.184425485743986],[21.186038927183574,49.18442636780385],[21.18603939531715,49.18442734673581],[21.186061887816198,49.18446768572297],[21.186063925423117,49.18447200114155],[21.186065292107237,49.184476428811074],[21.18606597407086,49.18448092403148],[21.186065964428913,49.18448544142051],[21.186065263278564,49.18448993537237],[21.186063877698192,49.18449436051766],[21.18606182167596,49.184498672181704],[21.186059115968547,49.18450282683539],[21.1860557878917,49.18450678253487],[21.186051871044377,49.18451049934475],[21.18604740496959,49.184513939741414],[21.18604243475519,49.18451706899176],[21.185958023127245,49.184565110127984],[21.185950392462853,49.184568875641965],[21.185736610869384,49.18465981112049],[21.185731361793295,49.18466183275252],[21.185725859911763,49.184663541304644],[21.185582357010205,49.1847030931366],[21.18557594532397,49.1847046191026],[21.185569334113865,49.18470572005013],[21.185562588770434,49.18470638508991],[21.18555577601094,49.184706607644095],[21.18554896321942,49.184706385511426],[21.185542217780267,49.184705720889006],[21.18553560641166,49.18470462035048],[21.185529194505722,49.184703094781156],[21.185523045481688,49.18470115927023],[21.185517220158648,49.18469883296158],[21.185511776154012,49.184696138864325],[21.185506767313548,49.18469310362543],[21.185502243178902,49.184689757266014],[21.185498248497524,49.18468613288447],[21.185433080969418,49.184620345767584],[21.185429737243183,49.1846165830133],[21.185426964524314,49.18461262586539],[21.185424788823777,49.184608511446235],[21.18542323055185,49.18460427835355],[21.185422304326636,49.18459996629822],[21.18542201883698,49.18459561573212],[21.18542237676089,49.18459126746807],[21.185423374740505,49.18458696229751],[21.185425003413553,49.18458274060752],[21.185427247501163,49.18457864200203],[21.185430085951285,49.18457470493036],[21.185433492136106,49.184570966326426],[21.185586424728218,49.18442020770792],[21.185590581839538,49.184416530412086],[21.185595287756993,49.18441314922165],[21.185600493710872,49.184410099177505],[21.185606145749393,49.184407411888635],[21.185612185297817,49.18440511520468],[21.1856185497655,49.18440323292726],[21.185625173194506,49.184401784563185],[21.185858792563337,49.18435922665213],[21.185860253521504,49.18435891331926]],[[21.186047384784477,49.17926464807846],[21.186043007152044,49.17926139491448],[21.186039128149112,49.17925788030419],[21.18603578388989,49.17925413696931],[21.186033005510037,49.179250199761086],[21.186030818876667,49.17924610533566],[21.18602924434767,49.179241891813106],[21.18602829658205,49.179237598422084],[21.186027984403545,49.17923326513488],[21.18602831071843,49.17922893229533],[21.186029272488486,49.17922464024299],[21.18603086075928,49.17922042893767],[21.18603306074357,49.17921633758744],[21.186035851958934,49.179212404283525],[21.186039208418507,49.17920866564573],[21.186043098872897,49.17920515648143],[21.18604748710119,49.179201909461604],[21.186052332248092,49.17919895481661],[21.186057589204342,49.179196320054686],[21.186063209026695,49.179194029705876],[21.186072491079052,49.179190642445896],[21.18617469814809,49.17915334439076],[21.18622934717831,49.17913340160224],[21.186235336083545,49.17913146027073],[21.18624158471001,49.179129910185054],[21.186248033754985,49.17912876605646],[21.186254622013664,49.17912803874317],[21.186261286960043,49.17912773514785],[21.186267965340342,49.17912785815177],[21.186274593773263,49.17912840658758],[21.186281109351544,49.179129375250305],[21.18628745023896,49.17913075494683],[21.186293556257194,49.17913253258315],[21.1862993694569,49.17913469128855],[21.18630483466776,49.179137210575746],[21.186309900022003,49.17914006653547],[21.186314517446707,49.17914323206313],[21.186318643119975,49.17914667711614],[21.186343520738763,49.17916967449311],[21.186422737815263,49.179242906570074],[21.186426315659972,49.17924657917587],[21.186429334353146,49.179250461606614],[21.186431765535595,49.179254517388785],[21.186433586367468,49.179258708420505],[21.186434779742843,49.179262995329154],[21.18643533445038,49.179267337841424],[21.186435245278744,49.17927169516154],[21.186434513065482,49.17927602635484],[21.186433144689204,49.17928029073184],[21.18643115300496,49.179284448230874],[21.18642855672347,49.17928845979436],[21.186425380235363,49.179292287735585],[21.186421653382066,49.179295896093],[21.18641741117537,49.17929925096786],[21.186412693468668,49.179302320842716],[21.186407544582394,49.179305076877675],[21.186402012887772,49.17930749318107],[21.186396150352323,49.17930954705294],[21.186390012051685,49.17931121919813],[21.1863836556522,49.17931249390764],[21.18637714086916,49.17931335920623],[21.18637052890579,49.179313806964835],[21.186295655455186,49.17931648232127],[21.18622008839894,49.17931918232132],[21.186164012764827,49.17932118546638],[21.18615750722147,49.179321215262846],[21.18615102664293,49.17932084080214],[21.18614462934766,49.1793200654539],[21.18613837290467,49.17931889619562],[21.186132313615403,49.1793173435493],[21.18612650600714,49.17931542148714],[21.18612100234225,49.17931314730564],[21.186115852147935,49.1793105414702],[21.186111101770503,49.17930762743054],[21.186047384784477,49.17926464807846]],[[21.183698534332482,49.19241296643425],[21.18369693854683,49.192412746634915],[21.183598863406687,49.192402486528636],[21.18359236774773,49.19240159389505],[21.183586034107538,49.19240029402768],[21.1835799217735,49.19239859909427],[21.183574087961382,49.192396524960635],[21.183568587279744,49.19239409104205],[21.183563471218836,49.19239132012174],[21.18355878766851,49.1923882381375],[21.18355458047004,49.192384873938884],[21.183550889005645,49.192381259017075],[21.183547747829913,49.19237742721038],[21.18354518634632,49.192373414387184],[21.18354322853199,49.19236925811022],[21.183541892713283,49.19236499728518],[21.18354119139422,49.19236067179637],[21.183541131139464,49.19235632213326],[21.183541712512877,49.192351989011804],[21.183542930072253,49.19234771299285],[21.18354477242023,49.19234353410302],[21.183547222311024,49.1923394914594],[21.18355025681186,49.19233562290399],[21.183553847517622,49.19233196464904],[21.183557960816767,49.1923285509383],[21.183562558205946,49.19232541372635],[21.183567596650438,49.1923225823797],[21.183573028986952,49.192320083401526],[21.18357880436516,49.192317940184004],[21.183584868723617,49.19231617278908],[21.183591165295873,49.19231479776069],[21.183597635141833,49.19231382797008],[21.183604217699436,49.192313272495134],[21.183610851351553,49.192313136535375],[21.183734421952305,49.192314524169284],[21.183736133663764,49.192314486020955],[21.18373726150135,49.192313641255616],[21.183759192744926,49.192295413088374],[21.183763558669988,49.1922921255238],[21.183768389776674,49.19228913047388],[21.18377364066374,49.19228645608514],[21.18377926198498,49.1922841274906],[21.183785200912986,49.19228216657366],[21.18379140163566,49.192280591762355],[21.1837978058806,49.1922794178562],[21.183804353462797,49.19227865588725],[21.183810982850257,49.19227831301624],[21.183817631742166,49.19227839246532],[21.183824237654427,49.19227889348787],[21.183830738506863,49.19227981137543],[21.18383707320659,49.192281137501986],[21.18384318222218,49.19228285940509],[21.18384900814308,49.19228496090284],[21.183854496219144,49.192287422245975],[21.18385959487517,49.19229022030371],[21.183864256195566,49.19229332878071],[21.183868436374688,49.19229671846454],[21.183872096128425,49.19230035750005],[21.18387520106347,49.192304211688736],[21.183877722000503,49.19230824481015],[21.183879635248392,49.1923124189623],[21.183880922826898,49.19231669491777],[21.183881572635578,49.19232103249252],[21.183881578567576,49.192325390923266],[21.183879330815422,49.19235631817843],[21.183878532678417,49.19236134041764],[21.18387688031565,49.19236627232528],[21.183874394569237,49.19237105169178],[21.183836378518375,49.192432590207034],[21.183833593636994,49.192436537728405],[21.183830239836443,49.192440290428024],[21.18382634849926,49.1924438131907],[21.1838219560379,49.19244707305267],[21.18381710355405,49.19245003951031],[21.183811836454012,49.192452684805424],[21.1838062040238,49.19245498418508],[21.183800258967995,49.19245691613313],[21.183794056916557,49.192458462571814],[21.183787655904208,49.19245960903037],[21.18378111582749,49.19246034478113],[21.18377449788418,49.19246066293929],[21.183767864000735,49.192460560527806],[21.18376127625273,49.19246003850496],[21.18375479628408,49.19245910175555],[21.18374848473009,49.19245775904495],[21.1837424006502,49.19245602293756],[21.18373660097526,49.19245390967857],[21.183731139974807,49.19245143904252],[21.183726068749287,49.19244863414812],[21.183721434751842,49.192445521241645],[21.18371728134431,49.192442129451614],[21.183713647391457,49.19243849051626],[21.1837105668973,49.192434638486276],[21.183708068686947,49.19243060940647],[21.18369914895178,49.19241395633959],[21.183698534332482,49.19241296643425]],[[21.180385686717884,49.19699204791506],[21.180389545051273,49.196994473174534],[21.180393103492985,49.19699708796466],[21.18048443023093,49.197069704717165],[21.180488547814562,49.19707333671488],[21.180492087490503,49.19707722154378],[21.180495013407402,49.197081319856814],[21.180497295930284,49.197085590144646],[21.180498911940717,49.197089989156204],[21.180499845070926,49.197094472336495],[21.18050008586962,49.197098994278214],[21.1804996318977,49.197103509181204],[21.180498487753002,49.19710797131683],[21.180496665023696,49.1971123354907],[21.18049418217095,49.19711655750076],[21.18049106434194,49.19712059458468],[21.180487343115182,49.19712440585335],[21.180483056180655,49.197127952704555],[21.180478246958106,49.197131199214326],[21.18047296415725,49.19713411250072],[21.18040028700008,49.19717025921378],[21.18039397776203,49.1971730497741],[21.18038723563336,49.197175365116756],[21.18032531947387,49.19719383574907],[21.180324125459332,49.1971941829883],[21.180277992205266,49.19720725621073],[21.180271991168432,49.19720874261569],[21.18026580450175,49.19720985516754],[21.180259486304816,49.19721058413761],[21.180253091827407,49.197210923151296],[21.18024667698633,49.19721086924416],[21.18024029787647,49.19721042288751],[21.180234010280262,49.197209587984624],[21.180227869179884,49.19720837183625],[21.180221928276467,49.197206785077114],[21.18021623952049,49.19720484158267],[21.179910588891182,49.197088197095475],[21.179904616522627,49.19708563632863],[21.17989908243421,49.19708268279429],[21.179894046520047,49.197079368457935],[21.179889563282565,49.19707572918979],[21.179885681242673,49.19707180437691],[21.179882442414634,49.19706763649649],[21.17987988185135,49.19706327065662],[21.179806627580763,49.19691589740426],[21.17980487155872,49.1969116777373],[21.179803749499367,49.196907366217296],[21.17980327202173,49.19690300364864],[21.1798034436445,49.19689863131876],[21.17980426274324,49.196894290607354],[21.17980572156586,49.19689002259505],[21.179807806305874,49.196885867674325],[21.17981049723315,49.19688186516732],[21.179813768880575,49.19687805295382],[21.179817590285182,49.19687446711257],[21.179821925281065,49.19687114158004],[21.179826732841754,49.19686810782905],[21.179831967468427,49.19686539457094],[21.179837579620553,49.196863027484],[21.17984351618472,49.19686102897032],[21.17984972097731,49.19685941794388],[21.179856135276204,49.196858209651325],[21.17986269837653,49.196857415527944],[21.17986934816519,49.196857043089345],[21.1800246202278,49.19685331753183],[21.180032401744867,49.19685342034229],[21.180040115415736,49.19685410010111],[21.180047661959854,49.196855348059245],[21.180192776960645,49.1968851762126],[21.180199550552068,49.19688683005609],[21.180206021013404,49.19688894178398],[21.180212116512042,49.19689148795266],[21.18021776937806,49.19689444029552],[21.180385686717884,49.19699204791506]],[[21.177844002588976,49.19373851058015],[21.177844002725195,49.193738510442714],[21.17787824028003,49.19370585023167],[21.177881641633487,49.19370287680828],[21.177885406059648,49.193700097646435],[21.177889507838515,49.19369753173441],[21.178037975447744,49.19361205564279],[21.178039127766652,49.19361132578333],[21.178039346334245,49.1936102853397],[21.178049898838033,49.19353301980695],[21.178050841962573,49.19352859938474],[21.178052449213048,49.19352426203488],[21.17805470474832,49.193520050506066],[21.17805758633781,49.19351600630681],[21.178061065580636,49.193512169296454],[21.178065108185493,49.193508577292306],[21.178069674308652,49.193505265696906],[21.17807471894664,49.19350226714912],[21.17808019237981,49.193499611202355],[21.178086040662365,49.193497324033444],[21.178092206154073,49.19349542818452],[21.178098628088296,49.19349394234095],[21.178105243170975,49.19349288114707],[21.178111986204385,49.19349225506191],[21.178118790729744,49.19349207025611],[21.17812558968222,49.19349232855109],[21.178132316051915,49.19349302740119],[21.178138903544287,49.19349415991855],[21.178145287233537,49.193495714941115],[21.178151404202527,49.19349767714278],[21.178157194162893,49.19350002718424],[21.17816260004916,49.19350274190364],[21.1781675685813,49.19350579454496],[21.178177165074604,49.193512306567015],[21.17818126290283,49.1935153511397],[21.178184924967052,49.19351862556787],[21.178270386498856,49.193602759966666],[21.17827360311957,49.193606261935706],[21.178276321148633,49.19360994089683],[21.178278518119264,49.19361376644053],[21.178280175871613,49.19361770694555],[21.178281280702915,49.1936217298406],[21.178298343729693,49.19370556266524],[21.178298920379834,49.19371027769275],[21.178298737978064,49.193715006331374],[21.178297798543166,49.19371969623952],[21.178285105185655,49.19376460596588],[21.178283215737444,49.1937696461819],[21.17825579148567,49.1938280247637],[21.178253712750926,49.19383183185145],[21.17819757827846,49.193921680670016],[21.17819496144865,49.19392538097675],[21.178191843739434,49.19392891064244],[21.178188250806347,49.19393224062137],[21.178184212215584,49.19393534351124],[21.178077662174548,49.19401005931882],[21.178071118784978,49.19401408432332],[21.17794569449687,49.19408168847827],[21.177939754506603,49.19408455371551],[21.177933379493187,49.19408698445621],[21.177926643145486,49.19408895260339],[21.1777927015699,49.19412255386296],[21.177780321639947,49.19412565944282],[21.17777390557679,49.1941270358377],[21.177767314154668,49.194127992254785],[21.177760611209848,49.19412851943148],[21.177753861658683,49.194128612262084],[21.177747130868898,49.19412826984759],[21.177740484026522,49.194127495504226],[21.177733985504553,49.19412629673132],[21.177727698239533,49.19412468513864],[21.17772168312205,49.19412267633412],[21.177715998406967,49.194120289772464],[21.177710699149234,49.19411754856693],[21.177705836670775,49.194114479265416],[21.177701458063357,49.19411111159332],[21.177697605732565,49.19410747816566],[21.177694316987093,49.1941036141713],[21.177691623677468,49.19409955703188],[21.177689551887518,49.19409534603985],[21.17768812168183,49.19409102197753],[21.17768734691137,49.19408662672219],[21.177687235079443,49.19408220284083],[21.177687787268905,49.19407779317739],[21.177688998131796,49.19407344043835],[21.177690855941073,49.19406918677875],[21.177732044747348,49.19398986271427],[21.17773244684422,49.193988967923254],[21.177732616269033,49.19398804501494],[21.177744702331808,49.19388725766814],[21.17774547193435,49.19388320604065],[21.177746799199543,49.19387921687772],[21.17777555983496,49.19380839467964],[21.177777995909864,49.19380352958742],[21.177781260242536,49.19379887758264],[21.177785310492165,49.193794499004944],[21.177844002583676,49.19373851057775],[21.177844002588976,49.19373851058015]],[[21.177275787845797,49.19027663068026],[21.17727729165817,49.19027624634083],[21.177576744448473,49.19018877806727],[21.177577077631874,49.190188679347315],[21.177685384840558,49.19015613174313],[21.177686326360465,49.19015583231814],[21.17768663048908,49.19015572349219],[21.177687090700587,49.19015541949441],[21.17768744326202,49.19015516281016],[21.177729971789468,49.19012299114471],[21.17773463214284,49.190119797399824],[21.177739748370282,49.19011691896934],[21.177745271038727,49.19011438366457],[21.17775114678813,49.19011221598173],[21.177757318846957,49.190110436864835],[21.177763727580786,49.19010906350379],[21.177770311068457,49.190108109168015],[21.17777700570033,49.19010758307826],[21.177783746792926,49.19010749031757],[21.17779046921386,49.19010783178226],[21.177797108011138,49.19010860417306],[21.177803599040747,49.19010980002719],[21.177809879586377,49.19011140779019],[21.177815888965426,49.190113411928],[21.177821569115242,49.19011579307662],[21.17782686515419,49.19011852822932],[21.177831725911897,49.19012159095913],[21.17783610442362,49.19012495167392],[21.177839958384084,49.19012857790244],[21.177843250556183,49.19013243460811],[21.177845949130795,49.190136484527414],[21.17784802803413,49.19014068852995],[21.177879886537976,49.190217856536584],[21.17788129234476,49.19022204466231],[21.17788208297497,49.190226301522344],[21.17788225123561,49.190230588389454],[21.177881795595734,49.19023486626346],[21.17788072020043,49.19023909622592],[21.177879034833065,49.190243239794235],[21.177876754826325,49.19024725927185],[21.17787390092269,49.190251118091176],[21.177870499085753,49.19025478114605],[21.17786658026401,49.19025821511136],[21.177862180109344,49.19026138874631],[21.177857338652604,49.19026427317831],[21.177852099939475,49.19026684216579],[21.177846511629774,49.19026907233719],[21.17784062456381,49.19027094340319],[21.177834492299905,49.1902724383415],[21.17780291079862,49.19027903196192],[21.177800160293994,49.190279692298276],[21.177759509539158,49.19029076440103],[21.177665432843007,49.19031638319956],[21.177663915020148,49.190316856099514],[21.177663218127528,49.190317858437005],[21.177587351832738,49.19044321848839],[21.17758687050427,49.190444125297866],[21.17758650928631,49.190445055769246],[21.177573167122873,49.190486834354836],[21.177572877822012,49.19048809669123],[21.177573033193784,49.19048936912073],[21.177612835640407,49.19067845502866],[21.177613118254797,49.19067945699037],[21.177613927598294,49.19068032448318],[21.17761507547903,49.19068143812311],[21.177618625623968,49.190685283724356],[21.177621572180104,49.190689342441345],[21.177623885697134,49.19069357370825],[21.177625543051786,49.19069793523444],[21.177626527678985,49.1907023834274],[21.177626829737427,49.1907068738284],[21.177626446207906,49.19071136155689],[21.177625380923555,49.19071580175884],[21.17762364453147,49.19072015005548],[21.177621254386377,49.190724362986394],[21.177618234377142,49.19072839844421],[21.177614614687972,49.19073221609535],[21.17761043149685,49.190735777783125],[21.177605726613827,49.19073904790916],[21.177600547063204,49.19074199378925],[21.17759494461351,49.19074458597975],[21.17758897526013,49.19074679857234],[21.177582698665567,49.190748609452484],[21.17757617756319,49.19075000052081],[21.177569477130184,49.19075095787385],[21.177417054268645,49.190767554721084],[21.177410492478888,49.19076805783387],[21.17740388727808,49.19076814488348],[21.177397299935006,49.19076781506238],[21.177390791552813,49.19076707143],[21.177384422502197,49.19076592088413],[21.17737825186142,49.190764374097014],[21.177372336868345,49.19076244541645],[21.177366732389448,49.19076015273252],[21.177361490410906,49.190757517311795],[21.177356659556384,49.190754563600095],[21.177352284636008,49.190751318995446],[21.177209769496255,49.19063476222179],[21.17720866771183,49.19063390576281],[21.17712666486185,49.19057329362582],[21.177122432265882,49.19056983567503],[21.177118739841838,49.190566121322284],[21.17711562349079,49.19056218668186],[21.177113113512664,49.19055807001009],[21.177111234311685,49.190553811333075],[21.17711000415899,49.1905494520576],[21.177109435015115,49.19054503456864],[21.177107995425317,49.19051802693767],[21.177107827327532,49.19051680340386],[21.177107455744494,49.19051559930289],[21.1770367807141,49.19033749865016],[21.177035397147232,49.19033313410151],[21.177034679821812,49.190328701204045],[21.17703463578965,49.19032424353721],[21.177035265483404,49.190319804923774],[21.177036562712473,49.19031542899939],[21.177038514723737,49.190311158783224],[21.17704110232703,49.1903070362554],[21.17704430008376,49.19030310194394],[21.177048076557,49.1902993945267],[21.17705239462054,49.19029595045087],[21.177057211823904,49.19029280357468],[21.177062480809653,49.19028998483477],[21.177068149778943,49.19028752194184],[21.177074163000764,49.19028543910822],[21.177080461359857,49.19028375681002],[21.177086982937794,49.19028249158576],[21.17709366362176,49.19028165587368],[21.17710043773477,49.19028125788951],[21.177274179886698,49.19027672284917],[21.177275787845797,49.19027663068026]],[[21.17533531797091,49.19584434999776],[21.175335317699087,49.195844349843576],[21.175185501744874,49.19575507829382],[21.17518098535618,49.19575212423499],[21.17517690730886,49.19574890794968],[21.175173302883273,49.19574545726287],[21.1751702032623,49.19574180202759],[21.17516763526162,49.195737973866386],[21.17516562109766,49.19573400589787],[21.17516417819543,49.1957299324501],[21.175163319037782,49.19572578876374],[21.1751630510574,49.19572161068702],[21.175163390339375,49.19567234484525],[21.17516484130885,49.19546139125618],[21.175165178054364,49.19545714012061],[21.175166126779768,49.195452928912346],[21.175167678979808,49.195448795384074],[21.175169820739193,49.195444776591934],[21.175172532857335,49.19544090856352],[21.17517579102059,49.19543722597496],[21.17517956602008,49.195433761839844],[21.175183824013693,49.19543054721331],[21.17518852682934,49.19542761091386],[21.175193632307266,49.19542497926471],[21.17519909467794,49.19542267585803],[21.175434720073476,49.1953333578854],[21.175440834408263,49.19533130078631],[21.17544723213286,49.19532965496242],[21.175453849032042,49.19532843693318],[21.175460618690746,49.19532765892422],[21.17546747316063,49.19532732874453],[21.1754743436421,49.19532744970817],[21.175481161174858,49.195328020601046],[21.17548785733004,49.19532903569295],[21.17549436489707,49.19533048479526],[21.175500618558264,49.195332353363064],[21.175506555544395,49.195334622641134],[21.17551211626475,49.19533726985235],[21.175517244905265,49.195340268426094],[21.175521889988698,49.19534358826514],[21.17552600489133,49.19534719604762],[21.17552954831096,49.19535105556146],[21.17553248468143,49.19535512806797],[21.175532727962057,49.195355514491176],[21.175537104638753,49.19536159167085],[21.17565594854102,49.195526595043646],[21.17565594854055,49.19552659504383],[21.175655948547384,49.19552659505248],[21.175725164219422,49.19562269387396],[21.175787098496677,49.19570868289928],[21.17578962798093,49.195712683348454],[21.17579155847834,49.195716824721984],[21.17579287207986,49.19572106860097],[21.175793556599242,49.19572537561559],[21.17579360568613,49.19572970581034],[21.175793018885,49.19573401901461],[21.175791801639356,49.19573827521552],[21.175789965241247,49.19574243492889],[21.175787526726523,49.195746459565626],[21.17578450871681,49.19575031178974],[21.175780939209627,49.195753955864745],[21.175776851318684,49.19575735798495],[21.175772282966697,49.195760486589435],[21.17564535948429,49.1958394215771],[21.175644236031324,49.19584019026419],[21.17564398154604,49.19584051256817],[21.17564158808139,49.19584391716071],[21.175638138303405,49.195847766365304],[21.175634123067926,49.19585137239207],[21.17562958195989,49.1958546996902],[21.17562455974875,49.19585771545678],[21.175619105947014,49.1958603899602],[21.17561327432214,49.195862696833274],[21.175607122366493,49.19586461333314],[21.175600710730496,49.19586612056562],[21.175466403699044,49.19589284148122],[21.175460162548756,49.19589387629626],[21.175453800864947,49.19589452314914],[21.175447374670274,49.19589477634358],[21.175440940555468,49.19589463364984],[21.175434555181013,49.19589409632445],[21.175428274778184,49.19589316909934],[21.175422154653823,49.19589186013983],[21.175416248703332,49.195890180972974],[21.175410608935998,49.195888146385975],[21.175405285017035,49.195885774295895],[21.175400323830203,49.19588308559203],[21.17533531797091,49.19584434999776]],[[21.173187347024324,49.19716342214732],[21.173181674270403,49.19716113915485],[21.173176365864567,49.19715850660049],[21.173171471789654,49.19715554927178],[21.17316703812714,49.197152295014334],[21.173163106623413,49.197148774469596],[21.173159714296563,49.19714502078622],[21.173156893087896,49.19714106930812],[21.173154669561175,49.197136957241575],[21.1731530646525,49.19713272330493],[21.17310402870488,49.196969975460945],[21.173103041749908,49.196965552869514],[21.173102729750372,49.19696108791168],[21.173103095789692,49.19695662471641],[21.17310413624998,49.19695220739517],[21.17310584084777,49.196947879606235],[21.173108192735675,49.19694368412283],[21.1731111686689,49.196939662410514],[21.173114739234986,49.19693585421757],[21.173118869144485,49.19693229718179],[21.1731235175798,49.19692902645873],[21.173128638598538,49.196926074374254],[21.173134181587606,49.196923470104956],[21.173140091763482,49.19692123938973],[21.17314631071359,49.196919404275754],[21.173152776973645,49.19691798290001],[21.173233820716213,49.196903060712245],[21.17324009389328,49.19690211130892],[21.17324647525295,49.196901551472344],[21.173252908593362,49.19690138613316],[21.173259337254823,49.1969016167475],[21.173265704618903,49.196902241284334],[21.17327195460696,49.19690325424318],[21.173278032174153,49.1969046467028],[21.173283883794145,49.19690640639953],[21.173541000882526,49.19699351917247],[21.173546736401125,49.196995698738924],[21.17355212409594,49.19699823095175],[21.17355711364801,49.197001092161045],[21.17356165845684,49.19700425564427],[21.173565716075633,49.19700769185578],[21.17356924860773,49.197011368702704],[21.173572223060553,49.197015251844725],[21.17357461165373,49.197019305014805],[21.173576392078605,49.19702349035794],[21.173577547706532,49.19702776878459],[21.17357806774424,49.19703210033595],[21.17357794733461,49.197036444556986],[21.17357718760204,49.197040760874266],[21.173575795642005,49.1970450089751],[21.173573784454717,49.19704914918378],[21.17357117282377,49.19705314283224],[21.17345706407237,49.19720668469185],[21.173453712422543,49.19721066886571],[21.173449763516196,49.19721441066095],[21.173445257789375,49.19721787176214],[21.17344024137991,49.197221016728186],[21.173434765654942,49.19722381335508],[21.17342888668499,49.19722623300583],[21.173422664669754,49.19722825090359],[21.173416163321697,49.197229846385355],[21.173409449213626,49.19723100311368],[21.173402591097,49.19723170924377],[21.17339565919789,49.197231957545014],[21.173388724497936,49.19723174547488],[21.173381858007428,49.197231075204826],[21.17337513003821,49.197229953598374],[21.173368609483674,49.19722839214065],[21.173362363113295,49.197226406820675],[21.173187347024324,49.19716342214732]],[[21.17228577482491,49.18716192993023],[21.172286180205518,49.18716088493566],[21.17230709462729,49.18709352027612],[21.17230889885439,49.18708895117985],[21.172311423886764,49.187084531235065],[21.17231464189843,49.18708030914952],[21.17231851742684,49.187076331450406],[21.17232300776363,49.187072641971845],[21.172328063425336,49.187069281371855],[21.172333628698645,49.187066286684036],[21.17244250228427,49.18701372049723],[21.172447918192585,49.1870113568307],[21.17245365142031,49.1870093401749],[21.17245965037647,49.18700768867689],[21.17246586107895,49.18700641719774],[21.172472227640252,49.18700553717905],[21.17247869277034,49.18700505653967],[21.17248519829222,49.18700497960469],[21.17249168566543,49.18700530706638],[21.172678268217833,49.18702058815704],[21.172685297072732,49.18702140926905],[21.17269215763314,49.187022704849284],[21.172698775566868,49.18702446086046],[21.172705079170488,49.187026658276665],[21.172711000146215,49.18702927328955],[21.172716474341897,49.18703227756627],[21.172721442446097,49.18703563855624],[21.1727258506307,49.18703931984408],[21.17278738115416,49.18709660992088],[21.172790854632545,49.18710019206013],[21.172793797279603,49.1871039729384],[21.172796182868712,49.1871079188583],[21.172797990138022,49.187111994651595],[21.17279920298002,49.18711616399261],[21.172799810585015,49.18712038972178],[21.172799807537558,49.187124634177096],[21.172799193864623,49.1871288595295],[21.172797975035483,49.187133028120314],[21.17279616191289,49.187137102796754],[21.172793770656273,49.18714104724281],[21.17279082257774,49.18714482630341],[21.17278734395216,49.187148406297425],[21.172652071945418,49.187274103565905],[21.17264809913022,49.187277448473544],[21.17264366336001,49.18728053325904],[21.172638804068235,49.187283330499],[21.17263356445345,49.18728581532617],[21.17262799109522,49.18728796565078],[21.172622133540123,49.18728976235661],[21.172616043861215,49.187291189471146],[21.17248251310765,49.18731790073763],[21.17248101614359,49.1873182511569],[21.172479818447215,49.187318936187225],[21.172421510891052,49.18735557319653],[21.172416549577513,49.18735840419723],[21.172411197357345,49.18736091067231],[21.172405503454044,49.187363069570154],[21.17239952023351,49.18736486103565],[21.172393302722497,49.18736626859299],[21.17238690810252,49.187367279297064],[21.172380395183914,49.18736788385267],[21.17237382386502,49.18736807669961],[21.17236725458128,49.187367856064505],[21.172360747749412,49.18736722397636],[21.17235436321177,49.18736618624842],[21.172348159686,49.187364752424564],[21.172342194224967,49.18736293569144],[21.17233652169208,49.18736075275723],[21.17233119425671,49.18735822369811],[21.172326260914428,49.187355371773336],[21.172321767036333,49.187352223211754],[21.17223476623891,49.187285084774814],[21.172230612832124,49.187281535907395],[21.17222701795164,49.18727773409411],[21.172224017177374,49.187273716963034],[21.1722216402091,49.1872695242735],[21.172219910572487,49.18726519752228],[21.1722188453863,49.18726077953289],[21.17221845519293,49.1872563140321],[21.172218743854124,49.18725184521676],[21.17221970851269,49.1872474173165],[21.172221339620833,49.18724307415607],[21.17222362103467,49.187238858721436],[21.17222653017398,49.1872348127344],[21.172285071260383,49.18716290458081],[21.17228577482491,49.18716192993023]],[[21.17139382894803,49.18961195871438],[21.17138771245536,49.18961250523945],[21.171381545767417,49.18961268913178],[21.171375378827783,49.18961250890218],[21.171369261582008,49.18961196601025],[21.171363243573253,49.1896110648528],[21.1713573735409,49.18960981272827],[21.17117962486017,49.18956600759935],[21.171174936529454,49.18956472030075],[21.170993085122984,49.18950951136237],[21.170987047713272,49.189507433602756],[21.17098135488362,49.18950497320851],[21.170976062894297,49.189502154494996],[21.17097122404414,49.189499005318524],[21.170966886153774,49.189495556801376],[21.170963092092958,49.18949184302397],[21.17095987935696,49.18948790068838],[21.170957279695997,49.18948376875527],[21.170955318801443,49.18947948805915],[21.170954016051965,49.18947510090453],[21.17095338432199,49.1894706506482],[21.170943656202546,49.18932262622477],[21.170943699100782,49.18931818762249],[21.170944409543207,49.18931377342421],[21.170945780604995,49.189309426654916],[21.170947798922295,49.18930518968233],[21.170950444822505,49.18930110380417],[21.17095369251601,49.18929720884515],[21.170957510347566,49.18929354276931],[21.170961861104868,49.18929014130964],[21.170966702381204,49.18928703762014],[21.170971986988846,49.189284261952096],[21.17097766341897,49.18928184135986],[21.17098367634369,49.189279799436825],[21.170989967155375,49.189278156085486],[21.17099647453784,49.18927692732344],[21.171003135064037,49.189276125127414],[21.171009883814236,49.189275757316324],[21.1710166550088,49.1892758274752],[21.171023382649327,49.18927633492023],[21.171030001161938,49.18927727470539],[21.171036446036414,49.189278637670554],[21.171042654454943,49.18928041053113],[21.171048565904428,49.189282576007066],[21.1710541227663,49.18928511299163],[21.171059270878104,49.18928799675696],[21.171285197867963,49.189427774165935],[21.171286863870147,49.189428840515184],[21.17131996653781,49.18945076006599],[21.171321260609908,49.18945153337763],[21.17132266861139,49.1894522158433],[21.171484369341023,49.189522490566034],[21.171489833289364,49.18952512922509],[21.17149487266054,49.18952810887611],[21.17149943812111,49.189531400349615],[21.171503484976984,49.18953497142345],[21.171506973610995,49.189538787138105],[21.171509869870693,49.18954281013944],[21.171512145402748,49.18954700104385],[21.171513777930418,49.189551318824066],[21.17151475147177,49.18955572121072],[21.171515056496037,49.1895601651062],[21.171514690016974,49.18956460700654],[21.171513655622093,49.18956900342729],[21.171511963437545,49.18957331132917],[21.17150963002899,49.189577488539456],[21.17150667823945,49.18958149416499],[21.171503136965672,49.18958528899205],[21.171499040875254,49.18958883587088],[21.171494430067252,49.18959210007884],[21.17148934967966,49.18959504966047],[21.171483849447494,49.189597655740556],[21.17147798321593,49.18959989280651],[21.171471808413134,49.1896017389583],[21.171465385488126,49.189603176122795],[21.171458777318957,49.189604190230654],[21.17139382894803,49.18961195871438]],[[21.170744235655246,49.188868697883656],[21.1707403013046,49.18886535529964],[21.170736862635632,49.18886178557086],[21.1707339499682,49.18885802017291],[21.170731588984193,49.188854092306585],[21.17072980050111,49.1888500366053],[21.17072860028849,49.18884588882962],[21.17072799892889,49.18884168555188],[21.170728001724537,49.188837463833835],[21.17072860865064,49.188833260899784],[21.170729814355575,49.18882911380852],[21.170785235803436,49.18867757292703],[21.170787159227984,49.18867327196855],[21.170789726418544,49.188669117902855],[21.170792911862904,49.188665152012035],[21.170796683904825,49.18866141370808],[21.170801005058607,49.188657940141155],[21.170805832381685,49.188654765830755],[21.17081111790133,49.188651922322244],[21.17081680909141,49.18864943787369],[21.170822849394373,49.188647337174835],[21.170829178783315,49.18864564110185],[21.171148408630803,49.188572041211174],[21.171155230053852,49.188570724600226],[21.171162222782588,49.18856987796256],[21.17116931166293,49.18856951039741],[21.171176420507418,49.18856962585518],[21.171183472914052,49.188570223095],[21.171190393087347,49.18857129569804],[21.17119710665301,49.18857283213649],[21.171328628256294,49.18860804418169],[21.17133470649313,49.18860990370658],[21.171340478567135,49.18861214347034],[21.171345889280325,49.18861474205435],[21.171350886890284,49.18861767460846],[21.171355423605128,49.18862091308885],[21.171359456040417,49.18862442652612],[21.171362945634083,49.188628181321455],[21.17136585901521,49.188632141567986],[21.17136816832316,49.188636269394046],[21.171369851473965,49.18864052532541],[21.17137089237159,49.188644868662855],[21.17137128106181,49.18864925787128],[21.171371013827414,49.18865365097679],[21.17134671346933,49.188832615735656],[21.171345764302973,49.18883706926996],[21.17134414114493,49.18884143838143],[21.171341860232676,49.188845679362565],[21.171338944383702,49.188849749787764],[21.17133542276729,49.188853608937464],[21.171331330612638,49.18885721820575],[21.17132670885655,49.188860541486406],[21.17132160373381,49.18886354553412],[21.171170483236992,49.18894389850638],[21.171165013164863,49.18894652420317],[21.17115917433143,49.18894878311422],[21.171153023783475,49.18895065316934],[21.171146621613367,49.18895211609762],[21.171140030371845,49.18895315760589],[21.171133314456995,49.18895376751841],[21.171126539484984,49.188953939876114],[21.1708834987415,49.188952243296946],[21.17087698777838,49.18895199459722],[21.170870542283705,49.18895134170744],[21.17086422052895,49.18895029053017],[21.170858079666893,49.1889488505688],[21.170852175214897,49.188947034841405],[21.170846560553052,49.18894485976347],[21.170841286441483,49.18894234499895],[21.170836400561534,49.18893951328307],[21.170831947084658,49.18893639021636],[21.170744235655246,49.188868697883656]],[[21.170083229740897,49.18911229046285],[21.17008721847952,49.18910859200146],[21.170091754697875,49.18910517534734],[21.17009679235994,49.189102075174546],[21.170102280340814,49.189099322945246],[21.17010816294553,49.18909694659052],[21.170114380474324,49.18909497022678],[21.170120869828473,49.18909341391128],[21.17012756515062,49.189092293438264],[21.170134398493172,49.18909162017883],[21.170141300507876,49.18909140096565],[21.170148201149512,49.189091638023335],[21.170155030386802,49.189092328946174],[21.170161718913167,49.18909346672222],[21.17055412588957,49.18917424679794],[21.17055566852961,49.18917451238796],[21.17055706649361,49.18917400909033],[21.170660743581653,49.189132370311704],[21.170666750407207,49.18913022031577],[21.170673054214785,49.18912847337131],[21.170679592246614,49.18912714687007],[21.170686299413138,49.18912625401802],[21.170693108941016,49.18912580370408],[21.170699953037815,49.18912580041122],[21.170706763566965,49.18912624417228],[21.17071347272608,49.18912713056937],[21.170720013721983,49.189128450778014],[21.17072632143558,49.18913019165473],[21.17073233307026,49.18913233586828],[21.170737988776988,49.189134862071825],[21.170796004419177,49.18916365512086],[21.17080128380951,49.18916656001338],[21.170806091736495,49.18916979753302],[21.170810379647605,49.18917333498598],[21.170814104241607,49.18917713664963],[21.170817227905864,49.18918116413307],[21.17081971909614,49.18918537676513],[21.170821552655195,49.18918973200492],[21.170822710066776,49.1891941858713],[21.170823179642685,49.189198693387226],[21.17082295664074,49.18920320903384],[21.17082204331273,49.189207687210214],[21.170820448881667,49.18921208269384],[21.170818189448624,49.18921635109701],[21.17081709642326,49.18921812300917],[21.17081421705433,49.18922219351459],[21.170810733036333,49.18922605564498],[21.170806679066857,49.18922967093689],[21.17080209551974,49.18923300338518],[21.170797028042973,49.189236019801655],[21.170791527104075,49.189238690145416],[21.170785647487516,49.18924098782218],[21.170779447749073,49.18924288994916],[21.170772989632674,49.189244377582845],[21.17063795019947,49.18927060152474],[21.170636452985356,49.189270942833446],[21.17063524887925,49.189271618588485],[21.170557342573254,49.18931964595324],[21.170556201203823,49.18932042438086],[21.170557322989445,49.18932121494405],[21.170655246329506,49.18938359238496],[21.170659927494945,49.189386888803604],[21.17066408204684,49.189390475630965],[21.170667668301945,49.189394316879984],[21.170670650278804,49.18939837401092],[21.170672998058738,49.189402606318126],[21.170674688086,49.189406971338286],[21.170675703404175,49.189411425276624],[21.170676033826247,49.18941592344618],[21.170675676036883,49.18942042071628],[21.170674633625623,49.189424871965144],[21.170672917050958,49.189429232532724],[21.170670543535348,49.189433458668944],[21.170667536892466,49.18943750797231],[21.17066392728822,49.18944133981564],[21.170659750938185,49.18944491575339],[21.170655049744205,49.18944819990768],[21.170649870873962,49.18945115932812],[21.170644266287784,49.189453764322344],[21.170638292217294,49.18945598875406],[21.17063200860125,49.1894578103052],[21.17062547848412,49.189459210699866],[21.170618767383594,49.18946017588765],[21.170477419479734,49.18947568794826],[21.170475884622135,49.18947590521615],[21.17047511047198,49.18947680064568],[21.17031546224527,49.189683441785846],[21.170314269145305,49.18968516193703],[21.17029099476854,49.18972284839338],[21.17017974875449,49.18990297094736],[21.170177751996537,49.189905899077054],[21.17009240288007,49.19001995385505],[21.17008914879259,49.1900238116457],[21.17008533394977,49.19002744202675],[21.1700809950243,49.1900308100987],[21.170076173727026,49.190033883483615],[21.170070916405955,49.19003663263642],[21.170065273600677,49.19003903112893],[21.170059299556566,49.19004105590399],[21.17005305170329,49.19004268749707],[21.17004659010269,49.19004391022324],[21.17003997687145,49.19004471232829],[21.1700332755839,49.1900450861013],[21.170026550660893,49.190045027949246],[21.170019866750486,49.190044538431],[21.170013288106492,49.190043622252574],[21.169860619962225,49.19001717351486],[21.169854260624444,49.1900158518576],[21.169848127248304,49.190014131547876],[21.169842277849966,49.19001202885836],[21.169836767759396,49.190009563678494],[21.169831649097002,49.190006759326714],[21.169826970280603,49.19000364232957],[21.16982277556746,49.19000024217114],[21.169819104635618,49.18999659101363],[21.169815992208633,49.18999272339382],[21.169813467727067,49.18998867589573],[21.169811555070055,49.18998448680502],[21.16970879138344,49.18971176445866],[21.169707499387638,49.189707431598684],[21.169706861976785,49.189703036574016],[21.169706885296925,49.18969862176354],[21.169707569123034,49.189694229737114],[21.169708906861153,49.189689902844584],[21.16971088561201,49.18968568280805],[21.169950833058117,49.18925117743149],[21.169953750345677,49.18924667618268],[21.169957396291338,49.189242409250724],[21.170083229740897,49.18911229046285]],[[21.17036003578811,49.190821643746986],[21.170364047133116,49.19082527507033],[21.170367486753086,49.19082915018026],[21.170370320446754,49.19083323054542],[21.17037252003775,49.19083747559348],[21.170374063654716,49.19084184311486],[21.170374935948864,49.190846289681865],[21.170375128246516,49.190850771081074],[21.170374638635444,49.190855242752505],[21.170373471983787,49.19085966023299],[21.170371639891766,49.19086397959824],[21.170369160576243,49.19086815789945],[21.17036605868968,49.190872153590476],[21.170362365074936,49.190875926940876],[21.170357206313927,49.19088066000208],[21.170218258596336,49.191008136879695],[21.170214000905723,49.19101165701443],[21.17020922851809,49.191014881108906],[21.170203989075226,49.19101777697761],[21.1701983348815,49.191020315711484],[21.170060795338674,49.19107566515737],[21.170053834156402,49.19107811643638],[21.17004648903146,49.19108002672446],[21.170022442978112,49.19108525159724],[21.170015505334977,49.19108649858508],[21.170008406589915,49.19108726251349],[21.170001224815373,49.19108753498075],[21.169994038996943,49.19108731299025],[21.169986928164718,49.19108659898341],[21.169979970524064,49.191085400812966],[21.169894882500788,49.19106757359013],[21.169888517452762,49.191066008205226],[21.16988242007895,49.1910640375618],[21.16987665026949,49.191061681016194],[21.16987126469707,49.19105896171503],[21.169866316260233,49.19105590636801],[21.169861853563862,49.19105254498562],[21.16985792044171,49.19104891058429],[21.169854555525905,49.191045038862256],[21.169851791867433,49.19104096784853],[21.169849656611554,49.191036737529714],[21.1698481707312,49.19103238945729],[21.1698473488209,49.19102796633904],[21.16984719895351,49.19102351162013],[21.16984772260088,49.191019069055926],[21.169848914619443,49.19101468228251],[21.16985076330071,49.1910103943879],[21.169853250486263,49.19100624748885],[21.169856351746215,49.191002282317356],[21.16986003661903,49.19099853782029],[21.169864268910857,49.190995050777026],[21.16986900705096,49.19099185543823],[21.16987420450006,49.190988983189186],[21.1698756431946,49.190988264958186],[21.17009435821443,49.19086810704819],[21.17009780594586,49.19086592635662],[21.17021115676604,49.19078344305041],[21.170215802672786,49.19078037300247],[21.170220877069735,49.1907776096769],[21.170226333018707,49.190775178634496],[21.170232120052177,49.19077310236227],[21.170238184640127,49.190771400065785],[21.170244470685184,49.19077008749124],[21.170250920041507,49.190769176779924],[21.170257473052654,49.190768676355894],[21.17026406910336,49.19076859084811],[21.17027064718027,49.19076892104745],[21.170277146436284,49.19076966389963],[21.170283506753382,49.19077081253325],[21.170289669298693,49.19077235632348],[21.17029557706877,49.19077428099024],[21.170301175416796,49.190776568730506],[21.17030641255804,49.190779198382565],[21.170311240048967,49.19078214562223],[21.170315613235267,49.19078538318759],[21.17036003578811,49.190821643746986]]],[[[21.21448779121134,49.21385098068696],[21.21448782353224,49.213851028170346],[21.214487823557764,49.213851028162914],[21.21448779121134,49.21385098068696]]],[[[21.210661899558243,49.184593857965694],[21.21066275443083,49.184594773919265],[21.210795947182465,49.18472285225555],[21.210796797453327,49.184723689860235],[21.21095248424955,49.18488084144962],[21.21095340155724,49.18488167795225],[21.210954945590828,49.18488148582418],[21.21120732131245,49.1848418956066],[21.211208847538845,49.18484160597668],[21.21121000925104,49.184840895423214],[21.211480876613503,49.1846589172352],[21.211481981146346,49.18465809698665],[21.211481689808362,49.18465701969748],[21.211403975645972,49.18443482426991],[21.211402717326294,49.1844300658648],[21.211371948288182,49.184259792872524],[21.21137167060943,49.18425871383254],[21.211370782728437,49.18425778716259],[21.21126007510048,49.18415395873296],[21.211259094163953,49.18415312738077],[21.211257539676822,49.184153384840194],[21.211193446346357,49.184166188789455],[21.211186984601024,49.18416725777616],[21.21118039509024,49.18416791062823],[21.211173740028194,49.18416814118183],[21.211167082247936,49.18416794726024],[21.210704689658375,49.18413967386396],[21.210703102338325,49.18413962806546],[21.21070318509778,49.184140668166634],[21.210711474895437,49.184194214346036],[21.210711719685353,49.18419527791695],[21.21071281759299,49.18419607727685],[21.210883745252442,49.18430897529774],[21.210888220179978,49.1843122345377],[21.21089218947677,49.184315764026245],[21.210895615386484,49.18431953019069],[21.210898465321524,49.18432349720703],[21.210900712172982,49.184327627340735],[21.210902334568473,49.18433188130558],[21.210903317075523,49.18433621863773],[21.210903650348254,49.18434059807992],[21.210903331216397,49.18434497797475],[21.210902362715373,49.184349316660146],[21.210900754057498,49.184353572866314],[21.210898520544305,49.18435770610773],[21.210895683420993,49.18436167706872],[21.210892269674414,49.18436544797718],[21.21066273483051,49.18459293427454],[21.210661899558243,49.184593857965694]]],[[[21.207478426561675,49.184776919871865],[21.20747988570054,49.18477734498531],[21.207480964968905,49.18477761897592],[21.207503926142845,49.18478343953984],[21.20783287519089,49.184866834792686],[21.207834667405372,49.18486725207864],[21.20784282970034,49.184868986978245],[21.207844416040313,49.18486926747767],[21.20784510402294,49.184868289423726],[21.208454367366116,49.1838740306932],[21.208454900169514,49.18387301722507],[21.208453394144115,49.183872599503914],[21.208375911218546,49.18385404747324],[21.208155885242952,49.18380136691393],[21.20815402514312,49.18380099869551],[21.208152113273613,49.18380077137376],[21.208042841281042,49.18379195171567],[21.20804126789098,49.18379187438616],[21.208040644683607,49.183792824565586],[21.207478913124252,49.18477592296016],[21.207478426561675,49.184776919871865]]],[[[21.19593753325062,49.17721796869915],[21.195938730065233,49.17721765091106],[21.195992474040903,49.17720135393951],[21.195992836662793,49.17720124228976],[21.198716674894374,49.17634976904437],[21.19871824016319,49.176349211692774],[21.198719321612593,49.176348283762074],[21.198813453932992,49.17625804699598],[21.198816442993795,49.176255395755966],[21.199073009450558,49.176044466414325],[21.199073792133625,49.176043753012415],[21.199072607062966,49.17604416361805],[21.199032299983596,49.176059854088265],[21.198555316559208,49.176245528159555],[21.198519238511377,49.17625957178809],[21.19851346390814,49.176261581949184],[21.198265569891653,49.17633817709134],[21.198257248744444,49.17634032552235],[21.197876063771258,49.17642035274715],[21.197874642270925,49.1764206974104],[21.197873341174827,49.17642119936429],[21.197426918948864,49.17661122372233],[21.197424373822425,49.176612256025415],[21.19707119213027,49.17674861052155],[21.197006453228756,49.17677360485832],[21.196262501209834,49.17706081999195],[21.196067542363657,49.17713608540474],[21.196065874813744,49.17713681905007],[21.196064350226568,49.17713767601332],[21.195938417926254,49.177217352056964],[21.19593753325062,49.17721796869915]]],[[[21.191460837375594,49.17728594746624],[21.191461286418885,49.17728710097415],[21.191580214794044,49.17753603744706],[21.19158076431283,49.17753701897561],[21.19158235812589,49.17753698203694],[21.193612948779418,49.17742543667651],[21.193613109968975,49.177425427946005],[21.193653512047113,49.17742327109375],[21.193654953518895,49.17742314659711],[21.19365369459627,49.17742266975543],[21.19362512833182,49.17741305831289],[21.193623820521914,49.17741266295712],[21.193622434944434,49.17741241806686],[21.193251317733598,49.177357620790985],[21.19324535519825,49.17735655319494],[21.193239563502132,49.17735513796893],[21.19323398969399,49.177353386609575],[21.193228679052492,49.177351313343976],[21.19322367471847,49.17734893501422],[21.192695258961916,49.177073154406685],[21.192693891466075,49.17707251070643],[21.192692250638814,49.17707226388148],[21.192241995647148,49.177019796903366],[21.192240514962183,49.177019667793914],[21.192239028300264,49.17701970957141],[21.19168927301474,49.17705084790487],[21.191681728671483,49.177051001855055],[21.191674204219677,49.17705061129797],[21.191551433114636,49.177039755113555],[21.191549275065263,49.17703962862794],[21.191548860048794,49.17704065582464],[21.19154353324752,49.177057116735746],[21.191543173892885,49.17705816532118],[21.191461161240465,49.17728477607147],[21.191460837375594,49.17728594746624]]],[[[21.187674500338264,49.176987594299554],[21.187675753379917,49.17698815289294],[21.18770005963412,49.17699789320934],[21.187702658280728,49.176998835704914],[21.188144641125916,49.17714310832937],[21.18814605356009,49.17714351828143],[21.18814754938867,49.1771437537919],[21.188502466766007,49.17718871571736],[21.188655050215687,49.17720804496216],[21.188656722940962,49.177208200819955],[21.188658391695682,49.17720802763148],[21.18913383033897,49.17714266652694],[21.189327353926565,49.17711606175883],[21.189334660431754,49.17711532420086],[21.18934204558191,49.17711510655873],[21.189349423555807,49.177115411361584],[21.18971692459394,49.17714369468848],[21.18971872525482,49.17714376981574],[21.189720412085425,49.177143349965476],[21.19003147943068,49.17705321960904],[21.190035437790538,49.1770518640038],[21.190403680804565,49.176904966867305],[21.19040669244645,49.17690361638246],[21.190434891093755,49.17688946984316],[21.1904360432189,49.17688883051071],[21.19043455654351,49.17688865935707],[21.190056706043862,49.176857636553784],[21.189775830190726,49.17683457265689],[21.189773602276514,49.17683443795587],[21.189289035600087,49.176815569722216],[21.189287556363034,49.176815554141285],[21.189286080605697,49.176815622423874],[21.18878012248867,49.17685350672317],[21.188774728601306,49.17685376983418],[21.188160895450928,49.176867786708364],[21.188159222711032,49.176867878975656],[21.188157571843146,49.176868078371356],[21.18812612895508,49.17687293357415],[21.18812157216577,49.1768738610755],[21.18811982463446,49.17687430643329],[21.187712737059737,49.17697797756458],[21.187700211360724,49.176981167146124],[21.187699636983904,49.17698131146686],[21.187675890020774,49.17698719829924],[21.187674500338264,49.176987594299554]]],[[[21.166957311602864,49.23215986436202],[21.166958056238265,49.2321591359335],[21.167896356448875,49.231134372528764],[21.167897104630867,49.23113345672459],[21.167895644196896,49.23113305170956],[21.167893578539488,49.23113255529084],[21.16789206480987,49.231132242951915],[21.167890489005284,49.23113211923996],[21.167710956896617,49.23112354105516],[21.167709378316268,49.23112351425473],[21.16770819604365,49.2311241997993],[21.167585700552202,49.23120223930286],[21.167584778427866,49.23120287453651],[21.16758393484492,49.23120355497653],[21.16739293401692,49.2313705480227],[21.167392090023217,49.23137135737436],[21.167391357174058,49.2313722118994],[21.167297509746213,49.23149379953424],[21.16729697762745,49.231494557719586],[21.16729653302079,49.23149533970595],[21.167259053789973,49.23156959297828],[21.167156250574287,49.23177325710119],[21.16715462582038,49.23177614106671],[21.16699361768536,49.23203438174617],[21.166993046750395,49.2320354482517],[21.166992642786347,49.23203654699811],[21.16695749314484,49.23215899587611],[21.166957311602864,49.23215986436202]]],[[[21.159903972823873,49.24553228389978],[21.159905463964815,49.24553272082256],[21.159958493210347,49.245546221266785],[21.15996373368244,49.24554772277301],[21.160186874827758,49.245619048346],[21.160188353074346,49.24561946270306],[21.160188808210904,49.24561845298315],[21.16024161350498,49.24547551364962],[21.160241957771145,49.245474285591634],[21.160242091033645,49.245473040073755],[21.160248852525847,49.24516009387158],[21.160248797213292,49.24515904771915],[21.160247202696027,49.2451589705219],[21.160214783736105,49.245158438336894],[21.160091190992695,49.24515640820138],[21.160089532948632,49.24515643584391],[21.160089317780283,49.24515751253897],[21.160077208545673,49.24525695795292],[21.160076242748186,49.245261694191484],[21.160074514622927,49.24526633657252],[21.160072043690338,49.24527083265639],[21.15990453085509,49.24553127867609],[21.159903972823873,49.24553228389978]]],[[[21.158967225835152,49.246651627099084],[21.158968617258754,49.246651211752656],[21.15911272378183,49.24660255658144],[21.159113485957104,49.246602303164124],[21.159166077069674,49.246585085735674],[21.159166077472353,49.246585085595704],[21.159295036634003,49.24654286573759],[21.15929650653335,49.246542321940204],[21.15929657990191,49.24654121764815],[21.15929528363349,49.24642301241711],[21.159295555260407,49.246418681914406],[21.15929646256226,49.246414388658366],[21.159297997106712,49.24641017254904],[21.15930014463206,49.24640607276963],[21.1594322422493,49.24618865640029],[21.15943498876394,49.2461847034272],[21.15948139872383,49.24612565319185],[21.159484759335427,49.24612184707021],[21.159488671690713,49.24611827403033],[21.159493098379752,49.24611496823753],[21.159497997074556,49.24611196130166],[21.159503320933883,49.24610928197499],[21.159509019051086,49.24610695587712],[21.15951503694092,49.24610500525012],[21.15952131706049,49.24610344874588],[21.159527799359488,49.24610230124761],[21.159534421854392,49.24610157372761],[21.159541121221164,49.24610127314246],[21.15954783340069,49.246101402366314],[21.159554494211346,49.246101960163514],[21.159561039962725,49.24610294120044],[21.159567408064586,49.24610433609651],[21.15957353762533,49.24610613151371],[21.159579370034287,49.24610831028431],[21.15958484952213,49.24611085157502],[21.159589923694103,49.24611373108609],[21.159594544031066,49.24611692128372],[21.159598666353393,49.24612039166332],[21.15960225124345,49.246124109041254],[21.15960526442248,49.24612803787198],[21.159607677078405,49.246132140588166],[21.159609466141298,49.24613637795968],[21.15961061450402,49.246140709468854],[21.15961111118578,49.24614509369796],[21.159612270435062,49.24617529950941],[21.159616432358774,49.24628376016534],[21.15962222211764,49.24643460330529],[21.15962234263371,49.24643564831965],[21.159623808490682,49.246435227233064],[21.159750579503118,49.24639372213165],[21.159754014916842,49.24639267392916],[21.159853645835685,49.24636443878051],[21.1598550991277,49.24636397031342],[21.159854839726123,49.24636292347597],[21.159833551376252,49.24629748006513],[21.159832271450476,49.246291762368706],[21.15978941303108,49.24594698988062],[21.159789195940238,49.24594260722236],[21.15978963202279,49.245938231564246],[21.15979071713018,49.24593390453126],[21.159792440939757,49.24592966728572],[21.15984464223812,49.24582264087354],[21.159884206670547,49.245741521973656],[21.159884624273197,49.24574049582121],[21.159883448376256,49.24573976433713],[21.1598331629437,49.245711401344394],[21.159831903659946,49.24571075682973],[21.159830335196485,49.24571095848187],[21.15972042393367,49.24572868560631],[21.159713704110203,49.2457295393774],[21.159706887841143,49.24572995091452],[21.15970004285496,49.24572991612862],[21.159693237165502,49.24572943536532],[21.159686538396098,49.24572851340161],[21.159680013107728,49.24572715939841],[21.159673726137562,49.245725386809504],[21.159667739954788,49.24572321324784],[21.159662114039822,49.24572066031059],[21.1596359353154,49.24570746934353],[21.159630909798192,49.24570467562553],[21.15962631664718,49.2457015792724],[21.159622198197752,49.245698208823505],[21.15961859240989,49.24569459534456],[21.159615532518334,49.24569077214127],[21.159613046726218,49.24568677445246],[21.15961115794514,49.245682639125114],[21.159609883583983,49.245678404274756],[21.159609235388487,49.24567410893451],[21.159609219332935,49.245669792694635],[21.159609835565167,49.245665495338365],[21.15965088295538,49.245477019132146],[21.159652332112735,49.24547223743944],[21.159756574693375,49.24520508434749],[21.159757001852135,49.24520384439355],[21.159838925527488,49.2449301939006],[21.15987960882752,49.2447942913089],[21.159935561386952,49.24460739203324],[21.159935794987035,49.244606331035556],[21.15993416610952,49.24460622231379],[21.159909898147195,49.244605407932355],[21.15990707455864,49.24460538933062],[21.159476081685632,49.244614163420906],[21.15947446745849,49.24461424801424],[21.15947395815474,49.24461525443904],[21.15919452438045,49.24527335579871],[21.15919384640762,49.245275274841],[21.159135220916546,49.24548214213219],[21.15913483723173,49.24548386630155],[21.15905202347695,49.24599394659101],[21.15903608482408,49.246092120736584],[21.159036003647156,49.246092689394445],[21.159030903914665,49.24613408363435],[21.158967274947635,49.24665062645796],[21.158967225835152,49.246651627099084]]],[[[21.15002371305418,49.24289380041572],[21.150023662403196,49.242894839576266],[21.150030536286298,49.24315378091193],[21.15003067061235,49.24315499872296],[21.150031205565377,49.24315616839169],[21.150453800446705,49.24392447570973],[21.15045594170265,49.24392915040071],[21.15045729641148,49.24393394950662],[21.150509979401455,49.24420099714477],[21.150510497636816,49.244205084450016],[21.150510444794403,49.24420918566786],[21.150509821313804,49.244213266667444],[21.150508632383595,49.24421729348609],[21.15050688789807,49.24422123261208],[21.150504602374983,49.244225051263406],[21.149996800626596,49.24497133259722],[21.149996229399633,49.2449722977798],[21.149997807416266,49.24497236168588],[21.150092026779408,49.24497312283216],[21.150098351574822,49.24497336528703],[21.15010461532038,49.24497398834557],[21.150110764697665,49.244974986704165],[21.150116747361768,49.24497635186457],[21.150122512386872,49.2449780722062],[21.150128010699746,49.244980133085186],[21.150212304512934,49.24501520382099],[21.15021804835882,49.245017873845256],[21.15022334417446,49.24502091507751],[21.150228136230155,49.245024295513915],[21.150232374097392,49.245027979580975],[21.15023601317955,49.245031928509995],[21.1502390151812,49.24503610074509],[21.15024134851109,49.24504045238039],[21.15024298861462,49.245044937622204],[21.150243918232224,49.24504950927071],[21.15024412758102,49.245054119216896],[21.150239391258562,49.24519771223459],[21.150239430522102,49.24519875052578],[21.150239760621293,49.24519976184313],[21.150290055151032,49.24532532044666],[21.150290547405994,49.24532634133704],[21.15029360052755,49.24532650487545],[21.150300297009014,49.245327081758575],[21.150306874538064,49.24532808654076],[21.150313269483675,49.245329509501694],[21.150319419981077,49.24533133687572],[21.150325266530334,49.2453335509848],[21.150330752571822,49.24533613040953],[21.1503358250335,49.24533905019667],[21.15034043484424,49.24534228210005],[21.150344537408603,49.245345794854316],[21.150348093038225,49.24534955447702],[21.150351067335762,49.24535352459745],[21.150353431527662,49.24535766680864],[21.15035516274255,49.245361941038745],[21.150406053512995,49.24551824985617],[21.150425615646586,49.2455781567341],[21.150425988260775,49.24557909613442],[21.15042671819472,49.24557994089316],[21.150563685523665,49.2457235177822],[21.150696580426526,49.24586278163723],[21.150700085061498,49.245866925073976],[21.150702904438234,49.24587128689933],[21.15082084370963,49.246084383168366],[21.15084189559524,49.24612230592694],[21.150842546227093,49.24612331994636],[21.150843345574515,49.24612428733279],[21.15088196578301,49.24616599557626],[21.15090486708762,49.246190728008074],[21.150908036549975,49.24619455794833],[21.150910625002616,49.24619857071863],[21.150912608146903,49.246202728649955],[21.150913967366368,49.246206992710675],[21.150914689901512,49.246211322873016],[21.15091476896953,49.246215678488475],[21.150914203828012,49.246220018669696],[21.150912999781937,49.24622430267423],[21.150911168133867,49.24622849028695],[21.150862704322844,49.24632192630988],[21.15086226807534,49.24632291512537],[21.150862406914335,49.24632393815209],[21.150867172153433,49.24634701113574],[21.15093732754223,49.24668673082111],[21.1509379169024,49.24669143037644],[21.150937751162743,49.24669614449564],[21.150936832146282,49.246700821321376],[21.15093516996238,49.24670540940636],[21.150744072694533,49.24713188896513],[21.150743678565767,49.247132964498924],[21.150744118503713,49.24713403239274],[21.150922450108713,49.247494368062824],[21.15092415823792,49.247498472419935],[21.15092526617538,49.24750266409514],[21.150925764001634,49.247506905560485],[21.15092770906744,49.247550262985186],[21.150945033253905,49.24793649290931],[21.150945165628602,49.24793758747213],[21.15094621348622,49.24793844478912],[21.15115972406734,49.24809637603048],[21.15179577301693,49.24856684893221],[21.151799432503033,49.24856979799384],[21.151802698554253,49.24857293880792],[21.151876351306957,49.248650633450865],[21.15197945854467,49.24875940124791],[21.15198420760309,49.24876441086647],[21.152182794901623,49.24897389916415],[21.152184653186836,49.2489756653266],[21.152344309598373,49.249112892349785],[21.152476359957078,49.24922639426119],[21.152598300891785,49.249331204340876],[21.152775858446773,49.249483816643306],[21.152871770252563,49.249566252630586],[21.152970278516545,49.24965062044115],[21.152971236916116,49.24965136267757],[21.15297135834695,49.24965039403919],[21.152973922101342,49.249599180425065],[21.152974436458447,49.24959496831354],[21.152990708947474,49.24951139596149],[21.152991537669635,49.24950811341973],[21.152992734941375,49.24950487998693],[21.153014286163355,49.249454842909046],[21.153016036334577,49.249451336937014],[21.153018219622464,49.2494479366823],[21.153049115261634,49.2494048576613],[21.15305230392699,49.249400929412666],[21.15305699302354,49.24939578436626],[21.153060626766447,49.24939219912718],[21.153064767396817,49.24938885770373],[21.153069376990523,49.24938579069978],[21.15307441332826,49.24938302620617],[21.153204371068153,49.249318364062766],[21.15321033941376,49.24931570634771],[21.153216700909656,49.249313473407646],[21.153679909632146,49.249170863772996],[21.15368063288116,49.249170634297],[21.153860019528565,49.24911201037667],[21.153862600186788,49.249111074224565],[21.153993601024872,49.24905861256911],[21.15417158696297,49.248987335293],[21.154177882734412,49.24898510061155],[21.15418449976268,49.24898330729665],[21.154367116514983,49.24894097222569],[21.154467114726366,49.248917791141366],[21.154467609993084,49.24891767772283],[21.154759411530865,49.24885167124552],[21.154778275792804,49.24884740399573],[21.1550407088785,49.24878803893684],[21.155041344871766,49.248787897343384],[21.155285759656547,49.248734353737895],[21.155289377045545,49.2487334086672],[21.155390534513774,49.24870251468183],[21.155639789411552,49.24862638826406],[21.155641129364554,49.248625930858246],[21.155642320820657,49.24862532859764],[21.15581739786249,49.24852853359974],[21.155817397936076,49.24852853355697],[21.15604756417509,49.24840128000107],[21.156048743678426,49.24840056305108],[21.15604981513018,49.24839977675907],[21.156127922794504,49.24833672474672],[21.156128884274104,49.24833586699973],[21.156128657241577,49.24833481351367],[21.15601391060636,49.24794099489488],[21.155974600822407,49.247806079790614],[21.155895234667334,49.24753368189824],[21.155894299415174,49.24752932073643],[21.15589402041442,49.247524920593676],[21.155894400342014,49.24752052369096],[21.155895435552235,49.24751617221814],[21.155897116111724,49.24751190792903],[21.155899425894766,49.24750777174101],[21.15590234273803,49.24750380334218],[21.155905838653297,49.247500040810685],[21.155909880095937,49.247496520249385],[21.155914428286827,49.24749327543917],[21.155919439584483,49.247490337515046],[21.15592486590373,49.24748773466749],[21.155930655177194,49.24748549187154],[21.155936751854842,49.24748363064764],[21.155943097437,49.247482168854894],[21.155949631035735,49.24748112051964],[21.155956289959,49.24748049570096],[21.155963010312256,49.247480300394244],[21.155969727611513,49.247480536473525],[21.155976377402098,49.24748120167351],[21.1559828958771,49.247482289611455],[21.15598922048959,49.2474837898481],[21.15621449352753,49.24754555500099],[21.156215912454435,49.24754589146697],[21.156215408705062,49.24754496015068],[21.156154062700264,49.24744709915849],[21.156151814779147,49.24744294400882],[21.15615019921934,49.24743866471387],[21.156149231551655,49.247434302412046],[21.15614892107843,49.24742989903964],[21.156149270784187,49.24742549692794],[21.156150277306935,49.247421138395914],[21.156151930970413,49.247416865343695],[21.156154215877237,49.24741271884956],[21.156157110061667,49.24740873877521],[21.15616058570077,49.24740496338247],[21.156164609381925,49.247401428965475],[21.156169142424016,49.24739816950169],[21.156174141249313,49.247395216325565],[21.156179557802336,49.24739259782682],[21.15618534001194,49.24739033917804],[21.15619143229176,49.24738846209238],[21.15619777607471,49.24738698461483],[21.156204310375873,49.24738592094882],[21.15621097237888,49.24738528131981],[21.15621769803972,49.24738507187679],[21.156224422702415,49.247385294633084],[21.15623108172059,49.24738594744736],[21.156336343156116,49.24739975047944],[21.156337267818394,49.24739986312989],[21.156674038675174,49.24743777435801],[21.156680412476806,49.247438697975156],[21.156686623520624,49.247440013628534],[21.15669261568166,49.247441709429644],[21.1566983348128,49.24744377005464],[21.15670372923411,49.247446176882995],[21.156837419322326,49.247512128617025],[21.15684201706668,49.24751460857003],[21.156846269211652,49.24751734005606],[21.15685014375917,49.247520302520215],[21.156999873068443,49.24764538233796],[21.15700092135077,49.247646174187665],[21.157002010638315,49.24764540642492],[21.157055995454034,49.247603373019906],[21.157060636614506,49.24760010359733],[21.15706575008142,49.24759715155665],[21.15716454193687,49.247545592238076],[21.15716793083662,49.247543932749444],[21.157170713103902,49.2475426559114],[21.15759153502806,49.24734952252484],[21.157592575037288,49.2473490259226],[21.15763956327953,49.24732569326265],[21.157640815466667,49.247325004651564],[21.15764000177711,49.24732407597528],[21.157533145404333,49.247215063872474],[21.15752970127635,49.24721112629233],[21.15752688094422,49.24720698149122],[21.157524713135818,49.24720267168847],[21.157523219932358,49.24719824078377],[21.157522416543497,49.24719373391059],[21.157522311152384,49.24718919697606],[21.157522904832344,49.24718467619345],[21.157524191535963,49.24718021761177],[21.157526158156656,49.2471758666461],[21.157528784662194,49.24717166761557],[21.157532044298776,49.24716766329152],[21.15753590386352,49.24716389446218],[21.15754032404272,49.247160399516844],[21.157545259812245,49.24715721405513],[21.157550660896174,49.24715437052409],[21.158115291958428,49.24688665918601],[21.158116527611497,49.2468860127309],[21.158116297143433,49.24688498825911],[21.1580607209768,49.24669943234796],[21.158059557701844,49.24669343832206],[21.158033504202685,49.24640530890577],[21.158033236764002,49.246403540427465],[21.15794852096454,49.2460048869369],[21.157948281144975,49.24600391490432],[21.15792145474109,49.24590850796702],[21.157920569932674,49.24590420109095],[21.157920324390773,49.245899858407604],[21.15792072040938,49.245895520491054],[21.15792175428827,49.24589122787082],[21.15792341636767,49.24588702065318],[21.15792569111851,49.245882938146465],[21.15792855728746,49.24587901849384],[21.157931988095562,49.24587529831692],[21.157935951488433,49.24587181237356],[21.157940410435707,49.2458685932332],[21.157945323277062,49.24586567097242],[21.157950644111438,49.24586307289411],[21.15795632322589,49.24586082327229],[21.15796230756006,49.24585894312531],[21.15796854120192,49.24585745001951],[21.15797496591018,49.24585635790502],[21.157981521658417,49.2458556769856],[21.157988147195873,49.24585541362305],[21.157994780619788,49.245855570277975],[21.158001359953705,49.245856145486805],[21.158007823726532,49.24585713387533],[21.158014111546837,49.24585852620891],[21.15804061082304,49.24586534506906],[21.158042143824453,49.24586568304206],[21.158042631079176,49.245864673211784],[21.15808195453938,49.245766434287326],[21.158084049142712,49.245762105904184],[21.15808679990233,49.245757937909154],[21.15809017876225,49.245753972813006],[21.1580941512603,49.24575025105691],[21.158098676879643,49.245746810600146],[21.158103709462033,49.245743686533075],[21.158109197678545,49.2457409107189],[21.158115085553195,49.24573851146897],[21.158121313033742,49.24573651325401],[21.158127816604257,49.24573493645436],[21.158134529932894,49.24573379715222],[21.15814138454845,49.24573310696775],[21.158148310538714,49.245732872940245],[21.158355080414633,49.245732730793264],[21.158356663589387,49.24573267905901],[21.15835644403068,49.24573165128133],[21.15834042560435,49.24567646034596],[21.158340007152752,49.24567533955495],[21.15833893309763,49.24567442480392],[21.158236903525033,49.24559628747495],[21.15823574497752,49.245595484632055],[21.158234202079367,49.245595037959426],[21.15812803647164,49.24556834557749],[21.158122033999746,49.24556661683712],[21.15811631076178,49.24556452113967],[21.158110918947706,49.245562077595714],[21.158105907725233,49.24555930848782],[21.158101322791435,49.24555623906734],[21.158097205956068,49.245552897324316],[21.158093594760253,49.245549313731864],[21.15809052213426,49.245545520968605],[21.158088016097057,49.24554155362062],[21.158086099500967,49.24553744786591],[21.158084789823164,49.24553324114465],[21.158084099006402,49.24552897181775],[21.15808403335003,49.24552467881698],[21.158084593452607,49.24552040128996],[21.15808577420644,49.245516178243115],[21.158087564844138,49.24551204818628],[21.158089949036842,49.24550804878108],[21.158092905043134,49.24550421649788],[21.15810852806208,49.24548616025856],[21.158112051662247,49.245482508798666],[21.158116094196245,49.24547909555406],[21.158120618354094,49.24547595202668],[21.158125582380748,49.24547310722927],[21.15839805596656,49.24533149643923],[21.158399337491534,49.24533075751069],[21.158399216772334,49.2453296422947],[21.158373677336204,49.24519308055448],[21.15837319020853,49.245188751791844],[21.158373342945676,49.2451844124488],[21.158374134123836,49.245180102971986],[21.158375556368338,49.24517586352946],[21.15837759642246,49.24517173363659],[21.158380235270954,49.24516775178766],[21.15878539394708,49.244629194432555],[21.158786013285518,49.24462825795717],[21.158784454834066,49.24462823962831],[21.158465342977273,49.24463473351654],[21.15835025415826,49.24463707452175],[21.158348569865208,49.24463716467889],[21.158347643946158,49.244638090220825],[21.15826118478242,49.24473484542341],[21.158257503138937,49.24473853733705],[21.158253286838445,49.24474197539203],[21.158248576432786,49.24474512652146],[21.15751811055879,49.24518808169162],[21.157512843795544,49.24519096882427],[21.157507162809342,49.24519349702148],[21.157501124445716,49.24519564098539],[21.157494789126208,49.24519737926286],[21.157488220243863,49.245198694460186],[21.157481483528798,49.24519957341718],[21.157474646390554,49.24520000733865],[21.157467777243518,49.24519999188271],[21.15746094482239,49.24519952720396],[21.157454217494376,49.245198617952184],[21.15744766257507,49.24519727322556],[21.157441345654878,49.24519550647985],[21.157435329942718,49.24519333539361],[21.157429675633495,49.24519078169132],[21.157127304222804,49.24503906347045],[21.15712225331161,49.245036266246046],[21.15711763697246,49.24503316379552],[21.15711349805039,49.24502978491331],[21.1571098749594,49.24502616095945],[21.157026937296163,49.24493377818483],[21.156979745941555,49.244881210545294],[21.15697672643157,49.244877451039365],[21.156974262315064,49.2448735217488],[21.15697237558692,49.24486945774698],[21.156971083088145,49.24486529530964],[21.15697039635557,49.244861071591096],[21.156961193891636,49.244758711372455],[21.156961101160814,49.24475730468254],[21.156948088089507,49.24444726419954],[21.156948209260086,49.244443088258166],[21.156948921822917,49.24443893769941],[21.156950219627976,49.24443484834528],[21.156952091474217,49.24443085548962],[21.157007593133805,49.24432950833787],[21.157010848493474,49.24432453024513],[21.157016296534284,49.244317416745915],[21.157016961619608,49.24431642620001],[21.157015485419453,49.24431593968391],[21.156863303822444,49.2442719541917],[21.15686277750432,49.244271805492694],[21.15660078218719,49.24419947688869],[21.15614333701608,49.244073189476616],[21.155934973641834,49.24401566541058],[21.155933248184265,49.24401525889378],[21.15593146617353,49.24401497564561],[21.155752614661143,49.243993117818064],[21.154966700265366,49.243897068491094],[21.154682282513456,49.243862306825854],[21.15467872768759,49.24386180825345],[21.154417128924226,49.24382034752508],[21.153999578489042,49.24375416907062],[21.153411773671596,49.243661002775916],[21.15340516484677,49.24365972227239],[21.153155290353798,49.243602231800786],[21.153007212694252,49.24356816306802],[21.153001678415528,49.2435667101214],[21.15299635751739,49.24356494831909],[21.152778199382503,49.24348474384029],[21.152641791564406,49.24343459429879],[21.152298782635825,49.24330848790738],[21.152247398309054,49.24328959600426],[21.152242423799112,49.24328757993806],[21.151938517336898,49.24315235928081],[21.15179476445195,49.2430883963891],[21.151794764131257,49.24308839625375],[21.151447026806352,49.24293367081654],[21.151441593095882,49.242930985959816],[21.15143659211821,49.2429279620415],[21.15131640559874,49.24284770540202],[21.151175075026153,49.24275332787459],[21.15117507487974,49.242753327781585],[21.151005491849862,49.24264008385625],[21.150798863777855,49.24250209969862],[21.15079763101809,49.242501355057435],[21.150795974398715,49.24250152679451],[21.15063966103305,49.242523035975296],[21.150637956008186,49.242523331409835],[21.15063630649493,49.242523740198266],[21.150385324258778,49.24259582841939],[21.150383777880396,49.24259633616888],[21.150383126899527,49.24259738556511],[21.150294301749163,49.24276478738554],[21.15029194137514,49.2427686493848],[21.150289045926318,49.242772352019244],[21.150285640189573,49.24277586359174],[21.150164432120654,49.242888917494774],[21.150160408090215,49.242892313227884],[21.150155907195835,49.24289544186368],[21.150150970571353,49.24289827480942],[21.150145643332838,49.242900786174516],[21.150139974166184,49.242902953007544],[21.150134014882262,49.24290475550567],[21.15012781994332,49.24290617719569],[21.1501214459653,49.242907205084784],[21.150114951200422,49.24290782977889],[21.15010839500477,49.24290804556897],[21.15010183729587,49.24290785048282],[21.15009533800508,49.242907246303446],[21.150088956529856,49.242906238552436],[21.15002525729814,49.242894042715825],[21.15002371305418,49.24289380041572]],[[21.156851621343876,49.24723753960487],[21.15685026367234,49.24723698367638],[21.156759103443214,49.247203475925886],[21.156753276316596,49.24720107490078],[21.156747845724635,49.247198303944224],[21.15674286625678,49.2471951909105],[21.156738387967675,49.247191767092566],[21.156734455873963,49.24718806690735],[21.15673110950177,49.24718412754989],[21.15672838248943,49.24717998861957],[21.15672630224929,49.247175691721665],[21.156724889692185,49.24717128004965],[21.156724159017287,49.247166797950435],[21.156724117569276,49.247162290479096],[21.15672476576462,49.247157802945566],[21.156735659390613,49.2471087695396],[21.156737019941712,49.2471042707129],[21.156739073493846,49.24709988603591],[21.15674179867791,49.24709566113493],[21.15674516713597,49.247091639973476],[21.15674914381627,49.24708786439506],[21.156753687338085,49.24708437368766],[21.156758750422224,49.247081204174975],[21.15676428038308,49.24707838883836],[21.157010870250804,49.246965573084736],[21.157016679012457,49.24696318888375],[21.157022821953923,49.24696119575043],[21.157029237847837,49.246959613550395],[21.1570358627463,49.24695845805374],[21.15704263061826,49.246957740777326],[21.157049474007636,49.24695746887037],[21.157056324705692,49.24695764504296],[21.157063114430805,49.24695826753916],[21.157069775509104,49.24695933015455],[21.157076241548932,49.24696082229785],[21.157082448102578,49.246962729096765],[21.157088333308653,49.246965031546054],[21.157093838508626,49.246967706696886],[21.15709890883155,49.246970727885795],[21.15710349374085,49.246974065000266],[21.15710754753815,49.24697768477891],[21.15711102981867,49.24698155114295],[21.15719139392928,49.24708191577054],[21.15719421925927,49.247085907959416],[21.157196434992123,49.24709006183203],[21.1571980199062,49.247094337604196],[21.15725089887521,49.247275203850364],[21.157251846632846,49.24727962430094],[21.157252120141578,49.247284084491966],[21.157251716704977,49.24728854045504],[21.157250640299928,49.2472929482636],[21.157248901537383,49.247297264465786],[21.157246517557798,49.247301446512715],[21.157243511862152,49.24730545317795],[21.15723991408028,49.24730924496412],[21.1572357596788,49.24731278449184],[21.15723108961148,49.247316036868746],[21.157225949915535,49.247318970033],[21.157077905722293,49.24739533087945],[21.15705465175132,49.24740732544441],[21.157049232037604,49.24740985232123],[21.157043464232856,49.24741202396935],[21.157037402481702,49.247413820002635],[21.15703110368818,49.24741522356102],[21.15702462698156,49.247416221468775],[21.157018033161272,49.24741680435812],[21.15701138412614,49.24741696675723],[21.157004742293303,49.247416707141596],[21.156998170012326,49.247416027948375],[21.156991728979815,49.24741493555333],[21.156985479660296,49.24741344021131],[21.156979480718633,49.247411555959665],[21.15697378846922,49.247409300486545],[21.156968456347425,49.24740669496508],[21.156963534407925,49.24740376385422],[21.15695906885482,49.24740053466953],[21.15695510160793,49.2473970377246],[21.156951669909215,49.2473933058466],[21.156948805973272,49.247389374068156],[21.15685230898682,49.24723848639434],[21.156851621343876,49.24723753960487]]]]}}]}