{"type":"FeatureCollection","name":"tmpsnwegzhc","features":[{"type":"Feature","properties":{"navrh_stupen_ochrany":3},"geometry":{"type":"MultiPolygon","coordinates":[[[[21.199352928527475,49.175817105719254],[21.199354081678816,49.175817867840266],[21.199367723276108,49.17582601935589],[21.199368735593676,49.175826636626084],[21.19952256440658,49.175922348880995],[21.199523790718,49.175923039665705],[21.199524947502628,49.17592229912317],[21.19993468575897,49.1756327084149],[21.199939282968085,49.175629750816306],[21.199944283132613,49.17562708904173],[21.199949642142627,49.17562474657254],[21.199955312722636,49.17562274407324],[21.199961244848563,49.17562109920926],[21.19996738618909,49.17561982649102],[21.199973682567286,49.17561893714608],[21.199980078438553,49.17561843901991],[21.199986517380573,49.175618336506815],[21.19999294259109,49.175618630511124],[21.200844085002956,49.17568402355438],[21.20084573688487,49.175684097139126],[21.200847307153865,49.1756837529729],[21.201088417552377,49.17562217987489],[21.201662712090364,49.17547551640855],[21.20166292628536,49.17547546197739],[21.20265628944974,49.17522427749595],[21.20265712354772,49.17522405830413],[21.203465938742138,49.17500339783887],[21.203670498236725,49.1749475886481],[21.203672179438712,49.17494709481895],[21.203970616880852,49.174853040547866],[21.20397061706688,49.17485304048552],[21.204515878220114,49.17468119408537],[21.204527834626106,49.17467742577994],[21.20453371171206,49.17467578973128],[21.204539795412213,49.17467451915998],[21.204948968988706,49.17460263310112],[21.204955696020523,49.17460168554579],[21.20496253401883,49.17460118474271],[21.20503553407505,49.17459825893228],[21.205053757406134,49.17459752935352],[21.205595302295354,49.174575824824686],[21.20560292560014,49.174575797620356],[21.205610506402362,49.1745763253739],[21.206115946581367,49.17463027928377],[21.20612062134335,49.174630564508746],[21.20682845495461,49.17464179185093],[21.20682984138645,49.17464179545193],[21.20785084283314,49.1746309052676],[21.207851387644634,49.1746309008735],[21.20857586963644,49.17462694270161],[21.20857731002656,49.17462691497102],[21.209273008551943,49.174603916770415],[21.2092798101673,49.174603913342565],[21.20928657884334,49.17460435170183],[21.209293247989628,49.174605227535714],[21.20929975199489,49.1746065322276],[21.2093060268725,49.17460825294197],[21.209525206585038,49.17467691826535],[21.20953335925294,49.1746799368049],[21.21025126682349,49.174989926272985],[21.210254393575987,49.174991126010596],[21.210624819896957,49.17511651519174],[21.21062481995349,49.17511651520967],[21.210863579323313,49.17519733403004],[21.210869826474,49.17519973048969],[21.21087565356618,49.17520254530475],[21.21120536804987,49.175380154724756],[21.21120872294532,49.17538174925806],[21.21168141734682,49.175578970902926],[21.2116828130757,49.17557952311586],[21.211912322356383,49.175665514209506],[21.211912322516614,49.17566551426614],[21.212393176440948,49.175845674048844],[21.21239422651022,49.17584607560724],[21.212566922706174,49.17591346839964],[21.21256692288819,49.17591346846678],[21.212870351450086,49.17603187624835],[21.212870684856934,49.17603200719417],[21.21303673733727,49.176097644179485],[21.213036737686174,49.176097644309756],[21.21331382847866,49.17620716999064],[21.21331431540315,49.17620736426984],[21.21364229599768,49.176339453014194],[21.214168301758733,49.17655129192702],[21.214168301756615,49.176551291929286],[21.214168301839134,49.176551291959385],[21.214273037776653,49.176593472016734],[21.214274462920336,49.176594061895884],[21.214833873863803,49.17683195736682],[21.214834612344728,49.17683226272359],[21.21489116739404,49.17685499315972],[21.21489116790383,49.17685499335336],[21.215335205978665,49.17703345466013],[21.215336155035505,49.17703382245777],[21.215563704282303,49.17711880008717],[21.21556370432815,49.17711880010326],[21.21611324630599,49.17732402161576],[21.21611324646576,49.17732402167207],[21.216306363538134,49.17739613804678],[21.216307050761905,49.17739638788414],[21.217101185404793,49.17767733616096],[21.217107424184153,49.17767983349616],[21.21853011753469,49.178319949960986],[21.2185327515367,49.17832102346723],[21.21950128320102,49.17867696555792],[21.21950128321442,49.17867696556255],[21.219809775271372,49.17879033571153],[21.21981231795573,49.178791317861254],[21.221294161047968,49.17939221269087],[21.221294838883583,49.17939248050851],[21.221371684047217,49.17942205539158],[21.222484717611206,49.17985040452238],[21.22248608685059,49.17985087491636],[21.222486430706105,49.179849886889166],[21.222572437240043,49.17953316540496],[21.22257390167036,49.17952895559162],[21.222575975360794,49.179524857288826],[21.22257863918429,49.17952090829767],[21.22258186857067,49.179517145042084],[21.222585633733235,49.179513602232795],[21.222589899943525,49.17951031254731],[21.22259462785165,49.179507306328354],[21.2225997738492,49.17950461130405],[21.222605290471545,49.17950225233221],[21.222611126835556,49.17950025117103],[21.222617229108952,49.17949862627841],[21.22262354100686,49.17949739264171],[21.222630004310894,49.179496561639475],[21.22263655940621,49.17949614093654],[21.222643145831295,49.17949613441326],[21.22264970283567,49.179496542129854],[21.22265616994025,49.179497360325634],[21.2226624874951,49.17949858145396],[21.222668597229667,49.17950019425165],[21.22267444279026,49.179502183842885],[21.222679970259783,49.17950453187651],[21.222685128655062,49.17950721669524],[21.22288615431599,49.179622584271506],[21.223785759142903,49.18013885504429],[21.223787239781924,49.18013961459567],[21.223788838790885,49.18014026286436],[21.225320963206492,49.18068738536939],[21.22532253455725,49.18068787977375],[21.225324260534244,49.18068803890552],[21.225654577119762,49.180707237578694],[21.22665484015755,49.18076536934116],[21.226658612857108,49.18076545173981],[21.228090631119702,49.18074496866889],[21.22809217031674,49.18074490102102],[21.2280936597707,49.18074465400649],[21.228931432833743,49.180579246362875],[21.229419417976633,49.180482896047984],[21.229420899442246,49.180482554155056],[21.229422254624364,49.18048204237722],[21.229712750869908,49.1803604647225],[21.229718835857035,49.18035819591192],[21.22996822719395,49.18027595428163],[21.229972034638173,49.1802747930423],[21.23006197740941,49.18024952726719],[21.230077759908394,49.1802450942837],[21.230077762477013,49.180245093512774],[21.230206990417788,49.18020879182053],[21.230212971149765,49.18020732382154],[21.230219134245317,49.180206226886504],[21.23061423886328,49.1801487043142],[21.23061756506296,49.180148276306014],[21.23090214733014,49.18011642295051],[21.230908038446895,49.18011593451408],[21.231416013809184,49.180088397986395],[21.23141779127715,49.180088239689184],[21.231419533633986,49.1800879600989],[21.23160772953418,49.1800507973544],[21.231613684117878,49.18004980982156],[21.23161974959733,49.18004917550968],[21.232102929773994,49.18001310142805],[21.232244013775055,49.180002567695006],[21.232250733564005,49.180002284089],[21.232257463387125,49.180002433864516],[21.23226413836571,49.18000301557764],[21.23227069414981,49.180004023620384],[21.23227706753854,49.180005448274784],[21.232283197089373,49.18000727580637],[21.23228902371051,49.180009488597],[21.232294491230487,49.180012065314216],[21.23229954693974,49.18001498111734],[21.232304142098737,49.180018207896495],[21.232308232407803,49.18002171454406],[21.232311778434305,49.180025467254254],[21.23231474599269,49.18002942984904],[21.2323171064741,49.18003356412723],[21.232318837122186,49.1800378302322],[21.23251105114068,49.18062665948878],[21.23255552130344,49.1807628889538],[21.232555935358473,49.180763908230155],[21.232557485342067,49.180763625144806],[21.23417176199966,49.18041156232129],[21.234173229840057,49.18041119029894],[21.234173018391044,49.18041016798282],[21.234103567739528,49.18016347821437],[21.234102711804276,49.180159398990575],[21.234102428747562,49.18015528553817],[21.234102720943472,49.18015117236043],[21.234103585940957,49.180147093958254],[21.234105016484374,49.18014308454089],[21.234107000574326,49.18013917773895],[21.23410952156836,49.1801354063222],[21.23423705648317,49.17996615113361],[21.234493448561718,49.17962588086404],[21.234494171574788,49.17962477549202],[21.23449470960473,49.17962362566524],[21.234547512455098,49.179484536862404],[21.234547858344055,49.1794833575436],[21.234547613933223,49.17948216735978],[21.2344817566472,49.17925496088854],[21.23448088659668,49.17925100987698],[21.234480554567348,49.17924702384497],[21.234478343051283,49.17910411050407],[21.23447860751126,49.179099683681365],[21.234479535260256,49.17909529541352],[21.234481117289892,49.179090988309405],[21.23448333823894,49.17908680418971],[21.234486176542454,49.17908278368123],[21.23448960464114,49.17907896582186],[21.234584505978262,49.17898427816254],[21.234587548368893,49.178981481573274],[21.234590907557223,49.178978845420346],[21.234794934314795,49.17883062887273],[21.23479598660483,49.17882978468299],[21.23479646682184,49.17882874091347],[21.234877590432994,49.17861504443082],[21.234877590484007,49.17861504428079],[21.234894687157297,49.17857000719963],[21.234896713505595,49.17856563202404],[21.234899407213913,49.17856141440364],[21.234902740421074,49.178557397961384],[21.23490667865152,49.17855362423937],[21.234911181172002,49.17855013226923],[21.23491620141282,49.17854695816838],[21.234921687449532,49.178544134766575],[21.234927582539992,49.17854169126626],[21.234933825711263,49.1785396529405],[21.234940352390208,49.178538040871786],[21.23494709507139,49.17853687173361],[21.234953984015313,49.17853615761846],[21.234960947969668,49.17853590591239],[21.235950943081203,49.17853317285252],[21.235952255245422,49.17853317745454],[21.23680012860501,49.17854146651468],[21.23680093307362,49.17854146818887],[21.237835628422918,49.17853565903969],[21.237837263483204,49.17853559599499],[21.237837274548017,49.17853452224313],[21.237808358523562,49.17809820620417],[21.237808431690596,49.17809340590168],[21.23780928513916,49.17808863807743],[21.23787308542991,49.17784530708618],[21.237873292199772,49.177844167712315],[21.237872611144915,49.17784311074063],[21.237768555061024,49.17770242705009],[21.237767790417774,49.1777015063716],[21.23776656269788,49.17770083473174],[21.237149060447194,49.1773941621264],[21.237143876899115,49.17739131342391],[21.237139146610755,49.177388143803675],[21.237134915598563,49.17738468409997],[21.237131225021948,49.177380967968844],[21.237128110782912,49.17737703156117],[21.237125603176786,49.177372913170494],[21.23712372659754,49.17736865286069],[21.23712249930045,49.177364292076234],[21.23712193322455,49.17735987323907],[21.237107940822238,49.17709372492211],[21.237107808195702,49.17709268027057],[21.23710622220234,49.17709254722644],[21.235465569096178,49.17700773838206],[21.235463999852605,49.17700770508199],[21.235462573386656,49.17700813514235],[21.235111228490467,49.17712728212957],[21.23510506399586,49.17712912554306],[21.235098652122264,49.17713056114507],[21.235092055460015,49.177131574921795],[21.23508533840329,49.177132156977144],[21.235078566521526,49.17713230162929],[21.23507180591931,49.17713200746614],[21.2344576486693,49.17708521422144],[21.23417999335326,49.17706405889624],[21.234178626405367,49.177063990989964],[21.234177255552854,49.17706399504739],[21.232534655050284,49.17711202997714],[21.232527916462885,49.177112009711216],[21.23252121344269,49.17711155595075],[21.23251461071299,49.17711067307718],[21.232508172028684,49.17710936961539],[21.23250195956064,49.17710765815137],[21.231749214905076,49.17687111651438],[21.231747894430647,49.17687074542503],[21.23174653111773,49.17687044828721],[21.231231667516383,49.17677376886797],[21.23123166712914,49.1767737688019],[21.231210434853143,49.17676978189791],[21.231129335106115,49.176754552408795],[21.23112279989793,49.176753088005825],[21.231116522498624,49.17675120007697],[21.2311105665775,49.176748907770886],[21.23110499254321,49.17674623433751],[21.231099856931046,49.17674320689257],[21.23109521182951,49.17673985614216],[21.23109110435202,49.17673621607186],[21.231087576159055,49.17673232360142],[21.231084663035574,49.1767282182107],[21.23108239452814,49.17672394153906],[21.23108079364517,49.176719536963205],[21.23107987662363,49.176715049157],[21.23096889038731,49.17583820654325],[21.23096885737358,49.17583806880878],[21.230968611357266,49.17583695105433],[21.230968582398273,49.175836806675996],[21.230966010126302,49.17582864977165],[21.230964978369798,49.17582432594505],[21.230964592705426,49.17581995683549],[21.230964856787296,49.17581558384163],[21.23096576811298,49.1758112483991],[21.230967318047227,49.175806991587486],[21.230969491903736,49.17580285374149],[21.2309722690844,49.17579887406849],[21.230975623274407,49.175795090277155],[21.230979522691662,49.175791538220025],[21.23098393038786,49.175788251553975],[21.23098880459865,49.1757852614212],[21.230994099139295,49.17578259615407],[21.23099976384238,49.17578028100678],[21.231005745033094,49.1757783379161],[21.231011986037828,49.17577678529337],[21.23101842772115,49.17577563785019],[21.231025009046213,49.175774906458855],[21.231031667652985,49.17577459804963],[21.231159656385227,49.17577276509888],[21.231525173278925,49.17576753125831],[21.23153165679791,49.17576763953447],[21.231538095718374,49.1757681488982],[21.232798777075534,49.17590779726722],[21.23280017670301,49.17590790658755],[21.232799119734082,49.17590729521291],[21.232565681677567,49.17578501066989],[21.232560694688416,49.17578212778322],[21.23255615696419,49.175778941817015],[21.232552111160494,49.17577548272009],[21.2325485953087,49.175771783008855],[21.23254564245852,49.175767877461425],[21.232543280367253,49.17576380279077],[21.232541531238986,49.17575959729976],[21.232540411515743,49.17575530052096],[21.232539931723007,49.17575095284502],[21.23254009637077,49.17574659514108],[21.232540903911136,49.17574226837246],[21.232625879850364,49.17541820683848],[21.232627371088164,49.17541383635112],[21.232629518126885,49.17540958481643],[21.2326322996623,49.17540549442037],[21.23263568809439,49.175401605750125],[21.232639649801175,49.17539795739104],[21.2326441454724,49.17539458554417],[21.233206338930266,49.1750130695272],[21.233211070674397,49.17501014899673],[21.233216202840474,49.175007535247516],[21.23322168933693,49.17500525175338],[21.233227480890008,49.17500331902219],[21.233233525486288,49.17500175441157],[21.233592743740473,49.174921448213965],[21.2337208351694,49.17489281268923],[21.234753810489252,49.174661872934706],[21.234759260795293,49.17466081752085],[21.234764825677672,49.174660061625254],[21.234770466915258,49.174659610439655],[21.234861727518506,49.17465481714298],[21.234863472867254,49.174654665648774],[21.234865133623376,49.174654282494565],[21.235136209256495,49.17458121837897],[21.235137685501524,49.17458076417899],[21.235138096898105,49.17457972960419],[21.235385992045856,49.17380314919906],[21.235387694321386,49.17379887555737],[21.235390027975562,49.17379473205629],[21.23539297048445,49.17379075868781],[21.2353964934476,49.173786993801805],[21.235400562862193,49.17378347373594],[21.235405139451245,49.17378023246491],[21.235410179042702,49.173777301272594],[21.235415632995753,49.173774708449976],[21.235421448670284,49.17377247902238],[21.235427569935005,49.17377063450751],[21.23543393770916,49.173769192708164],[21.23682753664705,49.17350309906854],[21.237359904442926,49.17340144327683],[21.23736892531643,49.17340014542965],[21.24040282406233,49.17310228338961],[21.240409433199655,49.173101847721554],[21.240416075619514,49.173101833370595],[21.240422688992336,49.17310224047149],[21.240429211261123,49.173103065204174],[21.24043558122375,49.17310429982973],[21.240571158294877,49.17313533261693],[21.240571158592306,49.1731353326796],[21.241028602045642,49.17324003576792],[21.241030136138175,49.17324033369322],[21.241031390134665,49.1732396821775],[21.241284783578894,49.17309455271832],[21.24128590764425,49.173093846578],[21.241286298661873,49.17309286006734],[21.24130014446403,49.17304998153202],[21.241347795103476,49.17290240112217],[21.241349567930033,49.17289801567889],[21.24135200581463,49.172893769709525],[21.241355083932575,49.172889706450114],[21.241358770939758,49.17288586727608],[21.241363029291918,49.17288229128105],[21.24136781562691,49.17287901487876],[21.24137308120628,49.17287607143215],[21.241378772411508,49.17287349091386],[21.241541132132706,49.172807554740075],[21.24178938004913,49.17270673853846],[21.241794936960268,49.17270470932733],[21.241800756736602,49.17270302644944],[21.241806789302718,49.17270170438481],[21.241812982752343,49.17270075450897],[21.241819283794918,49.172700184995016],[21.2418256382141,49.17270000074317],[21.241831991334298,49.172700203338806],[21.241838288491092,49.172700791038764],[21.241844475501576,49.17270175878625],[21.24194226744766,49.17272023664918],[21.242710879213778,49.17286546649778],[21.24271099980159,49.17286548264883],[21.242711852649112,49.172865605480354],[21.242712738109937,49.17286550161871],[21.24271302878058,49.1728654696875],[21.243086242398604,49.17280643101214],[21.243266044562926,49.17277798692024],[21.243426886042858,49.172752542473226],[21.24342845570938,49.172752239641554],[21.24342861673455,49.17275117204683],[21.243437140998147,49.17263755922316],[21.243437139359706,49.1726364762624],[21.243435545753044,49.17263619157641],[21.24303118531248,49.17257805594471],[21.243024528411006,49.17257686583346],[21.24301808762609,49.17257524310583],[21.24301192817301,49.17257320419253],[21.243006112418435,49.17257076973827],[21.24300069924897,49.172567964392876],[21.24299574347482,49.172564816561405],[21.24296971881648,49.17254653427265],[21.242968519701108,49.17254577160213],[21.2429668537706,49.17254568974993],[21.242849927587663,49.172543763100975],[21.24284328009708,49.17254344107745],[21.242836711699884,49.17254269739241],[21.242830284463203,49.172541539073315],[21.24282405912026,49.172539977065455],[21.242818094496492,49.172538026128834],[21.24281244695371,49.17253570469848],[21.242807169857485,49.17253303471047],[21.242802313072872,49.17253004139441],[21.242797922493253,49.1725267530352],[21.242794039606643,49.17252320070573],[21.242790701103658,49.1725194179731],[21.24278793853084,49.17251544058167],[21.24278577799253,49.172511306115226],[21.24278423990425,49.1725070536417],[21.242783338799732,49.17250272334409],[21.242783083193675,49.17249835614095],[21.242783475501195,49.1724939932993],[21.24280697351044,49.17235124239629],[21.242807068534642,49.172350167370844],[21.24280558108567,49.17234971086101],[21.242694795875614,49.1723200077366],[21.242688571848703,49.17231809492458],[21.242682671174776,49.17231578314887],[21.242677153149593,49.17231309564051],[21.242672073223645,49.17231005940623],[21.24266748244496,49.172306704957066],[21.242663426946102,49.17230306600188],[21.242659947480586,49.172299179108435],[21.24265707901336,49.17229508333603],[21.242654850369412,49.17229081984301],[21.242653283944186,49.172286431473104],[21.242652395478476,49.172281962324945],[21.24265219390025,49.17227745730885],[21.242652681234976,49.17227296169555],[21.242653852585274,49.172268520661326],[21.242655696180098,49.17226417883395],[21.242658193493064,49.172259979844284],[21.242661319428645,49.17225596588784],[21.242665042574295,49.172252177300635],[21.242669325516164,49.17224865215398],[21.24267412521508,49.172245425871935],[21.242679393439026,49.17224253087522],[21.24268507724782,49.17223999625549],[21.24282684900525,49.17218337254533],[21.242828869995083,49.17218249976911],[21.24299360922863,49.17210575473382],[21.24299500028077,49.17210503259709],[21.242996269606962,49.17210421976183],[21.243150898627054,49.17199434887836],[21.243152026334027,49.17199345899906],[21.243153290559913,49.1719913932847],[21.243153639780708,49.171990730407686],[21.243289850782737,49.17177189451296],[21.243290029041297,49.17177160229151],[21.243365682490296,49.17164501954583],[21.24336842272214,49.17164102046247],[21.243371743966,49.171637215387136],[21.243375614640655,49.17163364050159],[21.243379997940444,49.171630329798724],[21.24338485218527,49.17162731475949],[21.243390131216962,49.17162462405325],[21.243395784838107,49.17162228326549],[21.24340175928947,49.17162031465425],[21.243407997761068,49.17161873693874],[21.243414440932465,49.17161756512117],[21.24342102753676,49.1716168103441],[21.243427694943183,49.17161647978447],[21.243434379752678,49.17161657658568],[21.243441018400663,49.17161709982715],[21.243447547761516,49.17161804453352],[21.243453905748794,49.17161940172173],[21.243460031905588,49.17162115848655],[21.243465867979424,49.17162329812326],[21.243471358476143,49.171625800286414],[21.243476451187586,49.171628641183496],[21.24348109768805,49.171631793800806],[21.243485253794717,49.171635228160824],[21.243488879987844,49.17163891160677],[21.243491941786488,49.1716428091135],[21.24350774750981,49.171665594168665],[21.243508487712713,49.17166653554292],[21.243510039481947,49.171666241420766],[21.243669320262107,49.17163040451023],[21.243880978850985,49.17158280720184],[21.24408205968965,49.17153752219217],[21.244083535324645,49.17153713773013],[21.244084064508876,49.17153615611789],[21.24425734234261,49.17115871646424],[21.24425753961381,49.17115824666798],[21.244257648826384,49.17115792557886],[21.244257649834086,49.171157919982974],[21.244257649957117,49.171157914824825],[21.244257569108733,49.171157301791084],[21.244183690805045,49.17082675983968],[21.244110265750447,49.17049837903432],[21.24410961681582,49.17049397782372],[21.244109630367895,49.17048955610134],[21.244110306275413,49.17048515663644],[21.244111638000476,49.170480821982814],[21.244113612661813,49.17047659406745],[21.244116211159334,49.17047251378483],[21.244119408358934,49.170468620601554],[21.244123173335577,49.17046495217433],[21.24412746967242,49.17046154398606],[21.24413225581308,49.17045842900247],[21.24413748546355,49.17045563735309],[21.244143108040035,49.170453196040256],[21.244149069158176,49.17045112867743],[21.24415531115911,49.170449455261235],[21.244614077701357,49.17034340835111],[21.244650789020913,49.17033492186999],[21.2449303700572,49.17027029295085],[21.246434745822317,49.169922526039855],[21.247030130375116,49.16978488415161],[21.247085070760455,49.16977218284581],[21.247418338247073,49.16969513521754],[21.247419847936182,49.16969472953766],[21.247419339230593,49.169693713055786],[21.24733615589779,49.1695518443599],[21.24733417166082,49.16954793388777],[21.24733274185484,49.16954392070629],[21.24733187849371,49.169539838536274],[21.2473315888317,49.16953572167831],[21.247331577670007,49.16950692189606],[21.24733149284839,49.169505811089756],[21.247331074644876,49.16950473322706],[21.247144519273753,49.1691077366056],[21.24714288126089,49.169103543108726],[21.247141865889713,49.1690992657552],[21.247141482573024,49.16909494419789],[21.24714173486418,49.169090618499666],[21.24714262042418,49.16908632876179],[21.24714413104329,49.169082114751994],[21.247146252717258,49.169078015536144],[21.247148965777047,49.169074069115744],[21.247152245071238,49.16907031207592],[21.24715606019921,49.16906677924613],[21.2471603757929,49.169063503377174],[21.24716515184477,49.16906051483796],[21.24717034407862,49.16905784133344],[21.24717590436011,49.169055507648245],[21.247181781142956,49.16905353541659],[21.247187919946775,49.16905194292201],[21.248173477983038,49.16883161809239],[21.248180068453422,49.16883038211227],[21.24818681419578,49.16882958379948],[21.248193647789208,49.168829231132825],[21.248200500934807,49.168829327637106],[21.24820730513824,49.168829872347786],[21.24821399239432,49.168830859820666],[21.248220495866708,49.16883228018648],[21.24822675055587,49.168834119249105],[21.248232693948754,49.16883635862795],[21.24838616893734,49.16890108361773],[21.248387529428932,49.168901597778905],[21.24838805373415,49.168900627211954],[21.248492599908985,49.168672343925465],[21.24849354688116,49.16866970880078],[21.24854327792607,49.16848099854893],[21.248544780967663,49.168476614036905],[21.248546944016148,49.16847234981704],[21.248549745460586,49.16846824849255],[21.248553157311925,49.16846435103938],[21.248557145482643,49.168460696396494],[21.248561670127277,49.16845732107693],[21.248566686040586,49.16845425880317],[21.248719396474083,49.16836996501123],[21.248720718036175,49.16836915244114],[21.248721405627652,49.16836805337604],[21.248784016992794,49.168250406737826],[21.248784485814447,49.16824936299097],[21.248783833293352,49.16824836257248],[21.248624382036596,49.168033822666274],[21.248624381962678,49.16803382257288],[21.248602627053376,49.16800455159298],[21.248599963684125,49.168000467137716],[21.24859792799947,49.16799623027508],[21.24859653987184,49.16799188236578],[21.248595812852088,49.167987465854495],[21.24859575403731,49.16798302385583],[21.248596364001475,49.1679785997329],[21.248597636789874,49.16797423667446],[21.24859955997725,49.16796997727311],[21.248602114789122,49.16796586310953],[21.24860527628502,49.167961934346515],[21.24860901360199,49.16795822933709],[21.248613290255932,49.16795478424983],[21.248618064497645,49.16795163271591],[21.248623289720523,49.16794880550098],[21.248628914915436,49.1679463302044],[21.24863488516874,49.16794423099036],[21.24865855130079,49.167936872430154],[21.24865855185832,49.16793687224578],[21.24914462192809,49.16778573242608],[21.250065645568455,49.16749934038683],[21.250065646151068,49.16749934019424],[21.250161331893885,49.167469585429394],[21.250163600714856,49.16746881061969],[21.250705989610147,49.16726635973689],[21.25094075054206,49.16717873236127],[21.251202773484263,49.167080927699836],[21.251202775132057,49.16708092704799],[21.251243809237256,49.16706560926431],[21.251407300028948,49.16700458311836],[21.251407424124256,49.16700453690925],[21.251549624002617,49.16695171437467],[21.25154962453325,49.16695171416632],[21.2517639597918,49.166872093573964],[21.25176545916568,49.166871466205315],[21.251766437739263,49.166870492288695],[21.252323191088095,49.16624746518198],[21.25232734737363,49.16624334998819],[21.252332166533137,49.16623955836012],[21.25233759048249,49.16623613599722],[21.25315670294796,49.16577330303243],[21.253157880234657,49.16577256914061],[21.253157456238792,49.165771540890994],[21.252597980459118,49.16463766431251],[21.25259631979417,49.16463368320156],[21.25259522285553,49.16462961899794],[21.25259469888756,49.16462550595277],[21.25254284824511,49.16371748005576],[21.252542848227925,49.16371747987655],[21.252534062845925,49.16356364068927],[21.252534135102483,49.16355929603983],[21.252534846522984,49.16355497625221],[21.252536190463115,49.1635507216702],[21.252538154371294,49.16354657202839],[21.25254071990589,49.163542566081524],[21.252543863106542,49.16353874124216],[21.25254755461793,49.16353513323155],[21.25255175996393,49.163531775745824],[21.252556439869604,49.1635287001415],[21.252561550628005,49.16352593514237],[21.252567044508353,49.163523506571515],[21.25257287020182,49.163521437109985],[21.25257897330073,49.16351974608505],[21.25258529680663,49.16351844928958],[21.252591781662666,49.16351755883474],[21.2525983673051,49.16351708303662],[21.252604992228942,49.16351702633896],[21.252611594562328,49.16351738927115],[21.25261811264438,49.16351816844369],[21.25262448560108,49.16351935657975],[21.2526306539137,49.16352094258297],[21.252636559974793,49.16352291164125],[21.25399514854733,49.1640314550205],[21.253996765819878,49.16403198734911],[21.25399857411403,49.16403203172364],[21.255956072921123,49.16401138449541],[21.255957637392754,49.16401131888991],[21.25595775334673,49.16401029366088],[21.25597823938295,49.16349901358059],[21.255978605891364,49.163495404781074],[21.255979413545674,49.16349182697806],[21.255986082083712,49.16346874014551],[21.255986313413224,49.16346764276029],[21.25598543560726,49.163465490091085],[21.255985439398913,49.16346548942615],[21.255985365475546,49.16346533806416],[21.255983922161725,49.16346085185233],[21.255983183082623,49.16345629256967],[21.255983155924316,49.1634517076318],[21.255983840969055,49.16344714472127],[21.255985231092318,49.163442651291575],[21.255987311836893,49.16343827407345],[21.255990061563256,49.16343405858919],[21.255993451674605,49.163430048678975],[21.255997446914296,49.16342628604514],[21.2559984599683,49.16342551356307],[21.256000123506322,49.16342410733043],[21.25600055528559,49.163423015791835],[21.256042807299195,49.16328844691682],[21.256070390555756,49.1632005900092],[21.256073181270853,49.16319169882125],[21.256073426889635,49.16319066203744],[21.256071880212254,49.163190393585],[21.255342471651247,49.16308850516576],[21.25506316995352,49.16304948940023],[21.255056231601362,49.16304826778925],[21.255049526274824,49.16304657673985],[21.25504312760255,49.16304443482082],[21.254436508020568,49.162814335538194],[21.2544300994736,49.16281158020359],[21.254424199851893,49.16280837305678],[21.253877093982577,49.162475420039016],[21.253872636462713,49.16247244319468],[21.25386861891479,49.16246920818922],[21.253865075935597,49.16246574288077],[21.25355375625493,49.162128392384794],[21.253552087745167,49.16212648008499],[21.253537460318128,49.16210871953347],[21.253537459832277,49.16210871897824],[21.253448250064793,49.16200040437777],[21.253334294778927,49.16186204452831],[21.25304073408345,49.161505607604624],[21.25303937332233,49.161504099193415],[21.252743595585166,49.16120361726136],[21.252743595535136,49.1612036172132],[21.252707734097147,49.16116718521962],[21.252548691231638,49.16100561126722],[21.25254775430148,49.16100475148575],[21.252546587678825,49.16100402250532],[21.25221785994085,49.16081722715509],[21.252215293162433,49.16081590363055],[21.252034361251948,49.160731437829085],[21.252029647400196,49.16072902744488],[21.252025271619345,49.16072635693208],[21.252021267175163,49.160723446592726],[21.25192671521668,49.16064839287105],[21.251925644481624,49.160647619523964],[21.25192437332183,49.160646990091706],[21.251862773564785,49.16061935219473],[21.25186134530286,49.16061877686495],[21.25185977310457,49.16061839574601],[21.251690704513877,49.16058350469394],[21.251683844588005,49.160581819923046],[21.251677297925987,49.16057966473926],[21.251525723827573,49.160522923532724],[21.251524161049858,49.16052240624434],[21.251522525754226,49.16052199656448],[21.25144536528209,49.16050558398573],[21.2514437635661,49.16050529885765],[21.251442127228533,49.160505116978925],[21.251329500985303,49.160496262718404],[21.251322076562886,49.16049540524744],[21.251314840590627,49.160494018329544],[21.251307880570348,49.16049211873616],[21.251168997766435,49.16044819113885],[21.251160800193013,49.16044512538716],[21.251042188420264,49.16039336341576],[21.25103805898973,49.160391412521506],[21.251034161621497,49.16038926609109],[21.25089703686719,49.16030786654836],[21.25089573944386,49.160307169211976],[21.25089434401226,49.16030655866968],[21.25078246151761,49.16026265236783],[21.250777508181084,49.16026051239718],[21.250747357882286,49.16024622282962],[21.250741766892826,49.160243268795526],[21.250736677650636,49.16023994747073],[21.250732145976453,49.16023629528475],[21.250728221575333,49.16023235229629],[21.25066262442884,49.16015823428649],[21.250661849643382,49.160157438088135],[21.250660885356524,49.160156741045796],[21.250634915619816,49.1601394775626],[21.250633738816813,49.160138765473135],[21.25063237994458,49.160138210044714],[21.25051560888468,49.1600953357908],[21.250514074705674,49.160094837310815],[21.25051238379786,49.160094661032424],[21.250445437838973,49.16008993401431],[21.250441847423787,49.16008980499177],[21.250342675892853,49.16008966016613],[21.25033679286204,49.160089485681475],[21.250290617783236,49.16008680904016],[21.250283456645143,49.1600861427151],[21.250276442409607,49.16008498527745],[21.250269653156224,49.160083349611305],[21.25026316446014,49.16008125392424],[21.250226076565376,49.16006763625296],[21.25021996288265,49.16006510490321],[21.25021428971039,49.16006216534615],[21.25020912015242,49.16005885027903],[21.250194164356845,49.16004819129581],[21.250189456385908,49.16004444939315],[21.25018539057879,49.160040396591434],[21.2501820142744,49.16003608007847],[21.250179366783566,49.16003155011215],[21.250171820543525,49.16001620811814],[21.250169852153114,49.160011258398406],[21.250146136920783,49.159933819447104],[21.250145686846768,49.15993267125276],[21.250144551625123,49.15993174866325],[21.250136426084335,49.15992582267216],[21.25013277907203,49.15992292842199],[21.250129513000168,49.159919844691956],[21.250126650646987,49.159916592988694],[21.25010671097025,49.15989158404475],[21.25010428873547,49.15988821264102],[21.250102300587116,49.15988472124849],[21.250093767129126,49.1598676018828],[21.25009319439084,49.159866614905965],[21.250091897906835,49.159865988616225],[21.25005079475551,49.15984805019053],[21.2500491871039,49.15984742889721],[21.25004748567624,49.15984692636996],[21.250013239256287,49.15983825433666],[21.250011766001567,49.159837931110665],[21.250010214356326,49.15983788127767],[21.249986056617225,49.159837829282246],[21.249979766087424,49.15983762599914],[21.249973530552094,49.15983704494961],[21.24996740264249,49.15983609103806],[21.249961434081435,49.15983477231597],[21.249955675246778,49.159833099914074],[21.249895331422476,49.15981335371326],[21.24989369476933,49.15981288669878],[21.249891945742117,49.15981265333783],[21.249839337324282,49.15980749946701],[21.249835938422464,49.15980727939346],[21.249758199450444,49.15980480293444],[21.249751910208975,49.15980441144689],[21.249745702624462,49.159803641914266],[21.249739629414645,49.159802500871685],[21.249733742156113,49.15980099800951],[21.24971690707011,49.15979610329084],[21.24971016992941,49.15979384496544],[21.249703853288846,49.15979111347894],[21.249688866460367,49.15978382389538],[21.249683106016082,49.1597806882691],[21.249677901242123,49.15977715940219],[21.249673314204742,49.15977327937596],[21.249669399603707,49.159769094459314],[21.2496289691784,49.15972005066975],[21.249626945635896,49.15971789579289],[21.249528535360923,49.15962522956972],[21.249525012147764,49.159621543753886],[21.249522048570242,49.15961765187871],[21.249519672373548,49.15961359038027],[21.24951790580371,49.15960939728278],[21.249500177436474,49.15955769032288],[21.249499731417174,49.159556633850094],[21.24949913014194,49.15955561101241],[21.249475924720176,49.15952124611644],[21.249475092553713,49.159520174235446],[21.249473782980047,49.15951933213533],[21.24941562931684,49.159485780582685],[21.24941249607957,49.15948417454038],[21.249407111965258,49.1594817311516],[21.249359435580683,49.1594600937745],[21.249356151093743,49.159458775776855],[21.249318667253956,49.159445573174025],[21.249315476104158,49.15944458453397],[21.249123743971573,49.15939292973797],[21.24911772850134,49.159391080868055],[21.24911201414589,49.15938885880985],[21.249049416431916,49.15936174591516],[21.24904382436143,49.159359047519544],[21.249038677113816,49.1593559920155],[21.24894580571466,49.15929497323665],[21.248944694021887,49.159294304827355],[21.248943353660536,49.15929385140297],[21.24888037823239,49.159274813817724],[21.24887894965429,49.15927443241749],[21.248877417376207,49.1592743166647],[21.248770458818484,49.15926944332132],[21.2487637131304,49.159268914654646],[21.248757080353993,49.1592679506854],[21.24864830277582,49.15924838708733],[21.24864043140545,49.15924662843427],[21.24863294262078,49.15924425766312],[21.248579007304635,49.159224452740936],[21.248573810771735,49.1592223396307],[21.248568921996394,49.15921993125183],[21.248564379869723,49.159217246763525],[21.24856022052516,49.159214307521296],[21.248556477050997,49.15921113690745],[21.248525296174975,49.15918214323509],[21.248521581455808,49.15917828774915],[21.248518481413196,49.15917420528167],[21.2485160279467,49.15916993784163],[21.24851424630254,49.15916552934131],[21.248513154813818,49.15916102514456],[21.248507969638247,49.15912932542381],[21.24850761870433,49.15912299100398],[21.248515400622946,49.15897395514223],[21.24851537167604,49.15897281552054],[21.248515166331654,49.15897168372514],[21.24850293775224,49.15892477191829],[21.248502540127877,49.15892361957585],[21.24850145218176,49.15892267788659],[21.248481345416792,49.1589070740633],[21.248480222148263,49.15890628422642],[21.24847859027551,49.158906138962806],[21.248389647656005,49.158901112639384],[21.248388034251015,49.15890107178382],[21.248386437982717,49.15890123093186],[21.248305813698924,49.1589118519942],[21.248299147717542,49.15891250844353],[21.24829241566109,49.15891273235458],[21.24828568261999,49.15891252156244],[21.248279013694226,49.1589118781052],[21.248272473363794,49.158910808204176],[21.24826612486539,49.15890932220411],[21.24815965947004,49.15888045747017],[21.248151681212725,49.158877885318844],[21.248121771952377,49.15886660787831],[21.248116331070314,49.15886432623988],[21.24811124170219,49.158861718934794],[21.24810654901495,49.1588588091022],[21.248102294655098,49.15885562256628],[21.248070873422417,49.158829721268816],[21.24806696334924,49.15882615322877],[21.248063603006738,49.1588223519036],[21.248060824490906,49.15881835360146],[21.24805865434047,49.1588141965119],[21.248036217006113,49.15876321038869],[21.24803581183193,49.15876240521363],[21.248035315104445,49.158761622404974],[21.247991982353334,49.158700005852715],[21.247991289721007,49.158699125464025],[21.247990481304274,49.15869828860886],[21.24795806681301,49.1586678017762],[21.247957278158804,49.158667117363294],[21.24795641207461,49.15866647447248],[21.247934850741256,49.15865165244536],[21.247933636897084,49.15865089613498],[21.24793222123485,49.158650309843935],[21.247904948651072,49.15864020824276],[21.247903552841862,49.158639745153934],[21.24790205792194,49.15863945806661],[21.247733205630524,49.1586124204291],[21.247725431972977,49.15861084985558],[21.247717996688678,49.15860868644641],[21.2475781633306,49.15856129959266],[21.247571213944187,49.15855859282019],[21.247418157471497,49.1584906671291],[21.247413003083178,49.15848814045344],[21.24740823264489,49.158485307925886],[21.24740388819274,49.15848219450608],[21.247400008009116,49.15847882762886],[21.247356241315895,49.15843689525799],[21.247352218992646,49.158432529201086],[21.247348976654777,49.158427892413755],[21.2473465560415,49.1584230445866],[21.24731266815805,49.15833940012552],[21.247311295143714,49.15833521895387],[21.247310534124537,49.15833097113373],[21.247296897330365,49.15820226887379],[21.24729675235619,49.15820124192961],[21.24726742324192,49.15803510370887],[21.24726717476912,49.158034098401615],[21.247266654937352,49.15803314319471],[21.24724244308938,49.15799427883766],[21.247241769023365,49.15799332776956],[21.24724050898984,49.15799268199104],[21.247190409208077,49.15796941797119],[21.247189068103836,49.15796885483835],[21.247187652908682,49.15796837601258],[21.246895637441458,49.15788061647703],[21.246889074800592,49.15787835500041],[21.24688292288059,49.15787564195746],[21.24687725362872,49.15787250907748],[21.246872133347363,49.15786899299988],[21.246827274569522,49.15783464818034],[21.246823062304497,49.157831074381285],[21.246819418070583,49.157827241404576],[21.246816378653474,49.15782318794131],[21.246813974733612,49.15781895490802],[21.24681223057661,49.1578145850341],[21.24680183069928,49.15778190679294],[21.24680126627862,49.157780396558685],[21.24676431527195,49.15769449579282],[21.246762721412473,49.15768986894517],[21.246761879677607,49.15768515771243],[21.246756295566968,49.157627895331466],[21.246756230688568,49.157622924441554],[21.2467582885807,49.157594075932664],[21.246759262285046,49.15758834328804],[21.24677521886952,49.15752919915277],[21.24677542480109,49.15752814573869],[21.24677516974584,49.15752709695836],[21.24676312439059,49.15748924991773],[21.246762741559582,49.157488271092234],[21.246761855644213,49.157487446852215],[21.246713273831944,49.15744630505113],[21.246712193010726,49.15744547677803],[21.2467107931528,49.15744488890569],[21.246637049534414,49.157417156049995],[21.246632165495665,49.15741513541747],[21.246627558081848,49.15741285235394],[21.24662325998769,49.15741032306031],[21.246543237370478,49.15735908143303],[21.246538525187212,49.157355742278405],[21.246534351698443,49.15735210785919],[21.24653075964597,49.15734821539661],[21.246497764477258,49.15730799779048],[21.24649480016275,49.15730390220946],[21.246492479796032,49.157299631652194],[21.2464908269707,49.15729522954209],[21.2464898584927,49.15729074064037],[21.246489584209453,49.157286210590726],[21.246490006909713,49.157281685455146],[21.246505569668443,49.15719062753815],[21.246506663016568,49.15718622055496],[21.246508417438655,49.15718190643002],[21.246548247129116,49.15710044741816],[21.246551765362224,49.157094663992794],[21.246667320934876,49.15693733977627],[21.246667933635145,49.15693639725597],[21.246668132362363,49.156935380967134],[21.24668827098762,49.15677395813603],[21.24668838285605,49.15677238370531],[21.246691204224735,49.1566113948503],[21.24669281107017,49.1564675878151],[21.246692686045687,49.1564654984113],[21.24667793359619,49.1563529737044],[21.246677674479745,49.156351768868106],[21.246677217591706,49.15635058958254],[21.24667297645826,49.15634169786558],[21.246672976083364,49.15634169714165],[21.246632741115896,49.156257347551986],[21.246632105265608,49.15625622890453],[21.24663096257649,49.15625529960265],[21.24649803376319,49.156158330429164],[21.246496950572855,49.156157608937036],[21.246495611533636,49.15615710499798],[21.246415694681783,49.15613011128747],[21.246410017919104,49.15612796266721],[21.24640467996947,49.15612546827569],[21.246399729632508,49.15612265091661],[21.246395212164234,49.15611953634641],[21.24639116886336,49.15611615303853],[21.246387636693715,49.15611253192321],[21.246369958932217,49.15609234378384],[21.24636909427519,49.15609146207885],[21.24636811387932,49.15609229005222],[21.246263447073076,49.15619049715303],[21.246259303919004,49.15619400271678],[21.2462546542834,49.15619722346231],[21.246249543419353,49.1562001280433],[21.246244021068875,49.15620268819054],[21.24623814097891,49.15620487898707],[21.246231960378136,49.15620667911072],[21.24622553942001,49.156208071041526],[21.24621894059734,49.15620904123236],[21.246212228134002,49.15620958024069],[21.246205467359953,49.15620968282057],[21.246198724075306,49.156209347973636],[21.246192063909948,49.15620857895874],[21.246185551684817,49.156207383260536],[21.246179250780983,49.15620577251627],[21.24617322252279,49.156203762402676],[21.246167525580997,49.15620137248353],[21.24616221540176,49.156198626018956],[21.246157343667004,49.15619554973924],[21.24615295779142,49.15619217358474],[21.246149100460972,49.15618853041425],[21.246145809217445,49.15618465568536],[21.24614311609317,49.15618058710929],[21.246141047299105,49.15617636428403],[21.246119870594836,49.15612447736907],[21.246118383471657,49.156119886146854],[21.24611763424066,49.15611521825558],[21.24611763106737,49.15611052456959],[21.24611837398614,49.15610585624436],[21.2461501563978,49.15597350861158],[21.246151553691213,49.15596912411464],[21.246153609218073,49.155964852569575],[21.24615630257567,49.15596073637433],[21.24615960703044,49.15595681638497],[21.246163489783257,49.15595313151012],[21.246167912295025,49.15594971832475],[21.246172830669188,49.1559466107069],[21.246178196087456,49.155943839501866],[21.24618395529434,49.155941432215776],[21.246248000114743,49.15591751737525],[21.246249326760143,49.15591696650969],[21.246249582057892,49.15591595036885],[21.246250198310697,49.15591249604641],[21.24625115350688,49.15590861828913],[21.246252621101412,49.15590481001527],[21.24626544541529,49.15587675344185],[21.24626580261988,49.15587583146858],[21.24626591643786,49.15587488655978],[21.246265992989592,49.15587351992226],[21.246269920316678,49.155803216972615],[21.246269884860777,49.155801980450285],[21.246269435702903,49.15580077930897],[21.246251870767214,49.15576299414491],[21.24625136507378,49.15576205779977],[21.246250500711525,49.155761242111346],[21.246214913378466,49.15573065704208],[21.246213723960516,49.15572974187296],[21.246212152003608,49.15572912291589],[21.246162321477627,49.15571183150027],[21.24616079141024,49.155711362651274],[21.24615915051405,49.155711100668455],[21.24607938376325,49.15570108169162],[21.24607266310483,49.1557000043949],[21.24606614224112,49.15569848825514],[21.24605988759796,49.15569654871685],[21.2460539628893,49.1556942055373],[21.24604842846812,49.1556914825858],[21.24604334071166,49.15568840760016],[21.246038751447074,49.1556850119041],[21.245994220383164,49.15564850560125],[21.245990384485594,49.15564503368915],[21.245987070272786,49.155641337902296],[21.245984307886665,49.15563745185296],[21.24598212245042,49.15563341088404],[21.245980533839933,49.15562925174708],[21.245979556503116,49.155625012268544],[21.245979199328463,49.1556207310056],[21.245979465564258,49.155616446895266],[21.24598035278897,49.15561219890055],[21.245994133333543,49.15556358916708],[21.245994348313143,49.15556256792314],[21.245992784655897,49.15556075885626],[21.245992801727517,49.15556075250844],[21.24599251134578,49.155560447930036],[21.245989467654933,49.1555564029178],[21.245987057256933,49.1555521782244],[21.245985304414866,49.15554781637603],[21.24598422677281,49.15554336127934],[21.245983835178215,49.15553885777965],[21.245984133572705,49.15553435120958],[21.245985118952433,49.155529886932555],[21.245986781398333,49.15552550988622],[21.24598910417594,49.15552126413026],[21.245992063903852,49.15551719240272],[21.24599563078915,49.15551333568986],[21.246134860368716,49.155378540652464],[21.246138947350108,49.15537497797792],[21.24614355222354,49.15537169832333],[21.24614862970454,49.15536873394083],[21.24615412986103,49.155366113982225],[21.24615999860434,49.15536386421216],[21.246166178221173,49.1553620067549],[21.24617260794112,49.15536055987676],[21.24617922453422,49.155359537806234],[21.246185962932895,49.15535895059448],[21.246192756871675,49.1553588040161],[21.24619953953894,49.1553590995125],[21.246206244233914,49.15535983417787],[21.24621280502259,49.15536100078737],[21.24622187393039,49.15536293470421],[21.246223391869666,49.155363206364036],[21.246224001800783,49.15536225505104],[21.246234616642656,49.1553431881226],[21.246238752696105,49.15533717117769],[21.24628362258995,49.15528291870444],[21.246284333545155,49.1552819501935],[21.246284435334942,49.15528087734498],[21.246285282803356,49.155240685587906],[21.24628561978696,49.155236811718],[21.246286464764314,49.15523297133219],[21.246287811441743,49.1552291930344],[21.24628964978884,49.15522550496616],[21.246312731181593,49.155185180479094],[21.24631331412311,49.15518407551748],[21.246334175606012,49.15514093254465],[21.246334557504515,49.155140007220055],[21.246334692785133,49.15513905622413],[21.246341218191944,49.155054531628245],[21.246341874545422,49.155050198844386],[21.24634316681182,49.155045928021586],[21.246345082871034,49.15504175921535],[21.24634760475247,49.1550377315241],[21.246387982067063,49.15498120187391],[21.246388627993408,49.15498016575298],[21.24638911307849,49.15497909253035],[21.246422221738644,49.15488966938186],[21.24642413010414,49.1548854341898],[21.24642666275584,49.154881342232315],[21.246429795257086,49.15487743299089],[21.246433497383542,49.154873744184194],[21.246437733414826,49.154870311403975],[21.24644246247914,49.15486716777168],[21.246508389943134,49.15482744841097],[21.24650952172629,49.15482669827433],[21.2465098544061,49.154825665724445],[21.246528906783,49.154748526056046],[21.24653073689319,49.15474319379945],[21.246533539957504,49.15473804660288],[21.246579160659493,49.15466803294815],[21.24657978007165,49.154666923267946],[21.246580030151048,49.15466575299252],[21.246583136125647,49.15464221301881],[21.246583183138625,49.15464181575192],[21.246587009750442,49.15460528697243],[21.246587748255376,49.15460110822632],[21.246589078980815,49.15459699304473],[21.24659099027661,49.154592977454485],[21.246593465409948,49.15458909661066],[21.246626817617702,49.15454298911407],[21.24672185051442,49.15441161297476],[21.24672243719723,49.15441069976564],[21.246722898657392,49.154409756146464],[21.246781944592804,49.15426771428499],[21.246783984219817,49.154263599260354],[21.246786617499797,49.15425963189777],[21.24678982004186,49.15425584894488],[21.246793562182376,49.154252285441224],[21.246833047688497,49.15421830897813],[21.24692877602409,49.15413593447917],[21.246932424967778,49.154133052050334],[21.24703193858197,49.15406079356672],[21.24703443164279,49.15405875673494],[21.247160507939867,49.153942501289414],[21.247165892993507,49.153938139998274],[21.247267419097255,49.15386567483756],[21.247268482875402,49.15386483675455],[21.247269131543174,49.15386383265773],[21.247322930712855,49.153767724414244],[21.247383787691323,49.15365900190218],[21.24738665316946,49.1536546170359],[21.247390210871522,49.153650456010205],[21.247394420739877,49.15364656567555],[21.247399235373994,49.153642989834694],[21.247485299440545,49.15358552596192],[21.247486498787886,49.15358463460909],[21.247487209014654,49.15358354083138],[21.24764401449089,49.153301102579704],[21.24764630522421,49.15329747706294],[21.24764906925122,49.153293996390126],[21.247652285511364,49.15329068708217],[21.247655929498332,49.153287574354295],[21.247997943765682,49.15302042009598],[21.247998898492405,49.15301959778686],[21.247998024597855,49.153018737678245],[21.247457025350144,49.152537606473274],[21.247453360555546,49.15253399448728],[21.247450243615265,49.15253016761026],[21.24744770355683,49.152526161481354],[21.24744576403534,49.15252201340931],[21.247444443113146,49.15251776202437],[21.247443753091662,49.15251344691922],[21.247443700396786,49.152509108279816],[21.24744428551912,49.15250478651129],[21.247445503009317,49.15250052186161],[21.247447341528908,49.15249635404694],[21.247449783955897,49.15249232188146],[21.247452807544168,49.15248846291617],[21.247456384135383,49.152484813088975],[21.24746048042118,49.15248140639016],[21.24746505825336,49.15247827454581],[21.247470074999242,49.15247544672233],[21.24747548393858,49.152472949254665],[21.248357283444104,49.1521062026708],[21.24835862704852,49.152105581291494],[21.248358909234295,49.15210451894479],[21.248396416304868,49.1519063073182],[21.24839653104891,49.15190540282606],[21.24839653393353,49.151904495209834],[21.24837518351876,49.15153981303945],[21.24837504503745,49.15153876600192],[21.24837358524547,49.15153833282078],[21.24822863722164,49.151500722618664],[21.248227163062232,49.15150039051934],[21.24822560867393,49.15150042771403],[21.248215496661402,49.151500972419896],[21.248104061294903,49.15150690800203],[21.248099612926673,49.15150733929539],[21.247907868234623,49.151534471983645],[21.247669640918804,49.15156818211466],[21.24766727798317,49.15156857466435],[21.24744324866034,49.15161140904799],[21.247435943679193,49.15161252535076],[21.247428496484396,49.151613111400906],[21.247420996256245,49.15161316018059],[21.2473635544707,49.15161146998331],[21.24736182547375,49.1516114767201],[21.247360134076857,49.151611712050695],[21.246456001896924,49.151769337070625],[21.246449898676197,49.15177020791952],[21.246443699940468,49.15177071072336],[21.24643745716304,49.15177084130682],[21.24614052270027,49.15176817237828],[21.24613422110981,49.1517679250211],[21.24612798094146,49.15176729841622],[21.24612185512879,49.15176629787894],[21.24611589563527,49.151764931896565],[21.245821996872525,49.15168743093457],[21.245815199195416,49.15168534807599],[21.245808789302103,49.15168279034871],[21.245802843995012,49.15167978839909],[21.245797434509925,49.15167637819608],[21.245592348117317,49.15153211533834],[21.245589029573914,49.15153007200681],[21.245361966068494,49.151407829854506],[21.24536038670085,49.15140707456448],[21.245358686028286,49.151406442689606],[21.244911072117592,49.1512616785284],[21.244909866552376,49.151261325882324],[21.24490862311708,49.15126103527218],[21.24461091870033,49.15119983987119],[21.244604884634878,49.15119839252233],[21.244599083679645,49.15119658092668],[21.24459356680469,49.1511944210019],[21.244588382484,49.15119193172615],[21.244583576269545,49.15118913497141],[21.243990017828626,49.15080967447568],[21.24398886246308,49.15080900388996],[21.24398884744127,49.1508089950314],[21.243988790739223,49.15080896735311],[21.243988788615933,49.150808966699245],[21.2439877885509,49.150808870037814],[21.243636185305267,49.15078863330771],[21.243506740297104,49.15078118662552],[21.243505057330683,49.150781145530885],[21.243503844890057,49.15078191226761],[21.243289623171275,49.150931719809556],[21.243288576187005,49.15093252621019],[21.24328852143187,49.150933584818006],[21.24329204874165,49.15109823468301],[21.243291830068642,49.151102509950185],[21.243290992971954,49.15110675223475],[21.243289545029153,49.151110923133956],[21.24328749934744,49.151114984891095],[21.24321058508804,49.15124635812609],[21.243207949690454,49.15125028777856],[21.24320475491943,49.15125403463755],[21.243201029903904,49.1512575645403],[21.243196808607443,49.151260845302055],[21.24319212951856,49.151263847009766],[21.243187035299854,49.15126654229469],[21.24318157239897,49.15126890658192],[21.242716302577623,49.15144997114722],[21.242710105359308,49.15145211000429],[21.242703607783096,49.15145382292877],[21.24200878547447,49.151610460404],[21.24191050798945,49.151632614996764],[21.241835539106518,49.15164951452741],[21.241828737096043,49.151650794476915],[21.24182177014955,49.151651607584526],[21.241814712525674,49.151651945183744],[21.241807639449473,49.15165180367601],[21.24180062631079,49.15165118456974],[21.24173517065637,49.15164313092806],[21.24050164491552,49.15149133149119],[21.24049995049689,49.15149118053761],[21.240498301913995,49.15149147839052],[21.239530548162513,49.15170130461053],[21.239528832328613,49.15170174575943],[21.23952742220595,49.15170252408372],[21.239518530553003,49.151707999601626],[21.239513265631647,49.151710928941164],[21.239507578171622,49.151713496013436],[21.23950152587386,49.151715674774714],[21.239495170140682,49.15171744312086],[21.239488575452892,49.1517187831114],[21.239319809276832,49.15174705121001],[21.239318219998005,49.1517473734484],[21.239317610787634,49.15174838878591],[21.239254349731638,49.151871470426904],[21.239251902960454,49.15187555924389],[21.239248859588884,49.1518794719339],[21.239245248665785,49.151883171150146],[21.23924110465738,49.15188662158368],[21.239236467118182,49.15188979029995],[21.239231380313516,49.15189264705355],[21.239225892796956,49.151895164576636],[21.239220056946934,49.15189731883954],[21.239213928466718,49.151899089279596],[21.23920756585281,49.15190045899807],[21.239201029836487,49.15190141492085],[21.239194382804193,49.151901947923655],[21.23918768820205,49.151902052918985],[21.23918100993021,49.15190172890464],[21.23917441173296,49.15190097897334],[21.239167956590272,49.1518998102832],[21.239161706116636,49.15189823398942],[21.23915571997297,49.1518962651377],[21.239150055297127,49.151893922520905],[21.239144766158542,49.15189122849924],[21.239139903042066,49.15188820878724],[21.23913551236619,49.15188489220813],[21.239131636039886,49.1518813104187],[21.23899689445818,49.1517429516399],[21.238995930680566,49.15174206249159],[21.238994288411348,49.15174188985502],[21.238738584850125,49.15172348466549],[21.238731959202592,49.151722791054084],[21.23872546868462,49.15172167584766],[21.238719175489226,49.15172014973229],[21.23871313991866,49.151718227331436],[21.23870741980654,49.15171592706577],[21.238702069963725,49.15171327097686],[21.238697141653045,49.15171028451548],[21.238692682098158,49.15170699629855],[21.23868873403099,49.151703437833994],[21.238685335282337,49.15169964321957],[21.23868251841931,49.151695648815824],[21.238680310433278,49.15169149289744],[21.238678732481304,49.151687215287126],[21.238533169473843,49.151186534579004],[21.238532221494538,49.15118206484493],[21.238531961385082,49.151177555290346],[21.238532391765848,49.15117305134823],[21.238533508300655,49.15116859839474],[21.238535299740455,49.15116424129254],[21.238537748036702,49.1511600239385],[21.238690836330754,49.15093151739317],[21.238691415205707,49.15093052398013],[21.23869024114742,49.15092979052598],[21.238177761740342,49.1506396407098],[21.23817291523523,49.15063661365896],[21.23816854185673,49.15063329100977],[21.238164683295683,49.150629704436696],[21.238161376335185,49.15062588813014],[21.238158652499955,49.15062187847047],[21.238156537755867,49.15061771368131],[21.23815505226236,49.1506134334651],[21.238154210180284,49.15060907862456],[21.23815401953693,49.15060469067385],[21.238154482149515,49.15060031144268],[21.23815559360784,49.150595982677785],[21.238157343316352,49.150591745644654],[21.238159714595184,49.15058764073431],[21.238162684839086,49.15058370707828],[21.238166225733035,49.150579982175536],[21.238170303522057,49.15057650153509],[21.238174879333105,49.150573298337406],[21.238179909545536,49.150570403118046],[21.238185346207036,49.15056784347671],[21.238191137490663,49.15056564381402],[21.23819722818896,49.150563825099084],[21.2382035602402,49.15056240466941],[21.23821007328193,49.15056139606573],[21.238216705226307,49.150560808902945],[21.238223392852046,49.15056064877838],[21.23852869206802,49.150563122245764],[21.238530271181776,49.150563084525096],[21.23853007725259,49.15056205583973],[21.238500257336955,49.150449311328174],[21.238499878035427,49.150448212934165],[21.238498605934318,49.15044745658127],[21.238124571384024,49.15024685929304],[21.23812314208629,49.150246171375336],[21.23812140977153,49.15024592438337],[21.23804584431546,49.150237840756915],[21.23792756591001,49.150225188904514],[21.23783078286369,49.15021483599626],[21.237830148168985,49.1502147885353],[21.237829204983147,49.1502147078378],[21.237828822515986,49.15021504741504],[21.237828221541687,49.15021558099586],[21.2377147483342,49.15032742762458],[21.237713916355734,49.15032833869894],[21.23771336167438,49.15032933645088],[21.237634840699215,49.150494566181756],[21.23763250220597,49.150498746158824],[21.237629544881404,49.150502753910686],[21.237625997729896,49.150506550130615],[21.23762189554064,49.15051009758643],[21.23761727854651,49.15051336148578],[21.237612192029452,49.15051630981742],[21.23760668587638,49.15051891366497],[21.23760081408989,49.15052114749076],[21.237594634258613,49.150522989386005],[21.237588206992417,49.15052442128607],[21.237581595327963,49.15052542914723],[21.23757486411043,49.15052600308472],[21.23756807935758,49.15052613746961],[21.237561307612193,49.150525830983774],[21.237265300017455,49.15050272795468],[21.237263644815005,49.150502653153715],[21.23726251877692,49.15050345243978],[21.23707708887152,49.150648939564014],[21.237072669225018,49.15065208942822],[21.237067812907643,49.150654949283705],[21.237062563947784,49.150657493202324],[21.23705696993369,49.150659698120364],[21.23705108158191,49.15066154404745],[21.23704495227759,49.15066301424804],[21.23703863759041,49.150664095393005],[21.23703219477078,49.150664777680355],[21.236814676700668,49.15068088782426],[21.236813122347243,49.15068105174263],[21.236812278281732,49.15068192345446],[21.23657249314229,49.15095733827608],[21.23656876597195,49.150961158011654],[21.236564471120733,49.15096471201331],[21.236559652288555,49.15096796411904],[21.236554358506897,49.15097088123877],[21.23654864363984,49.15097343369083],[21.236542565836025,49.15097559550405],[21.236536186937016,49.15097734468198],[21.23652957184805,49.15097866342675],[21.23652278787758,49.150979538320236],[21.236515904052467,49.150979960460255],[21.236508990415587,49.15097992555161],[21.236502117313172,49.15097943394949],[21.23649535467898,49.150978490655945],[21.236488771322772,49.15097710526896],[21.23639516123996,49.150953929769926],[21.23638907127101,49.1509521966514],[21.23638326546348,49.15095008521366],[21.236377798278586,49.15094761526303],[21.23637272100104,49.15094480996869],[21.23636808125805,49.15094169564581],[21.236363922572487,49.15093830150805],[21.236360283954674,49.150934659394125],[21.236357199536442,49.15093080346868],[21.236354698250903,49.15092676990207],[21.236352803561154,49.150922596531096],[21.2363515332401,49.15091832250386],[21.236350899203778,49.15091398791267],[21.236350907399547,49.15090963341792],[21.236351557750385,49.15090529986687],[21.236352844155537,49.150901027910095],[21.236354754547783,49.15089685762052],[21.23635727100665,49.15089282811724],[21.236360369926473,49.15088897719884],[21.23663833322041,49.15058071312817],[21.236639029034635,49.150579849042984],[21.236637557995948,49.15058000349665],[21.2358533003929,49.15068797385512],[21.235819125018715,49.15069267879121],[21.235389279792663,49.150751853304996],[21.23535899480732,49.15075602275284],[21.235357311971708,49.15075631386592],[21.235355683036097,49.15075671580328],[21.23508035909604,49.150835373950876],[21.23507428808282,49.150836888205866],[21.23506802581816,49.150838018713735],[21.235061628536176,49.15083875532263],[21.23505515368344,49.15083909141794],[21.23504865940309,49.1508390239816],[21.234544589134014,49.150818088887306],[21.234412518311284,49.15081260292997],[21.234410478471027,49.15081259836009],[21.234408452383324,49.15081275353954],[21.233779217870882,49.15088618126159],[21.233777653889906,49.15088641438024],[21.23377642441063,49.15088708995598],[21.233627506977605,49.15097712591209],[21.23325154556389,49.1512044313684],[21.23325080126842,49.15120487478585],[21.23324304147958,49.15120943003428],[21.233243040654525,49.15120943054326],[21.23305752645829,49.15131833662477],[21.23295256520071,49.151379952537674],[21.232951416043203,49.15138069535692],[21.232951377635338,49.15138175334668],[21.2329582737358,49.15156825738937],[21.232958169489418,49.15157205505077],[21.23295757693911,49.151575833388335],[21.23295650031386,49.151579565435796],[21.232901299876122,49.15173471755203],[21.232899428511985,49.15173900439914],[21.232896918969256,49.1517431485675],[21.232893795933332,49.15174710929222],[21.232890090124375,49.15175084761286],[21.232885837995134,49.151754326756844],[21.232881081372355,49.151757512500915],[21.232875867045347,49.15176037350788],[21.232870246305758,49.15176288163486],[21.232864274442985,49.15176501221027],[21.232858010200385,49.1517667442763],[21.23285151519734,49.15176806079509],[21.232844853323197,49.15176894881646],[21.232838090108757,49.15176939960522],[21.232472577278493,49.15178179489075],[21.23246693495174,49.15178183367178],[21.232461306881326,49.15178156789752],[21.232455731209384,49.15178099936907],[21.232205572790278,49.151748523548555],[21.23197649745878,49.15171878325888],[21.231974965095567,49.151718634789],[21.23197532215979,49.15171962347616],[21.23208369520848,49.151965575835796],[21.232105444628374,49.15201493529255],[21.23210700957886,49.152019287867816],[21.232107907586006,49.152023720888806],[21.232108129765226,49.15202819049756],[21.23210767391822,49.15203265247419],[21.232106544554725,49.152037062674296],[21.232104752847885,49.152041377465686],[21.232102316523726,49.1520455541601],[21.232099259685807,49.15204955143556],[21.23209561257672,49.15205332974503],[21.232091411278954,49.15205685170794],[21.23208669735784,49.15206008247984],[21.23208151745039,49.15206299009716],[21.23207592280385,49.15206554579338],[21.232069968768716,49.15206772428378],[21.232063714251122,49.152069504015515],[21.232057221130034,49.15207086738075],[21.23163395591196,49.15214473753775],[21.23162801830419,49.15214559084392],[21.23162198879295,49.152146095748684],[21.231615914796144,49.15214624828135],[21.231609844081525,49.152146047242304],[21.231603824391037,49.15214549421264],[21.23121605743231,49.15209828672499],[21.23121399359905,49.15209812003254],[21.231211914179138,49.1520981193179],[21.23089552353304,49.15211068429549],[21.230893761390337,49.15211081494604],[21.230892078555385,49.1521111818536],[21.230643419283798,49.15217500593398],[21.230636777582756,49.15217645880596],[21.2306299445793,49.1521774596816],[21.23062299156586,49.152177998118276],[21.230365445881805,49.15218923502244],[21.23036442377621,49.1521892942804],[21.230364010841743,49.15218933191041],[21.230363649802786,49.15218938927394],[21.23036260793216,49.152189591249346],[21.230189000860243,49.15222602042258],[21.230187504467914,49.15222638590965],[21.230186138051913,49.152226927829425],[21.229845770987,49.15237662419366],[21.22984009897304,49.15237886614186],[21.229834123595303,49.15238073859631],[21.229827900629594,49.152382224078956],[21.229458925697177,49.15245727523734],[21.229449585119315,49.15245871396575],[21.228836836452718,49.1525238215733],[21.22883526529189,49.15252404001543],[21.22883479096735,49.152525046497594],[21.228733215228523,49.15278432635813],[21.228713144725315,49.15283555848301],[21.22871098866866,49.152840065137596],[21.228708123699647,49.152844398554265],[21.228504867082496,49.15311232210975],[21.228501643462238,49.15311610288082],[21.2284978800873,49.15311966261248],[21.227947685489294,49.153589962771676],[21.227935999065092,49.15359995169426],[21.227931885822784,49.15360314788901],[21.227927337545342,49.15360607953167],[21.227922393596838,49.153608721249675],[21.22791709676574,49.15361105017962],[21.22791149289466,49.153613046165255],[21.22790563048358,49.15361469193192],[21.227468515628992,49.15372191507585],[21.2274671084996,49.15372230841172],[21.227466005343167,49.15372300048044],[21.227179806089364,49.15391931400982],[21.227179805931282,49.15391931412394],[21.22676094077856,49.15420662555582],[21.22563560015854,49.15497850256862],[21.225630560360624,49.15498162645909],[21.22562506516507,49.15498440039749],[21.225619170806397,49.15498679599697],[21.225612937603977,49.1549887887424],[21.225606429344694,49.15499035824118],[21.22547584974799,49.15501701411415],[21.22547424470034,49.15501740118941],[21.22547312696977,49.155018250098934],[21.225413424563463,49.15506852624626],[21.225412501672658,49.15506938520588],[21.225412893791436,49.155070404068645],[21.225514970820168,49.15529065456034],[21.225516531915687,49.15529468375128],[21.225517518924775,49.155298790293685],[21.225517923408432,49.15530293907688],[21.225517741908224,49.15530709462904],[21.225516975975797,49.1553112214205],[21.22551563215969,49.15531528416746],[21.22551372194932,49.15531924813373],[21.225511261676708,49.15532307942757],[21.225305215920816,49.15560654163515],[21.225304044822717,49.15560807660127],[21.225071884592904,49.15589838542821],[21.225069996862224,49.15590119893662],[21.22496182658793,49.15609796216312],[21.224959289243156,49.15610196221082],[21.22495617667754,49.1561057835065],[21.224724197913627,49.156360265269484],[21.22472343041371,49.156361208722146],[21.22472404577346,49.15636219897874],[21.224764209484242,49.15641877693405],[21.22476689928467,49.156423152430484],[21.224768875216593,49.15642768870425],[21.224770115523043,49.15643233580689],[21.224770606546947,49.156437042569806],[21.22477034288151,49.156441757167265],[21.224769327429676,49.156446427687364],[21.224732042772466,49.156570806052976],[21.224731812972664,49.15657181913082],[21.224732688800454,49.15657266710788],[21.22481540015819,49.156645247157634],[21.224819065229127,49.15664880588089],[21.224822195896362,49.156652577719974],[21.224824763595933,49.156656528260996],[21.224826744900327,49.156660621459714],[21.22482812173221,49.15666481997026],[21.224828881529394,49.156669085486],[21.22482901735941,49.15667337908873],[21.224828527982787,49.156677661604185],[21.2248274178644,49.15668189395913],[21.224825697132683,49.156686037538016],[21.224773033713234,49.15679250996902],[21.224759452010264,49.156819969344234],[21.22475898556948,49.156821118972296],[21.224759290283362,49.15682229170175],[21.224776016821025,49.15687080214487],[21.224777239631372,49.15687548801673],[21.224777701215558,49.15688023237802],[21.224777396412495,49.15688498218342],[21.22477632862991,49.1568896843267],[21.22457309561596,49.15754473211369],[21.22457248702919,49.15754768533844],[21.224572213686148,49.15755032007243],[21.224411041712735,49.15910599553843],[21.224410225045478,49.15911050098865],[21.224408720157868,49.15911492951439],[21.224406542375608,49.15911923601517],[21.22440371387723,49.15912337663332],[21.224400263468226,49.15912730920032],[21.224396226287695,49.1591309936668],[21.224391643450478,49.15913439250972],[21.224386561628478,49.159137471114995],[21.224381032575323,49.15914019812989],[21.22437511259929,49.15914254578225],[21.224372203185414,49.15914357180523],[21.224343509886474,49.15915369054082],[21.2243379539394,49.15915544340347],[21.22433218033397,49.159156861794685],[21.224167280272603,49.15919191315102],[21.22375378580757,49.15927980168085],[21.223702225344304,49.15929076093808],[21.223694573913985,49.15929207275495],[21.223686743032005,49.15929279789097],[21.22333419547221,49.15931192772589],[21.222935702898962,49.1593335503772],[21.222702010714343,49.159346201832506],[21.22257777719725,49.1593529276316],[21.22257261123595,49.15935307895817],[21.22256744257933,49.159352974466316],[21.222523117743492,49.15935097884886],[21.222504168261487,49.15935012601124],[21.22250246863787,49.15935010640437],[21.2225014107933,49.15935097908867],[21.22190476871355,49.15989821259886],[21.221899112902385,49.15990274426967],[21.221797311284174,49.15997425260036],[21.221797311282653,49.15997425259945],[21.221797311256328,49.159974252619925],[21.22134150836972,49.16029441744828],[21.22112199182971,49.16044860749896],[21.221120900899113,49.16044945410406],[21.22111994284299,49.16045036725305],[21.22067087785444,49.160927285049056],[21.220667489425036,49.16093055303209],[21.220663676501527,49.16093361324818],[21.22065946854382,49.16093644205303],[21.220368369140054,49.16111565298192],[21.22010635340827,49.16127695729093],[21.220105025981614,49.16127775326452],[21.21994332057943,49.161372193283285],[21.219938920474046,49.161374555919316],[21.21993423692329,49.16137667126288],[21.219929302154508,49.1613785247584],[21.219848933994584,49.161405872814974],[21.219576967092387,49.16149841759705],[21.21957562147718,49.1614989276825],[21.219574444033416,49.16149958655084],[21.219205790036543,49.16172548321951],[21.21919967251703,49.16172881757678],[21.21919300723816,49.16173166477026],[21.218967137493877,49.16181633563568],[21.218944469422013,49.16182483266965],[21.21894162411594,49.16182584158062],[21.21868617576659,49.16191137557472],[21.218682753942854,49.161912690404854],[21.218567602234543,49.161963027231984],[21.218391629310943,49.16203994985464],[21.21838808514738,49.16204172829298],[21.218156364919956,49.16217456438207],[21.218155302985682,49.16217522794162],[21.21815443302576,49.162175998020196],[21.218047834869036,49.16227927609689],[21.218043369458886,49.16228313659812],[21.218038296468727,49.16228665952624],[21.2180326748233,49.16228980396094],[21.218026569820264,49.16229253337835],[21.218020052371738,49.16229481607511],[21.21796176897587,49.162312652676746],[21.217961767492188,49.16231265316096],[21.217940429724102,49.16231918358694],[21.21793384207664,49.16232093311715],[21.21792701363235,49.16232222597057],[21.21792001778056,49.162323048252034],[21.217912929709854,49.16232339112411],[21.217905825599956,49.16232325090168],[21.21768201992625,49.16231119609966],[21.217680440592556,49.16231115953544],[21.217679005016826,49.16231159282521],[21.216820071453817,49.16260340879158],[21.216813831135724,49.162605275452805],[21.216807337635665,49.16260672386011],[21.2163238183395,49.162697151931575],[21.216319647061894,49.162698127319274],[21.215886098190893,49.162820761965456],[21.21588609813942,49.162820761981],[21.21519808876808,49.163015369813955],[21.21478557371691,49.16313204892499],[21.214782236884584,49.16313313753732],[21.214757745498492,49.16314224966874],[21.214606219888957,49.16319862757202],[21.214604824960126,49.163199208824516],[21.214605312216438,49.16320083029067],[21.21460628251703,49.16320516149419],[21.214606605901654,49.16320953405009],[21.214606279304203,49.163213906503294],[21.214605305820903,49.16321823739967],[21.21460369468093,49.16322248567911],[21.214601461158953,49.16322661106466],[21.21459862643029,49.163230574444626],[21.214595217370178,49.16323433824314],[21.214591266298957,49.16323786677655],[21.214586810675673,49.163241126591664],[21.214581892742945,49.163244086783],[21.214576559126442,49.16324671928561],[21.21457086039289,49.163248999141395],[21.214564850570582,49.163250904735584],[21.21455858663725,49.163252418001655],[21.21455212797974,49.16325352459269],[21.214156119305418,49.1633080214765],[21.214150968275273,49.16330859690104],[21.214145765378557,49.163308913384256],[21.21396815794556,49.163315252594934],[21.213961148375233,49.16331526743219],[21.21320047439611,49.16329134404258],[21.213198933193414,49.16329134141728],[21.213197493944982,49.16329169712024],[21.21258790486595,49.163463242965456],[21.21258148403669,49.1634648057239],[21.21257485748524,49.163465940573],[21.212568091340795,49.16346663618767],[21.21256125312567,49.16346688562609],[21.212554411081392,49.16346668639894],[21.21254763348768,49.163466040494455],[21.212367127560153,49.16344274888456],[21.212365503697022,49.163442592029156],[21.21236386437779,49.163442538056096],[21.21166563474487,49.16344156369431],[21.211660179647666,49.16344141349044],[21.21125996189204,49.163419897756704],[21.211259960380847,49.16341989769948],[21.211219603835524,49.16341772859703],[21.211212680632595,49.16341712237649],[21.21120588741487,49.16341605735675],[21.211199294691237,49.16341454459205],[21.211192970889595,49.1634125997838],[21.211186981646595,49.163410243117696],[21.211181389126367,49.1634074990544],[21.211176251375306,49.16340439607535],[21.211172401936025,49.16340154437823],[21.211172029587345,49.163401295137604],[21.21117043268396,49.16340164331008],[21.210329141391146,49.163616724886545],[21.210327960223886,49.16361706095347],[21.2103268209389,49.163617454318796],[21.209967899791774,49.16375292802005],[21.20996633472625,49.16375359600255],[21.209964890244752,49.163754372061796],[21.20960922457729,49.163967802555085],[21.20960454034558,49.16397037173779],[21.209599526084496,49.16397265739014],[21.209594221575227,49.16397464137879],[21.20958866890167,49.16397630796341],[21.209477764948776,49.164005751735495],[21.209470976312748,49.16400728793936],[21.209463979877675,49.164008350032006],[21.209110355973106,49.16404937103326],[21.209061799171447,49.16405500408974],[21.209060254422813,49.16405523246966],[21.209058942959473,49.16405581445161],[21.208823825332104,49.164170986716705],[21.208778858371687,49.16419301478743],[21.20875023391353,49.164207036191385],[21.208614711952368,49.16427342128489],[21.208613199779194,49.164274255667216],[21.20861184481841,49.164275199084166],[21.20859335566712,49.164289666400634],[21.2083963508404,49.16444380769953],[21.208395392202796,49.16444463242956],[21.20839455388519,49.16444551172383],[21.208359781165374,49.16448604162832],[21.208168868274655,49.164708569077014],[21.20816497391266,49.16471259312153],[21.20816045185388,49.16471632421723],[21.208155352914055,49.16471972043653],[21.208023546298495,49.16479866794641],[21.2080224927554,49.164799356674564],[21.208021747314454,49.16480020089123],[21.207887266195694,49.16496910571938],[21.207847874795014,49.165018578534514],[21.207844309232954,49.16502254687977],[21.207840143246116,49.16502625517765],[21.207835420557387,49.16502966450871],[21.207652233140223,49.16514900793848],[21.20764786287715,49.16515161941752],[21.20764316575473,49.165153974268804],[21.207638176705473,49.165156054979164],[21.20750162515825,49.16520772152171],[21.20750017870066,49.16520833489758],[21.207499078795635,49.165209204211365],[21.20749612224617,49.16521179792091],[21.206760685331787,49.16585692210303],[21.206717276653464,49.16589499909412],[21.20671529379841,49.165896941498126],[21.206688039751707,49.16592690220266],[21.206477680574444,49.166158153292734],[21.206301069097325,49.166352299906805],[21.206297588616277,49.1663557538811],[21.205996487905757,49.16662657001538],[21.205823298953124,49.1667832107004],[21.205806709812563,49.166798214300584],[21.204844656545976,49.16766831787079],[21.20484465135022,49.1676683228246],[21.20484355273551,49.167669316444034],[21.20483930109956,49.1676731615328],[21.204838297444653,49.167674181253176],[21.204837467970183,49.16767526620552],[21.204660658696096,49.16794165978842],[21.20465779697956,49.16794546894469],[21.204620494874277,49.167989717962115],[21.204516239159307,49.16811338977723],[21.204516102853823,49.16811355140277],[21.204515229992484,49.168114555691574],[21.204473916104817,49.16816070094764],[21.204473915253416,49.16816070195148],[21.204473118044103,49.168161592385324],[21.20435767919842,49.16829052613886],[21.204329694324603,49.16832178167337],[21.204284543528082,49.16837221043677],[21.204236255312388,49.168426143266146],[21.204088812467464,49.168590821430996],[21.20407975844196,49.168600933729145],[21.204077940545403,49.16860285206246],[21.20406307154563,49.16861769733245],[21.204057452581676,49.16862330708345],[21.203774971031866,49.1689053486202],[21.20377286457876,49.16890776619515],[21.20377141053369,49.16890970498093],[21.203743364601984,49.16894709133031],[21.203740793082673,49.16895051873063],[21.20374079131245,49.168950521252064],[21.20358989038415,49.169151677890454],[21.203523919201825,49.16923961956074],[21.203519040615152,49.169245106473454],[21.20330263126978,49.16945317946131],[21.203291440679575,49.16946393875688],[21.203290647305703,49.16946477882538],[21.20329009357896,49.169465693674454],[21.20323992786271,49.169560464517126],[21.203239472389352,49.16956147736565],[21.203239468021472,49.1695625333248],[21.203245640890785,49.16965317311664],[21.203245822956017,49.16965437837647],[21.203246202459496,49.16965556369515],[21.203312503521115,49.1698183083316],[21.203337853407817,49.1698805374224],[21.203362634185783,49.169941365161215],[21.203363041359815,49.169942364870934],[21.203363042435395,49.16994236727031],[21.203384513553374,49.16999507213434],[21.20338467575223,49.169995477862386],[21.203446058525998,49.170151994641635],[21.20345200130215,49.170167146673556],[21.20345329154207,49.17017120295994],[21.203454006775196,49.17017531990655],[21.20345775622868,49.17021178032265],[21.203464111888344,49.17027360049272],[21.203476194809063,49.17039113896653],[21.20347633657146,49.17039505402055],[21.20347595820656,49.17039896231155],[21.20347506258492,49.17040283418708],[21.203428244959348,49.17055900654241],[21.203426315463787,49.17056394457966],[21.203423545875136,49.170568707664586],[21.20341997179634,49.170573234567485],[21.203284367473966,49.17072346310307],[21.203209741855176,49.17080613556741],[21.20320880202361,49.17080733661929],[21.203208089629882,49.17080860314362],[21.203057427096955,49.17113608932691],[21.20303337580679,49.17118836936111],[21.203032906464873,49.171189663232916],[21.203032674553977,49.17119098447697],[21.20301586877994,49.17139068089741],[21.203007026814984,49.17149574538627],[21.20300648710739,49.17149941503388],[21.203005490673288,49.171503043351045],[21.203004044212516,49.17150660594121],[21.202974847294172,49.17156823237694],[21.202800179737462,49.17193690681954],[21.20279976414772,49.1719379629187],[21.202799507103265,49.171939040505045],[21.202771533672937,49.1721106672074],[21.202771438073903,49.17211198011794],[21.202771577905732,49.17211329132237],[21.20282195003635,49.172368761689015],[21.20282220491404,49.17236984563552],[21.202976562265746,49.17293444631606],[21.20297741465095,49.17293875260899],[21.2029776294465,49.17294309273199],[21.202977204648516,49.17294742619782],[21.202976144219598,49.17295171258136],[21.202974458051877,49.17295591189677],[21.20297216187477,49.172959984970404],[21.2029692771082,49.172963893806184],[21.202908702242194,49.17303677024116],[21.202908309066164,49.17303724255942],[21.20290828989455,49.17303726706237],[21.20282066688549,49.17314268356792],[21.202817368967633,49.17314624736157],[21.20281358181363,49.173149595572475],[21.20280933797878,49.17315269941846],[21.202804673944172,49.173155532218026],[21.202407780020316,49.173375077510734],[21.202406557056058,49.173375824447625],[21.202405718046876,49.173376772211455],[21.202137437892887,49.17371734525212],[21.202133220700897,49.173721990559656],[21.20212818363162,49.173726270424545],[21.201571960258335,49.17414428209966],[21.20156620871919,49.17414811531301],[21.201559800330045,49.17415147091169],[21.200881473673476,49.17446501190154],[21.200880094023915,49.17446572201826],[21.200878965018607,49.174466602106996],[21.200336059032647,49.17493696874917],[21.200214431441974,49.17504234296171],[21.200151546993567,49.17509682530326],[21.200150455415212,49.17509774597151],[21.19981046221976,49.17537695431279],[21.199809461140767,49.17537786262551],[21.199808903905268,49.17537836097391],[21.19980847792318,49.175378736499894],[21.199767417223732,49.17541900700863],[21.19941533703956,49.17576429790475],[21.199405173739976,49.175774265252926],[21.199401533961503,49.17577751019902],[21.19935410395257,49.17581605077272],[21.199352928527475,49.175817105719254]],[[21.249845321785564,49.163163046576315],[21.24984544923355,49.16316182198515],[21.249844962748163,49.16316063673118],[21.249800169129976,49.163071431580455],[21.249798411573565,49.16306726777916],[21.24979727155643,49.16306301257256],[21.249796759605506,49.16305870525381],[21.24979688044806,49.16305438559737],[21.24979763296802,49.163050093491556],[21.249799010216396,49.16304586857027],[21.249800999475305,49.163041749847025],[21.249803582375527,49.163037775354674],[21.249806735066063,49.16303398179417],[21.249810428434454,49.163030404195794],[21.24981462837552,49.16302707559554],[21.249819296106384,49.16302402673007],[21.24982438852457,49.16302128575308],[21.249829858605974,49.163018877975055],[21.24983565583914,49.1630168256297],[21.2498417266917,49.16301514766865],[21.249848015104625,49.16301385958634],[21.249857019124082,49.163012322386386],[21.249931138785616,49.1629996678345],[21.24993752141137,49.1629987883418],[21.24994400259311,49.16299831056811],[21.249950523676358,49.16299823883733],[21.249957025645475,49.16299857379852],[21.249963449657884,49.162999312420396],[21.249969737576446,49.163000448018394],[21.249975832495682,49.163001970315385],[21.24998167925673,49.16300386553466],[21.249987224946548,49.16300611652449],[21.24999241937674,49.163008702913515],[21.249997215537814,49.163011601295],[21.250001570024537,49.1630147854386],[21.25000544342882,49.16301822652788],[21.250145391050662,49.163155799068115],[21.250146560092475,49.16315681710951],[21.25014805048515,49.1631576349553],[21.2503040445132,49.163233740428595],[21.250305277808703,49.16323428884356],[21.250306685884446,49.16323460855771],[21.250915642684625,49.163353585744],[21.250921907780963,49.163355029873955],[21.250927930429153,49.163356864736194],[21.25093365412071,49.16335907311487],[21.25093902515217,49.16336163428951],[21.250943993128928,49.16336452422944],[21.250948511438065,49.16336771581944],[21.250952537685748,49.16337117911381],[21.250956034094937,49.16337488161766],[21.25095896785987,49.163378788591665],[21.25096131145388,49.16338286337795],[21.25096304288765,49.16338706774409],[21.250964145915567,49.163391362242],[21.25097343909974,49.163442585468665],[21.250973903241714,49.16344692579479],[21.250973725455133,49.16345127521823],[21.250972907404876,49.16345559300468],[21.250971456752172,49.16345983871631],[21.250969387082865,49.16346397259011],[21.250966717780138,49.16346795591067],[21.250963473843047,49.16347175137243],[21.250959685652344,49.16347532342915],[21.25095538868599,49.163478638627026],[21.250950623186895,49.16348166591775],[21.250945433785972,49.16348437694937],[21.25093986908422,49.16348674633195],[21.25093398119748,49.16348875187504],[21.250927825268455,49.16349037479598],[21.250921458950124,49.163491599895266],[21.250669095537184,49.163531577332584],[21.25066755331952,49.16353187320232],[21.250666499624785,49.16353266876501],[21.250551913793704,49.163627987829244],[21.250550954053395,49.16362887141502],[21.250550422680632,49.16362989875072],[21.250524647418686,49.163689045217986],[21.25052232343044,49.1636934859442],[21.250519305943655,49.16369774352581],[21.25051562786324,49.16370177153463],[21.25051132929785,49.16370552604606],[21.250506457122427,49.163708966117774],[21.250501064467034,49.16371205423638],[21.250495210137558,49.163714756726556],[21.250371692715323,49.1637656662612],[21.250370163284362,49.16376637627876],[21.2503687617034,49.16376719192469],[21.250164088420345,49.16390016098929],[21.25015915807942,49.16390306809976],[21.250153822581428,49.16390564930042],[21.250148131826922,49.163907880450346],[21.250142139039074,49.16390974068258],[21.250135900265853,49.16391121259915],[21.250129473855843,49.16391228243383],[21.250122919912556,49.16391294018095],[21.250116299732227,49.163913179688834],[21.25010967523063,49.16391299871746],[21.250103108363923,49.163912398959425],[21.25009666054924,49.16391138602401],[21.250090392090257,49.16390996938469],[21.250066444094394,49.16390369225723],[21.250060277500612,49.16390183890443],[21.25005442037651,49.16389959499708],[21.250048930060725,49.16389698250217],[21.250043860300952,49.163894026994775],[21.250039260727828,49.16389075740806],[21.250035176369035,49.163887205749774],[21.250031647208495,49.16388340678907],[21.250028707795,49.163879397716165],[21.25002638690393,49.163875217777935],[21.25002470725559,49.16387090789415],[21.250023685292827,49.16386651025663],[21.250023331020003,49.16386206791618],[21.250023647905103,49.16385762436132],[21.25002463284581,49.163853223092396],[21.250052476779086,49.163760874000424],[21.25005271490111,49.163759811435334],[21.25005139388896,49.163759176646394],[21.249957655005936,49.16371862991751],[21.24995626999611,49.163718090724046],[21.249954396505117,49.16371777487829],[21.249951479411546,49.163717375032284],[21.249945055445597,49.16371605199441],[21.249938860365273,49.163714322093284],[21.249932953926443,49.163712202015],[21.249927393100798,49.16370971220919],[21.249922231526337,49.16370687669175],[21.249917518989964,49.163703722813295],[21.249913300947277,49.163700280995116],[21.249909618084132,49.16369658443593],[21.249906505924145,49.1636926687916],[21.24980129238031,49.16354275811971],[21.249798897232463,49.163538879718736],[21.24979706228723,49.16353487208839],[21.249795803438698,49.163530769942504],[21.249795131590837,49.163526608813804],[21.249792315512693,49.16349531103269],[21.249792197339236,49.16349243694694],[21.24979256275269,49.16344472577067],[21.249793082590802,49.16343942091599],[21.249845321785564,49.163163046576315]],[[21.245841999205606,49.16828768150912],[21.245841520660814,49.16828541436179],[21.245777135983445,49.168064097796645],[21.24577616372315,49.1680594489416],[21.245775935682666,49.16805475895798],[21.245776454345783,49.168050078932616],[21.24577771406262,49.16804545984381],[21.245779701111193,49.168040952006145],[21.24578239384692,49.168036604522364],[21.245927023582766,49.16783410528672],[21.24593019012596,49.167830187285034],[21.24593392984537,49.16782649287655],[21.24593820636423,49.167823057997225],[21.245942978084233,49.16781991605848],[21.245948198590245,49.167817097622354],[21.24595381710175,49.16781463010402],[21.245959778966828,49.16781253750535],[21.245966026193756,49.167810840181275],[21.24597249801505,49.16780955464178],[21.24597913147862,49.16780869339158],[21.245985862060074,49.167808264808],[21.245992624290338,49.167808273059975],[21.245999352392502,49.16780871806725],[21.246005980921616,49.16780959550118],[21.24601244540128,49.16781089682689],[21.2460186829508,49.16781260938625],[21.24602463289686,49.167814716520944],[21.246030237363637,49.16781719773472],[21.246035441835854,49.16782002889255],[21.24604019568894,49.16782318245537],[21.246044452681566,49.1678266277482],[21.246048171405363,49.167830331258266],[21.24605131568776,49.16783425696106],[21.24605385494382,49.16783836667087],[21.246055764473738,49.16784262041202],[21.246066713233898,49.16787235154452],[21.246068096086482,49.1678773108514],[21.246068275232766,49.16787824762262],[21.24606878128875,49.16788258567105],[21.246068645535992,49.16788693548196],[21.24606786924556,49.16789125632233],[21.24605958199884,49.167923756410055],[21.246018622992732,49.16808437928013],[21.2460184211283,49.168085283554774],[21.2459787310773,49.16829237521406],[21.245977573198388,49.168296698366525],[21.2459757779485,49.16830092688109],[21.245973362438388,49.16830502045498],[21.24597034969063,49.16830894007144],[21.24596676842024,49.168312648371725],[21.24596265276095,49.16831611001129],[21.245958041939893,49.16831929199646],[21.245952979903727,49.16832216399912],[21.245947514899772,49.16832469864542],[21.245941699016146,49.16832687177726],[21.245935587685278,49.168328662681894],[21.24592923915562,49.1683300542899],[21.24592271393643,49.1683310333375],[21.245916074221032,49.16833159049316],[21.245909383294066,49.168331720446574],[21.24590270492827,49.16833142195902],[21.245896102776683,49.16833069787554],[21.24588963976588,49.16832955509747],[21.24588337749629,49.16832800451694],[21.245877375654995,49.16832606091286],[21.24587169144685,49.1683237428102],[21.245866379049264,49.16832107230321],[21.245861489095827,49.16831807484517],[21.245857068193683,49.1683147790055],[21.245853158479303,49.168311216197544],[21.245849797216938,49.1683074203792],[21.245847016443356,49.16830342772928],[21.24584484266256,49.16829927630245],[21.245843296593165,49.168295005666984],[21.245842392970914,49.16829065652709],[21.245841999205606,49.16828768150912]],[[21.243993083505192,49.1665812827395],[21.24399221717757,49.166583872614126],[21.24399007282831,49.16658816651542],[21.243987282077562,49.166592297599536],[21.243983873110324,49.166596224144584],[21.24397988035532,49.16659990649448],[21.24397534413724,49.166603307459305],[21.243970310269518,49.166606392691044],[21.243964829591633,49.16660913103033],[21.24395895745564,49.166611494821375],[21.243952753167168,49.16661346019098],[21.243946279386417,49.16661500728993],[21.2439396014954,49.16661612049327],[21.243932786937506,49.166616788558194],[21.243925904536415,49.16661700473758],[21.243919023801027,49.16661676684813],[21.243912214223382,49.16661607729239],[21.24380778549462,49.16660194745721],[21.24380108708766,49.16660080727078],[21.24379459808161,49.166599230103316],[21.24378838458624,49.16659723202298],[21.24378250990443,49.16659483338609],[21.243777033887223,49.166592058629895],[21.243772012324026,49.166588936023565],[21.24376749637426,49.16658549738007],[21.24376353204617,49.16658177773223],[21.243760159728037,49.16657781497562],[21.243757413776784,49.166573649482636],[21.243755322167853,49.16656932369128],[21.243753906210312,49.166564881672315],[21.243732455095003,49.16647519454248],[21.243731739351066,49.16647080026502],[21.243731684954295,49.16646638113739],[21.243732292430078,49.16646197985599],[21.243733555908992,49.166457638944706],[21.24373546318348,49.16645340034419],[21.24373799582586,49.166449305006694],[21.243741129366313,49.16644539250008],[21.243744833529355,49.166441700625846],[21.24374907252633,49.16643826505388],[21.243753805401187,49.16643511897757],[21.243758986426233,49.166432292793424],[21.243764565543863,49.16642981380717],[21.243770488850274,49.16642770597006],[21.24377669911624,49.166425989647294],[21.243783136340017,49.166424681421574],[21.243789738327102,49.16642379393247],[21.243796441291096,49.1664233357547],[21.24380318047001,49.166423311315],[21.243809890751958,49.16642372084954],[21.24381650730424,49.1664245604015],[21.24382296619975,49.166425821859406],[21.244023248810237,49.16647207838123],[21.24402934051678,49.166473704618106],[21.244035166565496,49.16647570613303],[21.24404067334244,49.166478064507054],[21.244045810171738,49.166480758037444],[21.24405052978188,49.166483761937116],[21.24405478874082,49.16648704856278],[21.244058547855563,49.16649058766942],[21.24406177253293,49.1664943466886],[21.24406443309784,49.166498291028056],[21.244066505066392,49.16650238439018],[21.244067969371244,49.166506589105936],[21.244068812537037,49.16651086648164],[21.24406902680437,49.16651517715477],[21.244068610201342,49.16651948145659],[21.24406756656153,49.16652373977683],[21.244065905488856,49.1665279129284],[21.24406364226916,49.166531962508024],[21.244060797729517,49.16653585124946],[21.244057398046635,49.16653954336673],[21.244053474505908,49.166543004883074],[21.244049063213563,49.166546203943994],[21.24404599216409,49.16654804157798],[21.244046022260957,49.16654806330905],[21.24399497396608,49.16657846469879],[21.243993834563483,49.16657921129545],[21.243993147164147,49.166581291783785],[21.243993083505192,49.1665812827395]],[[21.24124522727858,49.17025831362352],[21.241238529107843,49.170259214725],[21.241231727367985,49.17025967391498],[21.24122488969871,49.17025968662711],[21.241218084097003,49.170259252735],[21.24121137824095,49.17025837655342],[21.24120483881674,49.1702570667955],[21.24119853085544,49.1702553364862],[21.24119251708634,49.17025320283242],[21.24118685731312,49.170250687052274],[21.241181607819147,49.17024781416377],[21.24117682080775,49.170244612736305],[21.24117254388307,49.17024111460642],[21.241168819576707,49.170237354560925],[21.241168265700843,49.17023672916634],[21.241165196730826,49.17023283912394],[21.241162719564144,49.170228771743346],[21.24116085770782,49.17022456562215],[21.241159628829845,49.17022026067441],[21.241159044591537,49.17021589775208],[21.241159110536866,49.17021151825731],[21.241159826039883,49.17020716374941],[21.241161184310645,49.17020287555061],[21.24116317245962,49.17019869435385],[21.2411657716201,49.170194659836724],[21.241168957127137,49.17019081028484],[21.24117269875168,49.17018718222855],[21.241176960987417,49.17018381009643],[21.241181703387696,49.17018072588832],[21.241186880949385,49.17017795887189],[21.241192444539887,49.17017553530466],[21.241198341363425,49.170173478185234],[21.241204515461995,49.17017180703457],[21.241210908246444,49.17017053771108],[21.24121745905239,49.17016968226006],[21.241227538724146,49.170168697843],[21.241234221113526,49.17016826320595],[21.241240936296045,49.17016825925439],[21.241247619864424,49.17016868602619],[21.241254207714576,49.17016953942813],[21.2412606366605,49.170170811274886],[21.241266845040258,49.170172489367864],[21.241272773307426,49.17017455761191],[21.241278364602184,49.17017699616996],[21.24128356529672,49.17017978165302],[21.24128832550954,49.17018288734474],[21.241292599583925,49.17018628345743],[21.241296346525825,49.170189937417966],[21.241299530397058,49.170193814180145],[21.241302120660013,49.17019787656068],[21.241304092470525,49.17020208559608],[21.24130542691619,49.170206400916115],[21.241306111197744,49.17021078113121],[21.24130613875186,49.17021518422937],[21.241305509314103,49.170219567979046],[21.241304228921422,49.17022389033427],[21.241302309854312,49.17022810983798],[21.24129977051902,49.17023218601949],[21.241296635271016,49.17023607978287],[21.241292934181338,49.170239753781644],[21.24128870274826,49.17024317277734],[21.241283981556787,49.17024630397722],[21.24127881588935,49.17024911734884],[21.241273255291567,49.17025158590827],[21.241267353096955,49.17025368597865],[21.241261165915457,49.170255397417506],[21.241254753090406,49.17025670380992],[21.24124522727858,49.17025831362352]],[[21.23543103436694,49.17164635682285],[21.23558834185734,49.17180335883367],[21.23559171095167,49.171807104360425],[21.235594512434208,49.17181104577302],[21.235596720098496,49.171815146201695],[21.235598313292858,49.17181936728918],[21.2355992771137,49.17182366954947],[21.235599602544806,49.171828012737194],[21.23559928654179,49.17183235622425],[21.235571078325954,49.17202433453712],[21.235570103450495,49.17202870588594],[21.23556847896162,49.17203299339764],[21.2355662205444,49.17203715567415],[21.235563350004796,49.17204115252664],[21.23555989505913,49.17204494536364],[21.235555889066465,49.17204849756335],[21.235551370706542,49.17205177482755],[21.235546383606266,49.17205474551265],[21.2355409759185,49.172057380935236],[21.235535199857093,49.17205965564893],[21.235529111192783,49.172061547690234],[21.23552276871465,49.17206303879056],[21.235516233662477,49.17206411455262],[21.23550956913548,49.17206476458933],[21.23530617882917,49.17207794605681],[21.235303143559303,49.172078098245606],[21.235153714238006,49.17208340619321],[21.235139023948054,49.17208392777764],[21.2351323782899,49.17208395226442],[21.23512576022891,49.17208355481897],[21.235119231930746,49.172082739174456],[21.23511285471793,49.172081512992676],[21.23510668849375,49.17207988779147],[21.235100791179597,49.17207787883694],[21.235095218170894,49.17207550499984],[21.235090021816717,49.17207278857841],[21.235085250928105,49.17206975508894],[21.23508095031948,49.172066433025975],[21.2350771603878,49.17206285359473],[21.23507391673302,49.17205905041798],[21.235071249823708,49.17205505922024],[21.23506918471087,49.17205091749207],[21.235067740792626,49.172046664138094],[21.235066931632016,49.17204233911138],[21.23506676482954,49.172037983038265],[21.23506724195188,49.17203363683676],[21.235120285684694,49.17174600769576],[21.235120391695876,49.171745171470434],[21.235120402099017,49.17174433238882],[21.235105894253454,49.17141945833366],[21.23510601592127,49.171415159938114],[21.235106763177686,49.17141088881351],[21.235108129189918,49.1714066840133],[21.235110101467587,49.17140258398439],[21.23511266197683,49.171398626215776],[21.2351157873053,49.17139484689563],[21.23511944887617,49.171391280580494],[21.23512361320946,49.17138795987931],[21.235128242228164,49.17138491515503],[21.23513329360643,49.17138217424749],[21.235138721156527,49.17137976221824],[21.2351444752512,49.171377701121905],[21.235150503277435,49.17137600980432],[21.235156750117536,49.17137470373009],[21.23516315865305,49.17137379484143],[21.235169670287082,49.17137329144878],[21.23517622548007,49.17137319815507],[21.235237267464516,49.17137424408687],[21.23524413168365,49.17137458837303],[21.235250908656486,49.17137538222367],[21.235257530071788,49.17137661763686],[21.235263929186324,49.171378282159736],[21.235270041497575,49.1713803590141],[21.235275805394,49.171382827265425],[21.235281162775983,49.17138566203393],[21.235286059641542,49.17138883474545],[21.23529044663061,49.17139231341938],[21.235294279522602,49.171396062990866],[21.235297519682177,49.17140004566457],[21.23530013444864,49.171404221295596],[21.235429205409293,49.17164393827903],[21.235430008232846,49.17164518385129],[21.23543103436694,49.17164635682285]],[[21.234579219841212,49.170097538671165],[21.234579220032245,49.170097538578815],[21.234643926681667,49.17006906433782],[21.23464992118278,49.17006670774919],[21.234656250415167,49.170064763542925],[21.23466284861503,49.170063251920226],[21.234669647223868,49.17006218858761],[21.23467657560086,49.17006158459365],[21.23468356175683,49.17006144621405],[21.234690533102295,49.1700617748867],[21.2346974172016,49.1700625671965],[21.23499321538061,49.17010690631496],[21.23499941744055,49.170108039280954],[21.235005430097807,49.170109548678894],[21.235011200341507,49.17011142120101],[21.235016677298034,49.17011364033822],[21.235021812679516,49.17011618652539],[21.235026561209587,49.170119037313924],[21.235231609514116,49.17025427679726],[21.235236057526897,49.170257509486234],[21.23524000780507,49.170261009125355],[21.235243423302638,49.17026474289488],[21.23524627198876,49.17026867577935],[21.235248527148183,49.170272770895856],[21.235250167631747,49.17027698984025],[21.235251178054735,49.17028129304703],[21.235251548941182,49.17028564016046],[21.235251276812736,49.17028999041303],[21.23525036422126,49.17029430300776],[21.23524881972494,49.1702985375009],[21.23524665780801,49.170302654181036],[21.235243898744923,49.17030661444168],[21.235240568410255,49.17031038114322],[21.23523669803601,49.17031391896122],[21.235232323918748,49.17031719471776],[21.235227487079197,49.170320177692474],[21.23522223287755,49.170322839910874],[21.235216610588086,49.17032515640639],[21.23521067293709,49.17032710545479],[21.235208247268,49.17032780754494],[21.235203747327304,49.17032910981582],[21.23519824134112,49.170330520597005],[21.235192570495048,49.17033161517313],[21.235000266579686,49.170362895347196],[21.23500026539249,49.17036289556111],[21.234944934498305,49.17037189631019],[21.234943938548803,49.17037206877812],[21.23462989628889,49.17042977383206],[21.234622867022487,49.17043080774721],[21.234615711114138,49.17043135238324],[21.23460850755264,49.17043140172834],[21.234601335852805,49.17043095523787],[21.234594275177745,49.17043001784024],[21.234587403465035,49.170428599882726],[21.234580796566416,49.170426717017094],[21.234526109593126,49.17040883696546],[21.23452025100172,49.17040668029915],[21.23451474243992,49.17040415802728],[21.234509636797586,49.17040129436728],[21.23450498309597,49.17039811681429],[21.23450082601705,49.17039465587723],[21.23449720547446,49.17039094478597],[21.23449415623037,49.170387019172146],[21.234491707561624,49.170382916727156],[21.234489882978707,49.170378676840166],[21.234488699999982,49.170374340219915],[21.234488169983518,49.17036994850409],[21.234488298018043,49.17036554385916],[21.23448908287407,49.17036116857579],[21.234490517015725,49.17035686466277],[21.234492586673124,49.17035267344367],[21.23449527197455,49.170348635159826],[21.23449854713726,49.17034478858431],[21.234602585120747,49.17023554354862],[21.23460340222488,49.17023458055595],[21.234602593594946,49.17023361449274],[21.234539876688938,49.17016690601587],[21.234536703767322,49.17016313863008],[21.234534094739182,49.17015918958278],[21.23453207351063,49.170155095058746],[21.234530658601837,49.17015089257573],[21.234529862977315,49.17014662064055],[21.234529693927115,49.170142318396536],[21.23453015300007,49.17013802526463],[21.23453123598958,49.170133780582326],[21.2345329329722,49.17012962324324],[21.234535228398485,49.17012559134044],[21.234538101235625,49.17012172181791],[21.234541525160008,49.170118050131514],[21.234545468798537,49.17011460992455],[21.234549896016023,49.170111432719104],[21.234554766246372,49.17010854762755],[21.234560034864213,49.17010598108566],[21.234579219835354,49.17009753866543],[21.234579219841212,49.170097538671165]],[[21.23274665972423,49.152987278896866],[21.23252303697813,49.15240011606209],[21.232521704493795,49.15239567884621],[21.23252105834582,49.1523911762727],[21.232521105071836,49.15238665389924],[21.23252184419887,49.15238215748384],[21.23252326824817,49.15237773252192],[21.232525362810794,49.15237342378578],[21.232528106693536,49.15236927487181],[21.23253147213326,49.15236532775932],[21.23253542507786,49.15236162238567],[21.232539925530823,49.15235819624227],[21.23254492795589,49.15235508399534],[21.232550381737816,49.152352317134934],[21.23255623169451,49.15234992365654],[21.232562418635336,49.152347927777605],[21.232568879960066,49.152346349692635],[21.232842732605093,49.15228957514633],[21.23284880283298,49.15228851469403],[21.23285499557911,49.15228782322402],[21.232861258828766,49.15228750654412],[21.23362778818149,49.15227186657364],[21.234133550202067,49.152261544656334],[21.234140493990022,49.15226163383497],[21.23414738837513,49.152262183465275],[21.234154162574928,49.15226318790434],[21.23416074704083,49.15226463683995],[21.234167074172195,49.152266515396356],[21.23417307901032,49.152268804286976],[21.234178699905378,49.15227148001251],[21.23418387914929,49.15227451510209],[21.23418856356833,49.152277878395395],[21.23419270506887,49.15228153536255],[21.234276522159817,49.15236396396837],[21.234801499617202,49.15288023965638],[21.23489122808145,49.15296847792795],[21.235009084789578,49.15308437956934],[21.235012439385006,49.15308804478102],[21.235015248102613,49.153091902407056],[21.23501748554881,49.15309591757087],[21.235019131494774,49.15310005397143],[21.235020171059436,49.153104274211785],[21.235020594843977,49.153108540136934],[21.235020399016822,49.153112813178716],[21.235019585348265,49.15311705470473],[21.23501816119452,49.15312122636746],[21.23501613943118,49.15312529045111],[21.235013538336776,49.15312921021224],[21.235010381427635,49.15313295021247],[21.235006697245183,49.15313647663862],[21.23500251909793,49.15313975760822],[21.234997884760322,49.15314276345814],[21.234387948646365,49.15350239821186],[21.234380236547757,49.15350633143463],[21.233831521298338,49.15374709042394],[21.233830329191292,49.153747663919795],[21.233829309562378,49.15374836105743],[21.233428732494474,49.154046891049404],[21.23342873225341,49.15404689123814],[21.233355407136063,49.15410153682107],[21.23334492346144,49.154109348771385],[21.233298102046344,49.15414424228331],[21.233293380727165,49.15414742851708],[21.23328820298123,49.154150293524424],[21.233282619377295,49.15415280932412],[21.23327668444796,49.154154951345404],[21.233270456157086,49.154156698668125],[21.233263995333694,49.15415803422687],[21.233257365077872,49.15415894497782],[21.233250630144493,49.15415942202606],[21.233243856310786,49.1541594607125],[21.2332371097339,49.154159060659254],[21.233230456304767,49.154158225773486],[21.23322396100461,49.154156964209214],[21.233217687270216,49.15415528828754],[21.233211696374465,49.154153214376485],[21.2332060468278,49.154150762731014],[21.23320079380688,49.15414795729539],[21.233195988615616,49.15414482546901],[21.233191678184145,49.154141397839126],[21.23318790461047,49.15413770788184],[21.233184704749302,49.15413379163537],[21.233182109852148,49.154129687348],[21.233180145262082,49.15412543510447],[21.23274665972423,49.152987278896866]],[[21.232236086206036,49.16407766468479],[21.232234286100773,49.164077348656285],[21.232177338148546,49.164069512843874],[21.2321707562186,49.16406838093435],[21.232164377805816,49.1640668267362],[21.23215826574091,49.16406486555899],[21.23215248023097,49.16406251672148],[21.232147078266248,49.164059803360914],[21.23214211305889,49.16405675220532],[21.23213763351874,49.16405339331024],[21.232133683771494,49.164049759762456],[21.232130302724116,49.164045887354376],[21.232127523681534,49.16404181423118],[21.232125374018626,49.16403758051532],[21.23212387491051,49.164033227911034],[21.232123041124005,49.164028799293725],[21.232122880872158,49.16402433828747],[21.232123395733332,49.16401988883551],[21.232124580635734,49.16401549476721],[21.232126423907278,49.164011199366286],[21.23212890739068,49.16400704494462],[21.232132006622223,49.164003072425395],[21.2321356910728,49.163999320939745],[21.232139924448624,49.16399582744178],[21.232144665048764,49.16399262634413],[21.2321498661759,49.16398974917921],[21.23241924697203,49.16385515074532],[21.23242478986298,49.16385265312639],[21.23243067923925,49.16385052366159],[21.232436858430187,49.16384878284175],[21.23264610246797,49.16379765073406],[21.23265264637832,49.16379629208776],[21.2326593646565,49.163795369360734],[21.23266618996001,49.16379489180224],[21.23267305387357,49.16379486419919],[21.232679887594866,49.16379528682828],[21.232686622624207,49.163796155453156],[21.232693191451215,49.16379746136693],[21.232699528231393,49.16379919147942],[21.2327055694463,49.16380132844837],[21.23271125454009,49.163803850853256],[21.232716526526577,49.16380673341009],[21.232721332560473,49.1638099472247],[21.232725624467054,49.16381346008257],[21.232729359225075,49.16381723677156],[21.232732499397994,49.16382123943496],[21.232735013509213,49.163825427950854],[21.232797265899656,49.16394661823527],[21.23279798777098,49.163947797023624],[21.232799096976585,49.163948838433484],[21.233159047593695,49.164248837531446],[21.233162977563648,49.164252469626376],[21.233166340293657,49.1642563388744],[21.233169102788136,49.16426040731006],[21.233171237941107,49.164264635013566],[21.233172724802053,49.16426898050219],[21.2331735487816,49.16427340113758],[21.233173701794584,49.164277853544036],[21.23317318233946,49.16428229403406],[21.233171995512983,49.16428667903708],[21.233170152960273,49.16429096552699],[21.233167672760487,49.16429511144424],[21.233164579249472,49.16429907610862],[21.233160902781005,49.16430282061838],[21.23315667942889,49.164306308231964],[21.233151950633058,49.16430950472844],[21.233146762792956,49.164312378743396],[21.233114282750357,49.16432863513328],[21.233109563416992,49.164330797750495],[21.23310458403054,49.16433269307876],[21.23309937970591,49.16433430775216],[21.232944685570907,49.16437718661083],[21.232938264462668,49.16437872383034],[21.232931641843454,49.16437983410096],[21.23292488354686,49.16438050638573],[21.232918056755246,49.16438073400174],[21.232911229331847,49.164380514686236],[21.232904469146185,49.16437985061942],[21.232897843399385,49.16437874840258],[21.232891417956154,49.16437721899256],[21.232885256689993,49.16437527759276],[21.23287942084831,49.16437294350212],[21.232873968443513,49.16437023992317],[21.232868953676345,49.16436719373147],[21.232864426397104,49.16436383520828],[21.232768538884287,49.16428511842434],[21.23276752584469,49.1642843597552],[21.232766240036128,49.164283806656215],[21.23223773858552,49.16407822966865],[21.232236086206036,49.16407766468479]],[[21.231037145714186,49.172817602711326],[21.231031146780328,49.17281581381802],[21.231025437467583,49.17281365560356],[21.23102007051145,49.17281114800297],[21.231015095485105,49.172808314178226],[21.231010558341588,49.17280518030474],[21.231006500989253,49.172801775329255],[21.23100296090476,49.17279813070273],[21.230999970786858,49.172794280089654],[21.230997558254366,49.17279025905706],[21.230995745591095,49.17278610474633],[21.230994549539993,49.17278185552969],[21.230993981148494,49.172777550656015],[21.230994045666556,49.17277322988834],[21.230994742498048,49.17276893313639],[21.230996065206376,49.17276470008819],[21.230998001573887,49.17276056984317],[21.231000533714738,49.17275658055131],[21.231003638240086,49.17275276906059],[21.23100728647419,49.17274917057672],[21.231011444719208,49.17274581833788],[21.23107103514742,49.172702236162614],[21.231075729785854,49.17269912209145],[21.231080864162788,49.172696322208765],[21.231086389579858,49.172693863070755],[21.231092253629857,49.17269176800163],[21.23109840069373,49.1726900568727],[21.231104772468136,49.172688745913504],[21.231111308518425,49.172687847558215],[21.231117946851843,49.172687370327445],[21.23119680140647,49.17268423879231],[21.231527441934485,49.17267110784622],[21.23153066925103,49.17267097969547],[21.23153759516531,49.17267093445543],[21.231544492708657,49.17267134754819],[21.231551291507472,49.17267221475909],[21.23178401605024,49.17270998718643],[21.231790647869385,49.17271129991708],[21.23179704383652,49.17271304467311],[21.231803138673087,49.1727152036471],[21.231808870173918,49.17271775480418],[21.231814179842114,49.17272067210667],[21.231819013486003,49.172723925780055],[21.23182332177237,49.17272748261658],[21.231827060729778,49.172731306314496],[21.23183019219756,49.172735357848325],[21.231832684215117,49.172739595867256],[21.231834511348218,49.17274397711715],[21.231835654948565,49.17274845688201],[21.231836103344147,49.17275298944037],[21.23183585195834,49.17275752853193],[21.23183490335666,49.172762027829705],[21.23182693618206,49.17278950080613],[21.231826517465322,49.1727913697129],[21.231825140050073,49.172800038316694],[21.231824078310893,49.172804516223046],[21.231822334453042,49.17280890130403],[21.231819926193268,49.172813149009016],[21.231816877998355,49.17281721618294],[21.231813220836607,49.17282106150501],[21.23180899186323,49.17282464590815],[21.23180423404284,49.17282793297634],[21.231798995712932,49.17283088931414],[21.23179333009284,49.17283348488635],[21.23178729474305,49.17283569332294],[21.231780950980347,49.17283749218706],[21.231774363254917,49.17283886320286],[21.231767598495537,49.17283979244142],[21.23150235721415,49.17286716182753],[21.231489364955433,49.17286850229031],[21.23148280849187,49.17286896825599],[21.231476214080143,49.172869019103466],[21.231269035354345,49.172864079440345],[21.23126227678803,49.17286369814848],[21.231255608752495,49.172862880880416],[21.2311718332188,49.172849771248465],[21.231148149836397,49.17284606488121],[21.231138713257558,49.17284410654724],[21.231037145714186,49.172817602711326]],[[21.230943639168174,49.16762095020134],[21.23125017964041,49.16775152965074],[21.23125628680563,49.1677544575171],[21.231435022018626,49.16785050124624],[21.231440127669895,49.16785353857168],[21.231444742389975,49.16785689673019],[21.231448819528964,49.16786054177452],[21.23145231787125,49.167864436857236],[21.231455202052246,49.16786854260318],[21.23145744291582,49.16787281750762],[21.231459017809073,49.167877218356004],[21.23145991081136,49.16788170066043],[21.23146011289518,49.16788621910943],[21.23145962201751,49.16789072802653],[21.231458443140397,49.167895181831206],[21.231456588180887,49.16789953550027],[21.23145407589046,49.16790374502269],[21.231450931665577,49.1679077678447],[21.23144718729089,49.16791156329979],[21.23144288061797,49.16791509301983],[21.231438055182654,49.1679183213231],[21.23143275976495,49.167921215574836],[21.231427047895934,49.167923746517154],[21.231420977316585,49.16792588856485],[21.23138203997896,49.167938014260486],[21.231382039510866,49.167938014415526],[21.23124495243526,49.167980706133854],[21.231238888995286,49.16798236586846],[21.231232611116642,49.16798363740333],[21.231226176451493,49.16798450906156],[21.231219644091837,49.16798497283834],[21.231213074026844,49.16798502447461],[21.23120652659195,49.167984663496235],[21.231200061914773,49.16798389321813],[21.231193739362908,49.16798272071408],[21.23118761699879,49.167981156751694],[21.231181751046396,49.16797921569343],[21.231176195374985,49.167976915364704],[21.231044700707844,49.16791650370755],[21.23091275530461,49.16785588595073],[21.23082833781291,49.16781710205134],[21.230822216272838,49.16781393459674],[21.230816682799663,49.167810331844024],[21.23081180896634,49.167806340393156],[21.230679768010496,49.16768461383861],[21.23067613398297,49.16768088843642],[21.23067307568412,49.167676946947765],[21.230670622703265,49.16767282750717],[21.230668798773184,49.16766856997075],[21.23066762154048,49.16766421553071],[21.23066710239486,49.16765980631684],[21.230667246358944,49.16765538498887],[21.2306680520397,49.16765099432367],[21.23066951164188,49.167646676801446],[21.2306716110435,49.16764247419474],[21.230674329932455,49.167638427164356],[21.23067764200302,49.16763457486567],[21.23068151521041,49.1676309545702],[21.230685912080805,49.16762760130465],[21.230690790073893,49.16762454751224],[21.23069610199449,49.16762182273873],[21.23070179644914,49.16761945334659],[21.230792749533123,49.16758560323864],[21.230798827987527,49.16758359569904],[21.230805180018372,49.16758199321091],[21.23081174303755,49.16758081156402],[21.230818452377996,49.167580062401385],[21.230825241930987,49.167579753104725],[21.230832044797392,49.16757988672161],[21.23083879394694,49.16758046193545],[21.23084542287864,49.16758147307853],[21.23085186627599,49.16758291018781],[21.23085806065065,49.16758475910318],[21.230863944967872,49.16758700160674],[21.230943639168174,49.16762095020134]],[[21.226046285052675,49.17583188544827],[21.22604628506832,49.175831885250176],[21.22605492981189,49.1757574058262],[21.226055743151168,49.175753125438945],[21.226057178399575,49.175748915852765],[21.2260592223459,49.175744815815705],[21.22606185617607,49.17574086306742],[21.226065055646302,49.17573709399179],[21.226068791306318,49.17573354328203],[21.22607302877035,49.175730243621416],[21.226077729033715,49.17572722538234],[21.226082848831833,49.17572451634667],[21.22608834103844,49.17572214145041],[21.226094155099396,49.17572012255363],[21.226100237498013,49.17571847823974],[21.22610653224765,49.17571722364414],[21.226112981407045,49.175716370315],[21.22611952561367,49.17571592610689],[21.226126104630115,49.175715895108695],[21.226132657898564,49.17571627760571],[21.226139125098197,49.175717070077155],[21.22619026263328,49.17572501780948],[21.226196116858166,49.17572610966116],[21.226201800358403,49.17572753753882],[21.226207268361144,49.175729290194084],[21.226212477791112,49.17573135382012],[21.226415890079778,49.17582024172624],[21.226417390987674,49.17582082709394],[21.226419042244043,49.17582119984521],[21.226586237201083,49.17585276055655],[21.22694691647057,49.17592084547924],[21.226948437437557,49.17592108379963],[21.226949992655918,49.17592113608484],[21.226961821108095,49.175921181644675],[21.22704846432691,49.17592151328414],[21.227055072794727,49.17592174795662],[21.227061615982933,49.175922399189226],[21.227068032948427,49.175923460916366],[21.22707426392373,49.17592492324917],[21.227080250873673,49.175926772567514],[21.227085938035874,49.175928991646835],[21.22709127244018,49.175931559818665],[21.227096204402013,49.17593445316321],[21.227100687985082,49.175937644731775],[21.227104681429275,49.175941104798206],[21.227108147539596,49.17594480113547],[21.227111054032616,49.17594869931595],[21.227113373837167,49.17595276303202],[21.227115085346455,49.17595695443422],[21.227116172619336,49.17596123448393],[21.22711662552879,49.175965563316666],[21.227116439856268,49.175969900613815],[21.227115617330952,49.17597420597769],[21.22711416561367,49.17597843930814],[21.22711209822559,49.17598256117586],[21.22710943442222,49.17598653318981],[21.227100963200584,49.17599767243522],[21.22709782005027,49.17600136064697],[21.22709416272867,49.17600483914245],[21.227090023531392,49.17600807720508],[21.227085439009198,49.17601104624138],[21.2270804496453,49.17601372003349],[21.227075099497842,49.17601607497068],[21.227069435810886,49.1760180902579],[21.22706350859717,49.17601974809927],[21.22705737019652,49.17602103385533],[21.227051074813637,49.17602193617232],[21.226961310165063,49.17603193111358],[21.226940687051215,49.17603422730012],[21.226940686193355,49.176034227410035],[21.226747073765544,49.17605578578474],[21.226745405335816,49.176056029548064],[21.226744533878794,49.176056993659934],[21.22671441187491,49.17609456545781],[21.226711087888606,49.17609826998288],[21.226707239545433,49.176101749487344],[21.2267029020144,49.17610497217284],[21.226698114935104,49.176107908587916],[21.226692922055488,49.17611053189745],[21.226687370832018,49.17611281812752],[21.22668151199604,49.17611474638486],[21.2266753990901,49.17611629904757],[21.22666908797864,49.17611746192613],[21.226662636337498,49.176118224393356],[21.226656103126746,49.17611857948115],[21.226649548051974,49.17611852394447],[21.226643031018522,49.17611805829086],[21.226516712425028,49.17610500138923],[21.226509873600985,49.17610405814246],[21.22650321671773,49.17610266345867],[21.226496810910845,49.17610083182259],[21.226490722708323,49.17609858225685],[21.226485015339627,49.17609593812438],[21.22647974807902,49.1760929268861],[21.226474975629937,49.17608957981538],[21.2264707475569,49.17608593167356],[21.226331217573975,49.17595187032899],[21.22633018044137,49.175950975253464],[21.22632854800823,49.17595063165144],[21.22627640846592,49.175941546132876],[21.226276407209724,49.17594154593256],[21.226164116077232,49.17592198003123],[21.226093458485092,49.1759096672805],[21.226086989863397,49.17590831195507],[21.22608075742379,49.175906543813625],[21.226074822285568,49.175904380195824],[21.226069242652457,49.17590184231942],[21.22606407324187,49.17589895507242],[21.226059364748274,49.17589574676908],[21.226055163346096,49.175892248872046],[21.22605151023683,49.175888495683935],[21.226048441245066,49.17588452401084],[21.226045986467128,49.175880372801565],[21.22604416997597,49.17587608276544],[21.226043009585077,49.17587169597333],[21.226042516673797,49.17586725544472],[21.226042696075737,49.17586280472628],[21.226046285052675,49.17583188544827]],[[21.225420495477934,49.178508910088304],[21.225420494738717,49.178508910938625],[21.225375947803386,49.178557333664294],[21.225372160333485,49.178561024550305],[21.22536783505187,49.17856445199745],[21.225363014300697,49.178567582452835],[21.225357745272504,49.178570385270916],[21.22535207954827,49.178572833013554],[21.225346072592437,49.17857490171867],[21.225339783209957,49.178576571134656],[21.225333272970627,49.17857782491878],[21.2253266056063,49.178578650797235],[21.225319846387052,49.178579040685],[21.225313061482147,49.17857899076533],[21.225306317312327,49.17857850152691],[21.225299679899532,49.17857757775905],[21.225293214220603,49.17857622850506],[21.22520473833496,49.17855455057948],[21.225198344414967,49.178552736279634],[21.225192264280956,49.178550506038796],[21.22518656068661,49.178547882875584],[21.225181292499265,49.178544893863844],[21.225176514092357,49.17854156985356],[21.225172274784214,49.17853794515212],[21.22516861832906,49.17853405717049],[21.225165582465372,49.178529946036875],[21.225163198526445,49.1785256541827],[21.225161491116975,49.17852122590461],[21.225160477859085,49.17851670690718],[21.22516016921054,49.17851214383148],[21.22516056835672,49.17850758377339],[21.225180313015464,49.17838835005382],[21.225181310099497,49.17838417178365],[21.2251829016108,49.17838007341827],[21.225185073467344,49.17837609122031],[21.225187806452134,49.17837226042489],[21.225191076383275,49.17836861492722],[21.22519485432794,49.1783651869832],[21.225364752845877,49.17822538278085],[21.225369101042297,49.17822213773924],[21.225373904155312,49.178219181220484],[21.22537911785387,49.178216540512196],[21.225384694017364,49.17821423998715],[21.225390581179838,49.178212300878286],[21.225396725004906,49.178210741082964],[21.225403068787333,49.17820957499741],[21.225409553976345,49.178208813384245],[21.22541612071604,49.17820846327283],[21.22542270839786,49.17820852789457],[21.225429256219968,49.17820900665308],[21.22543570374838,49.17820989512951],[21.225441991474803,49.178211185123594],[21.22544806136584,49.17821286472918],[21.225453857398627,49.17821491844414],[21.225492928053182,49.17823039651025],[21.225494504965642,49.178230948722046],[21.2254962913813,49.178230903014395],[21.22560904964884,49.1782240851321],[21.225610644760305,49.178223937990595],[21.225611756304897,49.17822317366515],[21.225656888777948,49.178189008647664],[21.22566138978186,49.17818591220333],[21.225666319250465,49.17818311018526],[21.225671632567202,49.17818062795442],[21.225677281641314,49.17817848797746],[21.22568321534313,49.1781767096233],[21.225689379966855,49.17817530898769],[21.225695719716622,49.17817429874783],[21.22570217721152,49.178173688047295],[21.22570869400496,49.17817348241355],[21.22571521111362,49.17817368370777],[21.22572166955134,49.178174290108075],[21.22572801086296,49.17817529612595],[21.22573417765346,49.178176692655946],[21.225740114107367,49.17817846705808],[21.225745766493965,49.17818060327232],[21.22575108365361,49.178183081963844],[21.22576067425655,49.17818801941865],[21.225765613798814,49.17819082173207],[21.225770124242416,49.1781939194394],[21.225774164664312,49.17819728443532],[21.22577769840593,49.17820088618947],[21.22578069340571,49.17820469202335],[21.225783122490075,49.17820866740677],[21.225784963619954,49.17821277627143],[21.225786200090734,49.17821698133775],[21.22578682068381,49.178221244453354],[21.225786819768423,49.178225526939315],[21.22578619735272,49.1782297899407],[21.225784959083697,49.1782339947796],[21.225783116195956,49.178238103305716],[21.225780685409795,49.17824207824242],[21.225777688779523,49.17824588352534],[21.225774153493305,49.17824948462936],[21.225770111626584,49.17825284888168],[21.225690243992567,49.17831317806389],[21.22568481341408,49.178316837818016],[21.225678784917836,49.17832007031019],[21.22567223625216,49.17832283385155],[21.225551448373093,49.17836766150812],[21.22554998158334,49.17836827301697],[21.22554900871286,49.17836921739322],[21.22545311663867,49.17847345239526],[21.225420495477934,49.178508910088304]],[[21.225029936142835,49.16872432302187],[21.22502828986941,49.16872382466186],[21.224889082349584,49.16868747899952],[21.224882891359677,49.168685624138156],[21.22487701134478,49.168683375914775],[21.22487150025187,49.16868075648557],[21.224866412392185,49.168677791664685],[21.22486179790603,49.16867451067015],[21.224857702268597,49.168670945835814],[21.224854165841904,49.16866713229285],[21.224851223476925,49.16866310762329],[21.224848904170237,49.16865891148982],[21.224847230778202,49.168654585244916],[21.224846219791736,49.16865017152324],[21.224845881173835,49.16864571382157],[21.22484621826136,49.16864125607003],[21.22485858178554,49.16855980048839],[21.22485958620601,49.16855540308679],[21.224861248138616,49.1685510922473],[21.22486355132796,49.168546910133806],[21.22486647324655,49.16854289765137],[21.224869985315202,49.168539094045656],[21.224874053182525,49.16853553651946],[21.22487863706094,49.168532259868634],[21.224883692115828,49.168529296141834],[21.224889168904053,49.168526674327076],[21.22489501385758,49.16852442006792],[21.224901169807413,49.168522555413254],[21.224907576542734,49.16852109860101],[21.22491417139983,49.1685200638802],[21.224920889875026,49.168519461371204],[21.22492766625555,49.1685192969672],[21.22493443426224,49.168519572276224],[21.224941127697885,49.168520284605435],[21.224947681094605,49.16852142698765],[21.22495403035422,49.16852298824932],[21.2249601133752,49.16852495311993],[21.22496587066004,49.168527302381214],[21.22517994912792,49.168624604581844],[21.22518550675692,49.168627417368654],[21.225190596606648,49.16863058806184],[21.225195165314688,49.168634083419704],[21.225199164982232,49.168637866796495],[21.225225555298,49.168665781376575],[21.225229114239262,49.1686700444136],[21.225231950644805,49.168674534436136],[21.22523403137149,49.168679198979],[21.225254140717862,49.1687353921494],[21.225274197699463,49.168791441125016],[21.225275400865037,49.168795728515306],[21.22527596513735,49.16880007215812],[21.225275885211172,49.16880443121632],[21.22527516183776,49.168808764707705],[21.225273801817824,49.16881303189064],[21.225271817937564,49.16881719264673],[21.225269228848482,49.168821207858166],[21.225266058892046,49.16882503977559],[21.22526233787079,49.16882865237272],[21.225258100768198,49.16883201168541],[21.225253387419784,49.16883508613072],[21.225248242138512,49.1688378468038],[21.22524271329829,49.1688402677499],[21.22523685287911,49.168842326208306],[21.22523071597834,49.16884400282607],[21.225224360292763,49.16884528184034],[21.225217845576108,49.16884615122623],[21.225211233077264,49.16884660281023],[21.22520458496443,49.16884663234658],[21.225197963740648,49.16884623955771],[21.225191431656153,49.16884542813638],[21.22518505012312,49.16884420571134],[21.225178879138276,49.16884258377528],[21.225172976718852,49.16884057757709],[21.225167398357122,49.16883820597826],[21.22516219649863,49.168835491275665],[21.2251574200492,49.16883245899188],[21.225153113915088,49.16882913763523],[21.225031117595023,49.16872522496623],[21.225029936142835,49.16872432302187]],[[21.214600083421445,49.17295795244519],[21.214600250892094,49.1729569685145],[21.21463570397386,49.17260948521795],[21.21463648874205,49.172605076329944],[21.214637932757416,49.17260073966802],[21.214640021944433,49.17259651750328],[21.214642735938845,49.17259245099075],[21.214646048286195,49.17258857976822],[21.21464992669966,49.17258494156999],[21.21465433337481,49.17258157185883],[21.214659225358055,49.17257850348058],[21.214664554965385,49.17257576634391],[21.21467027024711,49.17257338712859],[21.214676315494266,49.172571389025705],[21.21468263178162,49.17256979151153],[21.214863347723455,49.17253068653628],[21.21486921974941,49.17252960322731],[21.214875215376036,49.17252886636877],[21.214881287155084,49.17252848179207],[21.214999623391634,49.1725244583799],[21.21500601673112,49.17252424139988],[21.21500761106603,49.17252413606369],[21.21500778131034,49.17252309136373],[21.215013941216558,49.17245321047746],[21.215014658288283,49.17244882504858],[21.215016027263555,49.17244450678916],[21.21501803496759,49.17244029725678],[21.215020662078743,49.17243623696272],[21.215023883314345,49.17243236498199],[21.21502766767411,49.17242871857728],[21.215031978738455,49.17242533284045],[21.215036775018966,49.17242224035472],[21.215042010357685,49.17241947088116],[21.21504763437136,49.17241705107238],[21.215053592936226,49.17241500421581],[21.215059828708977,49.17241335000963],[21.21506628167855,49.172412104373464],[21.21507288974366,49.17241127929493],[21.21507958931047,49.17241088271428],[21.21508631590452,49.17241091844805],[21.215179956729624,49.172414432437186],[21.215180615421556,49.17241445924093],[21.215186943857756,49.17241473681042],[21.21536770772317,49.17242154422423],[21.215499177279195,49.172426493462645],[21.215505625703283,49.17242693754004],[21.215511981327886,49.17242777897757],[21.215518187326392,49.17242901025187],[21.21552418821,49.172430620353836],[21.215529930323864,49.17243259488738],[21.21553536232681,49.172434916197815],[21.215540435650418,49.17243756353002],[21.215545104933227,49.172440513213715],[21.21554932842637,49.172443738875366],[21.215553068366813,49.17244721167371],[21.215556291315043,49.172450900558],[21.21555896845405,49.17245477254527],[21.215561075846917,49.172458793015416],[21.2155615709224,49.172459906188756],[21.215563132830916,49.17245974033028],[21.215670589376984,49.17244481031485],[21.215670953877698,49.172444758310824],[21.215803000581083,49.17242542497405],[21.215853706661434,49.17241800100118],[21.21585785419862,49.17241721080283],[21.215922315566516,49.17240197970099],[21.215928311127872,49.17240056309454],[21.21603552737545,49.17237522901906],[21.21603978427607,49.17237432490953],[21.216144417003548,49.17235455097098],[21.21615083444604,49.172353554575835],[21.21620540650291,49.172346880256846],[21.21621217005225,49.17234627961594],[21.216218991166336,49.17234612281459],[21.216225802264507,49.17234641140626],[21.216232535865327,49.172347142531734],[21.216239125255196,49.17234830894731],[21.21624550514925,49.17234989909666],[21.21625161233822,49.1723518972253],[21.216257386314656,49.17235428353659],[21.216262769872404,49.17235703438796],[21.216267709673406,49.17236012252512],[21.21627215677613,49.17236351735223],[21.216276067120425,49.17236718523467],[21.216279401964147,49.17237108983261],[21.216282128266915,49.17237519246096],[21.216284219017503,49.172379452472605],[21.21628565350144,49.17238382766104],[21.216286417506282,49.17238827467867],[21.216286503462403,49.172392749466354],[21.21628297813296,49.1724548648511],[21.21628299642115,49.17245591008103],[21.21628458281374,49.172456013736735],[21.216397280453943,49.17245976029656],[21.21647914108042,49.1724624775883],[21.216480755248227,49.1724624788868],[21.216480902495,49.17246142494094],[21.21648640249326,49.17237559887311],[21.216487013890635,49.1723712080562],[21.21648827828634,49.17236687761846],[21.21649018352023,49.172362649206725],[21.216492711269076,49.1723585634866],[21.21649583722279,49.17235465975135],[21.216499531318263,49.172350975544],[21.216503758028445,49.17234754629653],[21.21650847670403,49.17234440498865],[21.216513641964404,49.17234158183104],[21.216519204134098,49.17233910397455],[21.21652510972048,49.17233699524936],[21.21653130192824,49.17233527593547],[21.216537721205576,49.17233396256783],[21.216544305816964,49.17233306777745],[21.216550992436797,49.17233260016976],[21.216557716758455,49.17233256424165],[21.216669962733654,49.17233557629534],[21.216674589042505,49.17233580342316],[21.216841611951814,49.17234774023727],[21.21684741707973,49.17234832095805],[21.216853125140407,49.17234922521228],[21.216858694270982,49.17235044636814],[21.21697433129139,49.17237946777964],[21.216979677646496,49.172380983223555],[21.216984808564092,49.172382790692424],[21.217134461810645,49.172441009734335],[21.217136137256134,49.17244162065384],[21.217220260583197,49.17247030534684],[21.217227199879513,49.172473023647036],[21.217233603077613,49.17247625848619],[21.217317203606985,49.17252389639814],[21.21732180495509,49.17252677453165],[21.217325979854323,49.172529919782434],[21.21732969239662,49.17253330509847],[21.217332910650644,49.17253690136287],[21.217385328264605,49.172602240461785],[21.217386153247915,49.17260315956869],[21.21738722912119,49.17260395940409],[21.21740953876416,49.17261903088184],[21.217410616957704,49.17261969849944],[21.217411921546294,49.17262016089013],[21.217508383028534,49.172650871474424],[21.217510026552286,49.17265132605184],[21.217511795447386,49.172651175312254],[21.217615106121336,49.1726387028881],[21.217624860983666,49.17263799348299],[21.217828071015287,49.17263281619401],[21.217833965136535,49.17263283224178],[21.21795184855673,49.17263647876818],[21.217957842155634,49.17263683753721],[21.217963764687852,49.172637539512635],[21.218176949784265,49.17266919885082],[21.218184359366155,49.17267059042415],[21.218371948828636,49.17271343517299],[21.218375508354907,49.172714109063925],[21.218608832819967,49.17274944545675],[21.21861087777705,49.17274967037835],[21.218612949244605,49.17274973100748],[21.218700230185377,49.17274880458214],[21.21870187104372,49.17274873311577],[21.218702035998685,49.17274766033132],[21.218707765609274,49.17267308955116],[21.21871036294896,49.1726393017932],[21.218713616945728,49.17259695707321],[21.218714289867588,49.17259254513109],[21.21871562232296,49.17258819810402],[21.218717601352168,49.17258395827128],[21.218720207706948,49.17257986686961],[21.218723416037683,49.172575963692196],[21.21872719513992,49.172572286701374],[21.218731508257893,49.1725688716596],[21.218736313442033,49.17256575178172],[21.21874156395692,49.172562957411685],[21.218747208735905,49.17256051572766],[21.218753192877692,49.172558450477396],[21.218759458180426,49.17255678174763],[21.218765943707627,49.1725555257684],[21.21877258638097,49.17255469475541],[21.21877932159373,49.172554296791155],[21.218786083839134,49.172554335746106],[21.21902355646171,49.172563394535075],[21.219030193540302,49.17256386109572],[21.21903672998395,49.17256474856568],[21.21904310385162,49.172566048534925],[21.21904925474288,49.172567748684685],[21.219055124370286,49.17256983290386],[21.21906065711168,49.17257228144187],[21.21906580053731,49.17257507109577],[21.219070505906668,49.17257817543001],[21.21907472863033,49.17258156502703],[21.219078428692548,49.17258520776627],[21.219081571030447,49.17258906912806],[21.219084125866246,49.17259311252116],[21.219086068989466,49.17259729962921],[21.219087381986398,49.17260159077402],[21.219088052414552,49.17260594529152],[21.2190880739206,49.172610321917176],[21.219084724524365,49.17265858547518],[21.21907578307346,49.17278738413154],[21.219075788375473,49.17278844730493],[21.21907721535231,49.17278895225215],[21.219243154126183,49.172840991580024],[21.219244532850077,49.17284137624733],[21.21924598726956,49.1728415962043],[21.219401620370604,49.172860503360916],[21.219511292201595,49.172873826471246],[21.219512901857676,49.172873967897644],[21.219513070867468,49.17287290885502],[21.219527383724916,49.1727001376965],[21.219533391963665,49.172627600455215],[21.219534087058957,49.17262320795878],[21.219535436032846,49.17261888136247],[21.219537425870552,49.17261466240835],[21.219540037374404,49.172610591799945],[21.219543245349044,49.17260670880967],[21.219547018844494,49.17260305089968],[21.2195513214548,49.17259965336068],[21.219556111669256,49.17259654897141],[21.21956134327287,49.17259376768229],[21.219566965792257,49.172591336326555],[21.219572924982586,49.172589278361336],[21.219579163350968,49.17258761364144],[21.219585620711015,49.172586358227754],[21.219592234763635,49.17258552423205],[21.219598941698006,49.172585119700685],[21.219605676807173,49.17258514853639],[21.21988620744095,49.172595396769324],[21.21989287143525,49.17259585519299],[21.21989943537383,49.17259673787958],[21.219905836579862,49.172598036400515],[21.219912013930365,49.17259973835672],[21.21991790843989,49.172601827496784],[21.219923463823704,49.172604283872175],[21.21992862703525,49.17260708402778],[21.219933348772685,49.172610201225886],[21.21993758394961,49.17261360570143],[21.219941292125608,49.17261726494612],[21.219944437892416,49.172621144019054],[21.21994699121198,49.17262520588023],[21.21994892770336,49.17262941174427],[21.21995022887543,49.172633721450694],[21.21995088230358,49.17263809384749],[21.219950881748233,49.172642487184035],[21.219946930643403,49.17269535636001],[21.219942329101087,49.1727569231363],[21.21992987266565,49.172923589823974],[21.219929870963817,49.17292462439189],[21.219931406924406,49.172924861333634],[21.220193060222993,49.17295664469178],[21.22032094975672,49.17297218091008],[21.220724543511636,49.17302120507756],[21.22082747781157,49.173033708179375],[21.220829385117227,49.173033867431755],[21.220831298335153,49.17303374232767],[21.220847043212203,49.17303211956321],[21.220854692806217,49.17303161718201],[21.220862380093305,49.17303167938825],[21.22087000844688,49.17303230540016],[21.220953731799785,49.17304232852003],[21.220954590567885,49.173042435041346],[21.221189458948366,49.173072585534634],[21.221191344464373,49.1730727919682],[21.221533172480942,49.1731038198817],[21.221534842821605,49.173103916775915],[21.221535546253477,49.17310381958948],[21.221540617978714,49.17310294462664],[21.221547254951002,49.17310224584575],[21.22155396438418,49.173101976490884],[21.22156068180305,49.17310213915044],[21.221567342655685,49.173102732261356],[21.221573882933722,49.17310375012403],[21.221580239787468,49.17310518295717],[21.22158635212987,49.17310701699182],[21.221591472490285,49.17310897168079],[21.221591814501892,49.173109088081596],[21.22159344345466,49.1731092894155],[21.22166145409559,49.17311546314661],[21.22166186871982,49.17311549909588],[21.221873515328934,49.173132988850895],[21.221875495613943,49.17313307624181],[21.22187747798455,49.173133012333444],[21.2221414433249,49.173114370303324],[21.222169170835432,49.17311241231826],[21.222175908047316,49.173112155561746],[21.222182651124797,49.173112334258484],[21.222189334755853,49.17311294667752],[21.22219589420424,49.17311398688713],[21.222202265936478,49.173115444812076],[21.22220838823729,49.17311730633121],[21.22221420180731,49.17311955341418],[21.222219650337458,49.173122164296274],[21.22222468105432,49.17312511368903],[21.222229245231308,49.17312837302517],[21.22223329866064,49.17313191073542],[21.2222368020815,49.17313569255425],[21.222239721560307,49.17313968185172],[21.222242028819416,49.173143839988235],[21.22224370151102,49.1731481266889],[21.222244723433565,49.17315250043359],[21.22224508468874,49.17315691885899],[21.222248308880307,49.173645358537655],[21.222248390649114,49.173646370651056],[21.222249798435158,49.17364595197911],[21.222382293544992,49.173601339456674],[21.222383823899055,49.17360075640962],[21.222385137806015,49.17359997885457],[21.222759122317626,49.17335437462161],[21.222760185562166,49.173353607580594],[21.22276031359658,49.17335257448586],[21.22277329130064,49.173103719250605],[21.222773300896566,49.1731023970031],[21.222765690776946,49.17290011881399],[21.222765670235074,49.17289971792688],[21.22274192191036,49.17253361496139],[21.222741894262942,49.172533256265986],[21.222727503349667,49.17237209950936],[21.222727435949903,49.172367757939774],[21.22272800757165,49.17236343235217],[21.22272921288381,49.172359163086675],[21.222731040645556,49.1723549899583],[21.22273347381114,49.17235095188542],[21.222736489688838,49.17234708652684],[21.222740060152642,49.17234342993066],[21.222744151904493,49.172340016198085],[21.222748726784882,49.172336877165385],[21.22275374212868,49.17233404210697],[21.22275915116305,49.17233153746239],[21.222764903443665,49.17232938658977],[21.222770945325102,49.17232760954804],[21.222777220461197,49.17232622290975],[21.222783670330447,49.17232523960662],[21.222790234781826,49.17232466880879],[21.222796852595746,49.17232451583956],[21.22280346205496,49.17232478212547],[21.22281000152013,49.17232546518315],[21.222816410004665,49.17232655864242],[21.22282262774349,49.172328052305865],[21.222828596750425,49.17232993224362],[21.222834261358877,49.17233218092347],[21.222905883006902,49.17236380834708],[21.222913259458586,49.172367568975545],[21.222994778101523,49.172415313801196],[21.22299989731327,49.17241864561556],[21.22303488623946,49.17244394915821],[21.223038099174595,49.17244598782108],[21.223073274587094,49.17246555960591],[21.223074474899356,49.17246616920868],[21.2230759217723,49.172466464344325],[21.223130743268946,49.17247592395868],[21.223132345665494,49.1724761472347],[21.223133973301373,49.17247626891086],[21.223220614715945,49.172480000184436],[21.223224808604765,49.17248026585416],[21.223332764320247,49.172489307010984],[21.223339984381624,49.172490171305995],[21.22334702219664,49.17249153661836],[21.223353797138255,49.17249338730674],[21.22336023159095,49.17249570216911],[21.223374838494212,49.17250164520168],[21.223381039650025,49.1725044905642],[21.22338672475274,49.17250776670028],[21.223464511028933,49.17255784413073],[21.223467083747376,49.1725593416941],[21.223509059748245,49.17258140748442],[21.22351025937635,49.17258198376237],[21.22351158820568,49.172582413275826],[21.223593992880062,49.17260620859085],[21.223600487703987,49.17260836069027],[21.223681903503714,49.1726389975539],[21.223686327529297,49.17264081244021],[21.22369052823612,49.1726428426673],[21.22375325476664,49.172675645659744],[21.22375457856191,49.17267627223914],[21.223756119272334,49.17267662647587],[21.223820606673563,49.17268921015752],[21.22382698727548,49.1726906834925],[21.223833115417275,49.17269256187254],[21.223838931457767,49.172694827016564],[21.223844378793196,49.17269745687939],[21.223849404408174,49.172700425866324],[21.223853959391583,49.172703705082135],[21.22385799941265,49.17270726261238],[21.223861485152362,49.17271106383389],[21.22386438268616,49.172715071751824],[21.22386666381406,49.172719247359765],[21.223868306335167,49.17272355001921],[21.223869294263718,49.17272793785506],[21.223869617984644,49.17273236816345],[21.223869274347212,49.172736797826836],[21.223868457982956,49.17274212364269],[21.223868374677366,49.17274319540594],[21.22386977998121,49.1727437455594],[21.22404548719903,49.172805049605316],[21.224176324597952,49.17285069969329],[21.224177694978515,49.172851127593574],[21.224179189109314,49.172851302831184],[21.224199962598984,49.17285311722157],[21.224199964444942,49.17285311735327],[21.224273490302817,49.172859537918626],[21.224274965822847,49.17285962432783],[21.224276447232445,49.172859626692244],[21.22431042563261,49.17285871523964],[21.22431705938533,49.17285874787015],[21.2243236572843,49.17285920064826],[21.22433015757587,49.17286006933618],[21.224336499419856,49.17286134580331],[21.224342623459133,49.17286301810237],[21.224348472375112,49.17286507058143],[21.224353991424223,49.172867484030036],[21.22435912895029,49.172870235859186],[21.224363836868044,49.17287330031298],[21.22436807111314,49.17287664870926],[21.224371792054598,49.17288024970838],[21.224374964865742,49.17288406960637],[21.224377559850158,49.17288807265042],[21.224379552719647,49.172892221373594],[21.224380924821585,49.17289647694555],[21.22438166331342,49.17290079953555],[21.22438176128302,49.172905148685935],[21.22438121781324,49.17290948369025],[21.2243800379906,49.172913763974485],[21.22437823285764,49.17291794947673],[21.22437581930957,49.17292200102224],[21.2243728199362,49.172925880690045],[21.224369262810416,49.17292955216788],[21.22436518122553,49.172932981092],[21.22426110399735,49.17301219557004],[21.22425652333847,49.17301535786592],[21.22425149692783,49.17301821429156],[21.224246072062016,49.173020737969004],[21.224173975782584,49.17305094149067],[21.224168096927894,49.17305314422137],[21.224161915398838,49.17305495606228],[21.224155491468792,49.173056359346866],[21.22414888777467,49.173057340392305],[21.224037073162997,49.173070183643404],[21.224032791756517,49.173070584627204],[21.223898484125648,49.17308034103486],[21.22389692466277,49.1730805024017],[21.223895394550564,49.17308075739616],[21.223737004130918,49.173112323920876],[21.223735518502693,49.17311266980757],[21.223734087782088,49.17311310394522],[21.223544887589398,49.17317761793823],[21.223543390221863,49.173178193671426],[21.223541989667535,49.173178866037944],[21.223414570173567,49.17324681561151],[21.223413752967314,49.173247265438796],[21.223176975638975,49.17338177136603],[21.223174293885105,49.17338347090046],[21.222990448734876,49.17351339722135],[21.222988660573005,49.1735146142444],[21.222835322797405,49.17361512473243],[21.222829652390313,49.17361845030599],[21.22282345500608,49.173621343565166],[21.22281680693022,49.17362376889586],[21.222751789209195,49.17364447974002],[21.222681247136066,49.17366695174413],[21.222679981418068,49.17366739900406],[21.22267877746262,49.17366791438005],[21.222489484419743,49.17375660121184],[21.222488275871328,49.17375722304485],[21.222487157320987,49.173757913484835],[21.222367667236135,49.173838609000754],[21.22236594304458,49.17383973283293],[21.222242002938387,49.17391770201818],[21.222076557602605,49.17402177983821],[21.222072179802304,49.174024308295515],[21.222067490040004,49.17402658361984],[21.222061301112973,49.174029327080184],[21.221904437210746,49.17409884214265],[21.22189937197069,49.1741008828768],[21.22189405616825,49.17410262828748],[21.221888529759934,49.17410406525525],[21.221882834285257,49.17410518297901],[21.221790071944458,49.17412054883494],[21.221699062084422,49.17413562227703],[21.22169727241241,49.17413595278768],[21.221487572177754,49.17417873621265],[21.22148193310902,49.17417971630198],[21.221476187388387,49.174180378588375],[21.221470376601847,49.174180718278336],[21.221326771686797,49.17418508784453],[21.221272227297806,49.174186747090666],[21.221266710206745,49.17418676924367],[21.221000918624803,49.174180821539274],[21.220936359980087,49.17417937670194],[21.220932344746895,49.174179441301995],[21.22061827801129,49.17419661059416],[21.220615841770496,49.1741967151796],[21.220413307109528,49.17420303794639],[21.220227087957852,49.174208850712034],[21.220224979296503,49.174208895228524],[21.21999408890125,49.17421143910033],[21.21999031941233,49.17421161731344],[21.21991150816223,49.174218223948856],[21.219910259415983,49.17421835956852],[21.219909029373515,49.17421855533003],[21.219576579121668,49.1742800831008],[21.219574897291647,49.174280379295986],[21.219201820594307,49.17434276397082],[21.21919959364914,49.17434318945457],[21.218866558923327,49.174414919062556],[21.21886174640976,49.174415829341484],[21.218846088140307,49.17441838890397],[21.218644948265986,49.174451265703794],[21.218642290090152,49.174451663559296],[21.218416193672063,49.17448241646886],[21.218408752433632,49.17448315210176],[21.218276319696628,49.17449140428432],[21.218272815340047,49.17449156339145],[21.21810821634247,49.174496263159334],[21.218104570159188,49.17449630363113],[21.217934717906378,49.17449522717469],[21.21792950033233,49.17449506365868],[21.217468103455786,49.174469025241734],[21.217463093144616,49.17446862019745],[21.21745814185985,49.17446797458138],[21.21740775081444,49.17446012948725],[21.217402651955172,49.17445919801318],[21.217397677866433,49.174458011463074],[21.217329153833628,49.174439672350545],[21.217326836034903,49.17443911499836],[21.21724509865732,49.17442162232329],[21.217239298680557,49.17442018782229],[21.217160760823532,49.17439805554812],[21.217152892200026,49.17439543268752],[21.217018457627237,49.174343224547265],[21.21687760674568,49.17428852359553],[21.216876035302615,49.17428789447014],[21.216731730438575,49.17422836363628],[21.216729749260114,49.17422760577735],[21.21662600106566,49.17419091285834],[21.216624454939303,49.174190430117456],[21.216622792935393,49.174190159498785],[21.216523106612897,49.174177374846785],[21.216516174596578,49.174176237074775],[21.216462253136324,49.17416540066098],[21.216457142774892,49.174164227042645],[21.21645218958268,49.174162792714505],[21.21635710522753,49.17413226237486],[21.216355580441206,49.17413183222077],[21.216353926396735,49.174131923888176],[21.216255949770517,49.174140543914966],[21.215416686882396,49.17421437896572],[21.215317418479536,49.17422311150973],[21.215317418129978,49.17422311154639],[21.215031874326108,49.17424823107771],[21.214850038003732,49.1742642276849],[21.214597855459,49.17428640991155],[21.214591046006085,49.1742867836465],[21.214584213629703,49.174286711186824],[21.2145774261753,49.17428619325207],[21.21457075104224,49.17428523498541],[21.214564254514517,49.174283845902295],[21.214558001102564,49.174282039796424],[21.214552052902672,49.17427983460234],[21.214546468980352,49.174277252217585],[21.214541304783815,49.17427431828522],[21.214536611593367,49.17427106193918],[21.214532436012234,49.1742675155149],[21.214528819503723,49.17426371422823],[21.21452579797957,49.17425969582602],[21.214523401443287,49.174255500210776],[21.21452165369225,49.174251169044915],[21.21445874968006,49.17405652482619],[21.214458416505312,49.17405542660996],[21.214380758801585,49.17378167495062],[21.214379776008453,49.17377664885799],[21.214379662069863,49.17377158217885],[21.214398036030463,49.17348243668362],[21.21441126127474,49.1732743516061],[21.21441173814467,49.17327061135225],[21.214412689165865,49.17326691021046],[21.214414107710386,49.17326327397465],[21.214459194315708,49.17316498879189],[21.214462290748198,49.173159543025626],[21.21459952729216,49.172958872890575],[21.214600083421445,49.17295795244519]],[[21.217556624713726,49.16966872786493],[21.21755599132807,49.16966777057987],[21.21746435507985,49.169545331805466],[21.217461646132637,49.16954120210872],[21.217459579683716,49.16953691566918],[21.217458176393112,49.169532515342354],[21.217457450290695,49.16952804512249],[21.2174574086358,49.16952354970249],[21.217458051844687,49.16951907402732],[21.217459373486445,49.16951466284443],[21.21746136034721,49.16951036025653],[21.21746399256233,49.169506209280456],[21.21746724381497,49.16950225141745],[21.217471081599232,49.169498526237874],[21.217475467545157,49.16949507098575],[21.21748035780231,49.169491920206326],[21.217485703478243,49.16948910540097],[21.217491451127312,49.169486654711754],[21.21749754328498,49.16948459264047],[21.217598500597806,49.169454511594324],[21.217604841995723,49.16945286638549],[21.217611401272407,49.169451642372614],[21.217618113540038,49.16945085166447],[21.217646937289164,49.1694484190416],[21.217702732000884,49.16944354299654],[21.21770949438399,49.16944317413141],[21.217716279255427,49.16944324536298],[21.21772302016301,49.16944375599365],[21.217729651085108,49.16944470102225],[21.2177361070773,49.16944607119295],[21.217742324908468,49.1694478530861],[21.217748243680035,49.16945002924951],[21.21775380542248,49.16945257836939],[21.217758955663026,49.16945547547931],[21.217851372701972,49.16951290490402],[21.21785268126077,49.169513638610866],[21.217854395364828,49.16951374481629],[21.2178884145652,49.16951470705036],[21.21789071680389,49.16951472141579],[21.218061930568506,49.169512017607744],[21.218069089415312,49.16951214986419],[21.21807618817406,49.16951277102184],[21.2180831494012,49.1695138743041],[21.21808989715356,49.16951544767485],[21.21809635781685,49.169517473969464],[21.21810246090874,49.169519931082135],[21.21828582155251,49.16960269713313],[21.218291170011888,49.16960537414527],[21.21829609256452,49.16960838200315],[21.21830054180685,49.16961169174152],[21.218304474893273,49.1696152714881],[21.21830785394861,49.16961908677046],[21.218332055503524,49.16964978940858],[21.21833484617616,49.169653800495844],[21.218337024297004,49.1696579715189],[21.218338568921464,49.1696622623699],[21.218339465196518,49.169666631788694],[21.218339704503553,49.16967103775965],[21.218339284541283,49.169675437915735],[21.21833820934779,49.169679789945576],[21.218336489261816,49.169684052000825],[21.21833414082331,49.169688183098174],[21.218331186614325,49.16969214351357],[21.218327655041985,49.169695895164274],[21.21832358006525,49.16969940197492],[21.218319000868423,49.169702630224585],[21.21831396148431,49.169705548870766],[21.21830851037088,49.16970812984827],[21.218302699945237,49.16971034833867],[21.218296586079607,49.169712183009324],[21.218290227564072,49.16971361621827],[21.218283685541266,49.16971463418393],[21.218277022918386,49.169715227117734],[21.21827030376238,49.16971538931809],[21.21826359268373,49.16971511922522],[21.21825695421532,49.16971441943645],[21.21825045219177,49.16971329668075],[21.218244149135675,49.1697117617544],[21.21819388115937,49.16969764504037],[21.218192145081417,49.169697229271215],[21.21819029733763,49.169697200937534],[21.218044690663735,49.1697001696878],[21.2180048018611,49.16970098248861],[21.217990237116382,49.169701278958115],[21.217901801577984,49.16970308218326],[21.217900196432282,49.16970316689399],[21.21790017435834,49.16970422269943],[21.217914987779597,49.16997758112408],[21.217915032283408,49.16997817838821],[21.217944643910883,49.170290333849906],[21.217944696889138,49.170290963579745],[21.217949967268144,49.170362764097995],[21.2179499846699,49.1703668351614],[21.217949440375154,49.17037089056712],[21.217936114973934,49.17043616364229],[21.21793488916185,49.1704405218747],[21.2179330149236,49.17044477980304],[21.217930510469664,49.17044889605597],[21.2179274001339,49.17045283063883],[21.217923714137104,49.170456545322004],[21.2179194882934,49.17046000401262],[21.217914763662254,49.17046317310487],[21.21790958614949,49.17046602180703],[21.21790400606134,49.170468522440174],[21.217898077615576,49.17047065070738],[21.217891858414756,49.17047238592983],[21.21788540888651,49.17047371124744],[21.217878791696435,49.17047461378315],[21.217872071139187,49.170475084767574],[21.217865312513755,49.170475119624506],[21.217858581489065,49.170474718015264],[21.2178519434658,49.170473883842],[21.217845462941064,49.17047262520978],[21.2178392028816,49.1704709543479],[21.217833224112052,49.170468887490934],[21.217827584723942,49.170466444721086],[21.217822339511237,49.17046364977312],[21.21781753943793,49.17046052980353],[21.217813231142905,49.17045711512689],[21.217809456486734,49.170453438921264],[21.217806252144992,49.17044953690569],[21.21775479157881,49.170378716661745],[21.21775122266626,49.17037273991951],[21.217750174705973,49.1703705322514],[21.217748305204232,49.17036564320548],[21.21774417643065,49.17035153464362],[21.2177437605111,49.17035042510556],[21.2177427025065,49.170349517257044],[21.21767738104708,49.170299069955945],[21.21767320867075,49.17029550006444],[21.21766960113636,49.17029167469484],[21.21766659454609,49.1702876321294],[21.217664218988155,49.170283412824084],[21.217662498235725,49.170279059003384],[21.217553247022302,49.169931967346585],[21.217552144032894,49.16992716593514],[21.217551837147155,49.16992231453078],[21.217556679300284,49.16966977074527],[21.217556624713726,49.16966872786493]],[[21.213207754365484,49.16412126388149],[21.213206245986438,49.16412174916694],[21.213202135579376,49.164123245508],[21.21319603902192,49.16412521236408],[21.213189675533158,49.16412677383831],[21.213183107610554,49.16412791459515],[21.213176399759373,49.164128623430805],[21.213169617859187,49.16412889338366],[21.213162828516815,49.164128721802506],[21.21315609841217,49.16412811037238],[21.21314949364337,49.164127065098334],[21.213143079077586,49.16412559624631],[21.2131369177139,49.1641237182422],[21.21313107006466,49.16412144953048],[21.213125593561085,49.16411881239272],[21.213120541989273,49.164115832728875],[21.213115964961933,49.16411253980306],[21.21311190743109,49.16410896595587],[21.213108409246686,49.164105146286985],[21.213105504765128,49.16410111831037],[21.213103222511894,49.16409692158572],[21.213101584901402,49.16409259733011],[21.213100608016866,49.16408818801314],[21.213100301452307,49.16408373693971],[21.21310066821841,49.16407928782492],[21.213101704712884,49.16407488436454],[21.213103400755912,49.164070569805986],[21.2131057396901,49.16406638652355],[21.213108698544076,49.164062375602214],[21.213314258585804,49.16381570822074],[21.213314931078553,49.16381480728593],[21.21331521336932,49.163813821434594],[21.213332455756248,49.1637339787289],[21.21333369194409,49.163729734928154],[21.213335543586815,49.163725588536565],[21.213337993584737,49.16372157784505],[21.21334101931255,49.16371773989144],[21.213344592828214,49.16371411011841],[21.213348681131002,49.163710722046076],[21.213353246466298,49.163707606962554],[21.213358246674172,49.163704793634835],[21.213363635578833,49.1637023080434],[21.213369363414945,49.163700173142054],[21.213375377287257,49.16369840864614],[21.213381621659057,49.16369703085036],[21.21338803886504,49.163696052478365],[21.213856958973718,49.16363997926627],[21.213858589450066,49.16363972947473],[21.213858871868425,49.16363964542397],[21.213860511567425,49.16363915743168],[21.21386672949894,49.163637541844814],[21.213873157890394,49.16363633126175],[21.213879735563992,49.16363553720341],[21.213886399921243,49.16363516722673],[21.2138930875387,49.163635224852605],[21.213899734771598,49.163635709532656],[21.213906278359453,49.16363661665429],[21.213912656028157,49.16363793758463],[21.213918807082653,49.16363965975258],[21.21392467298445,49.163641766768606],[21.213930197908823,49.16364423858064],[21.213935329276023,49.16364705166488],[21.213940018251705,49.163650179249736],[21.213944220211644,49.16365359157056],[21.213947895166456,49.16365725615283],[21.213951008142107,49.16366113812141],[21.21395352951283,49.16366520053235],[21.213955435283022,49.16366940472431],[21.21395670731566,49.16367371068675],[21.21395733350484,49.1636780774405],[21.21395730789106,49.16368246342793],[21.21395663071791,49.16368682690834],[21.213955308429767,49.16369112635512],[21.213953353610485,49.163695320851154],[21.21395078486361,49.163699370478135],[21.21394762663536,49.163703236696286],[21.213943908981992,49.16370688271142],[21.213939667283746,49.16371027382501],[21.21384813472411,49.16377657278803],[21.21384712707288,49.16377737454645],[21.213846362679273,49.16377828459932],[21.21372088953116,49.163945616849304],[21.213720176221322,49.16394671201546],[21.2137198327277,49.163947881400816],[21.213681058304548,49.16413238324499],[21.213673629987362,49.16416773043323],[21.213673482990362,49.16416882323356],[21.213673499637668,49.164169920223024],[21.213684202803567,49.16428891020087],[21.213684270869386,49.16429328980826],[21.21368368878618,49.164297652977474],[21.21368246207775,49.16430195830195],[21.21368060238543,49.164306164924064],[21.2136781273576,49.16431023292285],[21.213675060482206,49.164314123692925],[21.21367143086384,49.16431780031065],[21.213667272947596,49.16432122788484],[21.213662626192136,49.16432437388772],[21.213657534695283,49.16432720846362],[21.21365204677546,49.16432970471228],[21.21364621451318,49.16433183894421],[21.213640093256846,49.164333590905386],[21.213633741097407,49.16433494396975],[21.213627218317118,49.16433588529652],[21.213620586817463,49.1643364059526],[21.213613909531656,49.16433650099683],[21.21360724982747,49.16433616952731],[21.213600670905777,49.16433541468966],[21.21359423520085,49.16433424364731],[21.213588003787812,49.16433266751357],[21.213582035803004,49.16433070124594],[21.213576387882846,49.16432836350444],[21.21357111362627,49.16432567647431],[21.21320908314334,49.16412193814753],[21.213207754365484,49.16412126388149]]],[[[21.23274665972423,49.152987278896866],[21.232746740951935,49.15298726558687],[21.232746740951935,49.15298726558687],[21.23274665972423,49.152987278896866]]],[[[21.196744065993958,49.179575490736454],[21.19674619211827,49.179576577631174],[21.196749601336546,49.17957843980448],[21.198455516156102,49.18057323798477],[21.198711922499335,49.18072275252412],[21.198713148321403,49.18072339871687],[21.198713551114103,49.18072240191763],[21.19873513853863,49.1806557530443],[21.198735409706057,49.18065464279864],[21.198735163590964,49.18065353004765],[21.198707705823573,49.18056213020889],[21.198706714299906,49.18055765022064],[21.198706415017348,49.180553127577],[21.198706811009902,49.18054860812918],[21.198707898262725,49.180544137695996],[21.198709665752947,49.18053976159928],[21.198712095561312,49.18053552420443],[21.19871516305397,49.180531468470754],[21.19871883713213,49.18052763551576],[21.198811777258104,49.18044071968926],[21.198922094118306,49.18033632653436],[21.198925983430733,49.180332990373884],[21.19893033054063,49.18032990662666],[21.198935097531212,49.18032710218997],[21.199004203150636,49.18029011647989],[21.19900968163269,49.18028747009105],[21.199015533210698,49.180285192663455],[21.199021700270364,49.18028330662035],[21.19902812209124,49.18028183053174],[21.1990347354445,49.18028077893104],[21.199041475215534,49.18028016217224],[21.199048275045048,49.180279986327854],[21.1990550679824,49.180280253129276],[21.199061787144824,49.18028095994959],[21.199068366375947,49.18028209982951],[21.1990747408971,49.18028366154583],[21.199080847945186,49.18028562972206],[21.1990866273906,49.180287984979586],[21.199092022329275,49.180290704128794],[21.199096979642924,49.180293760397014],[21.199384037494166,49.18048921414053],[21.199388362076213,49.180492456066574],[21.199532155704738,49.18061128646491],[21.1995362430443,49.18061504555479],[21.199539720845383,49.1806190595896],[21.19954255244266,49.180623286250906],[21.199544707983502,49.18062768097856],[21.19958186040224,49.180719332173034],[21.199583271966254,49.18072366395736],[21.199584026454858,49.18072806577631],[21.199584116544255,49.180732494902756],[21.199583541359846,49.18073690834478],[21.19958230648456,49.18074126326242],[21.199580423904788,49.180745517383954],[21.199577911893936,49.180749629415935],[21.19957479483517,49.180753559444206],[21.199571102984635,49.18075726932123],[21.199566872177872,49.18076072303643],[21.199562143481884,49.18076388706553],[21.199556962796592,49.18076673069641],[21.199551380409222,49.180769226326774],[21.19954545050626,49.180771349732304],[21.199389444609167,49.18082083555488],[21.1993883055939,49.18082123224743],[21.199387215382103,49.18082168404341],[21.199335506548604,49.18084494537498],[21.199330047924825,49.18084716196457],[21.19932429700382,49.180849034175715],[21.199318304196115,49.1808505455972],[21.199312122032524,49.18085168298057],[21.19930580470373,49.18085243635579],[21.199299407585197,49.180852799119094],[21.199292986751832,49.180852768090624],[21.199273061469093,49.180852059413375],[21.199266207674256,49.18085158833655],[21.199259460595734,49.18085066873216],[21.199252888358064,49.180849309885275],[21.199246557320446,49.18084752551615],[21.19924053140665,49.18084533364128],[21.19923487145967,49.18084275639183],[21.199229634627308,49.18083981979003],[21.199224873785198,49.180836553486365],[21.19922063700296,49.180832990460345],[21.19921696705879,49.18082916668755],[21.19921390100753,49.180825120776056],[21.199211469806617,49.18082089357698],[21.1991602871895,49.18071625094169],[21.1991597277431,49.18071527682116],[21.199158494492025,49.18071593240992],[21.199028031020642,49.18079264782846],[21.199022256451872,49.18079569095591],[21.199016014821893,49.180798307960856],[21.199009378976303,49.18080046830035],[21.19900242636156,49.180802146761216],[21.198905758693215,49.18082166675456],[21.198904299914254,49.18082201395931],[21.19890547092272,49.18082268162567],[21.199130036593203,49.18093844808146],[21.19921733075743,49.180983450017344],[21.19922022640976,49.18098478991965],[21.199262531096213,49.18100228972342],[21.19926388419015,49.181002794290116],[21.199265395201827,49.18100303967589],[21.199970134434192,49.18109530088715],[21.199972374061925,49.18109561968006],[21.200424519414444,49.18116518350744],[21.200425805118506,49.181165389915485],[21.200744322924656,49.18121866560028],[21.20074775044945,49.181219301472915],[21.20081517402832,49.181233059214186],[21.20081904907621,49.181233933988516],[21.200820756147902,49.18123435715985],[21.201395058480653,49.1813766648406],[21.201397225228806,49.181377148193015],[21.201746938008675,49.18144671280097],[21.201748578073957,49.1814470101115],[21.201819535062615,49.18145863869087],[21.201821481720767,49.18145891857215],[21.202235490044234,49.181510223184496],[21.20224022389786,49.181510588520936],[21.202506502876865,49.18151889404993],[21.20250948771748,49.18151890185008],[21.202882204972465,49.18150922793759],[21.202883539229113,49.18150915896789],[21.2028848611831,49.18150902185408],[21.20363028098158,49.1814119795615],[21.203632908650953,49.18141167218457],[21.20391239733571,49.18138264489063],[21.203917905174105,49.18138222165699],[21.203923447168123,49.18138209152204],[21.20425629392802,49.18138310262057],[21.204261653382932,49.18138325643573],[21.204266978102922,49.18138368438826],[21.204650305138724,49.1814245235425],[21.204651991010902,49.18142464724187],[21.20465368728473,49.18142466078344],[21.20465866902281,49.181424538370166],[21.204811445134354,49.18142078159061],[21.204814173274034,49.18142064285532],[21.20493976535963,49.18141093710638],[21.204945885796093,49.18141064533777],[21.2049520215162,49.181410713380636],[21.20495812339672,49.18141114069019],[21.20502888774657,49.181418207515485],[21.205216282421926,49.18143691912478],[21.205225164247235,49.18143820597451],[21.205269232828215,49.181446634685166],[21.205275083906134,49.18144794408273],[21.205475339414345,49.18149947543906],[21.205483585232397,49.18150202400384],[21.205668683743774,49.181569432172466],[21.20576535535367,49.18160463659495],[21.205767322210782,49.181605299364506],[21.206471425777412,49.18182403365487],[21.206477670241892,49.18182623961876],[21.206483533728072,49.181828856600916],[21.206488953512235,49.1818318566066],[21.20649387161707,49.181835207543834],[21.206498235431873,49.18183887356649],[21.206501998275325,49.18184281545783],[21.206505119894857,49.18184699105023],[21.20650756689731,49.18185135567584],[21.206526672458523,49.18189177735699],[21.206528315461213,49.18189595186395],[21.206529340975834,49.1819002103398],[21.206529739572517,49.18190451362746],[21.206529507585962,49.18190882215771],[21.206528647149163,49.181913096313224],[21.20652716617376,49.181917296792726],[21.206525078277323,49.181921384972256],[21.20652240265816,49.18192532326059],[21.20651916391873,49.18192907544467],[21.206515391839527,49.18193260702286],[21.20651112110514,49.18193588552176],[21.20650639098537,49.18193888079521],[21.206501244974206,49.18194156530138],[21.206495730389747,49.18194391435579],[21.20648989793925,49.18194590635871],[21.206483801252787,49.181947522993326],[21.20647749639015,49.18194874939458],[21.206471041325315,49.18194957428545],[21.206464495413442,49.181949990081044],[21.206457918845015,49.181949992958025],[21.206353170100282,49.18194674276132],[21.206351171667993,49.18194675752308],[21.206349189560537,49.1819469252813],[21.206266827869296,49.18195713902011],[21.20626529636627,49.18195737933995],[21.206265459478573,49.181958406112855],[21.206284472641237,49.18203990810091],[21.206284821133607,49.18204102094022],[21.20628491339689,49.18204121378469],[21.206286984098618,49.18204484982924],[21.206288685655952,49.18204902291955],[21.2062897684482,49.182053283794076],[21.20629022248007,49.18205759312107],[21.206290043560287,49.18206191112179],[21.20628923334028,49.18206619793716],[21.20628779929893,49.18207041399606],[21.20628575467357,49.182074520380574],[21.20628550926423,49.18207494321527],[21.206285717282388,49.182076020407855],[21.20639402806196,49.18247789661299],[21.206536319826263,49.18298304618268],[21.206536668797813,49.182984017013474],[21.206537719690655,49.18298329563128],[21.206607325495465,49.182930589483455],[21.2066123332137,49.18292717839112],[21.206617860331185,49.18292413138794],[21.206623845566252,49.182921482257505],[21.206630222557905,49.18291926037185],[21.206636920601557,49.18291749036591],[21.20664386543307,49.18291619186462],[21.206717329457703,49.182905160826884],[21.206723883541756,49.182904394001774],[21.206730520165177,49.182904047354896],[21.206737176791947,49.1829041241527],[21.206743790697573,49.18290462367147],[21.206750299560102,49.182905541204406],[21.20675664204739,49.18290686810558],[21.206762758395005,49.18290859187188],[21.206768590969407,49.18291069626046],[21.206774084810963,49.18291316144192],[21.206779188151852,49.182915964187245],[21.20678385290391,49.18291907808641],[21.20678803511167,49.18292247379762],[21.20679169536661,49.18292611932351],[21.206794799178496,49.18292998031273],[21.20679731730034,49.18293402038365],[21.206799226004033,49.182938201467124],[21.206800507303942,49.18294248416532],[21.206801149126356,49.182946828122866],[21.20680114542328,49.18295119240711],[21.206792603091774,49.18306512234971],[21.20679257512784,49.1830655979433],[21.206785526272782,49.18323094641562],[21.206785558837094,49.183231983759256],[21.20678714163249,49.18323198147058],[21.207012465104793,49.18322448334404],[21.20701406466216,49.18322437993655],[21.20701532525275,49.18322372625692],[21.207096742697814,49.18317721390712],[21.207101898411665,49.183174542322135],[21.20710742052826,49.18317220647926],[21.20711325834448,49.18317022782589],[21.207119358258517,49.18316862452962],[21.207125664262037,49.18316741131156],[21.20713211845445,49.183166599311306],[21.207266059780906,49.183154074910526],[21.20726786776009,49.18315384001479],[21.207269626613435,49.18315347880561],[21.20737970330899,49.18312651822337],[21.20738625724109,49.183125154216185],[21.20739298658863,49.18312422726328],[21.207399823708954,49.183123746682284],[21.207406699876124,49.18312371730396],[21.207413545971665,49.18312413942361],[21.2074202931794,49.18312500879809],[21.207426873677154,49.18312631668863],[21.207433221318503,49.18312804994837],[21.207439272297606,49.183130191154824],[21.207444965790668,49.18313271878486],[21.207450244567248,49.18313560743095],[21.207455055565568,49.183138828056705],[21.207459350425896,49.18314234828883],[21.207463085976617,49.18314613274218],[21.207466224668238,49.18315014337598],[21.20746873495078,49.183154339875635],[21.207470591590972,49.18315868005832],[21.207471775925864,49.18316312029695],[21.207476720219756,49.18318934929952],[21.207476984428084,49.18319100101907],[21.207480007952697,49.18321398929903],[21.20748025651685,49.18321839075556],[21.20747984689824,49.18322278703453],[21.207478783027895,49.18322713594386],[21.207477075115865,49.183231395746006],[21.207474739553206,49.18323552555871],[21.2074717987547,49.183239485747215],[21.20746828094377,49.18324323830463],[21.20746421988153,49.18324674721679],[21.207459654542877,49.18324997880778],[21.207454628742376,49.18325290206325],[21.20744919071378,49.18325548892804],[21.20744339264714,49.18325771457538],[21.207437290187872,49.18325955764514],[21.207430941902764,49.1832610004489],[21.20742440871788,49.183262029139804],[21.20741775333381,49.183262633845146],[21.207292434300662,49.1832699417847],[21.207288193897917,49.183270365784765],[21.20716910637592,49.1832873323689],[21.20716758033623,49.18328759968228],[21.207166876592773,49.18328852669347],[21.2070982618952,49.183390709811],[21.20709768848338,49.18339168932571],[21.207098826878745,49.183392426793596],[21.20722595630385,49.18346719264859],[21.20722730896654,49.183467909352196],[21.207229024604796,49.183468096676854],[21.207536780127366,49.18349110837316],[21.20754342701397,49.18349182359844],[21.20754993481925,49.18349296277735],[21.207556240773773,49.18349451492223],[21.20756228405497,49.183496465062255],[21.207568006373837,49.18349879438785],[21.20757335253709,49.183501480432106],[21.20757827097953,49.18350449728732],[21.20760900755109,49.18352529784278],[21.207613360747327,49.18352854221645],[21.207617218743607,49.183532045533184],[21.207620545907712,49.18353577543659],[21.207623311510158,49.183539697477656],[21.20762549000793,49.18354377543277],[21.207627061280483,49.18354797163827],[21.207628010815522,49.18355224733839],[21.207628329843065,49.18355656304306],[21.20762801541642,49.18356087889284],[21.20762707043946,49.183565155026855],[21.207625503639747,49.18356935195104],[21.207623329488005,49.18357343090293],[21.207620568064367,49.18357735420959],[21.207617244873024,49.18358108563569],[21.207599446830034,49.183599030099536],[21.20759537445652,49.18360271373514],[21.207590755056085,49.18360610874309],[21.20758563592422,49.18360918036386],[21.207580069472908,49.18361189714868],[21.20741837297758,49.18368277252553],[21.20741705685963,49.18368341207678],[21.207416494222954,49.18368442069848],[21.207096996893007,49.18435661230608],[21.206985261912905,49.18459168950225],[21.206982979048405,49.18459578236267],[21.206980102415276,49.184599711120356],[21.2069766590397,49.184603438864016],[21.206972681272507,49.184606930571086],[21.206968206485243,49.18461015343651],[21.206963276719016,49.18461307718107],[21.20695793828957,49.18461567433574],[21.206952241352127,49.18461792049995],[21.206946239430124,49.184619794570665],[21.206939988912445,49.18462127894075],[21.206933548523526,49.184622359664296],[21.206926978771726,49.18462302658779],[21.206920341380766,49.18462327344537],[21.206913698709872,49.18462309791784],[21.206907113167862,49.18462250165416],[21.206904588357002,49.18462219066622],[21.206904717527134,49.18462320527339],[21.206944891240575,49.18482203968736],[21.20698647795721,49.18502785829938],[21.206986758134803,49.18502886046219],[21.20698795462123,49.18502821012546],[21.207078375250987,49.18497388806437],[21.207079491783645,49.18497315108792],[21.207079687628912,49.184972120401696],[21.207082075780075,49.184951807801795],[21.207082928773005,49.18494740431345],[21.20708444004258,49.18494307742324],[21.20708659485737,49.18493886930805],[21.20708937221291,49.18493482098699],[21.20709274503649,49.18493097192148],[21.207096680451,49.184927359630656],[21.207101140095457,49.18492401932578],[21.20710608049891,49.184920983566755],[21.20711145350421,49.184918281945016],[21.20711720673738,49.18491594079485],[21.20712328411817,49.184913982936905],[21.20712962640664,49.1849124274555],[21.20713617178076,49.18491128951289],[21.20714285643883,49.18491058020128],[21.207149615221518,49.18491030643475],[21.20715638224695,49.18491047088191],[21.207163091552896,49.18491107193971],[21.207169677739763,49.18491210374929],[21.207173064063948,49.18491275162406],[21.207179349023253,49.18491417414362],[21.20718539432057,49.18491598889298],[21.207191143143234,49.18491817881757],[21.207196541464757,49.184920723336774],[21.207201538552585,49.184923598537615],[21.20720608744487,49.184926777399504],[21.207210145391805,49.18493023004799],[21.207213674257375,49.18493392403568],[21.20721664087776,49.184937824647164],[21.207219017373024,49.18494189522495],[21.207220781409102,49.18494609751456],[21.207250235499156,49.18503242453249],[21.207250644789887,49.1850334086265],[21.207251875172666,49.185034033088186],[21.207619155359705,49.1852032772208],[21.207620492987534,49.18520383395184],[21.20762207073349,49.185203738241334],[21.20799109922644,49.18516982608975],[21.20799784628929,49.185169427495076],[21.208004620428284,49.18516946713763],[21.208011355559194,49.18516994463064],[21.208017985978326,49.185170855315945],[21.20808422511165,49.185182217816916],[21.20809075074856,49.18518356851915],[21.208097038572383,49.18518533874963],[21.208103025990276,49.1851875108864],[21.20810865339984,49.18519006330674],[21.20811386478235,49.18519297060228],[21.208118608260477,49.185196203832035],[21.208122836614642,49.1851997308104],[21.208126507753104,49.18520351642777],[21.208129585130973,49.18520752299974],[21.208132038114,49.18521171064246],[21.208138871078877,49.18522537715341],[21.208140591754262,49.1852294590646],[21.208141718887767,49.18523362899023],[21.2081422424789,49.185237849933216],[21.208142157882012,49.18524208444373],[21.208141465847522,49.185246294951625],[21.20814017251527,49.18525044409975],[21.208138289360043,49.185254495075284],[21.20813583308977,49.185258411936495],[21.20813282549726,49.18526215993139],[21.208129293266918,49.18526570580643],[21.208125267737927,49.18526901810119],[21.20812078462626,49.18527206742775],[21.20796793636745,49.18536667884269],[21.20796680025524,49.18536745541862],[21.207967477632714,49.18536843548048],[21.208105082196113,49.18554384174376],[21.20816764501646,49.1856235910121],[21.208170496068423,49.18562772599882],[21.20817269673047,49.185632028304404],[21.208174224585136,49.185636454102905],[21.20817506406861,49.18564095831048],[21.208175206629207,49.185645495044554],[21.208174650814534,49.18565001809116],[21.208173402286267,49.18565448137569],[21.208171473762494,49.18565883943248],[21.208168884888195,49.18566304786761],[21.207957448846305,49.18596225642598],[21.207956840421616,49.185963237999445],[21.207957143001387,49.185964278769326],[21.20807611282894,49.18628832408559],[21.208076564638308,49.186289334129796],[21.208078142753724,49.18628913956961],[21.20810140333806,49.18628548969481],[21.20819772521741,49.18627037132152],[21.20820374615381,49.18626961102036],[21.20835375135012,49.18625519247909],[21.20836310415638,49.18625471845591],[21.208452135129114,49.18625420889274],[21.208453707124065,49.18625415062262],[21.208453984495748,49.186253134699534],[21.208458973119498,49.18622799204981],[21.208465125719194,49.18619699005982],[21.208466421292044,49.186192366776176],[21.20846844621007,49.186187857429545],[21.208517031726593,49.18609741305026],[21.20864843484605,49.18585279591406],[21.208648875586206,49.185851842068104],[21.208649185363573,49.185850866335585],[21.208655453463855,49.18582552232108],[21.20865662842765,49.185821783982995],[21.20865828289006,49.18581812444203],[21.208660404926864,49.185814570073354],[21.209063825869958,49.18521515028926],[21.209066908484566,49.18521112818607],[21.20907058918545,49.185207328284974],[21.209074831080244,49.18520378867301],[21.209079591651644,49.18520054482829],[21.209084823183602,49.18519762926433],[21.209090473239584,49.1851950712043],[21.20909648518816,49.18519289628808],[21.209102798770633,49.18519112631509],[21.209109350704967,49.18518977902611],[21.209116075320164,49.18518886792515],[21.209122905214365,49.1851884021444],[21.20912977193054,49.185188386352365],[21.20913660664259,49.18518882070742],[21.209143340845184,49.18518970085587],[21.20914990704039,49.18519101797589],[21.209537985680893,49.18528302336098],[21.209545046614913,49.18528499674409],[21.209551726943484,49.18528747493868],[21.20955794299852,49.18529042690664],[21.20979190509746,49.185415194588565],[21.20996846466383,49.18550935072226],[21.20997187259334,49.18551095135452],[21.210422649268263,49.18569641225007],[21.21042375574207,49.1856968305935],[21.210424906727102,49.185697193687155],[21.210771355523082,49.18579622627027],[21.2107751811815,49.185797146534775],[21.210939175421032,49.18582948457389],[21.210940712572377,49.1858297373097],[21.210942294495776,49.18582979954713],[21.21159105840527,49.185835537073324],[21.211592653944518,49.185835500197996],[21.211592771400518,49.185834456524745],[21.21159813345026,49.18569336113685],[21.211598133450273,49.185693361124315],[21.211604624693464,49.18552254955208],[21.211604624693543,49.18552254929331],[21.211615586624823,49.18523402590903],[21.211616102588692,49.18522952912416],[21.211617303168836,49.185225088839346],[21.211619176286835,49.18522074972539],[21.211621703098306,49.185216555435325],[21.21222159379723,49.184350623664365],[21.212222289734708,49.18434954530973],[21.212659582912483,49.18361951586999],[21.21265973397984,49.18361926362975],[21.2126606456769,49.183617815995255],[21.212665130512143,49.18361103222643],[21.21273089991742,49.183511550423496],[21.212732241611903,49.183509644247465],[21.212819799572976,49.18339251688311],[21.212824860460135,49.18338683960086],[21.212967404367745,49.183250849211085],[21.2129682577119,49.18324994621665],[21.212968976821642,49.18324899432303],[21.21303404121159,49.18315150547587],[21.213034913339737,49.183150065480135],[21.213103669458913,49.1830240364331],[21.21310657760258,49.183019504231844],[21.213110223328083,49.18301520730328],[21.21311456303294,49.183011197037914],[21.213119544814813,49.18300752139799],[21.213135417699643,49.182997026785294],[21.213182525925106,49.182965878568396],[21.213183550654865,49.18296513044584],[21.213182029294785,49.1829650026745],[21.21317587036764,49.18296468715569],[21.213169060235014,49.18296411227605],[21.213162371918923,49.1829630939029],[21.213155872455992,49.1829616422433],[21.213149626989974,49.18295977184713],[21.213140436981234,49.18295664610581],[21.213094109719126,49.18294088891827],[21.21308789198551,49.18293849409202],[21.21308209222681,49.18293568452538],[21.21307677456546,49.18293249128101],[21.21307199779376,49.182928949663676],[21.21306781472387,49.18292509882974],[21.212894822780125,49.18274668497577],[21.212891392395946,49.18274271556398],[21.21288859332119,49.1827385386993],[21.212886454376594,49.18273419738915],[21.21288499758576,49.18272973633414],[21.212884237948483,49.182725201467846],[21.212884183286217,49.18272063948384],[21.21288483416159,49.182716097354884],[21.21291657044174,49.18257304580169],[21.212916779184063,49.182572166134385],[21.212939137558852,49.18248371954346],[21.212940608996497,49.182479294219696],[21.212942752172687,49.18247498839973],[21.212945545337018,49.182470845781644],[21.21294896014267,49.18246690840722],[21.212952961934032,49.18246321623513],[21.21295751009847,49.1824598067358],[21.21296255847844,49.182456714510664],[21.21296805583997,49.182453970941644],[21.212973946392584,49.18245160387191],[21.212980170355493,49.18244963732392],[21.212986664564287,49.182448091255296],[21.212993363111988,49.18244698135647],[21.212997015936647,49.18244662731084],[21.212998589642435,49.18244642225949],[21.2129999906897,49.18244580004265],[21.21308751937607,49.18240260015399],[21.213093148920386,49.182400098392606],[21.21309912877073,49.182397974438935],[21.21310540012243,49.182396249179526],[21.21311190130436,49.182394939580156],[21.21311856838522,49.18239405851914],[21.213125335802378,49.1823936146607],[21.21313213700648,49.182393612369644],[21.213138905115944,49.182394051668425],[21.21316094886908,49.182396210451024],[21.21316753285949,49.18239707306432],[21.213173956632893,49.18239835356446],[21.213180158625104,49.18240003967941],[21.21318607939744,49.18240211524975],[21.21319166220636,49.182404560383716],[21.213196853547256,49.18240735164752],[21.213201603667265,49.18241046229031],[21.21320586704206,49.182413862500226],[21.213209602812178,49.18241751969034],[21.213212775174586,49.18242139881079],[21.21321535372582,49.18242546268485],[21.21335036695319,49.18267158232003],[21.213350968012925,49.18267252708584],[21.21335191330802,49.18267171232374],[21.21336530314108,49.18265889089904],[21.213369117288746,49.18265557782829],[21.213373381271214,49.18265250945693],[21.213401705911007,49.182633927547606],[21.21340658451898,49.182631020866374],[21.21341186631242,49.18262843466751],[21.21341750248956,49.182626192846335],[21.213423440974296,49.18262431611647],[21.21342962689735,49.182622821818136],[21.21343600310323,49.18262172375802],[21.213442510678288,49.18262103208186],[21.21344908949514,49.182620753180345],[21.213455678768117,49.18262088963052],[21.213462217614957,49.18262144017159],[21.21346864561932,49.182622399716784],[21.213474903388978,49.18262375940027],[21.213480933104606,49.18262550665914],[21.213486679054,49.182627625349355],[21.21349208814681,49.182630095895114],[21.21349711040508,49.182632895469524],[21.21350169942505,49.18263599820559],[21.213505812805888,49.18263937543527],[21.213509412541452,49.18264299595428],[21.21351246537145,49.18264682631041],[21.213619239146045,49.182798092821066],[21.21362031879437,49.182799492082246],[21.213705447368714,49.182900875948064],[21.213706390250863,49.18290187141707],[21.213707628850607,49.18290271625218],[21.213782199955403,49.18294851011353],[21.21379530212531,49.18295655647807],[21.213796372096137,49.182957161183886],[21.21379751452204,49.18295770596448],[21.21386614163679,49.18298767209419],[21.2138716522853,49.182990348405276],[21.213876727641498,49.182993372107916],[21.21388131695579,49.1829967129675],[21.213885374338588,49.18300033757803],[21.21388885921919,49.1830042096964],[21.213929749901187,49.183055323055214],[21.21393286188211,49.183059790609974],[21.21393521192804,49.183064454020155],[21.21393677199594,49.18306925763788],[21.213977511490036,49.183240039467506],[21.213977901115232,49.183241237665],[21.213978679559396,49.183242351449614],[21.214041065593253,49.183320045495705],[21.214042289605555,49.18332164641283],[21.214120067073868,49.18342864117902],[21.214120984418404,49.18342974018875],[21.214122083325485,49.18343076513582],[21.214276799603656,49.18355914885689],[21.214281456538288,49.18356352373727],[21.214285290192926,49.18356822940225],[21.214324843353985,49.183624592789805],[21.21432707522897,49.18362817086564],[21.214399404238126,49.18376004430325],[21.214399997622774,49.18376098808194],[21.214401065528563,49.183761728110326],[21.214535501631172,49.183846798515454],[21.214536493317485,49.18384737899594],[21.214537550751828,49.183847907262624],[21.21467349559873,49.18391050321424],[21.21467582029536,49.18391148430175],[21.214865987294893,49.18398480342576],[21.214869563310465,49.18398600307451],[21.21513233656059,49.18406176382368],[21.21513379531541,49.18406213319753],[21.21513532592556,49.184062321265095],[21.215280768273733,49.18407575083716],[21.215282497710298,49.18407585198658],[21.215284222584383,49.184075721589984],[21.215410590245895,49.18406186263625],[21.215412309881042,49.18406161321441],[21.215413729204958,49.18406092964154],[21.215479425257342,49.18402570159348],[21.215484973042503,49.18402302005064],[21.215490903408973,49.18402071706877],[21.21551989206604,49.18401071392154],[21.21552609466411,49.184008826137614],[21.21553255321454,49.18400735263013],[21.21553920351002,49.18400630804793],[21.21554597943701,49.18400570277555],[21.215552813633032,49.18400554283033],[21.215559638156336,49.18400582980237],[21.215566385161324,49.18400656083875],[21.21557298757307,49.184007728671936],[21.215694338224655,49.18403351096012],[21.215698462228442,49.18403420484162],[21.215961071282898,49.1840671459021],[21.215963058128743,49.1840673557065],[21.21598202805359,49.18406898605231],[21.2161760157498,49.184085650722295],[21.21618166509441,49.18408629449472],[21.21618721266188,49.184087245347925],[21.216439726144518,49.18413800645468],[21.21644123344338,49.18413826089274],[21.216442779721387,49.184138331529354],[21.21663149023409,49.18414135464135],[21.216634189593854,49.18414143278106],[21.216892631050158,49.18415226079426],[21.21689468940364,49.184152306400314],[21.217413343565745,49.18415357956147],[21.217421700582808,49.184153935209686],[21.217499670427767,49.184160405192536],[21.21750123986375,49.1841604875356],[21.217502799057144,49.1841603801082],[21.21791247186659,49.184119688353725],[21.217917945684043,49.18411929123466],[21.217960068283674,49.18411735335582],[21.217961392852494,49.184117258331355],[21.21796270212872,49.18411709604407],[21.21825574392912,49.18407296377566],[21.218261983486236,49.18407222126938],[21.218303598261997,49.18406856231285],[21.21840146878259,49.184059955194805],[21.21861831437696,49.18404088579931],[21.218663712382106,49.18403689295091],[21.21867036018765,49.18403652287835],[21.21867703139299,49.18403657795089],[21.21868366287296,49.1840370576475],[21.21869019187829,49.18403795742908],[21.218696556629347,49.18403926878161],[21.218702696900714,49.18404097929662],[21.218760046650704,49.184059162268824],[21.218761653067883,49.18405960665287],[21.21876336374011,49.18405982773589],[21.21880441266085,49.18406371548433],[21.218806039916775,49.184063817721686],[21.218807667073335,49.184063714808],[21.218943967214862,49.184050747905324],[21.218950802876236,49.18405032523005],[21.21895766875422,49.18405035267677],[21.218982509019966,49.184051268304735],[21.218988474108027,49.18405166019824],[21.218994364203578,49.184052392047576],[21.21900013430615,49.18405345826147],[21.219005740331987,49.18405485069401],[21.219087342766745,49.18407784025703],[21.219094205482236,49.184080079315805],[21.219100644161145,49.18408280640179],[21.21910657837133,49.18408598744813],[21.219132730605793,49.18410168439271],[21.219136732816267,49.184104292965905],[21.219140394291454,49.18410710840843],[21.219143690237935,49.184110111655855],[21.219164199772127,49.18413052173231],[21.21916537503387,49.18413155619792],[21.219166724040612,49.184132495167155],[21.219204768869282,49.1841560908054],[21.219205885088833,49.184156725500436],[21.219207146696974,49.1841572227941],[21.219354161333833,49.184209683866676],[21.219359954617484,49.184212001788964],[21.219365370045647,49.18421468369883],[21.21937035458731,49.18421770333343],[21.21939233716481,49.184232407413205],[21.219396197703208,49.18423521688322],[21.219399684454523,49.18423822905881],[21.219546761740773,49.184377044952],[21.219548660393535,49.18437867310569],[21.219604486967423,49.1844222715216],[21.21960548362996,49.18442298474565],[21.219606726376313,49.184423506179556],[21.219726099832794,49.1844689420249],[21.219727433705902,49.18446939950767],[21.219728863801386,49.18446969528439],[21.219881987421026,49.184496606884345],[21.21988354878872,49.18449683049568],[21.219885146374008,49.18449685950053],[21.219923331739714,49.18449637977375],[21.220167878465666,49.184493313537196],[21.220174508925375,49.18449344069616],[21.220181089637244,49.18449398711506],[21.22018755904892,49.184494947683014],[21.2201938566491,49.184496313415416],[21.2202244220054,49.18450403566802],[21.22022989737558,49.18450560177107],[21.22023514408081,49.18450747424998],[21.22024012231784,49.18450963889944],[21.22024479432013,49.18451207929772],[21.22037454543875,49.18458613390163],[21.220445574123893,49.18462667268981],[21.220451247715697,49.18463030984993],[21.220456242409863,49.18463435225306],[21.2204902741168,49.184665410300916],[21.22049409948688,49.18466931139388],[21.220497291459342,49.18467345003929],[21.220499816072767,49.18467778220367],[21.220517679522178,49.184713926400214],[21.220518277894314,49.18471496013583],[21.22051902876647,49.184715950184966],[21.220561554366384,49.184765701465565],[21.220562249983516,49.18476644580185],[21.220563031781055,49.18476715243273],[21.22061302180745,49.184808823191055],[21.22061472143555,49.18481013348798],[21.220842088045256,49.184972400391295],[21.220844084995445,49.184973712564116],[21.220932836861945,49.185027407122966],[21.22093539955771,49.18502881228024],[21.22097840142262,49.1850501444155],[21.220979980402227,49.18505084056837],[21.22098166771766,49.18505141726897],[21.221104056434406,49.185087716065844],[21.221105405807762,49.18508807179138],[21.221106822521342,49.185088271661265],[21.221268522094153,49.185106442288465],[21.221271204813064,49.18510667273958],[21.221540993592743,49.185122780080505],[21.221548229954905,49.18512346866579],[21.22155531336127,49.185124658318124],[21.221701476359836,49.185154731917265],[21.221706272083285,49.18515584836887],[21.22171092831535,49.185157194838716],[21.221926450028317,49.18522588811194],[21.221927905819474,49.185226298592404],[21.221929445599663,49.1852265247389],[21.22201658943751,49.18523659303237],[21.222018275401037,49.185236731179174],[21.22201990995053,49.18523642714068],[21.22219150562477,49.18519832593325],[21.222197172805647,49.18519724338105],[21.22241166546986,49.18516275914918],[21.222418117068013,49.185161934490466],[21.222424659466938,49.18516151843868],[21.22243123257962,49.18516151481503],[21.222525680626088,49.1851644325875],[21.22253218235748,49.18516483749126],[21.222538595862016,49.185165645917586],[21.2225448629887,49.185166850536596],[21.222550926913726,49.185168440426025],[21.222618901345808,49.18518877393534],[21.222625080374744,49.18519087690133],[21.222630902332234,49.18519337964522],[21.222669194049974,49.18521172755274],[21.222675171847744,49.18521494609339],[21.22268055871693,49.185218585405536],[21.222729419335298,49.18525555637069],[21.22273052063664,49.18525631482449],[21.222731818141533,49.18525692558054],[21.222828736271033,49.18529818093498],[21.22283032281039,49.18529877941343],[21.222832067617414,49.18529914222514],[21.222897333352496,49.185310222475074],[21.222898726170467,49.18531041877397],[21.22290014444804,49.18531046055869],[21.22302644582092,49.18531075532886],[21.223028298592837,49.185310693423304],[21.223030087111077,49.18531037037254],[21.223350098273684,49.18524007021854],[21.223354060800972,49.185239286066384],[21.22358927111347,49.185197772250035],[21.223590751260726,49.185197463114],[21.223592182509982,49.18519706721672],[21.223772851358355,49.185140625441775],[21.22377442327531,49.185140066413794],[21.223775897453642,49.18513940275984],[21.22406586677242,49.18499365729701],[21.224070164842676,49.184991663900625],[21.22435175655732,49.18487142190554],[21.22435721403854,49.184869320002235],[21.224362943887904,49.18486755684602],[21.22436889730461,49.184866147453555],[21.224375023583768,49.184865103828514],[21.224381270548253,49.18486443485941],[21.224571572049424,49.18484992758597],[21.22457931213211,49.184849626750626],[21.224587054555535,49.184849900483904],[21.22459068181691,49.184850301268256],[21.224592866234868,49.18485047431076],[21.224594393445244,49.1848499281762],[21.224664550808278,49.184821665831],[21.224665861463187,49.184821079736146],[21.22466574179652,49.18482004268613],[21.22464996551278,49.18473646928405],[21.224649685626616,49.184735412293726],[21.22464835266049,49.18473478986029],[21.22463851688651,49.18473065524445],[21.22453362945365,49.184686561975546],[21.224528035014977,49.18468394176569],[21.22452286889801,49.184680967557306],[21.224518183020137,49.18467766924005],[21.22451402447253,49.184674079960786],[21.224510435046827,49.18467023579029],[21.224507450815217,49.184666175361016],[21.224505101767896,49.18466193947862],[21.224503411511687,49.184657570712055],[21.22450239703283,49.184653112965655],[21.224502068526238,49.18464861103807],[21.224502429293082,49.18464411017169],[21.224503475707618,49.18463965559853],[21.22450519725363,49.18463529208509],[21.224507576630128,49.184631063482946],[21.224510589925195,49.18462701228777],[21.224514206856337,49.1846231792124],[21.224518391074792,49.1846196027776],[21.22467432127598,49.18449932296572],[21.22467895298951,49.1844960882045],[21.22468404850026,49.18449316841858],[21.224689558193653,49.18449059203755],[21.22469542842224,49.18448838414743],[21.224701602028137,49.18448656624627],[21.22470801889951,49.1844851560348],[21.22471461655589,49.184484167244065],[21.224721330756516,49.184483609501825],[21.22472809612591,49.18448348823886],[21.224734846790316,49.18448380463577],[21.224741517019186,49.18448455561184],[21.224748041865162,49.184485733855006],[21.22475435779644,49.18448732789268],[21.224760403315383,49.18448932220397],[21.22476611955733,49.184491697370454],[21.224771450863727,49.18449443026531],[21.22484956551483,49.18453871279195],[21.224850869068746,49.18453938161581],[21.224852499184895,49.18453957048611],[21.224974492539108,49.18454970240087],[21.22498105983876,49.184550462047355],[21.22510217707292,49.18456849086125],[21.225239892773505,49.18458899127145],[21.22524149784089,49.18458917719167],[21.22524292611464,49.184588662412516],[21.225252699642862,49.18458472462266],[21.225254864625327,49.18458377625267],[21.225799104221164,49.18432524483994],[21.225805191475466,49.18432266337308],[21.226247488245672,49.18415614083746],[21.226254582908858,49.18415381638761],[21.226262039513156,49.18415204438733],[21.226421829840056,49.18412079412003],[21.226428353154333,49.184119743369564],[21.226435001985802,49.18411911595788],[21.226441712557556,49.18411891790317],[21.226448420500475,49.18411915110525],[21.226455061470674,49.1841198133272],[21.22646157176664,49.18412089821683],[21.226467888940352,49.18412239536773],[21.226473952396184,49.18412429041881],[21.226479703972256,49.18412656519248],[21.226485088498247,49.1841291978686],[21.226490054324643,49.18413216319403],[21.226494553818167,49.184135432724766],[21.226498543818646,49.18413897509879],[21.22650198605307,49.184142756336925],[21.22650484750269,49.18414674016876],[21.226507100719736,49.18415088838051],[21.22650872409071,49.18415516118172],[21.226509702043735,49.18415951758666],[21.22651002519789,49.18416391580775],[21.22650969045327,49.184168313656436],[21.22650251616644,49.18421573742464],[21.226502438770815,49.18421676126847],[21.226503906194928,49.184216406932784],[21.226585804388947,49.18419356519413],[21.226592394278544,49.18419198302409],[21.226599196317327,49.18419085056672],[21.22660613928821,49.18419017967887],[21.226781840778656,49.18417918503376],[21.226789660937165,49.18417898967167],[21.22679746414023,49.18417937953455],[21.22695179107929,49.18419292974468],[21.22695315643555,49.184193031414914],[21.22710020136237,49.18420202867621],[21.227107392653533,49.18420272226239],[21.22732862190905,49.18423198282895],[21.22733366702055,49.184232781427625],[21.22733860556297,49.18423382781812],[21.2274906430097,49.18427026118948],[21.227496152093927,49.184271762457435],[21.22750144130407,49.184273571880944],[21.2276043085086,49.18431258430058],[21.227610702589946,49.184315331968534],[21.227848859864984,49.18443060570325],[21.227854759959175,49.184433810221286],[21.227977788639144,49.18450860960084],[21.2279817394018,49.18451121639745],[21.22811538211855,49.184606919282594],[21.22811798141934,49.18460889261733],[21.228308242447575,49.18476209863887],[21.228309802172724,49.18476326944045],[21.228492621193155,49.1848912817535],[21.228493317259954,49.18489175507917],[21.22865070048853,49.184995689710924],[21.228654312644398,49.18499776214401],[21.22874749422734,49.185044085003426],[21.228751555179663,49.18504626929647],[21.228755349192983,49.185048650911206],[21.228986449090225,49.18520527172631],[21.228987702395905,49.185206038895764],[21.228989400241378,49.18520619654468],[21.229037466124435,49.185209034854886],[21.229037466995813,49.18520903489217],[21.229298479063974,49.1852244452116],[21.229299963034943,49.18522448462692],[21.22929894368191,49.185223776594384],[21.22913765701297,49.18512227714191],[21.22913297416593,49.185119021497016],[21.22912880820392,49.185115476853724],[21.229125200391266,49.18511167832224],[21.2291221864637,49.185107663527496],[21.22911979627442,49.1851034722365],[21.229118053498393,49.18509914596462],[21.229116975397883,49.18509472756413],[21.229116572651407,49.1850902607998],[21.229116849248058,49.1850857899154],[21.229117802447924,49.185081359195664],[21.22911942280928,49.18507701252736],[21.229121694282075,49.18507279296469],[21.22912459436699,49.18506874230294],[21.229128094338197,49.18506490066433],[21.229132159527982,49.185061306100685],[21.2291367496701,49.185057994216585],[21.22914181929864,49.1850549978165],[21.229147318198347,49.18505234658013],[21.229153191901997,49.185050066768234],[21.22915938222996,49.18504818096254],[21.22916582786641,49.18504670784209],[21.229172464966684,49.18504566199836],[21.22917922778968,49.1850450537905],[21.22918604934901,49.18504488924291],[21.229192862076495,49.18504516998543],[21.229199598491416,49.185045893237174],[21.229206191868972,49.18504705183441],[21.22921257690113,49.18504863430106],[21.229218690343508,49.18505062496263],[21.22924924048096,49.185061848235804],[21.22925027700524,49.18506221384588],[21.229580236700137,49.18517385499997],[21.229819230760395,49.185254747330774],[21.2298207086027,49.1852551873396],[21.229821168507975,49.1852541669734],[21.2298326966876,49.18522287954133],[21.229887782420224,49.18507301589824],[21.22988807876362,49.18507200428922],[21.229887246912952,49.185071130354984],[21.229065722288823,49.18429162070771],[21.229062125202326,49.184287815411636],[21.22905912324476,49.184283794490675],[21.229056746178117,49.18427959780917],[21.229055017569024,49.184275266973984],[21.229053954555127,49.184270844922075],[21.229053567675223,49.1842663754946],[21.229053860764747,49.18426190300248],[21.229054830917764,49.18425747178705],[21.229056468515775,49.18425312578033],[21.22905875732312,49.18424890806956],[21.2290616746479,49.18424486047004],[21.229065191567006,49.184241023110566],[21.229069273212808,49.184237434035495],[21.22921807561917,49.184119346782104],[21.229219049268593,49.18411849282009],[21.229218674466928,49.184117455401015],[21.22900252996052,49.18362678891321],[21.229002029803347,49.183625821991335],[21.229001036027693,49.18362503858746],[21.2282031952783,49.1830512078019],[21.228198943354407,49.18304783339162],[21.22819521209312,49.18304420395982],[21.228192036853834,49.18304035390101],[21.228189447726738,49.18303631970054],[21.22818746924767,49.183032139588605],[21.22818612016564,49.18302785317834],[21.228185413265106,49.183023501090055],[21.2281853552449,49.183019124566464],[21.228185946654648,49.18301476508195],[21.22818718188969,49.183010463949245],[21.22818904924412,49.18300626192826],[21.228191531021714,49.183002198839525],[21.228527083482604,49.18252199946279],[21.228530161677387,49.182518107528196],[21.22853380346358,49.18251443062077],[21.22853797421517,49.182511003700256],[21.228542634276767,49.182507859349656],[21.22854773934074,49.182505027465254],[21.22855324086836,49.18250253497243],[21.228559086551417,49.18250040556967],[21.22856522080952,49.1824986595032],[21.2285715853185,49.182497313374405],[21.22857811956505,49.182496379982325],[21.22858476142197,49.18249586820151],[21.230812059437266,49.18239606678758],[21.230813626163204,49.18239594676075],[21.23081364535659,49.182394912803225],[21.230789144024804,49.18194780779274],[21.23078899729223,49.181946699302216],[21.230787670954644,49.18194600502057],[21.230640681568342,49.18187675021634],[21.229764895147326,49.18146411406741],[21.22976362071441,49.18146356849648],[21.229762171321,49.18146326378588],[21.229079217306317,49.18134145211346],[21.229077182687575,49.1813411751625],[21.22907511180562,49.18134106237003],[21.227681686173412,49.18132097776449],[21.227677652323198,49.18132084160426],[21.22686246232375,49.18127751319962],[21.226858066922645,49.18127746507823],[21.22534371815475,49.18132465450184],[21.225343294982164,49.1813246694044],[21.224734471445377,49.18134858245125],[21.224732671993436,49.18134871652892],[21.22473102823629,49.181349214884904],[21.22452582803543,49.18142036555712],[21.224524445818965,49.181420901567925],[21.224523866123274,49.18142188336645],[21.224399196051912,49.181667154173994],[21.224396719439127,49.18167132254909],[21.224393623194647,49.18167530895233],[21.224389937970912,49.18167907391864],[21.22438570025119,49.181682580175114],[21.2243809519885,49.181685793010075],[21.224375740190187,49.181688680616695],[21.224370116452597,49.18169121440792],[21.22436413645029,49.18169336929937],[21.224357859384828,49.18169512395779],[21.224351347398695,49.18169646101208],[21.2243446649601,49.18169736722563],[21.224337878224745,49.181697833626934],[21.22408493440109,49.181706909448344],[21.224084024892743,49.1817069500369],[21.223713483761667,49.181726732572855],[21.223705096520373,49.18172684289516],[21.22369675147568,49.181726281125115],[21.22362913172371,49.18171896696007],[21.223622479406572,49.18171802300491],[21.22361600257791,49.18171665144598],[21.223609765028474,49.18171486579191],[21.223603828192342,49.18171268362975],[21.223598250541812,49.18171012645174],[21.2235930870115,49.18170721944371],[21.223588388457316,49.18170399123698],[21.223584201155553,49.181700473626435],[21.223580566347117,49.181696701257195],[21.223577519831334,49.18169271128363],[21.2235750916134,49.18168854300314],[21.223573305608827,49.18168423746947],[21.2235721794079,49.181679837088055],[21.223571724102477,49.18167538519847],[21.22357194417669,49.181670925647616],[21.223572837462843,49.181666502357885],[21.223574395162736,49.18166215889434],[21.22357660193435,49.1816579380361],[21.223579436042943,49.1816538813545],[21.223582869575107,49.18165002880397],[21.22358686871371,49.18164641832844],[21.223591394071,49.18164308548759],[21.223630049378187,49.18161731399298],[21.22363701351913,49.18161326202359],[21.223696783471567,49.181582980573296],[21.223697965774257,49.18158231761478],[21.22369650373352,49.18158196886755],[21.223633056854517,49.18156913309574],[21.223569066441335,49.18155618725541],[21.223564139108575,49.181555054030795],[21.22355935757974,49.18155367833643],[21.223499593656943,49.181534673313635],[21.223493607646677,49.18153252221974],[21.223487977494777,49.18152999168016],[21.223482758980058,49.18152710676539],[21.22347800380316,49.18152389605678],[21.223473759074313,49.181520391363314],[21.22347006684665,49.18151662740664],[21.223466963699543,49.18151264147686],[21.223464480376233,49.18150847306314],[21.223462641479244,49.181504163462805],[21.223461465226634,49.18149975537156],[21.223460963271556,49.181495292461115],[21.223461140586778,49.18149081894623],[21.223461340350795,49.18148909383833],[21.223460597054483,49.18148805976296],[21.223457232774766,49.18148394444954],[21.223413270418412,49.18143016935715],[21.22341089593941,49.18142767286823],[21.22237527136321,49.1804828559122],[21.222371965827655,49.180479541259174],[21.222369118046814,49.18047604877666],[21.22236675011524,49.18047240556134],[21.222364880404466,49.18046863987908],[21.222359573306512,49.18045609930882],[21.222340736393377,49.180411585977915],[21.222339364012704,49.180407671894145],[21.222338529916822,49.180403693140015],[21.222338240761292,49.18039968146411],[21.222338498853315,49.18039566887778],[21.222339302133292,49.18039168739953],[21.222434998081543,49.18003929031502],[21.222435202817817,49.18003824501926],[21.22243381997771,49.18003770758492],[21.22166773482564,49.179771973895406],[21.22149312492537,49.17971140610706],[21.221489198915684,49.17970993364147],[21.219926773531473,49.17907820127601],[21.219926082913197,49.17907792932132],[21.21952307346897,49.17892342368079],[21.218559015036245,49.17855381154465],[21.218557085632114,49.178553043603],[21.217319057312842,49.17804180464324],[21.21581162737611,49.17742861555792],[21.215809190378668,49.17742771242148],[21.214863681487103,49.17710998340071],[21.21485686240014,49.17710735581854],[21.214799052389736,49.17708203080631],[21.214374262917147,49.1768959399645],[21.21432496538526,49.17687434258983],[21.21432168519611,49.17687281234962],[21.21405059056197,49.17673831375511],[21.213746788235447,49.17658758462228],[21.21374395980087,49.17658632179394],[21.212747575413836,49.17618768294812],[21.212747242593732,49.17618755148017],[21.211820629755575,49.175826197842056],[21.211695836939892,49.17577753180282],[21.211689029718503,49.17577450051677],[21.211344095977733,49.175600189456524],[21.21134244581098,49.17559945222671],[21.211340675620736,49.17559884638326],[21.21110037093631,49.17552799997242],[21.211095007583143,49.175526229761346],[21.211089900987968,49.17552415872814],[21.211052224511047,49.1755073401794],[21.21008137172808,49.17507394097679],[21.21007989357063,49.17507331685968],[21.2093749177266,49.17479215448909],[21.209373419742075,49.17479162254338],[21.209371748657247,49.17479140538056],[21.209246103956318,49.17477932959234],[21.209246103939297,49.174779329590976],[21.209086533513336,49.17476399300329],[21.209085137860463,49.17476389700329],[21.20908373490229,49.174763876323574],[21.20794875446428,49.17477767465878],[21.20794785202479,49.174777693421625],[21.207089132057757,49.174802968591564],[21.206821236771685,49.17481085152311],[21.206814452572765,49.174810830892426],[21.206297247539332,49.17479245800769],[21.206296423638726,49.174792435249564],[21.206118249595484,49.17478892021945],[21.206118248582314,49.17478892021536],[21.20589710841864,49.17478455923845],[21.20552429713739,49.17477720306757],[21.20552028672722,49.17477727802983],[21.204958810751172,49.17480941879544],[21.204957119025618,49.17480957178614],[21.204955459034814,49.17480983470935],[21.204127643989573,49.17497003499493],[21.204123124837583,49.17497114181818],[21.20400621588919,49.17500610969063],[21.201609959609307,49.17572278912266],[21.201605247845052,49.17572406181656],[21.20104856367148,49.17585879166708],[21.20104589579727,49.175859522584155],[21.199196229293143,49.17642747549489],[21.197763436897233,49.17686739364532],[21.197761925671085,49.176867921185],[21.197761655994178,49.17686902963933],[21.19775070265406,49.17693596586826],[21.197672270273046,49.17741530471507],[21.197671794382632,49.1774176361839],[21.197617403001907,49.177639741366164],[21.197617223579527,49.17764080278225],[21.197618464413,49.17764149464678],[21.19897881095512,49.17832788341255],[21.198984004627633,49.178330784736644],[21.19898873280774,49.17833401006197],[21.1989929486872,49.1783375274584],[21.198996610529445,49.178341302104286],[21.198999682082764,49.17834529663134],[21.199002132939153,49.178349471494414],[21.199003938835403,49.17835378536304],[21.199005081893286,49.178358195530734],[21.19900555079653,49.178362658337505],[21.199005340902893,49.17836712960231],[21.19900445429011,49.178371565060324],[21.199002899735337,49.17837592080128],[21.19894874655442,49.17849956327443],[21.198948352207793,49.178500673928696],[21.19894813211894,49.17850180511],[21.19892982071239,49.17865955141351],[21.198929723642777,49.178661483391],[21.198930038604907,49.17868192491979],[21.198929750640964,49.178686519704385],[21.198928748242388,49.17869107116891],[21.198927041896194,49.17869553169545],[21.198924649454188,49.17869985461751],[21.198921595946207,49.17870399470812],[21.19891791331824,49.178707908653216],[21.198913640098255,49.17871155550455],[21.198908820993083,49.17871489710841],[21.198790341585685,49.1787890570706],[21.198788446907958,49.1787903412007],[21.198676923278732,49.17887220262169],[21.19867588485139,49.17887304514677],[21.198676228547004,49.178874104643334],[21.198750709994755,49.17905843937807],[21.198751453462137,49.17906003696552],[21.19893261943276,49.179403094693946],[21.198934253471688,49.1794066600223],[21.198935431973347,49.17941030175351],[21.198936146857456,49.17941399491875],[21.198946565822883,49.17949433815044],[21.198946812267025,49.17949808865605],[21.198947111912485,49.17965033631201],[21.198946771335798,49.179654869804665],[21.198945735232822,49.17965935768165],[21.198944014163718,49.17966375420085],[21.198941625670052,49.17966801455133],[21.19893859409607,49.17967209531004],[21.198934950340536,49.17967595488444],[21.198930731541807,49.17967955393619],[21.198925980699357,49.17968285578257],[21.19892074623543,49.17968582676985],[21.198915081501585,49.179688436616566],[21.198909044234867,49.179690658722286],[21.198902695969373,49.17969247043839],[21.19889610140897,49.17969385329916],[21.198889327767947,49.17969479321],[21.198882444085843,49.179695280590934],[21.198875520523767,49.17969531047445],[21.19886862764932,49.1796948825559],[21.198635394471758,49.179672568005586],[21.198608391725724,49.17966998436097],[21.198601734283884,49.17966912498815],[21.198595238964103,49.17966783853912],[21.19858896934822,49.17966613760678],[21.1985829868087,49.17966403884124],[21.198577349907808,49.1796615627871],[21.198548794321738,49.17964762990513],[21.19813058704336,49.1794435700252],[21.19812563889646,49.17944091176388],[21.198121090114082,49.17943796280001],[21.198116980278026,49.17943474879443],[21.198113345150542,49.179431297714295],[21.198110216363087,49.17942763958956],[21.198107621141123,49.17942380625203],[21.198105582067196,49.17941983105791],[21.198104116884455,49.1794157485979],[21.198024548858797,49.17913611736431],[21.19802416417042,49.17913505626096],[21.198023327643565,49.179134113504816],[21.197719289737407,49.17882706482185],[21.19771828428801,49.17882615361047],[21.19771691008919,49.178825480432224],[21.19743356929146,49.178700769982356],[21.197407630029453,49.17868935251138],[21.197406250296005,49.17868880850681],[21.197405595729187,49.17868977285745],[21.197195342855146,49.179046347801155],[21.197192139769275,49.179050981670734],[21.19706923169127,49.17920496815858],[21.197068077964687,49.179206353830516],[21.19677669485067,49.179542157262055],[21.196757496351584,49.179564283450325],[21.19675444276126,49.17956748238977],[21.19675099071817,49.179570502183445],[21.19674716454218,49.17957332155668],[21.196745094929504,49.17957472340417],[21.196744065993958,49.179575490736454]],[[21.210796588453576,49.184723478893304],[21.210796163331366,49.184723060104],[21.21068774398928,49.184618803975646],[21.210684217681987,49.18461502571657],[21.210681275637846,49.184611038345764],[21.210678946410983,49.184606880563],[21.210677252607717,49.18460259272197],[21.210676210667224,49.18459821643858],[21.21067583070196,49.18459379418723],[21.210676116399515,49.18458936888828],[21.21067706498689,49.1845849834919],[21.2106786672573,49.18458068056073],[21.210680907659665,49.184576501857144],[21.210683764449485,49.184572487937835],[21.21068720989985,49.184568677760105],[21.210922130605464,49.18433585336222],[21.210922952902518,49.184334945031345],[21.210921874987758,49.184334159951014],[21.21075268583968,49.1842224103925],[21.21074820018284,49.18421914250565],[21.21074422283186,49.18421560307873],[21.210740791811947,49.184211825950335],[21.210737939925135,49.18420784723153],[21.210735694436643,49.18420370496073],[21.21073407681423,49.184199438740066],[21.210733102522944,49.18419508935645],[21.210732780877287,49.18419069839198],[21.210733114952177,49.18418630782627],[21.210734101553527,49.18418195963518],[21.21073573124882,49.184177695389366],[21.21073798845727,49.18417355585687],[21.21074085159883,49.18416958061351],[21.210744293300422,49.18416580766435],[21.210748280657768,49.184162273080446],[21.210752775549864,49.18415901065401],[21.210757735003472,49.18415605157523],[21.21076311160399,49.1841534241342],[21.210768853948725,49.184151153450365],[21.210774907138347,49.184149261232456],[21.210781213301704,49.18414776557097],[21.21078771214917,49.18414668076498],[21.210794341548937,49.184146017185746],[21.210801038121115,49.18414578117728],[21.21080773784361,49.18414597499604],[21.2111788685278,49.18416866791822],[21.21118052010764,49.18416871602377],[21.211182123057664,49.18416845084288],[21.211211460740984,49.184162590051166],[21.211217885921098,49.1841615258938],[21.211224437783308,49.18416087318557],[21.211231055158922,49.184160638020195],[21.21123767626757,49.18416082259327],[21.21124423929407,49.18416142518161],[21.21125068296545,49.18416244015931],[21.2112569471231,49.18416385805047],[21.211262973284303,49.18416566561764],[21.21126870518829,49.18416784598512],[21.2112740893215,49.184170378796864],[21.211279075417153,49.18417324040634],[21.211283616924536,49.184176404097265],[21.211287671443674,49.18417984033319],[21.21136188169469,49.184249439245065],[21.211365470620507,49.18425318496203],[21.21136848067943,49.18425714372441],[21.211370882736432,49.18426127721466],[21.211372653541407,49.18426554542396],[21.211373775954275,49.18426990703959],[21.211402934453858,49.184431267424316],[21.211403563159326,49.18443364490866],[21.211473714437968,49.18463421711612],[21.21147490930383,49.18463863541191],[21.21147542634137,49.18464310977624],[21.21147526040016,49.18464759563978],[21.211474413132947,49.18465204831845],[21.21147289297928,49.18465642345886],[21.211470715081337,49.184660677479854],[21.211467901133172,49.184664768006826],[21.211464479164576,49.18466865429361],[21.211460483261973,49.1846722976287],[21.211455953228757,49.18467566172045],[21.211222731954418,49.18483234790897],[21.211218029826565,49.18483522393515],[21.211212937421728,49.18483779862468],[21.211207499512728,49.18484004934053],[21.211201763910132,49.1848419562943],[21.211195781041837,49.18484350271982],[21.21118960350975,49.184844675020855],[21.211000473865685,49.1848743438418],[21.21099410199081,49.18487513671309],[21.210987644354738,49.18487553152418],[21.21098115869933,49.18487552474488],[21.21097470301699,49.18487511643579],[21.210968335032092,49.184874310247814],[21.21096211168487,49.18487311338963],[21.210956088622243,49.1848715365631],[21.210950319700242,49.18486959386766],[21.21094485650244,49.18486730267414],[21.21093974787874,49.18486468346964],[21.210935039508517,49.18486175967401],[21.210930773492233,49.184858557430886],[21.210926987974943,49.18485510537345],[21.210796588453576,49.184723478893304]],[[21.208772672350037,49.185105004351634],[21.208766926604532,49.185103511022696],[21.208752557526875,49.18509927590399],[21.208746521115845,49.18509725608205],[21.208740818280397,49.1850948556087],[21.20873550470312,49.18509209792219],[21.208730632265816,49.18508900994862],[21.20872624854297,49.185085621839065],[21.208722396337226,49.18508196667505],[21.208719113261452,49.185078080145644],[21.208716431371542,49.18507400019902],[21.20871437685331,49.185069766671795],[21.20871296976695,49.18506542090012],[21.208712223851087,49.18506100531624],[21.208712146388663,49.18505656303381],[21.208712738135862,49.18505213742737],[21.20871399331469,49.185047771708476],[21.20871589966938,49.185043508503995],[21.208718438586175,49.18503938943989],[21.20961321653627,49.18377188363376],[21.209616631022865,49.18376765325909],[21.209620712173546,49.18376368478158],[21.209625413740824,49.18376002317176],[21.209630682446733,49.183756709922804],[21.209636458586548,49.18375378258012],[21.209846626238647,49.183658537584655],[21.2098526047455,49.18365611518692],[21.209858930051233,49.18365410658499],[21.209865535732284,49.18365253287163],[21.209872352420756,49.18365141057281],[21.209879308532976,49.18365075147404],[21.209886331021117,49.18365056249669],[21.210130155481107,49.18365219759038],[21.210131683069342,49.18365218552272],[21.210408594333877,49.183645951242305],[21.21041535300604,49.18364601754352],[21.210422068899245,49.18364651962917],[21.210428676782897,49.18364745262245],[21.210435112475544,49.183648807461395],[21.21044131346811,49.18365057098662],[21.210447219531197,49.18365272606918],[21.210452773299913,49.1836552517771],[21.21045792083121,49.183658123578496],[21.210462612127692,49.18366131357997],[21.210466801623298,49.1836647907974],[21.2104704486259,49.183668521457015],[21.210473517712455,49.18367246932336],[21.210475979073184,49.1836765960513],[21.210477808801027,49.183680861558436],[21.21047898912388,49.18368522441441],[21.21047950857724,49.18368964224321],[21.210479362115542,49.18369407213511],[21.21047855116117,49.18369847106291],[21.210477083590654,49.18370279630036],[21.210474973658208,49.18370700583684],[21.21047224185723,49.183711058785654],[21.21046891472126,49.18371491578075],[21.21030784711707,49.18388185838038],[21.210295221937045,49.1838949432601],[21.210278297463475,49.18391248435461],[21.21020496549529,49.18398849164317],[21.210204227019187,49.18398933609497],[21.210203603042984,49.18399021934582],[21.210062615154193,49.18421488007406],[21.21006098772582,49.18421747327512],[21.210060921672657,49.184217578150225],[21.20993455614011,49.18441749704719],[21.209931931923386,49.18442117065848],[21.209928813267783,49.18442467427267],[21.209687935609384,49.18466922657416],[21.20968374765752,49.184673027647925],[21.20932290462487,49.184966934333254],[21.209321903010398,49.184967791506196],[21.209119546314746,49.185149863827554],[21.209115330183785,49.18515329119996],[21.20911062284863,49.18515643182045],[21.20910546945268,49.185159255570454],[21.20909991941703,49.185161735370095],[21.209094025966618,49.185163847438076],[21.20908784561976,49.185165571519526],[21.20908143764614,49.185166891080605],[21.20907486349838,49.185167793466476],[21.20906818622276,49.185168270023404],[21.209061469854543,49.18516831618117],[21.20905477880391,49.18516793149703],[21.209048177238234,49.185167119660186],[21.20904172846674,49.18516588845615],[21.208772672350037,49.185105004351634]],[[21.208375910621744,49.18385404733031],[21.208388505723843,49.183857063027816],[21.20839482958997,49.18385881706164],[21.20840085420456,49.183860976809555],[21.208406519180237,49.18386352062351],[21.20841176773438,49.18386642300565],[21.20841654725835,49.18386965486413],[21.208420809844753,49.18387318380466],[21.208424512767696,49.18387697445506],[21.20842761891098,49.183880988819936],[21.20843009714019,49.183885186661506],[21.208431922614764,49.183889525902956],[21.20843307703696,49.183893963050004],[21.208433548835313,49.1838984536272],[21.208433333280567,49.183902952623356],[21.20843243253316,49.18390741494293],[21.2084308556215,49.18391179585809],[21.20842861835156,49.183916051456826],[21.20786946830803,49.18482853009426],[21.207866681564596,49.18483250639944],[21.207863318321188,49.18483628629005],[21.20785941043717,49.18483983395969],[21.207854994931225,49.18484311580184],[21.207850113630663,49.18484610072818],[21.207844812775257,49.18484876046288],[21.207839142579164,49.18485106981068],[21.207833156755257,49.18485300689547],[21.20782691200638,49.184854553367565],[21.207820467488084,49.18485569457741],[21.207813884248385,49.18485641971444],[21.207807224649354,49.18485672190966],[21.207800551776433,49.184856598300335],[21.207793928840793,49.18485605005742],[21.207787418580565,49.18485508237427],[21.20778108266651,49.18485370441778],[21.207541618167344,49.18479299529343],[21.207535507959392,49.18479121724066],[21.207529690849533,49.184789057704904],[21.20752422210266,49.18478653720276],[21.207519153674028,49.1847836796799],[21.20751453371567,49.184780512284],[21.207510406119,49.184777065106616],[21.207506810097705,49.184773370897275],[21.207503779815323,49.184769464752435],[21.207501344060592,49.18476538378206],[21.207499525974015,49.18476116675696],[21.207498342827954,49.184756853740545],[21.2074978058626,49.18475248570811],[21.207497920179154,49.184748104157656],[21.20749868469141,49.18474375071567],[21.207500092136033,49.18473946674147],[21.2075021291416,49.18473529293446],[21.20802225815297,49.18382500388217],[21.208024840318988,49.183821066961364],[21.208027982558637,49.18381730907856],[21.208031656323897,49.18381376437494],[21.208035828237755,49.18381046505487],[21.208040460397395,49.183807441093265],[21.20804551071867,49.183804719963526],[21.208050933318315,49.1838023263876],[21.208056678930884,49.18380028211164],[21.20806269535632,49.18379860570829],[21.20806892793416,49.18379731240799],[21.208075320040244,49.1837964139606],[21.208081813600998,49.18379591852875],[21.20808834962116,49.18379583061351],[21.208094868719716,49.18379615101361],[21.208146267943796,49.18380029958298],[21.208153946558244,49.18380121257233],[21.20816141725087,49.183802691442466],[21.208375910621744,49.18385404733031]],[[21.19842694432939,49.17968547435829],[21.19842871189427,49.17968574761462],[21.19884814326678,49.17973519561106],[21.198856004087506,49.17973643990379],[21.198863586842762,49.17973828214461],[21.198949640639302,49.179763063237054],[21.198951607616827,49.17976365410904],[21.19904078848247,49.17979156776929],[21.199046715449967,49.179793663069916],[21.199052300401746,49.17979612932407],[21.1990574894939,49.179798942754765],[21.1990622326989,49.17980207623805],[21.199066484287968,49.179805499564466],[21.199070203271884,49.17980917972999],[21.199073353796212,49.17981308125456],[21.199075905486954,49.17981716652406],[21.199077833743377,49.17982139615278],[21.199079119975202,49.17982572936332],[21.199079751781813,49.1798301243796],[21.199079723071858,49.17983453882972],[21.199079034121976,49.179838930154375],[21.19907769157406,49.17984325601719],[21.19907570837135,49.179847474712965],[21.199073103633573,49.17985154556956],[21.199069902472623,49.179855429340236],[21.199066135750513,49.17985908858184],[21.199061839781777,49.17986248801591],[21.199057055983417,49.17986559486887],[21.199051830475575,49.17986837918765],[21.19904621363692,49.17987081412897],[21.199040259618926,49.17987287621764],[21.19903402582382,49.17987454557319],[21.199027572351156,49.179875806101634],[21.19902096141839,49.179876645650154],[21.199014256761068,49.17987705612479],[21.199007523018338,49.17987703356818],[21.198640273950144,49.17986396547646],[21.198632046752717,49.179863344425655],[21.19829015037977,49.179823701182926],[21.198283693972236,49.179822739778174],[21.19827740906659,49.17982137470757],[21.19827135423939,49.179819618693884],[21.1982655859228,49.179817488103545],[21.198260157878586,49.17981500279402],[21.198255120697155,49.1798121859288],[21.198250521325935,49.179809063761724],[21.19816937792111,49.179748373753526],[21.19816532731154,49.17974503737238],[21.198161777065483,49.17974146442583],[21.198158759118737,49.179737687054],[21.198156300618827,49.179733739235935],[21.198154423680815,49.17972965648375],[21.198110141960814,49.17961368742844],[21.198108838513296,49.17960939758734],[21.198108177114346,49.17960504501226],[21.198108164024198,49.179600670901955],[21.198108799366587,49.17959631665905],[21.1981100771276,49.17959202349804],[21.198111985212567,49.17958783205526],[21.198114505560646,49.179583782004286],[21.198117614315656,49.17957991168032],[21.198121282051986,49.179576257717315],[21.19812547405307,49.17957285470138],[21.198130150640033,49.179569734843334],[21.19813526754723,49.17956692767367],[21.198140776341226,49.179564459763256],[21.19814662487933,49.17956235447177],[21.19815275780302,49.17956063172649],[21.19815911706201,49.17955930783381],[21.19816564246366,49.179558395324904],[21.19817227224279,49.17955790283688],[21.19817894364622,49.179557835031396],[21.198185593526798,49.17955819255017],[21.198192158941087,49.17955897200925],[21.198198577745156,49.179560166030775],[21.198204789182768,49.179561763312805],[21.198210734460485,49.17956374873661],[21.198216357304133,49.17956610350947],[21.19822160449147,49.179568805342555],[21.19842551056473,49.17968474365491],[21.19842694432939,49.17968547435829]]],[[[21.230943594831167,49.167620994954646],[21.230943594831515,49.167620994954795],[21.230943639168174,49.16762095020134],[21.230943594831167,49.167620994954646]]],[[[21.224349351143776,49.15631246948639],[21.224350165395563,49.156311767157376],[21.22464011023868,49.15603422825785],[21.22464086787227,49.15603343377656],[21.224641411120295,49.15603257061034],[21.22482793265904,49.155697414852256],[21.224830850068603,49.15569294062719],[21.224834487641694,49.15568869941347],[21.225207803068084,49.155303784092915],[21.225208781960887,49.15530262948607],[21.22520954658096,49.155301407260914],[21.225276616395615,49.15517310814399],[21.225276990504632,49.15517225830606],[21.225276057034673,49.1551728967189],[21.2252416850885,49.155198847920126],[21.225212040449975,49.15522122980784],[21.225170697441442,49.15525244545032],[21.224559379769374,49.15571399575166],[21.22455835329706,49.15571485205919],[21.224557903213103,49.155715900575665],[21.22436615774205,49.15626421830759],[21.224364898656766,49.1562678173126],[21.224349586783557,49.156311600813275],[21.224349351143776,49.15631246948639]]],[[[21.168613044624557,49.23710841669993],[21.168614448919072,49.23710894548259],[21.16917684918704,49.23729723233455],[21.169563257074184,49.237426596529225],[21.169899653395582,49.2375392153087],[21.172083021116034,49.23827012978553],[21.172088982014643,49.23827237865359],[21.172094569303383,49.238275006820544],[21.172099726890345,49.238277987901704],[21.172104402997395,49.238281291969344],[21.172108550680107,49.23828488585331],[21.172112128298924,49.23828873347389],[21.17211509993728,49.238292796204036],[21.172117435762143,49.23829703325722],[21.172119112323543,49.238301402096695],[21.172120112789923,49.23830585886283],[21.17212042711723,49.23831035881321],[21.172120414359526,49.238312251826045],[21.172120482757816,49.23831327591441],[21.172122038970215,49.238313164481916],[21.17219850009142,49.238305236774025],[21.17238546755086,49.23828585104352],[21.172392206219946,49.238285374124025],[21.172398983867925,49.23828533457253],[21.172405734447988,49.23828573277437],[21.17241239217711,49.238286564849226],[21.17241889217706,49.23828782268865],[21.172425171106635,49.238289494035264],[21.17243116777891,49.23829156260221],[21.172436823757465,49.23829400823154],[21.17447126650913,49.239271386879864],[21.174472579116962,49.23927195773969],[21.174474151324766,49.23927188843336],[21.174571327302214,49.23926460943926],[21.174577605364426,49.239264329211615],[21.174583896242794,49.23926442649795],[21.174875882251143,49.23927772594237],[21.174877292419836,49.239277744609346],[21.174876129576102,49.23927722194169],[21.174839666989115,49.239262507120394],[21.174835366866912,49.2392606217589],[21.17483129582717,49.239258529687305],[21.174661553252903,49.23916432030251],[21.174657415625497,49.23916182615317],[21.174653603618662,49.23915911864716],[21.17440393627096,49.2389665258852],[21.17440040520418,49.23896355885324],[21.17439726528499,49.23896040893209],[21.173844357506923,49.23835151363396],[21.173841193753177,49.238347603339854],[21.17383863240444,49.23834350833276],[21.173836698274755,49.238339268284825],[21.173752892719854,49.23811601327661],[21.173751576939583,49.23811154195845],[21.17375095864777,49.23810700642413],[21.173751044186915,49.23810245320108],[21.173751832679333,49.238097928998066],[21.173753316036166,49.238093480226304],[21.173755479040334,49.238089152523045],[21.17375829950269,49.23808499028373],[21.17376174848964,49.23808103620623],[21.17376579061994,49.23807733085307],[21.173962531684857,49.237915034223455],[21.173965379006866,49.237912834151835],[21.174461376851234,49.23755360613859],[21.174466232505257,49.23755042485261],[21.17447154929686,49.23754757717032],[21.174477274013356,49.237545091592494],[21.17448334935942,49.23754299299587],[21.17448971453046,49.23754130238396],[21.17449630582127,49.23754003667717],[21.174503057263546,49.23753920854316],[21.17450990128613,49.237538826270274],[21.174516769391293,49.2375388936844],[21.175512459995605,49.237581348033764],[21.175514188711556,49.237581363243315],[21.175515378409607,49.23758054183693],[21.175873419224594,49.23730630404771],[21.17587556562784,49.237304735913405],[21.176659850027903,49.236758057943774],[21.17666482230409,49.236754923761794],[21.17667024998503,49.23675213228828],[21.176676078226496,49.23674971172967],[21.17668224813686,49.236747686544554],[21.17668869737207,49.236746077196436],[21.176695360765713,49.23674489994706],[21.176702170987372,49.236744166691985],[21.177267153976015,49.236702297946394],[21.177268704868688,49.23670213376225],[21.177268827342075,49.23670110816416],[21.177283992485123,49.23637506834772],[21.17728396395855,49.23637401410649],[21.177282625758284,49.2363734276632],[21.17714915339496,49.23632084466516],[21.17714368344307,49.23631844868624],[21.177138588934433,49.23631572078831],[21.177133916674187,49.23631268603356],[21.177129709588073,49.2363093723035],[21.17712600632808,49.236305810042595],[21.177122840917352,49.236302031978695],[21.17712024243758,49.23629807282223],[21.177118234761803,49.236293968947486],[21.17711683633516,49.23628975805828],[21.177116060005343,49.236285478841516],[21.17711591290461,49.236281170612],[21.177116396384285,49.23627687295103],[21.177117506002293,49.23627262534271],[21.17711923156403,49.23626846681132],[21.177121557215983,49.23626443556281],[21.17712446159143,49.23626056863371],[21.177127918006722,49.23625690155076],[21.17713189470644,49.236253468004804],[21.177136355155167,49.23625029954103],[21.177141258373137,49.236247425269184],[21.177235123191885,49.23619749523322],[21.177236321048287,49.236196794311255],[21.177237297503005,49.23619595902201],[21.17736136957781,49.23607879193123],[21.17736559425749,49.23607520309855],[21.177370349162675,49.23607191096157],[21.17737558599145,49.23606894896287],[21.1773812515464,49.2360663471913],[21.17738728827499,49.23606413207656],[21.17739363485424,49.23606232612038],[21.177400226813596,49.2360609476683],[21.1780199252077,49.23595356576277],[21.178021312062143,49.235953276454715],[21.178019943663752,49.23595295164146],[21.177780126465823,49.23590470907497],[21.177772228331804,49.23590276507983],[21.177770043653602,49.23590212446159],[21.17776404272256,49.23590012806747],[21.17775836916177,49.23589775648969],[21.177753077501265,49.23589503252213],[21.17774821860052,49.235891982345514],[21.17774383915961,49.2358886352759],[21.177739981270374,49.23588502348281],[21.17773668201186,49.235881181680156],[21.177733973093954,49.235877146792454],[21.177731880552596,49.23587295760008],[21.17773042449958,49.23586865436633],[21.177729618929202,49.235864278450606],[21.177729471583856,49.23585987191107],[21.17772998387952,49.23585547709995],[21.17773115089223,49.23585113625682],[21.17773296140538,49.23584689110254],[21.17773539801755,49.23584278243831],[21.177738437309735,49.235838849753506],[21.177883562709948,49.235671917118765],[21.17788731387276,49.2356680705217],[21.177891641263706,49.23566449278176],[21.177896500287225,49.23566122076902],[21.1779018408691,49.235658288202806],[21.1779076079725,49.23565572530434],[21.17791374216516,49.23565355848527],[21.178116191432874,49.23559051186879],[21.178122637962765,49.2355887614696],[21.178129322546837,49.23558744864425],[21.178136176120113,49.235586586956835],[21.178143127871603,49.23558618531017],[21.178235954645853,49.23558392553738],[21.178237637312833,49.23558382994715],[21.17823788079991,49.23558372979778],[21.17823897956464,49.23558327786168],[21.17850460309249,49.23546221145605],[21.178510427584005,49.23545983066158],[21.178516586091316,49.23545784272179],[21.178523017022155,49.23545626751837],[21.178529656059712,49.235455120805156],[21.178536436805892,49.23545441405066],[21.17854329144535,49.23545415432325],[21.178550151423746,49.23545434422046],[21.178556948133338,49.235454981843084],[21.178563613599124,49.23545606081418],[21.178570081158714,49.23545757034283],[21.17857628612896,49.23545949533196],[21.178582166452923,49.23546181652942],[21.17858766332047,49.23546451072051],[21.17859272175644,49.23546755096029],[21.178597291170504,49.23547090684267],[21.178601325863053,49.23547454480499],[21.178604785482325,49.23547842846333],[21.178607635427937,49.235482518976575],[21.178609847196928,49.23548677543474],[21.17861139866884,49.23549115526824],[21.178612274326927,49.23549561467359],[21.178629397697698,49.235639340259844],[21.178629594829715,49.23564203754192],[21.178632465284775,49.23574771083854],[21.178632172428596,49.23575273451854],[21.178630402080156,49.23576501836531],[21.1786303919786,49.235765312614774],[21.178630369570747,49.2357657499422],[21.178630720980696,49.235766125852216],[21.178630788389643,49.23576619796085],[21.178679187084313,49.23581095826028],[21.178682840250755,49.235814719141985],[21.17868590676525,49.23581869841143],[21.17868835648735,49.235822856957064],[21.178690165338978,49.23582715390514],[21.178691315541027,49.235831547021654],[21.178742327367807,49.236108097987106],[21.178742802432218,49.23611239433344],[21.178742647400078,49.23611670073071],[21.178741863694412,49.236120977645946],[21.17874045850953,49.236125185816746],[21.178738444744976,49.23612928661185],[21.17873584088709,49.23613324238575],[21.178732670839352,49.236137016824046],[21.178728963702888,49.23614057527713],[21.17872475350939,49.23614388507824],[21.178720078908654,49.236146915843065],[21.17871498281381,49.23614963974894],[21.178709512007345,49.23615203179024],[21.178703716711663,49.236154070007835],[21.178697650128022,49.23615573569063],[21.178691367948133,49.23615701354763],[21.17853151322832,49.23618410540561],[21.178530002536398,49.236184413242654],[21.178530440844593,49.236185408713176],[21.178617427337834,49.23635217296852],[21.178618066037103,49.236353220773786],[21.17861915418055,49.23635409547829],[21.178825629923434,49.23650389899602],[21.17882656726142,49.23650452770039],[21.17882757686684,49.23650510643986],[21.178979581887845,49.23658557868082],[21.17898031849496,49.23658595787553],[21.179137140426253,49.236664443558745],[21.179144309715774,49.23666800081454],[21.17914453037425,49.236668110760746],[21.17927758051015,49.23673468292741],[21.179435684115578,49.23681383879645],[21.179436780459046,49.23681434442822],[21.179437933839665,49.23681479236123],[21.179661741095508,49.23689412801103],[21.179761239791677,49.23692945525454],[21.179762690417814,49.23692991346926],[21.17976429702332,49.23692998758583],[21.179803699039024,49.23693057967628],[21.179810385072596,49.23693089447282],[21.179816992360777,49.23693163469769],[21.1798234579234,49.23693279329519],[21.179829720131178,49.2369343592215],[21.179835719293198,49.236936317550466],[21.179982995194663,49.236990424822814],[21.179984509736336,49.23699099797582],[21.18019577320562,49.23707331526582],[21.180200478235093,49.23707532357337],[21.180204916847224,49.23707757697042],[21.180209059341415,49.23708006037858],[21.18030972843495,49.23714556422196],[21.180311764404827,49.23714678638291],[21.180412504049595,49.23720254311381],[21.180418367994776,49.237206197846966],[21.180545774445797,49.23729555411943],[21.180548353403484,49.237297469096994],[21.1806593304387,49.23738474951493],[21.18066071878895,49.23738571817268],[21.18066227266529,49.237386572269884],[21.180905202773932,49.23750474234887],[21.18090658530142,49.237505348860566],[21.18090805125273,49.23750586458224],[21.18095235996682,49.23751967884695],[21.180957485639784,49.23752145448328],[21.18096236421354,49.23752350699568],[21.180966960889503,49.237525821743766],[21.18097167679346,49.237528411217276],[21.180972989304,49.237529063934694],[21.180974468730017,49.237529539569636],[21.181253281452165,49.237608483040546],[21.181253872489624,49.23760862767249],[21.181255810901423,49.237609124071334],[21.181256490606092,49.23760930595886],[21.1814208981964,49.237647146183775],[21.181426211346142,49.23764853446294],[21.181602544232476,49.237700283677775],[21.181607795800712,49.237702005100175],[21.181712629102886,49.23774012384584],[21.1817155909037,49.23774108203238],[21.182046694035222,49.23783551254668],[21.18204704933856,49.23783561466145],[21.18222491786899,49.23788712717674],[21.182231167426096,49.23788919262339],[21.182237063307557,49.237891664023486],[21.182242544222895,49.23789451568573],[21.182247553195356,49.23789771796577],[21.1822520381542,49.23790123757435],[21.18225595247606,49.23790503792342],[21.18225925546957,49.23790907950671],[21.182261912798385,49.237913320309914],[21.182290100866325,49.23796577310828],[21.182322016689362,49.23802411345123],[21.182322675008262,49.238025148196215],[21.18232411917704,49.23802575057417],[21.182344054253928,49.23803316301108],[21.182349596924077,49.23803545986584],[21.18247978325178,49.23809529572172],[21.1824813046727,49.2380959190177],[21.18248308287769,49.23809607782069],[21.182571216635353,49.23810085602575],[21.182577942781208,49.23810144096417],[21.18258454791188,49.23810245775148],[21.18259096752262,49.238103896457865],[21.182597138920443,49.23810574303311],[21.182603001836352,49.23810797944384],[21.182762152368944,49.23817579721686],[21.182769264299658,49.238179276111964],[21.182940652631817,49.23827501613861],[21.183113062600707,49.23837129102374],[21.183114469345625,49.23837199666132],[21.1831162265773,49.23837214656506],[21.183332282126507,49.23838308061871],[21.18333882545716,49.238383619760505],[21.183345259609368,49.238384567469275],[21.18335152522355,49.23838591500186],[21.183357564494955,49.23838764992629],[21.183363321707034,49.23838975623658],[21.183368743745383,49.23839221450066],[21.183373780587797,49.23839500203916],[21.183378385765756,49.23839809313516],[21.183382516793145,49.238401459271046],[21.18338613555816,49.23840506939183],[21.18338920867502,49.23840889019154],[21.18339170779187,49.2384128864206],[21.18339360985243,49.23841702121086],[21.183394897308656,49.23842125641595],[21.183395438392708,49.238423625705096],[21.18339580678124,49.23842455385361],[21.183400382894654,49.238434110726274],[21.183439448584767,49.2385152656571],[21.183441127354058,49.23851944357137],[21.18344218596629,49.23852370770209],[21.18344261464661,49.23852801867651],[21.18344240943666,49.23853233668931],[21.18344157223108,49.23853662187021],[21.183440110760028,49.23854083465214],[21.183438038517806,49.238544936136385],[21.183435374638304,49.23854888845199],[21.18343214371827,49.23855265510532],[21.18342837559025,49.238556201316996],[21.18342410504711,49.238559494343086],[21.18341937152079,49.2385625037775],[21.183414218718195,49.23856520183254],[21.183408694217654,49.23856756359588],[21.183402849029573,49.23856956726007],[21.183396737125463,49.2385711943243],[21.18339041493956,49.23857242976511],[21.183383940847786,49.23857326217505],[21.183377374628645,49.23857368386801],[21.183370776911342,49.238573690950346],[21.183364208615906,49.238573283356644],[21.18335773039071,49.23857246485037],[21.18335140205245,49.23857124298926],[21.183104150767573,49.23851491764334],[21.18310251703974,49.23851460432267],[21.183100820877673,49.23851450927609],[21.182873949948945,49.23850923574107],[21.182873537663035,49.23850922778072],[21.182696260923883,49.23850650261667],[21.182694610165637,49.238506530544406],[21.182693601032085,49.23850738640739],[21.182488362719766,49.23870042080889],[21.182487525006803,49.23870129414846],[21.18248838247813,49.23870215922748],[21.182578669765018,49.2387844380777],[21.182582921804038,49.23878882799597],[21.182586371517125,49.238793509952224],[21.18258654877669,49.23879379098343],[21.182589084156017,49.238798551057094],[21.182628787301233,49.238889137126186],[21.1826303902973,49.238893665726316],[21.18263113229671,49.23889639718002],[21.18263201305868,49.238901014491994],[21.18264246705249,49.238995283916935],[21.18264257825579,49.23899608698053],[21.18269234217345,49.2392956106587],[21.18269252797344,49.239296901952365],[21.182719527280923,49.23951877180371],[21.182719737043293,49.23952169308061],[21.182721496876713,49.23960142418055],[21.182721373060563,49.239604849551654],[21.182720851203904,49.23960825880112],[21.18270092390669,49.23970220194794],[21.182699848230737,49.23970604126018],[21.182665092299647,49.2398055368249],[21.18266261796472,49.23981100029143],[21.182624727263626,49.239878610483956],[21.182624188269784,49.2398797602672],[21.182624037301334,49.239880958924935],[21.182621051670164,49.239949780908375],[21.182621098345805,49.23995097721704],[21.182621904901485,49.23995205108456],[21.18265480482551,49.23999047345384],[21.182655667424612,49.239991376816626],[21.182656884877815,49.239992083653945],[21.18276562032769,49.24004938147811],[21.182765922361686,49.24004953881031],[21.182925252408566,49.240131581696836],[21.182931027709223,49.24013491505325],[21.18293224571211,49.240135701773255],[21.182936786936686,49.240138936582426],[21.182940824226325,49.24014244619006],[21.183075198478598,49.24027197478263],[21.183076013661044,49.24027272689289],[21.183145556538925,49.24033417779948],[21.18317191006317,49.2403574642337],[21.18317290003561,49.24035825684197],[21.183174150782897,49.240357642252576],[21.18325165597819,49.24031562311436],[21.183257169941008,49.24031292690586],[21.183263068404706,49.24031060563485],[21.1832692921177,49.24030868261908],[21.183275778561267,49.24030717717577],[21.183282462577463,49.24030610442736],[21.183289277023714,49.240305475149896],[21.183296153447266,49.24030529566467],[21.183303022772776,49.24030556777463],[21.183309815996203,49.24030628874637],[21.183316464877983,49.240307451337515],[21.18332290262845,49.24030904386961],[21.183329064578842,49.24031105034527],[21.183334888830807,49.24031345060892],[21.183340316878233,49.240316220549346],[21.183345294195004,49.240319332341805],[21.183349770782627,49.240322754727536],[21.183353701672548,49.24032645332792],[21.18335704737787,49.24033039098945],[21.183359774289983,49.240334528157405],[21.18340040913758,49.2404057989131],[21.183401057185748,49.24040678568651],[21.18340257839985,49.24040718778653],[21.183498495373193,49.24042904230682],[21.18350497297068,49.24043076498177],[21.183511149442094,49.24043291002461],[21.183516960750875,49.240435455195936],[21.183522346646402,49.24043837410788],[21.183614325397095,49.24049362364102],[21.183619076260552,49.24049677311436],[21.18362333105816,49.24050021323232],[21.18362704854089,49.24050391064409],[21.183630192668794,49.240507829504296],[21.183632732960366,49.24051193182087],[21.183634644788132,49.240516177823125],[21.183659188188237,49.24058258052542],[21.183660471868276,49.24058701793946],[21.183661069128604,49.240591517290326],[21.1836609739419,49.24059603317372],[21.183660187268558,49.24060052001872],[21.18365871704692,49.240604932547264],[21.183656578113226,49.240609226231314],[21.18365379205188,49.240613357742085],[21.183650386977693,49.24061728538733],[21.183646397252087,49.240620969532095],[21.18364186313641,49.240624372998575],[21.183636830385655,49.240627461441385],[21.183510950197874,49.24069727432966],[21.183509803709082,49.240697973964764],[21.183510566371357,49.24069887042425],[21.183531228583018,49.240720657402896],[21.18353222916079,49.24072174650237],[21.18366383246395,49.24086968703658],[21.18366464752815,49.24087051701146],[21.183665668434458,49.24087123764721],[21.1837744560576,49.24094160047466],[21.18377565545488,49.24094230632053],[21.1837769509748,49.240942935134804],[21.18403371335875,49.24105569162094],[21.1840352031475,49.24105636466194],[21.184254628672903,49.24115831494835],[21.184257761899005,49.241159860688875],[21.18449782816533,49.24128549132173],[21.184503770107018,49.24128899065467],[21.18450648647069,49.24129078831143],[21.184511764345313,49.24129471362189],[21.18462817843102,49.24139218511559],[21.18463205089458,49.24139577635995],[21.184635369163036,49.24139959806381],[21.184638101509524,49.24140361368705],[21.184640221809243,49.24140778483525],[21.184641709789396,49.24141207162713],[21.184675592259143,49.241537864220334],[21.184676351389015,49.24154158480698],[21.184706249917582,49.241755998550104],[21.184706386476783,49.24175681344346],[21.184722065518,49.24183687887087],[21.18472227621252,49.24183795479704],[21.184722810512074,49.24184250267573],[21.18472263824836,49.24184706259454],[21.18472176119436,49.24185158761645],[21.184720188377742,49.24185603116367],[21.184717935987962,49.2418603474971],[21.18471502720955,49.241864492186934],[21.184711491983567,49.24186842257033],[21.184707366699357,49.241872098190164],[21.184702693819986,49.24187548121191],[21.18469752144519,49.24187853681276],[21.184691902816212,49.24188123354016],[21.18468589576783,49.241883543635616],[21.18467956213298,49.24188544332033],[21.18467637558854,49.24188627378188],[21.184675466451505,49.24188715797937],[21.184628167566483,49.24193846011091],[21.18428159775843,49.24231436133851],[21.183972702064793,49.24264939525276],[21.183971954083056,49.24265030408448],[21.183973457567046,49.24265061522028],[21.184258636716063,49.2426997415238],[21.184260211664856,49.24269996000623],[21.184261141798466,49.242699099670595],[21.184514508133965,49.24243885621941],[21.184735646330015,49.24221171198419],[21.18473947223015,49.242208171359145],[21.184743801401638,49.2422048885826],[21.184748593554943,49.242201894205685],[21.184753804091834,49.24219921609564],[21.18475938452036,49.24219687917622],[21.184765282906262,49.242194905196015],[21.18477144435619,49.242193312525835],[21.18477781152864,49.242192115987876],[21.18478432516753,49.24219132671763],[21.18479092465373,49.242190952060575],[21.184797548569158,49.242190995503385],[21.18480413526841,49.24219145664174],[21.1848106234524,49.24219233118408],[21.184816952738885,49.24219361099147],[21.18482306422439,49.24219528415341],[21.184828901032372,49.2421973350986],[21.184834408842576,49.242199744739914],[21.184839536396545,49.24220249065214],[21.18484423597461,49.24220554728028],[21.184848463840098,49.24220888617798],[21.184852180646256,49.242212476271675],[21.184855351802508,49.24221628415019],[21.184857947796324,49.242220274375484],[21.18485994446795,49.24222440981247],[21.184907943172938,49.242343538885336],[21.1850001467581,49.242572384953725],[21.1850005108137,49.24257332993518],[21.18508320104323,49.24279821942883],[21.18512799388809,49.242915580971705],[21.18512844234036,49.2429165607386],[21.18512970336797,49.24291716498878],[21.1851448384493,49.2429237357402],[21.185218248648823,49.242955600644095],[21.185220514691792,49.24295650371813],[21.18541851646912,49.24302869854162],[21.185419651508784,49.2430291217044],[21.185539876988056,49.24307494059807],[21.185550081734412,49.243078830053136],[21.185553169770138,49.24308007973276],[21.185869499218153,49.243215787205315],[21.185923357479712,49.243238892113645],[21.185927352756583,49.24324074257068],[21.186174850103153,49.243364267016965],[21.18617522914188,49.24336445756097],[21.186756622413213,49.243658833763696],[21.186760633920887,49.243660584402164],[21.18700611295657,49.24375208837153],[21.187009623080797,49.243753228216484],[21.18728652085861,49.24383058083654],[21.18728867183352,49.243831126539604],[21.187365871103456,49.24384878257805],[21.187639140057524,49.24391128196221],[21.187641088153608,49.243911749245036],[21.188030611887065,49.24400957665163],[21.188036473802473,49.244011257957055],[21.18804207118997,49.24401328925217],[21.188180546115728,49.2440692171753],[21.188183528248516,49.24407042127565],[21.18819124772644,49.24407404336062],[21.188288935426442,49.24412694095244],[21.188290041155064,49.24412749182783],[21.18829121143161,49.24412798222603],[21.188623590180203,49.24425512834099],[21.18862504369077,49.24425562455654],[21.188626652849308,49.244255829238796],[21.18880438865323,49.24427267456995],[21.188806184041894,49.244272813239704],[21.188958137102905,49.24428190074448],[21.189011924630318,49.244285117770225],[21.189105119030472,49.24429069086642],[21.1891065581286,49.24429075699737],[21.189156821991542,49.24429237279652],[21.189369081031895,49.24429919572627],[21.189370689929692,49.244299259842414],[21.189941704689332,49.24432642132621],[21.18994314130243,49.2443264500756],[21.189944559988884,49.244326321452036],[21.189986105883733,49.2443213922089],[21.189993122616297,49.244320802167465],[21.190000194835307,49.244320687900164],[21.190007247480896,49.24432105061963],[21.190014205700972,49.24432188647627],[21.190020995645583,49.244323186598805],[21.190027545250757,49.24432493718858],[21.190062697787756,49.24433574752],[21.190068713019954,49.244337841823594],[21.19007438167221,49.244340316063564],[21.190229350351114,49.24441548447578],[21.19022997073715,49.2444157784373],[21.190297698477405,49.24444712270514],[21.1905101371635,49.24454544302111],[21.190513606035065,49.24454685360093],[21.190633243308483,49.24458926197237],[21.190635800723314,49.244590080609846],[21.19076695256949,49.24462773428085],[21.19076998462536,49.24462866311188],[21.19090646883884,49.24467315944726],[21.19091448313024,49.24467623154398],[21.19098718425421,49.244708610663494],[21.190992362042053,49.244711158599316],[21.19099715011672,49.24471401459926],[21.19100150587758,49.24471715325287],[21.19100539057043,49.24472054663494],[21.191042938559402,49.244756789600636],[21.191046650461377,49.244760809686895],[21.191049701397116,49.24476506140505],[21.191083937165185,49.24482006962255],[21.191085476109333,49.244822790408435],[21.191120624118554,49.24489167901245],[21.1911211319153,49.244892551582254],[21.19112174882023,49.24489339347203],[21.1911641249422,49.24494553928683],[21.19116643540407,49.244947989382055],[21.19122339833478,49.245000531411584],[21.19122455874787,49.245001486513544],[21.191226008087813,49.24500225398879],[21.191319931192975,49.24504665725536],[21.19132161503691,49.245047359187446],[21.19132341238749,49.245047927817104],[21.191434407568423,49.24507794477898],[21.19143563360307,49.245078258465355],[21.191570903975634,49.245110925015496],[21.191672665108246,49.245135500197925],[21.19167938669473,49.24513739558958],[21.1916857620059,49.24513974854701],[21.191748020517995,49.24516568173389],[21.191753510987056,49.24516822426555],[21.191758595258698,49.24517110621302],[21.191826075993074,49.24521331413449],[21.191830487266525,49.245216342665415],[21.19183444931142,49.24521962661201],[21.191837927799106,49.24522313752094],[21.191884131590587,49.24527489924076],[21.19188674770348,49.245278123909834],[21.191937305767645,49.245347062800995],[21.19194052738051,49.245352265442094],[21.191988073172624,49.245445360268775],[21.191989465714666,49.24544845104455],[21.192017697464323,49.24552053876103],[21.192019276164523,49.24552362172421],[21.192055349099686,49.24558011593504],[21.192055774220595,49.2455807537883],[21.192092478615884,49.24563357879286],[21.192093162216942,49.24563445784046],[21.192093961182692,49.24563529415077],[21.192163502855966,49.24570142599471],[21.192164646433756,49.245702395363786],[21.192165944888284,49.24570327716076],[21.192284920677228,49.24577569390327],[21.19228667126837,49.24577679788322],[21.192396820518493,49.24584876493479],[21.192400044797488,49.24585062280932],[21.19255987961306,49.24593168165039],[21.192561039889537,49.2459322449088],[21.192682937585015,49.245988857769255],[21.1926882731563,49.245991605055345],[21.192693168368606,49.24599468378731],[21.19269757539098,49.24599806388298],[21.192701451162566,49.2460017123157],[21.192704757813264,49.24600559343677],[21.192707463033805,49.24600966932387],[21.19270954039146,49.24601390015183],[21.19271096958829,49.24601824458129],[21.192711736659508,49.24602266016306],[21.192711834109918,49.24602710375267],[21.192711260987153,49.246031531931955],[21.192710022891006,49.246035901433345],[21.192708131918696,49.24604016956252],[21.192331565198938,49.24675581691214],[21.192331372263716,49.246756194391445],[21.192229060555977,49.246962417182566],[21.191844278894862,49.24773797633958],[21.191843851106622,49.24773901150969],[21.191845333497707,49.24773946779904],[21.191942077431758,49.24776547695322],[21.191947645111043,49.24776716790092],[21.1922812344049,49.24788060369247],[21.192283172429683,49.247881288761356],[21.192651752652747,49.248016618379],[21.192656711034093,49.24801862458687],[21.192970171793934,49.24815782419159],[21.192972913588083,49.248158922653026],[21.19306366622769,49.24819155943412],[21.193069292508888,49.24819381974814],[21.193074561300595,49.24819642326034],[21.19307942392095,49.2481993459153],[21.19308383544091,49.24820256070866],[21.193087755099434,49.24820603793677],[21.193091146680107,49.24820974547122],[21.19309397884575,49.24821364905568],[21.193096225427944,49.24821771262235],[21.193097865668886,49.248221898625104],[21.193098884413118,49.24822616838679],[21.193099272247654,49.2482304824561],[21.19309902558883,49.24823480097255],[21.193098146715545,49.24823908403435],[21.19309664374815,49.248243292067365],[21.193094530573422,49.24824738619076],[21.19309182671628,49.2482513285761],[21.193088557159403,49.248255082797016],[21.193084752112323,49.24825861416564],[21.193080446732424,49.24826189005325],[21.19307568079998,49.24826488019161],[21.192975168890047,49.248322134710435],[21.192968242783927,49.2483255999121],[21.192956402599883,49.24833077902001],[21.19295514121542,49.24833139134264],[21.192956399663746,49.24833200624897],[21.19296524507797,49.24833590168171],[21.19305962228442,49.24837746569519],[21.193062922829892,49.24837901397241],[21.19337726002287,49.24853587831696],[21.19338404377797,49.248539748915555],[21.19371298987646,49.24875382331176],[21.19371428164288,49.24875458268224],[21.193715684287117,49.24875525246497],[21.194051008682514,49.24889890256413],[21.194055067405866,49.248900394182755],[21.19421758911716,49.2489509557712],[21.194219158275782,49.24895138144464],[21.194220631160064,49.24895082762896],[21.194335529222855,49.248902387170304],[21.194335530260535,49.24890238670818],[21.194375838877693,49.24888539207001],[21.194381566941818,49.248883225164995],[21.194387586920076,49.248881429129014],[21.194393842947587,49.24888002062919],[21.194400276968935,49.24887901273621],[21.194406829276975,49.24887841480331],[21.19441343906687,49.24887823237916],[21.19442004500036,49.248878467156715],[21.19442658577498,49.2488791169572],[21.19443300069291,49.24888017575054],[21.194439230224283,49.2488816337113],[21.194445216559583,49.24888347730965],[21.19445090414611,49.24888568943717],[21.194456240203497,49.24888824956552],[21.194461175213533,49.24889113393691],[21.194465663379685,49.24889431578463],[21.19446966305202,49.2488977655814],[21.194713325653797,49.24913040048425],[21.194714116844896,49.249131096536466],[21.1947149878379,49.24913175047983],[21.19526177753071,49.24951156784348],[21.195265186295526,49.24951363520251],[21.195488590195424,49.249631765088786],[21.195489868136526,49.24963237908002],[21.19549129109642,49.24963282620415],[21.19568106428577,49.249685586504064],[21.195683587382558,49.24968621253877],[21.196566944338255,49.249879756250365],[21.19656845911617,49.249880036548674],[21.1965693629681,49.24987919287138],[21.197011671452493,49.249421556625784],[21.197413770574734,49.24900551331882],[21.197601734887463,49.24881102866052],[21.197603750800255,49.2488086308836],[21.1977273751246,49.24863768713823],[21.197727375198706,49.24863768702872],[21.19795328768416,49.24832529694632],[21.1979577773478,49.24832003327131],[21.198350267665756,49.24792471452597],[21.199063691458203,49.247206001258796],[21.19906541421652,49.24720405977748],[21.199096703574284,49.24716435288103],[21.19909737261836,49.247163525122915],[21.19922607318867,49.247008227482176],[21.199258005194423,49.24696969740681],[21.199317356109646,49.246898082162225],[21.199320047385285,49.2468951127738],[21.199323078802948,49.24689228735621],[21.199635976521275,49.246623241678144],[21.199636954617752,49.24662230438953],[21.199636924460787,49.24662116942038],[21.199561505658178,49.24590451315624],[21.19956131576033,49.245903456476626],[21.199560052510414,49.245902787118524],[21.19947809913553,49.24586349558422],[21.19942523958915,49.24583819938428],[21.199419598391977,49.24583518683516],[21.199414476016752,49.245831800241035],[21.199193335437474,49.245669194207295],[21.199192420642568,49.24566857157296],[21.199191435377774,49.245667996870914],[21.199126962961024,49.24563321089824],[21.199033549610068,49.245582781725346],[21.198941740184747,49.2455332601703],[21.198937381644196,49.245530697202994],[21.19893337264168,49.24552790034229],[21.19893272740619,49.24552740984515],[21.198826354741676,49.245448081936],[21.1988263079016,49.245448046968285],[21.198802221397962,49.245430046772626],[21.19871168234143,49.24536250468546],[21.198605497236624,49.24528322431954],[21.198389757916225,49.245122145072784],[21.19836118860648,49.24510082154712],[21.198226929236906,49.24500060421727],[21.198225732781747,49.24499979677608],[21.198224418682486,49.244999071956435],[21.198022199312003,49.24489844932991],[21.1980165250064,49.24489529396649],[21.198011405790936,49.24489175497919],[21.19788513876837,49.24479439579207],[21.19788483446121,49.24479416435773],[21.19741480017203,49.244441558943606],[21.19741124109978,49.24443865449377],[21.197389109785288,49.24441897662194],[21.1973854219523,49.24441534025021],[21.197382290114223,49.24441148687673],[21.197379743792403,49.244407452824284],[21.19737780698895,49.24440327611899],[21.19737649796048,49.24439899613131],[21.197375829046074,49.24439465320557],[21.197375806550905,49.24439028827916],[21.19737643068684,49.24438594249698],[21.19737769557047,49.24438165682331],[21.19737958927855,49.24437747165598],[21.197382093960393,49.244373426445286],[21.197385186006137,49.2443695593223],[21.197388836269358,49.24436590673945],[21.19739301034172,49.244362503126766],[21.197397668877414,49.24435938056745],[21.197402767963958,49.244356568495405],[21.197408259536182,49.24435409341791],[21.1974140918293,49.24435197866553],[21.197420209866806,49.24435024417234],[21.197426555978755,49.24434890628814],[21.19743307034534,49.244347977624024],[21.197439691560724,49.244347466933796],[21.197516064312172,49.24434402620536],[21.19752304298114,49.24434394459271],[21.19752999825432,49.244344327211316],[21.197536858273928,49.244345170108225],[21.19754355216627,49.244346464575074],[21.197550010773963,49.244348197238224],[21.197556167370422,49.24435035019673],[21.197561958349286,49.24435290120758],[21.19756732388146,49.24435582391518],[21.197572208533327,49.24435908812383],[21.19779833788099,49.24452642563981],[21.19780064653673,49.24452797653458],[21.198051684579507,49.244681104236896],[21.198055788782902,49.24468383041689],[21.19818945259835,49.24478052397617],[21.198189945103067,49.244780872777895],[21.19832723860134,49.244876068650804],[21.198328515737042,49.24487686660024],[21.198330176696572,49.244877258195],[21.198468904962162,49.24490471861142],[21.19868368729806,49.2449472331956],[21.198685322767293,49.2449474997323],[21.198688112251396,49.24494721793457],[21.198694682761488,49.24494676471849],[21.19870128938625,49.244946726998236],[21.198707870969894,49.24494710512293],[21.19871436658845,49.244947895592404],[21.1987207161137,49.24494909108944],[21.198726860769757,49.24495068054765],[21.19873274367713,49.244952649253904],[21.198738310379266,49.24495497898428],[21.19874350934661,49.24495764817316],[21.19874829245362,49.244960632112544],[21.198943821255547,49.24509494124198],[21.198945261703386,49.24509596181006],[21.199271717735797,49.24533455084185],[21.199272797059024,49.24533526635913],[21.19927327889304,49.24533431148857],[21.19929026266147,49.24529420102276],[21.19937316611614,49.24509839871364],[21.199373166167483,49.24509839857928],[21.19943091357108,49.24496200752178],[21.199433756592544,49.244956637526],[21.199634665405128,49.24464282300457],[21.19963466557687,49.24464282271691],[21.199720434077378,49.244508850625714],[21.19977144945472,49.2444291649751],[21.199795925907278,49.24439093481304],[21.19993447624442,49.24417451526234],[21.20013667576411,49.24385867194926],[21.20013667587135,49.24385867176971],[21.200220734779606,49.24372736574422],[21.200413131431624,49.24342682856666],[21.200436025475966,49.243391068302024],[21.200436608898645,49.24339001012961],[21.200436680130412,49.24338893840226],[21.200437306122613,49.24338453135386],[21.200438590948842,49.24338018596229],[21.200440522156327,49.243375944343114],[21.200443081027608,49.24337184760626],[21.200446242761902,49.243367935457414],[21.200449976715472,49.243364245813126],[21.20045424669864,49.243360814433636],[21.200459011326565,49.243357674575805],[21.200464224420315,49.2433548566712],[21.200526962819758,49.24332421496539],[21.200526964254184,49.243324214227044],[21.20055572181944,49.243310168119116],[21.20055686513506,49.24330955757807],[21.200557730908983,49.24330877537667],[21.2008991742825,49.24297040643158],[21.200900053122258,49.24296943005408],[21.200899908410765,49.24296829363639],[21.200899680014583,49.24296382950193],[21.200900129311535,49.242959372560854],[21.20090125186664,49.24295496680559],[21.20090303659951,49.242950655723256],[21.200905465893708,49.24294648186655],[21.200908515770685,49.24294248643357],[21.200912156126396,49.24293870886136],[21.20091635102853,49.24293518643652],[21.20092105907108,49.24293195392725],[21.200926233783168,49.24292904324004],[21.200931824087625,49.242926483104945],[21.200937774805215,49.242924298791706],[21.200944027199284,49.24292251186071],[21.200946315507096,49.24292202831447],[21.200948419749526,49.242921511169605],[21.20094938448223,49.24292064873896],[21.201105971427992,49.2427654694411],[21.201227716741332,49.24264481606042],[21.201233288811522,49.24264002550355],[21.20183461219511,49.24218919386284],[21.201835979023464,49.24218810165731],[21.202703717334625,49.24144846644683],[21.202704691317376,49.24144759355953],[21.203572391610212,49.24062933195089],[21.20357323572479,49.24062845071426],[21.203573530027295,49.24062742850395],[21.20358305196349,49.240583056704224],[21.20359753760267,49.240515888133686],[21.20359792719239,49.240514082057764],[21.2036562262586,49.24024318602056],[21.203662199809052,49.24021542434354],[21.203662199869747,49.24021542400181],[21.20366298656146,49.240211767762645],[21.203676640443547,49.24014835255905],[21.203697953711924,49.24004937199042],[21.203699056000545,49.240045492991335],[21.203700673457934,49.24004169220948],[21.203702793626494,49.24003799891816],[21.203736949863128,49.239985604202715],[21.204280149448348,49.239151238948],[21.204281693771232,49.239148327274805],[21.20469329429281,49.23815742751657],[21.204693307626293,49.238157381396114],[21.204693705777352,49.23815610558296],[21.204693723657115,49.2381560522404],[21.204743336889056,49.23792130460586],[21.204744409333504,49.23791746581148],[21.204745986143834,49.23791370237691],[21.205061397840936,49.23727154297323],[21.20506180840737,49.23727054365126],[21.205060292108396,49.23727025191219],[21.20464364058797,49.237204232065885],[21.20463706560209,49.23720295960215],[21.204630717206047,49.23720126409881],[21.204624658703136,49.23719916246259],[21.204618950505864,49.23719667565008],[21.204613649533705,49.237193828458636],[21.2046088086454,49.23719064927912],[21.204604476111953,49.237187169812806],[21.204600695135234,49.23718342475529],[21.204597503417247,49.23717945145057],[21.20459493278414,49.237175289518476],[21.204593008868898,49.237170980459936],[21.20459175085571,49.2371665672427],[21.204591171288698,49.2371620938733],[21.204591275946846,49.23715760495805],[21.204592063786382,49.23715314525822],[21.204593526951157,49.237148759243716],[21.204595650851047,49.23714449064976],[21.2045984143074,49.237140382040586],[21.20462770935066,49.23710212819897],[21.205820436352884,49.2355434031415],[21.205840988596044,49.23551654497472],[21.205842442987997,49.23551436264416],[21.205872013350167,49.23546267862607],[21.206449263200167,49.23445308112054],[21.206449757460295,49.23445206650199],[21.206448326220627,49.23445156073724],[21.20636593945999,49.234425805442534],[21.20628400255771,49.23440018857511],[21.206204774935365,49.234375420856225],[21.206203314046636,49.23437501830107],[21.206201828008748,49.23437537923019],[21.20573372319219,49.23450579703977],[21.205730554470588,49.234506808767335],[21.205719861801967,49.23451068014932],[21.205591968067203,49.234556980362335],[21.205188784383136,49.234702938230626],[21.205183028099352,49.234704797574864],[21.205177031811548,49.23470629678267],[21.20517084792715,49.23470742275103],[21.205164530493217,49.234708165638985],[21.205158134723998,49.234708518953724],[21.20469504484072,49.234719864672],[21.204685171128297,49.234719640745766],[21.204282669180998,49.23469142769802],[21.204277521052113,49.23469093702636],[21.203820663814916,49.2346357453224],[21.203818545600363,49.23463553396101],[21.203186051202387,49.23458559336071],[21.203183690607418,49.23458546090968],[21.203047813677834,49.23458092359676],[21.203040470384337,49.234580418034625],[21.202361564022965,49.23450933182002],[21.20235800555012,49.23450908300316],[21.20172958777815,49.23448675950794],[21.201727997749845,49.234486753527264],[21.20172780281108,49.23448778690562],[21.201711720480358,49.23462897382551],[21.20171088615716,49.23463336749763],[21.201709395925697,49.23463768612518],[21.201707264238518,49.23464188782483],[21.201704511769226,49.23464593184715],[21.201701165211944,49.23464977897206],[21.20169725702247,49.23465339188895],[21.20169282510355,49.23465673555859],[21.201687912437187,49.234659777553134],[21.201682566667866,49.234662488370226],[21.2016768396405,49.23466484171966],[21.20167078689754,49.234666814777796],[21.201664467140372,49.23466838840931],[21.201657941660013,49.23466954735268],[21.201651273742616,49.234670280368064],[21.201644528055777,49.23467058034643],[21.20163777002133,49.23467044437852],[21.201631065180855,49.23466987378303],[21.20138986486618,49.23464137753864],[21.201383267328914,49.234640375800936],[21.20137685261027,49.23463895327635],[21.20137068313115,49.23463712380725],[21.201364818926056,49.23463490519609],[21.20135931705886,49.23463231903187],[21.201354231067572,49.23462939048023],[21.201349610443305,49.234626148038636],[21.201345500148715,49.23462262325885],[21.2013419401805,49.23461885044014],[21.20133896518015,49.23461486629531],[21.201336604096884,49.234610709593646],[21.201334879905954,49.23460642078342],[21.201333809385076,49.23460204159858],[21.20133340295119,49.2345976146523],[21.201333664559062,49.23459318302267],[21.201334591662857,49.2345887898333],[21.20133617524087,49.23458447783372],[21.201338399883358,49.234580288983324],[21.201341243942498,49.23457626404324],[21.201412185760688,49.234487620717964],[21.201412866374657,49.23448665517437],[21.20141131224552,49.234486346647984],[21.20085830917051,49.234396154789685],[21.200366357241506,49.234318856857975],[21.20036490995662,49.234318618527375],[21.20034413730019,49.23431504017254],[21.200067938926175,49.23426745604694],[21.200061378305374,49.23426609211054],[21.20005505921926,49.23426430483942],[21.200049045186535,49.23426211219899],[21.200043396659527,49.23425953622945],[21.200038170416516,49.2342566028242],[21.20003341899102,49.234253341469426],[21.200029190143695,49.23424978494788],[21.200000854489062,49.23422331668733],[21.199999851544092,49.23422247060829],[21.19999823016396,49.23422232960048],[21.199769373873607,49.23420980648386],[21.19976788605152,49.23420974633874],[21.199764216609662,49.23420965032139],[21.199757539496296,49.23420926112321],[21.199750952173577,49.234208447359705],[21.199744517442653,49.23420721678896],[21.19973829664991,49.23420558114287],[21.19973234910212,49.234203556015025],[21.199726731500995,49.23420116071225],[21.199721497402653,49.23419841807056],[21.199716696706993,49.23419535423726],[21.199712375181996,49.23419199842177],[21.199708574027404,49.23418838261727],[21.19970532948188,49.23418454129543],[21.19970267247757,49.23418051107795],[21.199700628345237,49.23417633038749],[21.19969921657268,49.23417203908114],[21.199698450619056,49.23416767807057],[21.199698337786494,49.23416328893197],[21.199698879150542,49.234158913509745],[21.199700069549852,49.23415459351741],[21.199701897635475,49.234150370140085],[21.19970434597899,49.23414628364185],[21.19970739123871,49.23414237298171],[21.19971100438222,49.2341386754424],[21.19974491426369,49.2341074444136],[21.199749185998012,49.23410390125787],[21.19975397880043,49.23410065649071],[21.199759244348563,49.23409774282665],[21.19976492955371,49.23409518964203],[21.19977097709608,49.2340930226787],[21.19984368984703,49.23406999509182],[21.199850299307233,49.234068174300226],[21.19985716272272,49.23406681486829],[21.19992748955038,49.23405547289365],[21.199933422583815,49.23405469584912],[21.19993943705005,49.234054263892325],[21.199945486236057,49.234054180378266],[21.200004311407383,49.234055066496516],[21.20001079967259,49.23405536605064],[21.200017215530426,49.234056066341026],[21.200046299366385,49.23406017652021],[21.20005389122093,49.23406155214487],[21.20006119248153,49.2340634881799],[21.200066289056977,49.234065068151224],[21.200072159920722,49.23406712192316],[21.200077699492923,49.23406953832826],[21.20008285570616,49.234072294654304],[21.200087770016022,49.23407519265946],[21.20009208900943,49.234077975194126],[21.20009601656513,49.23408099624498],[21.200099522095265,49.23408423228416],[21.200110641829436,49.2340955217001],[21.20011156333277,49.23409636831448],[21.200112600654126,49.234097155378514],[21.200153822871794,49.23412564680191],[21.200154841181146,49.23412629459867],[21.200156005036796,49.23412682139573],[21.20021876370869,49.23415279528745],[21.200220161478413,49.234153315173714],[21.200221683164134,49.234153654508],[21.20023460836803,49.23415609880746],[21.200234611672148,49.234156099375454],[21.200255876005446,49.234160119997526],[21.20025782255386,49.234160408607586],[21.200259807329417,49.23416054664505],[21.200305068307667,49.23416195204669],[21.200306774884105,49.234161948804186],[21.200308343297856,49.23416150829907],[21.200338431693794,49.234151857782784],[21.200344130147858,49.234150235114974],[21.200350029306897,49.234148956490806],[21.200393722125124,49.23414090310237],[21.200399369334992,49.234140029044156],[21.2004051090875,49.23413947039172],[21.200432254539674,49.23413759201736],[21.20043946751202,49.23413734309873],[21.200446680501777,49.23413759180095],[21.200453813672507,49.23413833537135],[21.200460788071247,49.23413956557974],[21.200517016166234,49.23415159383557],[21.20051849130659,49.234151862236594],[21.200520009794932,49.2341519537233],[21.200567485068827,49.23415342777501],[21.200569270928,49.2341534219339],[21.20057101588759,49.23415317301633],[21.200633109263965,49.234142056962725],[21.20063971725809,49.23414110042303],[21.200646436959538,49.23414057455666],[21.20065320307615,49.23414048447325],[21.200937578871894,49.23414588192599],[21.20093898899157,49.2341458706539],[21.200940392915314,49.23414578345315],[21.200974025255967,49.234142775244976],[21.200981152260237,49.234142383986374],[21.200988302750332,49.234142480374416],[21.20099539912943,49.2341430633632],[21.20100236438785,49.23414412662606],[21.201020076303976,49.23414747606271],[21.201025982941392,49.23414878609592],[21.201031683683972,49.23415044170193],[21.201083911592896,49.2341675087209],[21.201088949448643,49.23416933155995],[21.201143533549512,49.23419108553471],[21.201144845364762,49.23419155816347],[21.20114621521535,49.234191953940964],[21.201341216351953,49.23424174377228],[21.201346476702884,49.234243255831544],[21.201351525596028,49.234245050585294],[21.201394566211984,49.234261913984184],[21.201396133027053,49.23426245754639],[21.201397837468324,49.234262777546725],[21.201467509116007,49.23427332636192],[21.201475091229128,49.2342747798633],[21.201482368149975,49.23427679413994],[21.20149874022446,49.234282072445865],[21.20150425069943,49.234284059356106],[21.201509460327514,49.234286368209986],[21.201514325372543,49.23428897962415],[21.201518804991196,49.23429187167505],[21.201522861575878,49.23429502008323],[21.201526461070443,49.23429839841696],[21.201526954909998,49.23429891039751],[21.201528033399875,49.234299903560945],[21.20152954371375,49.23430061559499],[21.201597178462332,49.23432895446875],[21.2015985780693,49.23432948101964],[21.201600190080658,49.23432942672333],[21.201707921378347,49.23432241045124],[21.201709987546977,49.234322191506685],[21.20171199731983,49.23432180874342],[21.201792466302678,49.23430291181622],[21.201797836074615,49.23430181120398],[21.201878643297967,49.234287601168],[21.201884384693148,49.234286762411706],[21.201890214658306,49.23428624857863],[21.20189609039331,49.234286063441054],[21.201946046289205,49.23428589248963],[21.201952846742156,49.234286090205366],[21.201959583869563,49.23428672794251],[21.201966191441215,49.23428779943188],[21.202112590841114,49.23431665274525],[21.20211413027019,49.234316905714905],[21.20211571457802,49.234316967985116],[21.20243484305791,49.2343197827337],[21.202436745086285,49.23431976498423],[21.202557129256746,49.23431645474209],[21.20255863008309,49.23431639187867],[21.2027585623234,49.234305132662705],[21.202766233725562,49.23430498258826],[21.20287369484146,49.23430681664398],[21.20303441145378,49.23430863912098],[21.203035847717864,49.23430868930164],[21.203037163503186,49.234308684283945],[21.203039467418947,49.234308384645644],[21.203041261429114,49.23430809283808],[21.20304773817006,49.23430746030842],[21.203054277475566,49.23430723472735],[21.20306081985503,49.234307418147154],[21.203061222196993,49.23430745479326],[21.2030594939819,49.234305625682744],[21.203056526264568,49.23430166181911],[21.20305416651752,49.23429752646694],[21.203052437493223,49.23429325949927],[21.203051355862698,49.23428890205793],[21.20305093205483,49.23428449615729],[21.203051170155753,49.23428008427881],[21.20305206786956,49.23427570896164],[21.20305361654035,49.23427141239241],[21.20306013448729,49.23425661975266],[21.203062368225215,49.234252362974765],[21.20306524075356,49.2342482737921],[21.203068723279966,49.234244393191744],[21.203072780897923,49.234240760070165],[21.2030773729366,49.234237410843186],[21.20308245336856,49.23423437908104],[21.203087971271085,49.23423169517199],[21.203093871336574,49.23422938601762],[21.203100094426972,49.234227474763266],[21.203106578166395,49.23422598056591],[21.203113257566496,49.234224918402376],[21.203120065677744,49.23422429891903],[21.20312693426051,49.23422412832515],[21.20313379446906,49.23422440833057],[21.20314057754158,49.234225136128764],[21.20322752054907,49.234237419223106],[21.203228964472657,49.23423758123829],[21.20323042407642,49.23423757955088],[21.204423199686694,49.234202997865644],[21.20550687231039,49.23417156837662],[21.205649433753294,49.23416743304037],[21.205656245656346,49.23416745695926],[21.20566302040921,49.23416792281231],[21.20566969131659,49.234168826013274],[21.205676192705468,49.2341701576705],[21.20568246057173,49.234171904674184],[21.20568843321013,49.234174049825675],[21.20569405182189,49.23417657200658],[21.205699261093454,49.234179446386804],[21.205704009741076,49.23418264466898],[21.205708251015697,49.23418613536703],[21.205711943163134,49.234189884115985],[21.205715049835216,49.23419385401071],[21.205717540447502,49.23419800596864],[21.205719390480553,49.234202299115076],[21.205720581721145,49.23420669118526],[21.205721102441704,49.23421113894051],[21.20572094751569,49.23421559859393],[21.205715729491267,49.2342627280245],[21.205714904547243,49.234267140149164],[21.205713418292277,49.234271477363194],[21.205711285254928,49.2342756972686],[21.2057085262863,49.23427975861419],[21.205705168356257,49.23428362169871],[21.205701244289756,49.23428724875894],[21.205696792446002,49.234290604338916],[21.20569185634345,49.234293655636584],[21.2056864842344,49.23429637282418],[21.20568072863333,49.23429872934016],[21.205674645803523,49.23430070214862],[21.20566829520707,49.23430227196452],[21.20566173892363,49.23430342344228],[21.205655041043546,49.23430414532578],[21.205648267041333,49.234304430558296],[21.204437202675198,49.23431612819708],[21.203120591589645,49.23432882980279],[21.203113854065947,49.234328677995315],[21.203113035467837,49.2343286064803],[21.203113317431907,49.23432886349075],[21.20311462277943,49.23432952317448],[21.203192934103683,49.23436527696692],[21.20319446944383,49.23436590169056],[21.203196096891755,49.234366416818894],[21.20325574443817,49.23438281056811],[21.203261592583615,49.23438463492329],[21.203316815149005,49.234404005544455],[21.203319908219296,49.23440496374571],[21.203427875292327,49.23443419010425],[21.203429651823086,49.234434597586585],[21.203431485988006,49.23443487472395],[21.20349728815555,49.234442346751415],[21.203498890630517,49.23444247807964],[21.203500504873965,49.23444250992109],[21.203587600875462,49.23444153556057],[21.203590706806803,49.23444140837989],[21.203660086204053,49.23443649093848],[21.20366630124894,49.23443623644232],[21.20367252594267,49.234436351757786],[21.203732271259504,49.234439238383175],[21.203738022042,49.2344396765222],[21.203796949856525,49.234445824754765],[21.203803264569444,49.234446684489164],[21.203893657942952,49.23446192378843],[21.203895372495275,49.234462152337635],[21.20389711372935,49.234462265009725],[21.20392461435549,49.23446311807258],[21.203926192373412,49.2344631190762],[21.203927660273152,49.234462745875874],[21.203985345094168,49.23444604436017],[21.203993224081252,49.23444413135122],[21.2040014009392,49.23444286298552],[21.20403515288335,49.23443903818828],[21.204042605152097,49.23443846617412],[21.20405010823848,49.23443843011475],[21.204070366861608,49.23443905850686],[21.204080033208264,49.23443981075172],[21.20409439228116,49.23444161167929],[21.204100395118807,49.23444254949013],[21.204106245105635,49.23444383649633],[21.204141614518996,49.23445279523994],[21.204143352269323,49.234453166606016],[21.204145170908593,49.23445328724553],[21.204200842206102,49.234455014031184],[21.20420858189981,49.23445554321219],[21.20421618043,49.234456642533715],[21.20421821591015,49.23445701738011],[21.204224892780978,49.23445849297571],[21.204231303499263,49.2344604089823],[21.20423738052737,49.23446274521449],[21.20424305984312,49.23446547705987],[21.204325332658996,49.23450948119094],[21.20432656064214,49.23451007987299],[21.2043279876898,49.23451044288943],[21.204362606181327,49.23451809686819],[21.204364132001967,49.23451838335426],[21.204365705604136,49.2345184797841],[21.204393222656574,49.234519333245025],[21.204394951053292,49.23451932946812],[21.20439664291666,49.23451909795923],[21.20448151137917,49.23450451211073],[21.204488935399507,49.2345035192702],[21.20449648128207,49.23450306820902],[21.20449904807349,49.23450300797622],[21.20450604641851,49.234503077527044],[21.20451299758334,49.234503613306],[21.20451982932514,49.23450460974488],[21.20452647064217,49.234506056487724],[21.204532852511793,49.23450793849867],[21.204538908607738,49.234510236218114],[21.20454457598946,49.2345129257661],[21.204549795756236,49.23451597919031],[21.204550428077166,49.23451638889489],[21.20455156680193,49.23451706329693],[21.204552866083223,49.23451759135948],[21.204585462660496,49.234529558482976],[21.204586982789625,49.23453005319348],[21.204588622263007,49.234530341360646],[21.204650372538715,49.23453906518141],[21.20465176583215,49.23453922292024],[21.204653174246808,49.23453930486285],[21.204691794646877,49.23454050260445],[21.204693481330434,49.23454050028165],[21.204695134459207,49.23454028105287],[21.20475329902764,49.23453058630592],[21.204759805450983,49.23452971879049],[21.20476640941878,49.234529266913626],[21.20480844456537,49.23452773105792],[21.204816822125366,49.23452776019841],[21.204924689520514,49.234532454579075],[21.204928999940932,49.23453246438307],[21.2050072213511,49.234529417440406],[21.20500853891969,49.234529332558814],[21.20500984254445,49.234529181304524],[21.2052600424119,49.23449357190904],[21.205262687425126,49.23449312254536],[21.205343675903958,49.2344770841398],[21.205349855350093,49.234476062775556],[21.205356152801965,49.234475421045495],[21.205362513992892,49.23447516447962],[21.205395926618802,49.23447483443319],[21.20539918600923,49.23447487705733],[21.205399724638724,49.234474861861536],[21.205401299999625,49.234474500099275],[21.205621143148694,49.23441594262869],[21.20562354236497,49.234415337600645],[21.20579547651133,49.23437438335266],[21.20607449280589,49.234307923358074],[21.20607610038369,49.23430751016515],[21.206905199836825,49.23407847838115],[21.206906703301964,49.23407800527527],[21.206908129286642,49.23407743856402],[21.207440469648745,49.23384188965588],[21.207441817729883,49.233841226208256],[21.207442023435064,49.23384013015342],[21.207471900632292,49.23356899689221],[21.207472791691732,49.23356432943066],[21.20747442256802,49.23355974848173],[21.207694951266006,49.233060128343176],[21.207694951307367,49.23306012823976],[21.20804505845534,49.232266912177835],[21.208045431868573,49.232265880642565],[21.208044230114417,49.232265170357664],[21.207939223658467,49.2322089218448],[21.207936524201,49.232207614808544],[21.2078072869749,49.23215122841145],[21.207804018434,49.2321499674182],[21.207597076215603,49.23207992069412],[21.207588695309052,49.232076565863466],[21.207456597459604,49.23201477415329],[21.20745616315252,49.23201456931694],[21.207321440785904,49.23195050501759],[21.207315977634046,49.23194761653389],[21.20731099357729,49.23194437772609],[21.207208737542842,49.231870758596926],[21.20720766375079,49.231870051744394],[21.207206282559202,49.231869636953725],[21.20696847744249,49.23180641802574],[21.206965148365445,49.23180566094977],[21.20685972969342,49.23178559652137],[21.206854801304043,49.2317845245439],[21.206850010749697,49.23178321166686],[21.206735970704823,49.2317485831475],[21.20673460090957,49.231748213472734],[21.20673315966789,49.23174800492402],[21.206659228288412,49.231739468787104],[21.206654895613163,49.23173915280616],[21.206468413568917,49.23173337207975],[21.206462141286973,49.23173298814814],[21.206455949152357,49.231732229310424],[21.206449889304444,49.23173110195615],[21.206444012768785,49.23172961557802],[21.206397042134,49.231716082213254],[21.206390083875643,49.23171375952972],[21.20638357348004,49.231710934318436],[21.206377595205076,49.231707643143395],[21.206314504322112,49.231668690531976],[21.206313037321078,49.231667881898524],[21.206311331654835,49.23166730818408],[21.206218348977877,49.23164024741954],[21.2062169093409,49.231639878720486],[21.206215366760905,49.231639869441935],[21.206152981127584,49.231641334376114],[21.206151366822837,49.23164142275342],[21.20614985579868,49.23164180517013],[21.20609910594601,49.23165650142795],[21.206092003099958,49.23165825767446],[21.20599229032811,49.231678865339035],[21.20598848992556,49.23167957269594],[21.205868392802817,49.231699498822515],[21.20586337821569,49.23170020143467],[21.205858297532572,49.23170065695705],[21.20568125401486,49.231712138106126],[21.20567283744713,49.23171234391285],[21.205452618896317,49.23170887341021],[21.205446097250928,49.23170856666306],[21.205439649744367,49.23170785500636],[21.20543333486079,49.231706744895455],[21.203161017718358,49.23123021931177],[21.203154666326032,49.23122865674563],[21.203148581473926,49.23122669123672],[21.20314282259497,49.23122434198294],[21.203137445938154,49.231221631930204],[21.203132504019127,49.23121858754857],[21.20312804510731,49.23121523857366],[21.203124112754384,49.23121161771608],[21.203120745368892,49.23120776034204],[21.203117975841153,49.23120370412784],[21.203115831221947,49.23119948869192],[21.203114332458348,49.23119515520791],[21.203113494189154,49.23119074600246],[21.20311332460182,49.23118630414176],[21.203113825352602,49.23118187301099],[21.203114991550304,49.231177495890456],[21.203116811804136,49.23117321553296],[21.20311926833492,49.23116907374621],[21.203122337148727,49.23116511098434],[21.203296316237722,49.23096555536386],[21.204164264379337,49.22996997623778],[21.204227858633622,49.22989642220228],[21.204228561238462,49.22989550942854],[21.204227069843373,49.229895207671774],[21.20397497298876,49.22985281019212],[21.203971737739998,49.22985237361736],[21.20377526114286,49.22983226218807],[21.20345750283253,49.229799719995576],[21.203377328043953,49.22979148469834],[21.20312041155504,49.22976612490841],[21.203032459282504,49.22975744355879],[21.20303013133778,49.22975718689483],[21.20300390164325,49.22975399032164],[21.202856952781623,49.229736080832446],[21.202789594679956,49.229727955188814],[21.20269087027406,49.229716078251585],[21.20268658029294,49.229715743373745],[21.202656984869847,49.2297146646924],[21.20248901168123,49.2297085435278],[21.202381728495855,49.22970461034834],[21.202372353219197,49.229703840107035],[21.202312332823386,49.229696130745005],[21.202242209992193,49.229687093900125],[21.202240557032674,49.22968693600894],[21.20223905197206,49.22968741061961],[21.202156175055148,49.229716936028524],[21.202034430249114,49.229760318078775],[21.202033000489614,49.22976085711545],[21.202001909819362,49.22977323957518],[21.201959085552875,49.22979029501393],[21.201891752189262,49.22981711113775],[21.201659224113893,49.229909695168665],[21.201654004666377,49.229911575266826],[21.20164855599631,49.229913151958634],[21.20158200975386,49.22993018902189],[21.201582000089285,49.22993019168117],[21.201321116799573,49.22999701260028],[21.201155686949498,49.23003938314249],[21.201041522979175,49.23006862996535],[21.201038012778127,49.2300696819877],[21.20100673916992,49.230080487994584],[21.20085800803815,49.23013186101482],[21.200668556554778,49.23019732815626],[21.20066184057301,49.2301993540678],[21.200654830836296,49.23020089518049],[21.200647608666223,49.23020193361558],[21.200517364748013,49.23021589498273],[21.20031873600471,49.230237154280225],[21.20031328923266,49.230237591702895],[21.200307806513816,49.23023774281846],[21.20021612296956,49.230237867842995],[21.20003619582117,49.23023813077324],[21.199880556039442,49.23023842980174],[21.199816480581397,49.23023854981883],[21.199809515361597,49.2302383309235],[21.19980261998267,49.23023765041117],[21.19963142427481,49.23021487873012],[21.199630841936617,49.23021480469522],[21.199329143535724,49.23017821701724],[21.199300855706642,49.23017478607904],[21.19912929687336,49.23015400554766],[21.199126561737195,49.230153748347895],[21.199078465953235,49.23015051369713],[21.19888078527964,49.23013721085635],[21.198753654489206,49.23012865605246],[21.198696881361357,49.23012483479279],[21.198694234645806,49.23012462255515],[21.198499115708547,49.23010645061928],[21.198491763006725,49.230105495116284],[21.19836747250793,49.23008466649749],[21.198213209801434,49.230058810490846],[21.198068570727443,49.230034601557996],[21.1979010454389,49.230006539274235],[21.197743708017125,49.22998039735327],[21.197656225611016,49.22996586892777],[21.197654249263437,49.22996558106154],[21.197640132557133,49.22996380934803],[21.197633070976305,49.22996266610162],[21.197626233752285,49.22996103993014],[21.197625413201678,49.22996081186458],[21.19762374674444,49.22996047501954],[21.197582532520943,49.22995362980271],[21.19757650968634,49.22995243458271],[21.19757067928986,49.229950883174354],[21.197565090329576,49.22994898861552],[21.197559789774484,49.2299467668279],[21.19755482216985,49.22994423648319],[21.197531235523755,49.22993104252277],[21.197495234577975,49.229910903679624],[21.19743768461713,49.22987871070427],[21.197329064830168,49.22981792306491],[21.197257586512116,49.22977791901577],[21.197075609545905,49.22967607642468],[21.19697193520889,49.229618038253825],[21.19693771134073,49.229598878557134],[21.196863175335725,49.22955718265441],[21.1968452194792,49.2295471382398],[21.196841927514175,49.2295455104035],[21.19678421948104,49.22952039416562],[21.19678231500688,49.229519622735566],[21.19677811653201,49.229518043738985],[21.196684027120515,49.229482791047026],[21.196666205233786,49.22947611362564],[21.19663573326591,49.229464704832196],[21.196633896962396,49.2294641099738],[21.196631965137332,49.22946366333848],[21.196545537058306,49.229447425308216],[21.196519924486594,49.22944261695484],[21.196414789241626,49.229422881341115],[21.19641275237106,49.229422585781634],[21.196410675676322,49.22942245504314],[21.19633718471737,49.2294207828369],[21.196214234123907,49.229418040626584],[21.19611528875884,49.22941577470539],[21.19602335303225,49.22941371222917],[21.196021683500156,49.22941372828903],[21.196020050604393,49.22941395667427],[21.195999286265337,49.229417564515956],[21.19591726275781,49.22943177448685],[21.195911100245656,49.22943264597714],[21.19590484164104,49.229433143536305],[21.195887301998024,49.22943400510754],[21.195706866132884,49.22944286453866],[21.195633025641555,49.229446506150275],[21.195521754427013,49.22945199256851],[21.1955148713381,49.22945210517884],[21.195508005645042,49.22945176567492],[21.195501226412876,49.22945097747194],[21.19549460183688,49.22944974849875],[21.19548819855657,49.229448091118144],[21.195316322608207,49.22939693666451],[21.195309452042178,49.22939457643107],[21.195303032003746,49.229391723556155],[21.195297144493896,49.22938841447854],[21.19508215661758,49.229253035115136],[21.195014706092024,49.22921055610873],[21.194852425672195,49.22910835433573],[21.194852109496118,49.22910817405482],[21.194850876756867,49.22910745389876],[21.194849982861218,49.22910691890589],[21.194793654699538,49.22907620785162],[21.19461433719018,49.22897844260901],[21.19461423986255,49.22897839454135],[21.194611725810148,49.228977091502976],[21.19461171807584,49.22897708729817],[21.1945057116766,49.228924998332296],[21.194483146504794,49.228913923569515],[21.194481776175827,49.22891331709012],[21.19448013155679,49.228913202475724],[21.19441148152012,49.22891062860319],[21.194411390887645,49.22891062670908],[21.194370702891945,49.2289091369668],[21.19429637661978,49.228906417484794],[21.194296285326367,49.228906414104564],[21.194199065321353,49.22890277182402],[21.194195389733796,49.22890256911216],[21.194167643266017,49.22890054591269],[21.194166288600545,49.2289004470741],[21.194080259650782,49.22889417457796],[21.19407738278248,49.22889392439676],[21.193991723865867,49.228885264815474],[21.19399098191817,49.22888518708393],[21.193791169793926,49.22886351807172],[21.193724520762924,49.22885631672254],[21.193615099475426,49.22884462806066],[21.193541463094945,49.22883672251386],[21.193537585072207,49.228836230749174],[21.193462264947946,49.22882519825304],[21.19328600810564,49.22879937064047],[21.193286002475737,49.22879936991066],[21.19322256795856,49.228790078113626],[21.19321584309512,49.22878885496046],[21.193209342625625,49.22878719093189],[21.193203133743538,49.22878510322847],[21.193197280628247,49.22878261343015],[21.193104581942077,49.2287386371206],[21.19305351657178,49.228714394969714],[21.19304804734501,49.22871150784881],[21.19304305726897,49.2287082697904],[21.193038598596328,49.2287047147012],[21.193013250988024,49.228682252440436],[21.193012781270443,49.228681831098434],[21.19290185094221,49.22858110309601],[21.19289893342506,49.22857822725149],[21.192896361494533,49.22857521325461],[21.192830758210754,49.228490884355445],[21.192828258012916,49.228487287957115],[21.192826249665583,49.228483561668426],[21.192824748684004,49.22847973427658],[21.192797936041032,49.22839630164152],[21.19279662757957,49.22839014114053],[21.192779700667934,49.228229702726075],[21.19277953952944,49.228226959523276],[21.19277739460553,49.228049516877185],[21.192777340701213,49.22804842306841],[21.19276938483398,49.22795648281691],[21.192769197588838,49.22795534750164],[21.192768834852856,49.22795423056758],[21.19274711739501,49.22790088338653],[21.192746637171766,49.22789989129898],[21.192746018526034,49.227898932657425],[21.192718099555908,49.22786072129884],[21.192711518592883,49.22785171473228],[21.192710797214133,49.22785083191945],[21.192709560930723,49.22785024286062],[21.192691320886784,49.22784234925619],[21.192543367292757,49.22777918938891],[21.192541816038496,49.22777860066138],[21.19254017895446,49.22777812147424],[21.192198579312382,49.22769189940382],[21.192198334084477,49.22769183715253],[21.191885584525938,49.22761199323496],[21.191885016602,49.227611862581824],[21.191565978479556,49.22753495967132],[21.191565525550825,49.227534866587696],[21.19156325298244,49.22753437085491],[21.19156281960603,49.22753427078491],[21.191224483137372,49.22746806383731],[21.191216361243306,49.22746610137366],[21.191159364334766,49.22744958592474],[21.19105139160597,49.227418298800366],[21.191043641921024,49.227415654880595],[21.190837516746797,49.22733400994603],[21.190774536356265,49.22730906342565],[21.190453227122113,49.22718179267427],[21.19045131230066,49.22718108801127],[21.19035633659964,49.22714871079074],[21.189991078189063,49.227024192587635],[21.18996058714459,49.2270139062474],[21.189739081604035,49.2269391795391],[21.189736548625,49.22693837003176],[21.189384650658777,49.226831783964556],[21.189380239719597,49.22683031938489],[21.189222981218432,49.22677335064791],[21.189216367177682,49.22677062147907],[21.189030167681167,49.226683711247375],[21.189024521860333,49.226680771231706],[21.189019378234722,49.22667745944457],[21.189013154937733,49.22667300782234],[21.189011842161058,49.22667216465079],[21.189010398739786,49.226671418675224],[21.188675584012856,49.22651675993737],[21.18867106231616,49.226514481224854],[21.188575768884117,49.22646218846641],[21.188570242252908,49.22645879890142],[21.188565319209452,49.22645503131488],[21.18856105964779,49.22645093154357],[21.188557515389927,49.22644654946569],[21.188535283389957,49.226414964484846],[21.18851169510113,49.226381453585454],[21.188509359515,49.226377698863885],[21.188446737750198,49.22626240218328],[21.18844564355792,49.22626063017763],[21.18836907323981,49.22615036901337],[21.18836673603767,49.226147555347055],[21.188275815264223,49.22605458032033],[21.188274005396703,49.226052903545806],[21.188173199163913,49.22596802305792],[21.18817210360963,49.225967188796496],[21.188170779972815,49.225966511080124],[21.18807146200675,49.225920632204144],[21.18807146170571,49.22592063207224],[21.188028204102643,49.225900649850644],[21.188026995416994,49.225900139893746],[21.188025678052362,49.22589977103238],[21.18788789115142,49.225865565940346],[21.18783636228467,49.225852773408185],[21.187835010410247,49.225852479293486],[21.187833607631216,49.225852336681584],[21.18764827713105,49.225838601280905],[21.18762815875861,49.225837110113915],[21.187625931029846,49.22583699296909],[21.187292064833564,49.22582658842418],[21.18713342006119,49.22582164368548],[21.187131961081157,49.22582161855944],[21.18700582987501,49.22582120357136],[21.186921377774226,49.22582092545779],[21.186916834113966,49.22582110843938],[21.186651996097922,49.2258434062037],[21.186558575348982,49.225851270327894],[21.186556991381167,49.2258514283643],[21.186277638015124,49.22588368691983],[21.186269433422307,49.225884303948526],[21.18605334980801,49.225891972449126],[21.186047151278977,49.22589200883869],[21.185518679109606,49.22587947106161],[21.18525678566566,49.225873256636945],[21.185251616108697,49.22587300568575],[21.185246490206165,49.225872499946355],[21.184964676414108,49.22583752153088],[21.184961854423403,49.22583725030082],[21.184724512327836,49.22582100499484],[21.18472257767443,49.2258209086934],[21.18446672185853,49.225812929172925],[21.18442505604893,49.225811629518375],[21.184423370298,49.225811604099015],[21.184148026116187,49.22581188364447],[21.184145793363076,49.22581193354229],[21.184060066879855,49.22581568229796],[21.18406006662763,49.22581568231304],[21.183870023449266,49.225823992989454],[21.18386745243449,49.225824073741286],[21.183633907564662,49.225828536449285],[21.183630165524104,49.225828541118496],[21.183522576754594,49.22582675400165],[21.18343234876779,49.22582525332683],[21.183423165068458,49.225824694615184],[21.1833886830615,49.22582105335615],[21.183297689032088,49.225811442880016],[21.183253373788848,49.225806762152246],[21.18324701357285,49.22580588624101],[21.183240808346593,49.22580462028592],[21.1832348137376,49.225802975635816],[21.183096208912765,49.225759788796175],[21.18309090747754,49.22575794668407],[21.18308587196273,49.22575580833666],[21.18289644188342,49.22566743002325],[21.182891377090083,49.22566482406184],[21.182710666240155,49.225562509727325],[21.182490803796398,49.225438029483584],[21.1824866953159,49.22543550308668],[21.182293151348052,49.22530629637857],[21.18211133728625,49.225184917753396],[21.182109938140073,49.225184035109],[21.181774534249644,49.22498411911188],[21.181769390946755,49.22498070781945],[21.181764831500413,49.224976957205094],[21.18176443558275,49.22497659327038],[21.181606289986135,49.224831216443846],[21.181605449287403,49.22483050571461],[21.18160452438344,49.22482984136715],[21.18151976944531,49.22477366045302],[21.181517803499823,49.224772301857854],[21.181304928412455,49.22461891792035],[21.181304136406716,49.22461836621489],[21.181220149493072,49.2245618017258],[21.181215538744055,49.22455836222776],[21.181211485822907,49.22455463350339],[21.181208032736908,49.22455065419985],[21.181205215276208,49.22454646556158],[21.18120306264283,49.224542111002606],[21.181201597148043,49.22453763565672],[21.181200833981087,49.224533085909584],[21.181200781051796,49.22452850891802],[21.181201438908552,49.22452395212129],[21.181202800732688,49.22451946274914],[21.181204852409103,49.22451508733267],[21.18120757267261,49.22451087122176],[21.181427911062904,49.22421268856213],[21.18143115863843,49.22420879593252],[21.18152431272498,49.22410915863902],[21.181745562371606,49.22387250580554],[21.181899227396624,49.2237081408821],[21.181900041100572,49.22370716483979],[21.181900703082537,49.22370614077426],[21.182078455126003,49.22338804998893],[21.182301279752803,49.222989297771065],[21.182301772617617,49.222988255232046],[21.1823003573874,49.22298767918225],[21.18221027773526,49.222955027412134],[21.182206144721974,49.22295340258217],[21.181972455448378,49.222854057910155],[21.181969749904596,49.22285301965597],[21.181803303767083,49.22279567129348],[21.18179853691352,49.22279386540422],[21.18163203361687,49.22272480470943],[21.18163137280266,49.22272453743525],[21.181257612805414,49.22257716481232],[21.181253621348997,49.222575815912194],[21.18098987291049,49.2225005718233],[21.180987175987568,49.22249975650477],[21.180574538043174,49.22236784192895],[21.180567656369774,49.22236531124414],[21.180561263689032,49.22236227987241],[21.180448959032272,49.222302288608724],[21.180444518597657,49.222299698957734],[21.18028608451593,49.222198911361815],[21.180284835051907,49.22219819117949],[21.180283214576114,49.2221979425074],[21.180158077486492,49.22218294417169],[21.18015642755291,49.22218280169254],[21.180155350521364,49.222183632697735],[21.180147842913026,49.22219004836304],[21.180143354075728,49.22219350753019],[21.180138355519727,49.22219665253954],[21.18013289821427,49.22219945132212],[21.180127037806383,49.22220187533927],[21.180120834053497,49.22220389987366],[21.180114350214073,49.22220550428159],[21.1801076524026,49.22220667220307],[21.180100808915416,49.22220739172922],[21.1800938895343,49.222207655523036],[21.180086964814887,49.222207460894644],[21.18008010536729,49.22220680982874],[21.180073381136022,49.222205708964026],[21.180066860686818,49.22220416952584],[21.180060610507468,49.22220220721155],[21.18005469432986,49.222199842030555],[21.18004917248008,49.22219709810003],[21.17999350885323,49.22216641768078],[21.17998856142024,49.22216340633155],[21.179984089759913,49.22216009108428],[21.17998013716581,49.222156504036406],[21.179976741906025,49.22215267991702],[21.17997393685258,49.22214865575038],[21.179971749163265,49.22214447049773],[21.17997020001866,49.222140164679665],[21.179969304417064,49.222135779984164],[21.179969071029323,49.2221313588629],[21.179969502114876,49.22212694412019],[21.179970593499867,49.22212257849854],[21.180016743553807,49.22198180866546],[21.18001843614481,49.221977634052614],[21.180020732526177,49.22197358509488],[21.18002361150216,49.221969699163935],[21.180027046499728,49.221966012127055],[21.180031005813767,49.22196255801551],[21.18003545289974,49.22195936871064],[21.180040346711063,49.221956473649655],[21.18013174200785,49.221907416106134],[21.180132902151183,49.22190673018075],[21.180131904684444,49.221905942092924],[21.179954079516957,49.22177836934116],[21.17995293050004,49.22177762088622],[21.17995131013642,49.221777608889504],[21.17957013673553,49.221786826592684],[21.17956314173084,49.2217867620636],[21.179556193085983,49.221786231493155],[21.179549362983234,49.221785240392755],[21.17954272237352,49.22178379905806],[21.179536340239252,49.221781922461545],[21.17953028287783,49.22177963009723],[21.179513607130165,49.22177255328681],[21.179510207799535,49.22177111035822],[21.17950871253028,49.22177054505438],[21.179507063638404,49.22177088022074],[21.179462902549005,49.22178151867303],[21.179456307919263,49.22178286475738],[21.17944954013363,49.22178376987746],[21.179442667732435,49.22178422486658],[21.179435760315588,49.22178422511692],[21.17942888783758,49.22178377062592],[21.179220758451976,49.22176303258258],[21.17921924836019,49.22176287081504],[21.17900303588898,49.221738085125374],[21.179001394982112,49.221737952132024],[21.179000766345993,49.22173895381024],[21.178889520640944,49.22194503299391],[21.178889005002468,49.22194618116299],[21.178889071794558,49.22194737717789],[21.178907083021425,49.222077613096516],[21.178907361227168,49.222081984503205],[21.178906989414426,49.222086352922965],[21.17890597110425,49.22209067698522],[21.17890431594025,49.222094915739405],[21.178902039597325,49.22209902904288],[21.17888017401,49.22213324374319],[21.178813508554526,49.222237558200696],[21.178719020857116,49.22238540585744],[21.178718481492787,49.22238637614035],[21.178719485557703,49.22238717221569],[21.178962151866443,49.22256204235432],[21.178966484412978,49.22256549467952],[21.17897027228426,49.22256921168422],[21.178973478053393,49.22257315664195],[21.178976070045056,49.22257729057368],[21.17897802264843,49.22258157263349],[21.178979316570278,49.22258596051156],[21.178979939025574,49.22259041085263],[21.178979883863857,49.222594879684316],[21.178979151629974,49.222599322851266],[21.178977749558744,49.222603696452005],[21.178936124832394,49.222707566827296],[21.178935792508685,49.22270859265329],[21.178936632810508,49.22270948526964],[21.17898974201282,49.22276031652917],[21.178993298728336,49.22276411109952],[21.17899626495066,49.222768117500465],[21.178998611585236,49.22277229643509],[21.179000315614786,49.22277660691384],[21.179001360325056,49.222781006657215],[21.17900173546873,49.22278545250994],[21.17900143736603,49.22278990086458],[21.179000468940725,49.22279430808901],[21.17899883969152,49.22279863095467],[21.178996565598894,49.22280282706038],[21.1789936689683,49.22280685524821],[21.17899017821147,49.22281067600735],[21.17898612756767,49.2228142518615],[21.178981556767916,49.22281754773662],[21.178976510645246,49.2228205313048],[21.178971038694957,49.22282317330132],[21.17896519458915,49.22282544781201],[21.178959035650298,49.22282733252707],[21.178952622288957,49.222828808960024],[21.178946017411217,49.2228298626292],[21.178939285801683,49.222830483199544],[21.17893249348807,49.22283066458412],[21.178925707093494,49.22283040500381],[21.17891899318301,49.22282970700468],[21.178912417610725,49.22282857743327],[21.178906044873795,49.22282702736892],[21.17889993747986,49.222825072015716],[21.17889415533387,49.2228227305529],[21.17888875515056,49.222820025946966],[21.178850240815454,49.2227986764486],[21.17873785454167,49.22273637778198],[21.17848424256445,49.22259579314082],[21.178483035298658,49.22259518745009],[21.17848291189587,49.22259618023772],[21.178479153105048,49.222671842840526],[21.178476514220264,49.22272500359754],[21.178473501963037,49.22278564986436],[21.17846287862633,49.22299950744533],[21.178462867197492,49.22300068312923],[21.17847211726541,49.22330677512242],[21.17848244150933,49.223648393174486],[21.178487232298462,49.22380689252672],[21.17848724281995,49.22380716010799],[21.178501675015784,49.22410523201048],[21.178502687527217,49.22412613956775],[21.178502896163284,49.224128001452996],[21.17855128837055,49.22440283977847],[21.178567281817376,49.224493678748345],[21.17856731749904,49.224493885618955],[21.178581167388785,49.224575884129344],[21.17858146153656,49.224578147544015],[21.17860202959857,49.224803728409995],[21.17861281400291,49.22492200357522],[21.17863040483784,49.22511491278711],[21.17863877177771,49.22520667285323],[21.178638822574175,49.22521140157788],[21.178632208162195,49.22530638258734],[21.17863220814507,49.22530638312729],[21.17863128389534,49.22531965832287],[21.178624383224566,49.22541875881623],[21.178623476314797,49.22542427340866],[21.178623181692508,49.225425404177415],[21.17860271582646,49.22550849424553],[21.178601857651632,49.2255113762948],[21.178524807434542,49.22573159355844],[21.178523841586014,49.225734036882606],[21.178459623091666,49.22587953027931],[21.178457215939034,49.22588406197992],[21.178454635296415,49.225888195120135],[21.17844031519862,49.22591655040873],[21.17844031500834,49.22591655081869],[21.17836290128634,49.22606984230405],[21.178360512214564,49.2260739024964],[21.17835753505225,49.226077792409626],[21.17835399768662,49.226081475606556],[21.178349933252402,49.226084917586306],[21.178345379821454,49.22608808610754],[21.178324443076114,49.226101309967405],[21.178113950778425,49.22623426433863],[21.178060072466902,49.2262682938576],[21.177986483141147,49.226314772973225],[21.17789714515622,49.22637119620233],[21.177896154888177,49.226371876327505],[21.17789535494984,49.226372652560734],[21.177855271503308,49.22641527050835],[21.177853414481646,49.22641752310105],[21.177809408737886,49.22647905231148],[21.17771360222371,49.226613069961054],[21.177668574637732,49.22667607205299],[21.177617747798575,49.226747187597304],[21.17761622986825,49.22674969295719],[21.177572017499315,49.226837746160946],[21.17737431991302,49.22723133624536],[21.177372412456997,49.22723468021324],[21.177223262173094,49.227467511952966],[21.177222787741787,49.22746823476812],[21.1771878837343,49.22752015547335],[21.177125449974756,49.227612997441284],[21.17703035124852,49.22775439769253],[21.177030342462384,49.22775441167625],[21.177003801417815,49.227793910082156],[21.17700326478974,49.22779481256738],[21.177002974626614,49.227795758751505],[21.176962080578658,49.227966798840846],[21.176920444863185,49.22814107972521],[21.17692027329339,49.22814189546059],[21.176895565309405,49.22827773267826],[21.176880927978655,49.228358200350584],[21.17687995289073,49.22836209584737],[21.17687845981177,49.22836592031084],[21.176769284019308,49.228601873600844],[21.176769261416073,49.22860192235169],[21.176765708896138,49.228609568870134],[21.176765663456774,49.22860966627846],[21.176752404775115,49.228637974081],[21.17675195161367,49.22863917440039],[21.176751703301584,49.22864040012502],[21.176736636058266,49.22876886585768],[21.17672281186745,49.22888670589503],[21.17670001989847,49.22908061718938],[21.176684893972737,49.22920952762895],[21.17668484439164,49.22921049187963],[21.176684921553658,49.22921145535252],[21.176696762390584,49.229292465266546],[21.17669826288374,49.22930273442851],[21.176726536160135,49.229496249256876],[21.176730909728843,49.2295261875633],[21.176733460563728,49.22954359956054],[21.176733499735004,49.22954387591348],[21.17675294860957,49.229685847079146],[21.176761904278123,49.229751579766265],[21.17678231250342,49.22990154825947],[21.176788326067197,49.229945401469024],[21.176802664024553,49.230050456380965],[21.176803099296553,49.230053636947105],[21.176820769983223,49.23018298783109],[21.176834414173616,49.230282432695155],[21.17684488806379,49.23035925836935],[21.176845157314446,49.230363659066306],[21.176844767790516,49.230368055900634],[21.1768437232299,49.23037240667792],[21.176821381033953,49.23044279449163],[21.1767907138957,49.23054183239677],[21.17679068289211,49.23054196514797],[21.176790464102588,49.230542901961044],[21.17679040053063,49.23054365574604],[21.176790415350524,49.23055251140584],[21.176790094950995,49.23055689951555],[21.176789122125356,49.23056124619727],[21.176787506162153,49.230565509947944],[21.176785262490764,49.23056965005657],[21.176720571645447,49.23067273910995],[21.17672006343952,49.23067359869012],[21.176646577869395,49.230805886030886],[21.17660703181422,49.230877020458855],[21.176577754222013,49.23092976525585],[21.176556235463387,49.230968518650975],[21.176510386696883,49.2310510285635],[21.176509829307264,49.23105224208433],[21.17650970377562,49.231053506647214],[21.176508397388876,49.231159120076626],[21.17650829476606,49.23116794820599],[21.17650685021648,49.231293374072735],[21.176506206912308,49.23134367954553],[21.176504981297548,49.231447260878106],[21.176504642239465,49.23147481514138],[21.176502867669136,49.23161958678665],[21.176501276208864,49.231751873426504],[21.176500939036654,49.23177993829315],[21.176499121887023,49.23193687642235],[21.176498226408366,49.23201138255906],[21.176497317587124,49.23209083257479],[21.176497210766616,49.232093025304174],[21.176484720520193,49.23223817471058],[21.17648103736892,49.23228082582838],[21.17648033038184,49.23228520066114],[21.17647897386985,49.23228950930005],[21.17647698082129,49.232293710490374],[21.176474370319244,49.23229776400591],[21.176471167358937,49.2323016310347],[21.17646740260829,49.23230527455019],[21.17646311211441,49.23230865966614],[21.176458336958312,49.23231175397011],[21.1764531228617,49.23231452783457],[21.176447519749093,49.232316954699826],[21.17644158126982,49.2323190113289],[21.1764353642844,49.23232067802973],[21.176428928319982,49.232321938843654],[21.176422335000495,49.232322781698606],[21.1764156474565,49.232323198524234],[21.1764089297208,49.232323185329484],[21.17640224611526,49.2323227422407],[21.176374619414915,49.232320010963214],[21.176372993566833,49.23231990428871],[21.176372715039122,49.232320958678],[21.17636590379884,49.23235754530252],[21.1763657818431,49.23235868074711],[21.176366188825344,49.232359787354454],[21.17638745601105,49.23240689855399],[21.176495753642165,49.23264685383227],[21.17652127100756,49.23270338663144],[21.176531729790337,49.23272656503634],[21.176592123557512,49.232860386848934],[21.17659369905629,49.232864624177026],[21.176594640216475,49.232868941533084],[21.176594938181946,49.23287329829255],[21.17659459014879,49.232877653459845],[21.176593599391712,49.232881966054556],[21.176591975233194,49.232886195496725],[21.176589732955808,49.23289030198882],[21.17658689365842,49.23289424689036],[21.176583484057645,49.23289799308116],[21.176120434231464,49.233354807008226],[21.176105828705168,49.23336921359992],[21.1759154587018,49.23355701620916],[21.17589198642291,49.23358017270962],[21.175887865232646,49.23358382390203],[21.17588320270139,49.23358718427602],[21.175878046381445,49.23359021955953],[21.17587244886119,49.233592898796324],[21.175866467228786,49.23359519466119],[21.175860162489887,49.23359708373903],[21.17585359894551,49.23359854676345],[21.175849553366678,49.23359915883348],[21.175849564134403,49.233599189141735],[21.175846119668584,49.233599713915346],[21.175845112551052,49.23360065054269],[21.175799072358075,49.23364858561497],[21.175723487782744,49.23372742511091],[21.175569400233634,49.233887923518495],[21.17556720918717,49.23389058912165],[21.17553411447672,49.2339383054276],[21.17550626752523,49.233978454052604],[21.17545187574699,49.23405696637672],[21.175380602942415,49.234159896039664],[21.17537761851428,49.234163711197645],[21.175374092796044,49.23416732288881],[21.17537005783904,49.23417069828007],[21.17536555032403,49.234173806686606],[21.17536061122768,49.23417661985056],[21.175355285450102,49.234179112198184],[21.17534962140665,49.23418126107205],[21.175343670587807,49.23418304693737],[21.17533748709106,49.234184453559074],[21.17533112712916,49.23418546814995],[21.17532464851905,49.23418608148667],[21.175318110156322,49.23418628799346],[21.17531157147973,49.234186085793006],[21.175305091930902,49.234185476723475],[21.175298730413946,49.2341844663218],[21.175292544759948,49.23418306377327],[21.175286591201264,49.2341812818282],[21.174071827910414,49.23377076329554],[21.173230580624377,49.23348646290211],[21.173230369478606,49.233486396137195],[21.173156496386767,49.233461670160835],[21.172396454062415,49.23320732215956],[21.172394961119092,49.233206882487686],[21.172394038841553,49.23320776813635],[21.17218703083099,49.23342952620555],[21.172186268353773,49.23343044028073],[21.17218765537226,49.233430950029685],[21.173101991168263,49.23372960171835],[21.173122697996114,49.23373636498525],[21.173122896364408,49.2337364300386],[21.173646828676524,49.23390894178145],[21.173646828700704,49.23390894178895],[21.17421804294603,49.234097017514365],[21.174218044433342,49.23409701797482],[21.174219214977935,49.2340974033815],[21.174802617300763,49.23428630332371],[21.175017769642253,49.23435596609564],[21.175143745349583,49.2343967550023],[21.175149508681024,49.23439885236089],[21.175154938196858,49.2344013020811],[21.175159983819736,49.234404081568655],[21.17516459901303,49.23440716518799],[21.17516874120999,49.234410524498365],[21.175172372206372,49.234414128516256],[21.175175458512772,49.234417944001294],[21.17517797166357,49.23442193576261],[21.1751798884794,49.23442606698349],[21.175181191281002,49.23443029956103],[21.175181868052253,49.23443459445738],[21.17518191255102,49.23443891206],[21.17518132436672,49.234443212546864],[21.17518010892412,49.23444745625385],[21.1751782774333,49.23445160404047],[21.17517584678629,49.23445561765082],[21.175142214619814,49.23450420414352],[21.17513816212646,49.23450919725309],[21.17503236329989,49.23462183327268],[21.174959980030863,49.23469889441635],[21.17487874688916,49.234785376377],[21.174766937329373,49.234904411567975],[21.174763758636495,49.23490750108146],[21.174682858394842,49.23497950331743],[21.174479219119082,49.23516074219156],[21.174323743645687,49.23529911568391],[21.1742220211117,49.235389647686546],[21.174091914487793,49.23550544064609],[21.173902318867125,49.23567417614592],[21.17389842128582,49.23567733535395],[21.17389410422873,49.23568025134995],[21.173889402925045,49.235682900337984],[21.173884355739617,49.23568526070111],[21.173879003859867,49.23568731317744],[21.17387339095969,49.23568904101801],[21.173580174493054,49.23576892325038],[21.173498469292948,49.23579118212646],[21.17349702391374,49.23579163236577],[21.17349801156885,49.23579245713591],[21.173584950241175,49.23585805479932],[21.1735892104854,49.23586161657238],[21.17359290248965,49.23586544068684],[21.173595988866207,49.23586948841723],[21.173598438360322,49.235873718773696],[21.17360022616669,49.23587808891696],[21.173601334180642,49.23588255459216],[21.173601751181547,49.235887070576986],[21.173601472946395,49.23589159113957],[21.173600502292587,49.23589607050187],[21.173598849049405,49.23590046330285],[21.173596529958505,49.235904725058155],[21.173593568504376,49.23590881261048],[21.173496326076794,49.236027246644355],[21.17349239484642,49.23603146169336],[21.173295053113954,49.236219044547205],[21.173292560423846,49.23622126506752],[21.17316925067479,49.23632433515996],[21.17316504281344,49.2363275312211],[21.17316039587307,49.236330454867954],[21.17315535079218,49.23633308034382],[21.173149952016804,49.23633538451875],[21.173144247108983,49.236337347093524],[21.17313828632774,49.23633895077817],[21.173132122186313,49.23634018144465],[21.173125808989496,49.236341028251026],[21.173119402355262,49.23634148373706],[21.172875586245713,49.23635126702281],[21.172873952750848,49.23635138561839],[21.172873199800772,49.23635234222705],[21.172601468995516,49.23674374444332],[21.172525872603632,49.236852631783094],[21.17239664826564,49.237038762249874],[21.172276464033402,49.23721186961711],[21.172275862552816,49.23721285797642],[21.172275406904216,49.23721387922792],[21.17223265209152,49.23732990784005],[21.172162058647366,49.237521487879114],[21.172137687048824,49.23758762971186],[21.172137363326744,49.23758875985312],[21.172137218229228,49.23758990576977],[21.1721274383531,49.237793918845206],[21.172126905184694,49.23779827406143],[21.172125728911457,49.23780257482326],[21.172123920642502,49.23780678051217],[21.172121497455848,49.23781085140765],[21.17211848223708,49.23781474906225],[21.172114903463257,49.237818436664554],[21.172110794933943,49.2378218793871],[21.17210619545197,49.23782504471512],[21.172101148457042,49.237827902753686],[21.172095701615387,49.23783042651019],[21.172089906369592,49.23783259214884],[21.172083817452783,49.237834379216416],[21.172077492371713,49.23783577083488],[21.172070990863542,49.23783675386118],[21.17206437433177,49.23783731901104],[21.172057705266187,49.23783746094702],[21.172051046652793,49.237837178328455],[21.172044461378835,49.23783647382464],[21.172038011638936,49.23783535408928],[21.172031758347625,49.23783382969761],[21.17202576056408,49.237831915046804],[21.170894572166567,49.23742511903251],[21.170805511796534,49.237393090547855],[21.16921131696859,49.23682535766305],[21.168876916949884,49.236706265498164],[21.168875408197845,49.23670579151668],[21.168874333755,49.23670663158036],[21.168841651214333,49.23673499500594],[21.16884080069371,49.236735804619265],[21.168840181739828,49.236736695672775],[21.16880327928734,49.23679660492651],[21.16880327926986,49.23679660495703],[21.168746906305948,49.23688812348165],[21.168680132709387,49.23699792978232],[21.1686135690018,49.23710741307338],[21.168613044624557,49.23710841669993]],[[21.19970404260104,49.23882195839303],[21.19970297257328,49.23882273126316],[21.199700553370295,49.238824661154894],[21.19969608641804,49.238827891709946],[21.19969116277103,49.23883082390573],[21.19968582869104,49.23883343019172],[21.199680134296294,49.23883568607959],[21.19967413309046,49.23883757037336],[21.199667881460016,49.23883906536859],[21.199661438144396,49.23884015701832],[21.199654863684085,49.238840835065645],[21.199648219851813,49.23884109313975],[21.199641569072128,49.23884092881578],[21.199634973834822,49.238840343637655],[21.199628496107866,49.23883934310373],[21.199622196755058,49.23883793661482],[21.199616134964256,49.23883613738611],[21.199610367691157,49.23883396232288],[21.199604949124218,49.23883143186171],[21.199599930175467,49.23882856977851],[21.199595358002153,49.23882540296499],[21.19959127556367,49.23882196117604],[21.199587721217924,49.23881827675023],[21.199584728360875,49.23881438430587],[21.19958232511284,49.23881032041574],[21.199580534054217,49.23880612326357],[21.199579372013364,49.238801832285205],[21.19957884990846,49.23879748779789],[21.199578972644982,49.23879313062178],[21.199579739069513,49.23878880169622],[21.199620035191366,49.238629259056744],[21.19962142580485,49.23862502924196],[21.19962343094088,49.238620906543375],[21.199626032028224,49.2386169291444],[21.199629204976112,49.238613133882644],[21.199632920397374,49.238609555908994],[21.199637143880597,49.23860622836164],[21.199641836308864,49.238603182059556],[21.199646954222008,49.23860044521676],[21.199652450219183,49.238598043181256],[21.19965827339783,49.23859599820002],[21.199664369825143,49.23859432921312],[21.199670683037567,49.238593051678315],[21.199677154563798,49.23859217742778],[21.19968372446621,49.238591714558616],[21.19969033189613,49.23859166735776],[21.19969691565726,49.23859203626244],[21.199703414772532,49.238592817855874],[21.19970976904885,49.23859400489923],[21.19971591963455,49.23859558639835],[21.1997218095645,49.23859754770579],[21.199727384287673,49.23859987065654],[21.2004021492206,49.2389118875756],[21.200407644779602,49.23891471377713],[21.200412673168334,49.23891789108796],[21.200417182303667,49.238921386598165],[21.20042112548074,49.238925164101914],[21.200424461856795,49.23892918447257],[21.20042715687414,49.23893340606798],[21.200429182618144,49.238937785161596],[21.20043051810636,49.238942276395605],[21.200431149505864,49.23894683325069],[21.20043107027654,49.23895140852773],[21.200430281238837,49.23895595483692],[21.200422742450886,49.23898577172634],[21.200421338972742,49.238990030289074],[21.200419312589197,49.238994179911515],[21.200416682328083,49.238998181628176],[21.200413472887742,49.23900199786248],[21.20040971440508,49.2390055927795],[21.200405442172606,49.239008932622525],[21.20040069630704,49.23901198602999],[21.200395521372588,49.23901472433004],[21.2003899659625,49.239017121809624],[21.200384082242767,49.239019155956115],[21.200377925462252,49.23902080766859],[21.200269897905113,49.23904585963145],[21.20026824076909,49.23904631006575],[21.200267160060406,49.23904724788817],[21.200177962811832,49.23913385511868],[21.20017408334089,49.23913726262379],[21.20016972978989,49.23914041503379],[21.20016494106582,49.23914328417606],[21.20015975996478,49.239145844409386],[21.200154232789494,49.239148072853396],[21.20014840893555,49.23914994959279],[21.200142340449904,49.239151457855336],[21.2001360815658,49.23915258416195],[21.200129688218023,49.23915331844698],[21.200123217543094,49.23915365414819],[21.20011672736856,49.23915358826545],[21.200110275696264,49.239153121387595],[21.200103920183963,49.23915225768701],[21.200103632348277,49.23915220917587],[21.200096982019456,49.23915084935772],[21.200090576381584,49.23914905526302],[21.200084481386742,49.23914684536379],[21.200078759788592,49.23914424241299],[21.20007347049632,49.23914127321039],[21.20006866796807,49.239137968326744],[21.200064401650277,49.239134361789],[21.200060715468542,49.23913049072969],[21.200057647375452,49.239126395005144],[21.19998384752739,49.23901375554083],[21.199983139203514,49.239012803555724],[21.199981618882322,49.23901244243462],[21.199879121933638,49.238991688672726],[21.19987281068822,49.238990185661386],[21.199866753877046,49.23898828612986],[21.199861009442923,49.23898600825012],[21.199855632340302,49.23898337381365],[21.19985067400946,49.23898040802296],[21.199846181884485,49.23897713925041],[21.199842198939447,49.238973598766954],[21.199838763277263,49.238969820442705],[21.19983590776528,49.23896584042331],[21.199787952600055,49.238889506976186],[21.199787236845633,49.23888851028906],[21.199786236813132,49.238887624703],[21.19970511106092,49.238822732192645],[21.19970404260104,49.23882195839303]],[[21.200053733560555,49.24007006545638],[21.200054485293883,49.24007107244334],[21.20010766553483,49.24013408869981],[21.200108569027854,49.24013504298058],[21.200109613849786,49.240135933262984],[21.200217113954707,49.24021860436731],[21.200221240277646,49.24022211420028],[21.20022481910865,49.2402258728535],[21.20022781571126,49.2402298438453],[21.20023020100009,49.240233988632866],[21.20023195182322,49.24023826698671],[21.20023305118687,49.24024263738074],[21.20023348842037,49.240247057395656],[21.200233259279734,49.24025148413049],[21.2002214565477,49.2403441999273],[21.200220555473646,49.24034861809189],[21.20021899064939,49.24035295611953],[21.20021677745644,49.240357171368935],[21.200213937649576,49.24036122240557],[21.200210499142997,49.240365069409194],[21.200206495735934,49.24036867456498],[21.200201966780423,49.240372002435485],[21.200196956794496,49.24037502030881],[21.200191515024606,49.24037769852034],[21.200185694961483,49.24038001074407],[21.2001795538144,49.24038193425159],[21.20017315194883,49.24038345013543],[21.200166552292995,49.24038454349501],[21.200159819719385,49.24038520358287],[21.20015302040702,49.24038542391063],[21.200146221190952,49.2403852023125],[21.200139488905283,49.24038454096677],[21.20013288972622,49.24038344637421],[21.200126488521533,49.240381929294294],[21.200120348212966,49.24038000463948],[21.20011452915775,49.24037769132845],[21.200109088555255,49.24037501210035],[21.200022345266323,49.240327710501894],[21.200018384368875,49.240325846266735],[21.199725014403537,49.24020753156946],[21.199723549651804,49.24020700364536],[21.19972201321491,49.240206571824416],[21.199696546473273,49.24020036018955],[21.199690521680573,49.24019867216941],[21.199684770095374,49.24019661577377],[21.199679344107206,49.24019420973366],[21.199674293139857,49.240191475965155],[21.199669663201103,49.240188439369284],[21.199665496463663,49.24018512760561],[21.199661830881066,49.24018157083997],[21.199658699841965,49.24017780147004],[21.19965613186596,49.24017385382981],[21.199654150343875,49.24016976387726],[21.199652773324658,49.240165568866516],[21.1995923723316,49.23992653869024],[21.199591591199688,49.23992206765593],[21.19959149662729,49.23991756788863],[21.199592089561776,49.23991308447322],[21.199593364062153,49.2399086623307],[21.199595307358543,49.239904345768075],[21.199597899980194,49.23990017803455],[21.199601115950546,49.23989620088813],[21.19960492304751,49.23989245417725],[21.199609283126303,49.239888975441566],[21.19961415250165,49.239885799535784],[21.199619482385494,49.239882958280305],[21.199625219375797,49.239880480142716],[21.199631305991623,49.23987838995234],[21.199637681249033,49.2398767086515],[21.19964428127211,49.23987545308577],[21.19965103993295,49.239874635835065],[21.199657889514206,49.239874265087686],[21.199664761387588,49.23987434455826],[21.199671586701466,49.239874873450596],[21.199678297070673,49.23987584646545],[21.199925155464,49.23992023336068],[21.199930666997364,49.239921389994684],[21.19993601018488,49.23992284643784],[21.199983543683935,49.23993737102549],[21.199989809198648,49.23993955039281],[21.199995697807942,49.23994214145399],[21.200001146642585,49.23994511654585],[21.200006097528487,49.239948443905135],[21.200010497607895,49.23995208800756],[21.20001429990359,49.23995600994707],[21.200017463820576,49.23996016785167],[21.20001995557938,49.239964517329575],[21.20002174857676,49.239969011944105],[21.20005330346082,49.2400689805664],[21.200053733560555,49.24007006545638]],[[21.198940379143828,49.23382915011048],[21.1989393226739,49.23382940852354],[21.198932914278522,49.233830528605715],[21.198926370736466,49.23383123850623],[21.198919753121988,49.23383153159917],[21.198913123200708,49.233831405149],[21.198906542853134,49.23383086033588],[21.198900073497054,49.23382990224487],[21.198893775514296,49.23382853981833],[21.198887707687202,49.23382678577251],[21.198714728341443,49.23377009343458],[21.198707563651215,49.23376737993227],[21.198700949660466,49.233764121556504],[21.198602888562938,49.233709450257365],[21.19859773098277,49.233706259463375],[21.19859310383589,49.23370273712648],[21.198589056542865,49.2336989208673],[21.198585632331056,49.2336948514457],[21.198459490626114,49.2335246878521],[21.198458754410776,49.23352375123089],[21.198356636535767,49.23340099317808],[21.19835368860704,49.23339699024317],[21.198351358578417,49.233392816272804],[21.198349669216867,49.2333885120516],[21.198348637029333,49.2333841196369],[21.198348272101295,49.23337968194775],[21.198348577998374,49.23337524234575],[21.19834955173141,49.23337084421085],[21.19835118378572,49.233366530518225],[21.198353458214047,49.23336234341749],[21.198356352792405,49.23335832382162],[21.19835983923724,49.23335451100673],[21.198363883481797,49.23335094222849],[21.19836844600898,49.233347652358006],[21.198373482237518,49.23334467354114],[21.198378942957525,49.23334203488439],[21.198384774811394,49.233339762170516],[21.19846364625443,49.233312387407864],[21.19846912137039,49.23331068536736],[21.198474804374523,49.23330930616762],[21.198480650978144,49.23330826055689],[21.198871301469445,49.23325039660572],[21.198878190251715,49.23324961521873],[21.19888516466778,49.23324929668131],[21.19889215239083,49.23324944429671],[21.19889908095611,49.23325005653423],[21.198905878512335,49.233251127044696],[21.19891247456679,49.2332526447266],[21.198918800716402,49.23325459384116],[21.198924791357058,49.23325695417546],[21.198930384363955,49.233259701252074],[21.198935521735844,49.23326280658307],[21.19894015019652,49.233266237965125],[21.19894422174731,49.23326995981381],[21.19894769416485,49.23327393353239],[21.199093958140555,49.23346304431933],[21.199096580914272,49.23346686784123],[21.199098648525286,49.233470834700775],[21.199100143001413,49.23347491041722],[21.199101051352287,49.233479059563784],[21.199101365682182,49.23348324607533],[21.199101083258768,49.233487433561876],[21.199100206536738,49.233491585625075],[21.199098743136602,49.233495666174434],[21.198981052440274,49.23376643298181],[21.19898067002441,49.233767517414115],[21.198981592749995,49.23376904218099],[21.19898215692667,49.23376984841611],[21.198983603509078,49.233772586857974],[21.198988454144637,49.23377160238071],[21.198994975066046,49.233770721095844],[21.19900159568475,49.23377025760835],[21.199008253729097,49.23377021627766],[21.199014886575483,49.233770597492544],[21.199404124420916,49.23380549117569],[21.199405719148846,49.23380558405925],[21.199407139729907,49.23380510052207],[21.19968261505671,49.23370020483866],[21.199688703583416,49.233698145501535],[21.199695075278687,49.23369649389432],[21.19970166666214,49.23369526647177],[21.199708412064712,49.23369447546247],[21.199715244282842,49.2336941287472],[21.199722095248088,49.233694229780205],[21.199728896705206,49.233694777554874],[21.199735580892202,49.23369576661385],[21.19974208121542,49.233697187103274],[21.19974833291299,49.233699024871015],[21.19975427370005,49.23370126160754],[21.1997598443893,49.23370387502869],[21.19976498948061,49.23370683909714],[21.199769657714018,49.23371012428235],[21.199773802580438,49.23371369785443],[21.19977738278495,49.23371752421029],[21.199780362658284,49.23372156522841],[21.199782712512174,49.23372578064867],[21.19978440893517,49.23373012847333],[21.19978543502579,49.233734565385475],[21.19978578056107,49.233739047180656],[21.199785442098264,49.23374352920728],[21.199784423009287,49.2337479668114],[21.199782733447037,49.23375231578159],[21.19971267846662,49.233901118787365],[21.199710428434674,49.23390519031147],[21.199707590727876,49.23390910121207],[21.1997041916673,49.23391281521352],[21.199700262780905,49.23391629786648],[21.199695840511055,49.233919516867566],[21.19969096587655,49.23392244235876],[21.199685684092152,49.233925047204686],[21.19968004414914,49.23392730724395],[21.199674098360962,49.23392920151349],[21.199667901877945,49.23393071244293],[21.199661512175748,49.23393182601763],[21.199654988522276,49.23393253190858],[21.199292240998936,49.23396011047606],[21.19928547110375,49.23396040414926],[21.19927869000205,49.23396025881255],[21.199271963919138,49.23395967588528],[21.199265358543002,49.233958661060505],[21.19925893838275,49.233957224249096],[21.19925276613865,49.23395537948318],[21.199246902089737,49.23395314477906],[21.199160385319523,49.23391631111177],[21.199157040536242,49.23391505628816],[21.198974847897897,49.23385534500293],[21.19896904513414,49.23385320677933],[21.198963585958737,49.2338507105148],[21.19895852171931,49.23384787968863],[21.19895390004879,49.23384474092694],[21.198949764417343,49.233841323751996],[21.198946153723607,49.23383766030505],[21.198943101928727,49.23383378504344],[21.198940637736992,49.23382973441697],[21.198940379143828,49.23382915011048]],[[21.197850909346705,49.2414523465487],[21.19785168427365,49.24145330145355],[21.19800294917554,49.24161964602586],[21.19800383736518,49.24162065211224],[21.19810587644544,49.24173976223056],[21.198109028372592,49.24174393391215],[21.198111504701735,49.2417482965944],[21.198145465457625,49.24181916277493],[21.198146047937772,49.241820196054015],[21.198147194477503,49.24182100201823],[21.19839730141315,49.241980220124944],[21.198400150660383,49.24198184402682],[21.198552740051905,49.24205957130087],[21.19855811395421,49.24206261355356],[21.198562979015602,49.242066003059605],[21.198567283161186,49.24206970353833],[21.19869921561292,49.242196211024],[21.198702484856227,49.24219967249937],[21.198705262609714,49.24220331336075],[21.19870752611048,49.24220710377254],[21.19878085384313,49.242348451584114],[21.198782684308636,49.24235263479996],[21.198783888519582,49.24235691428493],[21.198784455194463,49.24236124994778],[21.19878437902432,49.242365601170924],[21.19878268763742,49.242384074539714],[21.19878196836644,49.24238840457349],[21.198780612515925,49.242392668716604],[21.19877863281139,49.24239682694686],[21.198776047833668,49.24240084023623],[21.198772881844587,49.24240467091696],[21.198769164559177,49.242408283035246],[21.19876493086684,49.24241164268861],[21.19876022050388,49.24241471834421],[21.198755077680513,49.24241748113469],[21.198749550665973,49.242419905129196],[21.19874369133543,49.242421967576696],[21.1987375546831,49.24242364911949],[21.19873119830612,49.24242493397512],[21.198724681863915,49.24242581008416],[21.19871806651824,49.24242626922369],[21.19871141435917,49.24242630708435],[21.198704787822287,49.242425923310805],[21.198698249102687,49.24242512150497],[21.19869185957123,49.24242390919249],[21.198685679198523,49.242422297751816],[21.198679765992047,49.24242030230752],[21.19867417545169,49.24241794158837],[21.198516583679435,49.242344080873195],[21.198461041919487,49.2423180499775],[21.198455667567867,49.242315254970734],[21.198450746223937,49.24231212264912],[21.19844632705574,49.242308684307154],[21.19844245421419,49.24230497429653],[21.1984391663919,49.242301029683155],[21.198436496436695,49.24229688987691],[21.198342601467246,49.24212824262722],[21.198342030148417,49.242127341006736],[21.19834112133532,49.24212656720019],[21.19811836407834,49.241953143653596],[21.19811719372825,49.24195232063019],[21.19811570178524,49.24195176355129],[21.197822704371728,49.24185484177735],[21.19781648130695,49.24185250851867],[21.197810663844102,49.241849763038225],[21.19780531543392,49.24184663528085],[21.1978004944112,49.24184315936089],[21.19779625335849,49.24183937318997],[21.197792638532604,49.24183531806374],[21.19778968936011,49.241831038211245],[21.197621361228983,49.24154821709265],[21.19761951064281,49.24154467946758],[21.19761811546247,49.241541053386975],[21.197617185339638,49.241537363935805],[21.19758251298154,49.24135219274847],[21.197582014833767,49.24135024532906],[21.197540727259693,49.24122335122112],[21.197539612211198,49.24121878079032],[21.1975392207376,49.24121415951838],[21.197539556987635,49.24120953638272],[21.19754061739743,49.24120496038075],[21.197542390728273,49.24120048001011],[21.19754485818572,49.24119614275505],[21.197547993618826,49.24119199458292],[21.19761590196958,49.24111270164039],[21.197619442166058,49.24110900143319],[21.197623513864258,49.24110554352615],[21.197628078659992,49.2411023605342],[21.19763309349823,49.241099482479086],[21.1976385110792,49.24109693650659],[21.197644280304463,49.24109474663008],[21.197650346758945,49.24109293350443],[21.197656653224133,49.24109151423097],[21.197663140217752,49.24109050219611],[21.197669746554837,49.24108990694544],[21.197676409924743,49.241089734093244],[21.19768763416808,49.24108980008908],[21.197694567974928,49.241090070905365],[21.197701424515838,49.241090799008205],[21.197708133625344,49.241091976946635],[21.197714626646643,49.24109359266637],[21.197720837134266,49.24109562963318],[21.19772670153398,49.241098067002035],[21.19773215983317,49.24110087983044],[21.197737156174956,49.241104039333706],[21.19774163942984,49.2411075131794],[21.19774556371889,49.24111126581843],[21.197748888883243,49.24111525884857],[21.19775158089509,49.24111945140766],[21.197833461256458,49.24126752487718],[21.197835452871725,49.24127177110277],[21.19783679479747,49.241276125283875],[21.197837473934076,49.241280544916286],[21.1978507453398,49.241451270561335],[21.197850909346705,49.2414523465487]],[[21.196475978705358,49.243505813206916],[21.19647782724036,49.24350149221474],[21.19648032446633,49.24349731339214],[21.196483445505766,49.24349331836861],[21.196487159266752,49.2434895469425],[21.196491428752708,49.24348603668473],[21.196496211430944,49.243482822564395],[21.196501459656382,49.24347993660057],[21.19650712114624,49.24347740754324],[21.196513139500766,49.243475260586706],[21.196519454765188,49.24347351711898],[21.19652600402693,49.24347219450847],[21.196532722042363,49.24347130593095],[21.196539541886782,49.24347086023844],[21.19654639562101,49.243470861870954],[21.1965532149683,49.24347131081214],[21.196559931994482,49.24347220258973],[21.196566479784643,49.24347352831979],[21.19663495384082,49.24348988507092],[21.196636631050417,49.243490222311756],[21.196638342990262,49.243489970765346],[21.196726176422374,49.243473891686435],[21.196732900744625,49.24347289598384],[21.196739743670456,49.24347234675178],[21.19674663622439,49.243472249526356],[21.1967535089307,49.243472605287664],[21.19676029251372,49.24347341044958],[21.196766918596136,49.24347465689632],[21.196773320388193,49.24347633206383],[21.19677943336092,49.2434784190668],[21.196785195896584,49.243480896868576],[21.19679054990977,49.24348374049338],[21.19679544143286,49.243486921277785],[21.196799821160038,49.243490407160245],[21.196803644944286,49.24349416300354],[21.196806874242363,49.24349815094938],[21.19680947650332,49.243502330799956],[21.196811425496627,49.24350666042304],[21.196906022816076,49.24376376363343],[21.19690899409695,49.24377184197932],[21.196909449381877,49.24377286279138],[21.196910453535512,49.24377369866677],[21.196979490569323,49.24382583370289],[21.196981849163308,49.243827715453214],[21.197252630202392,49.24405608860518],[21.197256618857693,49.24405983013757],[21.19726000773839,49.244063817088815],[21.197262761939367,49.24406800839388],[21.19726485309265,49.244072360883024],[21.197266259659457,49.244076829726204],[21.197266967152213,49.24408136889505],[21.197266968283632,49.24408593163674],[21.197266263041875,49.24409047095574],[21.19726485869065,49.24409494009767],[21.1972627696944,49.244099293030935],[21.197260017569306,49.24410348492097],[21.19725663066175,49.244107472591814],[21.197252643856302,49.24411121497104],[21.197250588511928,49.244112949570024],[21.197251263605207,49.244113916160224],[21.197336211577507,49.24422122272625],[21.19733904898788,49.24422529020092],[21.197341255212958,49.2442295220958],[21.197342808427408,49.244233876546694],[21.19734369326581,49.244238310476995],[21.19734390097468,49.24424278002382],[21.197343429499067,49.24424724097201],[21.19734228350288,49.244251649191284],[21.197340474322797,49.24425596107319],[21.197338019856048,49.24426013396213],[21.19733494438343,49.24426412657755],[21.197331278329138,49.24426789942225],[21.197327057959715,49.244271415173145],[21.197322325025326,49.2442746390504],[21.19731712634679,49.244277539161565],[21.19731151335231,49.244280086817184],[21.197305541568788,49.24428225681425],[21.197299270072513,49.24428402768596],[21.197292760904702,49.24428538191388],[21.19728607845778,49.24428630610113],[21.197279288838363,49.24428679110516],[21.197272459213302,49.244286832127976],[21.197265657145184,49.24428642876389],[21.197258949924016,49.244285585003105],[21.197252403901484,49.244284309192594],[21.197246083834607,49.244282613953395],[21.19724005224511,49.244280516055824],[21.19723436880091,49.24427803625353],[21.19722908972583,49.244275199078075],[21.197224267243435,49.244272032596434],[21.197219949060404,49.24426856813321],[21.1971873315796,49.24423956631539],[21.197080533869272,49.24414517299857],[21.197076356034003,49.244141018057626],[21.197072904880713,49.244136586365514],[21.19699220494652,49.244017038479335],[21.19699138376996,49.24401597809501],[21.19699039553728,49.24401498067558],[21.196829315954506,49.24386989614487],[21.196828394167042,49.24386904530465],[21.196752285723374,49.243797038655885],[21.196495816136338,49.243554389128505],[21.196485379360734,49.243544514683265],[21.19648164238984,49.24354055574498],[21.196478550547027,49.24353636508506],[21.196476136963817,49.24353198760992],[21.196474427503556,49.24352747022782],[21.196473440484347,49.243522861346314],[21.196473186482706,49.24351821035331],[21.1964736682203,49.243513567088065],[21.196474880534666,49.24350898130693],[21.196475978705358,49.243505813206916]],[[21.196592094511036,49.23730095258861],[21.196590280108175,49.23730019143359],[21.196584998032485,49.23729746361012],[21.196580148986826,49.23729441040555],[21.19657577952118,49.23729106113012],[21.196571931581648,49.23728744793638],[21.19656864210771,49.2372836055104],[21.196565942677655,49.23727957073886],[21.196563859205416,49.23727538235491],[21.196562411691833,49.237271080566266],[21.196561614032618,49.23726670666946],[21.196561473884994,49.23726230265309],[21.19656199259418,49.237257910794995],[21.196563165180496,49.237253573256226],[21.196564980387148,49.237249331676345],[21.19656742078831,49.237245226773766],[21.19657046295646,49.237241297954796],[21.196574077687178,49.23723758293539],[21.19657823027964,49.23723411737902],[21.196582880869613,49.23723093455439],[21.196587984812254,49.23722806501595],[21.196593493110626,49.237225536310746],[21.1965993528861,49.237223372713856],[21.196651172295063,49.23720637390732],[21.19665733397207,49.23720459450755],[21.19666373222475,49.23720321892471],[21.196670305500522,49.237202260392195],[21.196676990563102,49.23720172813125],[21.19668372310077,49.23720162726229],[21.19669043834512,49.237201958755776],[21.196697071694075,49.237202719422626],[21.19670355933342,49.23720390194507],[21.19670983885072,49.23720549494706],[21.196715849835634,49.23720748310348],[21.196721534461197,49.23720984728789],[21.196810938901063,49.2372511935857],[21.196816189895856,49.23725388129739],[21.196821018180046,49.23725688972131],[21.196825378257103,49.237260190509424],[21.196829229042358,49.237263752558626],[21.196832534250106,49.237267542304124],[21.196835262735576,49.23727152403547],[21.196837388788346,49.23727566023328],[21.196838892374664,49.23727991192238],[21.1968397593262,49.23728423903955],[21.19683998147357,49.2372886008107],[21.196839556723347,49.23729295613526],[21.196838489077734,49.237297263973296],[21.196795289145662,49.23743034699234],[21.196794858557347,49.23743167344907],[21.19679319425321,49.23743581807233],[21.196790934850664,49.237439840103974],[21.19678810087891,49.237443702999066],[21.196784718087773,49.23744737165876],[21.196780817213792,49.2374508127489],[21.196776433700943,49.237453995003065],[21.19677160737852,49.23745688950673],[21.196766382099323,49.23745946995994],[21.196760805341178,49.23746171291619],[21.1967549277755,49.237463597995564],[21.19674880280694,49.237465108069806],[21.196742486088123,49.237466229418196],[21.19673603501396,49.23746695185185],[21.196729508200143,49.23746726880672],[21.19672296495055,49.23746717740272],[21.196716464718428,49.23746667847055],[21.196681369081244,49.23746286682103],[21.19668138260302,49.23746281343935],[21.196681382602094,49.23746281343922],[21.19668136908124,49.23746286682103],[21.196618735838655,49.23745606482944],[21.196612002779368,49.23745510408247],[21.196605450706617,49.237453706237936],[21.196599145621253,49.237451885376636],[21.19659315103614,49.23744965984065],[21.19658752733639,49.23744705204847],[21.196582331170998,49.23744408826911],[21.196577614882322,49.23744079835745],[21.196573425978716,49.23743721545375],[21.196569806656033,49.23743337564952],[21.19656679337256,49.23742931762418],[21.196564416481763,49.237425082255314],[21.19656269992651,49.237420712206884],[21.196561660997965,49.23741625149957],[21.196561310161336,49.23741174506719],[21.1965616509505,49.23740723830427],[21.196562679932406,49.23740277660852],[21.19659362459932,49.23730286161141],[21.196593873131942,49.23730178541606],[21.196592094511036,49.23730095258861]],[[21.196309202688777,49.232061985004435],[21.196310692706547,49.23206173005939],[21.196663293718682,49.23199011273119],[21.19675279703715,49.23197193371397],[21.19675964389301,49.23197079231479],[21.19676663362331,49.231970117793615],[21.19677369219915,49.23196991729442],[21.19692630305857,49.23197072989803],[21.196933264189852,49.23197099888929],[21.196940147744026,49.23197172893479],[21.19694688270246,49.23197291250249],[21.19695339957964,49.2319745373814],[21.196959631139972,49.23197658680739],[21.1969655130915,49.23197903963618],[21.196970984749225,49.231981870561654],[21.196975989661162,49.23198505037671],[21.196980476190806,49.23198854627471],[21.196984398049832,49.23199232218797],[21.196987714775673,49.23199633915976],[21.19711563546691,49.23217205168687],[21.19711821954663,49.23217609837245],[21.19712018917333,49.23218029070161],[21.197152807573147,49.232264059091285],[21.197175376724307,49.23232201947525],[21.197176746079187,49.23232645972431],[21.197177426181714,49.2323309676739],[21.197177410127324,49.232335497559184],[21.197176698078803,49.232340003392764],[21.197175297264675,49.23234443943142],[21.19717322190586,49.23234876064039],[21.19717049307125,49.232352923150664],[21.19716713846387,49.23235688470439],[21.19716319213962,49.232360605083805],[21.197158694161555,49.23236404651952],[21.197153690193144,49.232367174074],[21.197148231034717,49.23236995599619],[21.19714237210776,49.232372364044025],[21.1971361728922,49.232374373770845],[21.197129696322648,49.232375964773865],[21.197123008149422,49.23237712090121],[21.19698978581488,49.23239550426668],[21.19656369939087,49.232454296241876],[21.19655725279956,49.23245497789526],[21.196550736474478,49.23245525536461],[21.196544209371176,49.232455126139634],[21.19653773054269,49.23245459138945],[21.196531358605363,49.23245365595214],[21.19652515120836,49.23245232829094],[21.196519164512218,49.23245062041761],[21.196513452680737,49.23244854778398],[21.196508067390848,49.232446129141934],[21.19615200492983,49.232269338293044],[21.196146753548394,49.232266449338105],[21.196141968533244,49.23226323167176],[21.19613769763955,49.23225971740676],[21.195987613868123,49.23212269585324],[21.19598396674721,49.232118996117116],[21.195980889831848,49.232115080465796],[21.195978412642482,49.23211098646703],[21.195976558945638,49.23210675339938],[21.19597534652593,49.232102421875844],[21.19597478701538,49.23209803345401],[21.195974885781897,49.23209363023719],[21.195975641877702,49.23208925447082],[21.195977048048498,49.232084948136844],[21.19597909080303,49.232080752551106],[21.19598175054257,49.23207670796684],[21.195985001748912,49.232072853188605],[21.195988813229224,49.23206922519985],[21.19599314841534,49.23206585880823],[21.19599796571456,49.2320627863115],[21.196003218908743,49.232060037187736],[21.19600885759773,49.232057637812595],[21.196014827682845,49.23205561120609],[21.19602107188598,49.23205397681184],[21.196027530299116,49.232052750310544],[21.19603414095907,49.23205194346949],[21.196040840441977,49.23205156402957],[21.196047564471826,49.23205161563126],[21.196307662838446,49.232061969345004],[21.196309202688777,49.232061985004435]],[[21.195050869605772,49.23906336895235],[21.195050869794066,49.23906336832076],[21.195071273156017,49.239002836999575],[21.19510601955623,49.238899756481054],[21.195107658090517,49.23889577350691],[21.19510984724708,49.2388919056308],[21.19511256859729,49.23888818541286],[21.19511579923249,49.23888464417012],[21.1953430103839,49.238659711294254],[21.19534668719732,49.238656408137224],[21.19535080697674,49.23865333728654],[21.19535533566955,49.23865052412465],[21.195410049297635,49.238619506020285],[21.195415372841854,49.238616776360615],[21.195421080604333,49.238614402790276],[21.195427117232594,49.23861240832754],[21.195433424184973,49.23861081231428],[21.19543994029825,49.238609630228076],[21.195446602380827,49.23860887353255],[21.195453345825594,49.23860854956597],[21.19546010523639,49.23860866147001],[21.19546681506219,49.238609208159545],[21.195473410232875,49.23861018433281],[21.195479826790194,49.23861158052323],[21.19548600250803,49.238613383190895],[21.195491877495833,49.23861557485394],[21.195497394779473,49.23861813425826],[21.195502500853664,49.238621036583375],[21.195688888473878,49.23873800218855],[21.195693644955526,49.23874130446119],[21.195697868642483,49.23874490395575],[21.195701516478056,49.238748763978876],[21.19570455127578,49.23875284518107],[21.195706942098532,49.238757105958214],[21.19570866457391,49.238761502875676],[21.19570970114266,49.23876599111085],[21.19571004123774,49.238770524910315],[21.19570968139199,49.23877505805604],[21.195708625273507,49.23877954433675],[21.19570688364831,49.23878393801887],[21.195704474270507,49.238788194312725],[21.195701421701365,49.23879226982927],[21.19569775705897,49.23879612302229],[21.19569351770091,49.23879971461185],[21.19554560358903,49.23891273965483],[21.1955418179495,49.238915405837965],[21.19541432793875,49.23899820420292],[21.1954137526488,49.238998616651855],[21.195413277955925,49.238998953513914],[21.195412062168472,49.2389998075119],[21.195267030412644,49.23911199692309],[21.195262196335058,49.23911536821139],[21.195256858940947,49.23911839652522],[21.195136008143127,49.23918013439038],[21.195130507395522,49.23918267076045],[21.195124653954675,49.239184842461555],[21.195118504019007,49.23918662864348],[21.19511211663355,49.239188012157165],[21.195105553123117,49.239188979719565],[21.1950988765035,49.23918952204125],[21.19509215087644,49.23918963391544],[21.19508544081418,49.239189314267946],[21.195078810739577,49.23918856616777],[21.195072324307485,49.23918739679729],[21.195066043793645,49.239185817383635],[21.195060029496812,49.23918384309056],[21.19505433915975,49.23918149287314],[21.195049027414928,49.23917878929565],[21.19504414525991,49.239175758314886],[21.195039739567825,49.239172429031136],[21.19503585263726,49.23916883340847],[21.195032521786185,49.23916500596821],[21.19502977899372,49.23916098345737],[21.195027650593012,49.239156804495614],[21.1950261570185,49.239152509204814],[21.195025312609694,49.23914813882366],[21.1950251254735,49.23914373531182],[21.195025597406442,49.23913934094696],[21.195026723877344,49.23913499791891],[21.195050869605772,49.23906336895235]],[[21.195350364999598,49.23725192481782],[21.195356988690484,49.237252590107616],[21.195363481788934,49.23725367503699],[21.195369782443365,49.23725516927114],[21.19537583063532,49.2372570585764],[21.19538156875124,49.23725932495573],[21.195386942131226,49.23726194682014],[21.19539189958975,49.237264899194436],[21.195396393903223,49.23726815395498],[21.19540038225984,49.23727168009786],[21.195403826667377,49.23727544403374],[21.195406694315142,49.2372794099084],[21.195408957886468,49.23728353994384],[21.195410595818956,49.237287794798306],[21.1954115925099,49.237292133941104],[21.19541193846489,49.237296516038604],[21.195411630388254,49.237300899347844],[21.19541067121451,49.237305242114545],[21.19540907008034,49.23730950297048],[21.19540684223765,49.23731364132769],[21.195404008908195,49.237317617765],[21.195400597081534,49.2373213944039],[21.195396639257826,49.237324935268866],[21.195392173138373,49.23732820663042],[21.19538724126634,49.237331177326254],[21.195381890621643,49.23733381905815],[21.19537617217332,49.2373361066615],[21.195370140394065,49.23733801834514],[21.195363852741316,49.23733953589871],[21.195357369109963,49.23734064486635],[21.19535075126169,49.237341334684224],[21.195344062236774,49.237341598781356],[21.1950215542319,49.237344006697654],[21.195014798543045,49.23734383917117],[21.195008100764326,49.237343237412226],[21.195001525832694,49.23734220725508],[21.194995137494058,49.23734075868741],[21.194988997685225,49.237338905753475],[21.194983165933444,49.23733666641801],[21.194977698779205,49.237334062392115],[21.19497264922812,49.237331118922526],[21.19496806623697,49.23732786454697],[21.194963994239092,49.237324330817685],[21.194960472713568,49.23732055199513],[21.194957535802462,49.23731656471608],[21.194955211979806,49.237312407638285],[21.19495352377558,49.23730812106585],[21.194952487557213,49.23730374655823],[21.194952113370963,49.23729932652757],[21.194952404844486,49.237294903827134],[21.194957126578696,49.237261530540046],[21.194958059192984,49.23725722188599],[21.194959623603424,49.237252992456916],[21.194961805152747,49.23724888187888],[21.194964583401667,49.237244928664076],[21.19496793232038,49.23724116985069],[21.19497182053245,49.23723764065532],[21.194976211608772,49.23723437414331],[21.19498106440886,49.23723140091891],[21.19498633346639,49.23722874883849],[21.194991969415028,49.2372264427496],[21.194997919451094,49.2372245042582],[21.195004127828202,49.237222951526135],[21.19501053637955,49.23722179910108],[21.195017085062904,49.237221057780204],[21.195023712523163,49.237220734509016],[21.195030356667136,49.23722083231626],[21.195036955245328,49.237221350285544],[21.195043446435164,49.237222283564044],[21.195122413480703,49.2372362915941],[21.19512375895174,49.23723649255572],[21.195125124761336,49.237236621945904],[21.195350364999598,49.23725192481782]],[[21.192563196853342,49.24176490420598],[21.19256388934694,49.24176401261145],[21.192708917331366,49.24155445498],[21.192712022448635,49.24155050089931],[21.192715708883693,49.241546766967154],[21.192719940582737,49.24154328970166],[21.192724676159262,49.2415401031108],[21.192729869298816,49.24153723835976],[21.192735469211975,49.24153472346602],[21.192741421131057,49.24153258302549],[21.192747666845765,49.24153083797187],[21.19275414527245,49.24152950537181],[21.192760793051548,49.241528598258334],[21.192767545167264,49.2415281255031],[21.19277433558334,49.24152809172972],[21.19278109788896,49.241528497268426],[21.192787765948243,49.24152933815303],[21.192794274547015,49.24153060615964],[21.192800560030655,49.24153228888701],[21.192806560926567,49.24153436987797],[21.192812218545463,49.24153682878027],[21.193179695154875,49.24171428294848],[21.193184786072685,49.241716996632825],[21.193189457932302,49.24172001622397],[21.1931936680321,49.24172331412245],[21.193197377891003,49.24172686018493],[21.19320055360014,49.24173062199974],[21.19320316613291,49.24173456518332],[21.193205191610172,49.24173865369427],[21.19320661151858,49.241742850162936],[21.19320741287977,49.24174711623285],[21.193207588369003,49.24175141291139],[21.19320713638211,49.24175570092614],[21.19320606105018,49.24175994108386],[21.19320437220178,49.24176409462877],[21.19320208527315,49.241768123596685],[21.193199221167102,49.24177199116211],[21.19316623058999,49.24181159728603],[21.19316271670898,49.24181536339766],[21.193158655800126,49.24181888579364],[21.1931540869942,49.24182213053216],[21.193149054316063,49.241825066347005],[21.193143606260488,49.24182766494866],[21.19313779532483,49.24182990129703],[21.193131677503207,49.241831753842675],[21.192439122123922,49.24201501695202],[21.192432694611597,49.24201647966192],[21.192426077542756,49.24201751865995],[21.192419335900507,49.242018123742625],[21.192412535891386,49.24201828896766],[21.19240574429511,49.24201801271247],[21.19239902780878,49.24201729769013],[21.192392452391864,49.2420161509224],[21.192386082618462,49.24201458367125],[21.1923799810431,49.24201261132781],[21.192374207586468,49.24201025326162],[21.192368818946928,49.24200753263014],[21.192363868043664,49.242004476151415],[21.192359403497097,49.24200111384161],[21.19235546915132,49.241997478720414],[21.19235210364354,49.24199360648667],[21.19234839030695,49.24198879387789],[21.192345865136144,49.241985121039455],[21.192343852158043,49.241981314967646],[21.19234236752936,49.24197740621127],[21.192341423166067,49.24197342614322],[21.192329064713036,49.241899697314],[21.192328659509737,49.24189531445494],[21.192328909233634,49.24189092661882],[21.19232981150253,49.2418865756592],[21.192331357709932,49.24188230307784],[21.19233353310713,49.24187814962892],[21.192336316943877,49.241874154930244],[21.19233968266631,49.24187035708536],[21.192343598170282,49.241866792320174],[21.192348026107528,49.24186349463725],[21.19235292424196,49.24186049549162],[21.192358245852553,49.241857823490655],[21.19256198100211,49.24176550983637],[21.192563196853342,49.24176490420598]],[[21.192467714693947,49.232583710508784],[21.192468525768803,49.232582725486644],[21.192542065322172,49.2324814922782],[21.19254273290616,49.23248043748653],[21.192543059537222,49.23247931589937],[21.192551680510576,49.23243846548025],[21.192551817353777,49.23243772717481],[21.192559236220312,49.23239128983409],[21.1925602619098,49.23238694009182],[21.192561932150188,49.232382676870714],[21.192564230934085,49.23237854102847],[21.192567136230327,49.23237457220208],[21.19257062019511,49.232370808427845],[21.19257464943879,49.23236728577687],[21.192579185345963,49.232364038009436],[21.192584184445447,49.23236109625133],[21.192589598827052,49.23235848869574],[21.192595376600554,49.232356240332734],[21.192601462393174,49.23235437271021],[21.192607797880108,49.23235290372683],[21.192614322343598,49.23235184746114],[21.192620973254787,49.232351214035994],[21.192795153419713,49.23234029302831],[21.192801660906813,49.232340088371984],[21.192808168715597,49.23234028859347],[21.192814618239595,49.232340891889756],[21.192820951397202,49.23234189282774],[21.19282711115475,49.23234328239347],[21.192833042040146,49.23234504807309],[21.192838690642382,49.232347173965664],[21.19292124334361,49.23238175532669],[21.192923357942227,49.23238267767958],[21.192953695888978,49.232396448020225],[21.192958427302678,49.23239880038655],[21.192962830470027,49.232401411803636],[21.192966872422783,49.23240426271878],[21.1929705228973,49.23240733178612],[21.19299642197707,49.23243116547487],[21.19300065601438,49.232435583769444],[21.193004080078143,49.2324402934872],[21.193035365697277,49.23249066453629],[21.19303750832803,49.232494638528344],[21.1930390733177,49.23249872644639],[21.193040046914223,49.23250289236882],[21.19304042056221,49.232507099688725],[21.193040190978166,49.23251131143534],[21.193017091213378,49.23269410141481],[21.193017036157393,49.232695147481024],[21.1930184750532,49.23269560317624],[21.1930465306246,49.23270342152732],[21.193052582695152,49.232705342531005],[21.19305831870054,49.232707642108956],[21.193063683593067,49.2327102981923],[21.193068625886532,49.23271328529104],[21.193073098150336,49.232716574738355],[21.193077057464688,49.2327201349659],[21.193080465832445,49.23272393180661],[21.193083290543814,49.232727928822676],[21.193085504490277,49.23273208765534],[21.1930870864247,49.232736368392764],[21.193088021165288,49.23274072995313],[21.193088299741287,49.23274513047923],[21.19308791947907,49.23274952773964],[21.193086884027792,49.23275387953444],[21.193085203324372,49.23275814409983],[21.193082893498204,49.23276228050935],[21.19307997671627,49.23276624906634],[21.193076480970472,49.23277001168486],[21.193072439809,49.2327735322556],[21.19306789201436,49.232776776991905],[21.193062881231185,49.232779714754415],[21.193057455547393,49.232782317349674],[21.19305166703268,49.23278455980081],[21.193045571238834,49.23278642058731],[21.193015562957537,49.23279443393367],[21.19300968925749,49.23279580224682],[21.193003650230317,49.23279681598733],[21.19299749567463,49.23279746679586],[21.192991276341704,49.2327977493056],[21.19295430230513,49.232798326503186],[21.192952914375503,49.23279838515932],[21.192951538288977,49.232798517365865],[21.19287778227588,49.23280762030906],[21.192873956387686,49.232808243492634],[21.19275533949833,49.23283238187676],[21.19275404205573,49.232832683857566],[21.192752785845652,49.232833053109715],[21.1926304607724,49.232872952281],[21.19262412910784,49.2328747631459],[21.192518261400366,49.232900971701795],[21.1925142121806,49.232901880698265],[21.192387231654344,49.232927518347594],[21.192379414152885,49.23292877337427],[21.19235113950687,49.23293217632743],[21.19234426893658,49.23293277032856],[21.19233734192474,49.23293290770508],[21.192330429056238,49.23293258705728],[21.192323600771832,49.23293181165237],[21.192316926650385,49.232930589391664],[21.192310474699884,49.23292893272971],[21.192304310664365,49.232926858547565],[21.19229849735411,49.23292438798071],[21.1922930940055,49.23292154620378],[21.192288155677517,49.23291836217389],[21.192283732690594,49.23291486833558],[21.19227987011396,49.23291110029044],[21.192276607306333,49.232907096434005],[21.192273977514876,49.23290289756473],[21.192182726558265,49.23273328138261],[21.1921807857258,49.23272900870248],[21.192179500555188,49.232724631159826],[21.19217888368079,49.23272019179045],[21.192178941166976,49.232715734237885],[21.192179672448397,49.23271130232457],[21.192181070335625,49.23270693962069],[21.192183121085822,49.232702689016136],[21.192185804537864,49.23269859229873],[21.192189094310514,49.232694689743354],[21.192192958061817,49.23269101971614],[21.192197357807036,49.23268761829715],[21.192202250292112,49.23268451892583],[21.192207587418874,49.23268175207213],[21.192213316717897,49.23267934493699],[21.192290706382778,49.23265027147438],[21.192466277186696,49.23258431565081],[21.192467714693947,49.232583710508784]],[[21.187675258470396,49.240101830953],[21.187670170510714,49.24009893724921],[21.187665540307936,49.240095730896],[21.18766141246736,49.2400922427821],[21.187657826754695,49.24008850651042],[21.187654817712986,49.24008455807458],[21.187652414329893,49.240080435512056],[21.18765063975842,49.240076178537926],[21.187649511093802,49.24007182816184],[21.187649039208928,49.24006742629339],[21.187649228649583,49.240063015338244],[21.187650077590572,49.24005863778957],[21.18765157785343,49.24005433581865],[21.187653714985128,49.24005015086872],[21.18765646839738,49.24004612325565],[21.187659811564934,49.240042291779616],[21.18766371228113,49.240038693351316],[21.187668132968167,49.24003536263634],[21.18767303103911,49.24003233172115],[21.187678359308162,49.24002962980423],[21.18768406644523,49.240027282914575],[21.1876900974704,49.240025313661036],[21.187693791987908,49.24002425219246],[21.187693792188455,49.24002425213118],[21.18778327615097,49.23999854230892],[21.187789454102607,49.23999699510679],[21.187795830754297,49.23999584430413],[21.187802346932234,49.23999510058009],[21.187808942167887,49.23999477083623],[21.187815555259085,49.239994858132555],[21.187822124837954,49.23999536165893],[21.187828589940388,49.23999627674271],[21.18783489057184,49.23999759489226],[21.18784096826392,49.239999303875365],[21.18784676661713,49.24000138783307],[21.187852231824102,49.24000382742684],[21.18785731316898,49.2400066000178],[21.187861963498026,49.24000967987689],[21.187866139657196,49.240013038423854],[21.18786980289263,49.24001664449207],[21.18787291921024,49.24002046461812],[21.187875459691178,49.2400244633521],[21.187877400760243,49.2400286035867],[21.187878724404605,49.240032846901435],[21.18787941834097,49.24003715391936],[21.187879476129602,49.24004148467222],[21.187878897234075,49.2400457989717],[21.18787768702625,49.24005005678188],[21.18785493218602,49.240113068458655],[21.187853015736255,49.24011739470006],[21.18785044772648,49.24012157365864],[21.187847253936212,49.24012556338276],[21.187843466427058,49.2401293238205],[21.187839123220847,49.240132817221564],[21.187834267917953,49.24013600851654],[21.187828949259636,49.24013886566869],[21.187823220638677,49.2401413599957],[21.18781713956341,49.240143466457475],[21.187810767080435,49.24014516390782],[21.187804167161733,49.24014643530635],[21.187797406062472,49.24014726788967],[21.18779055165591,49.240147653299765],[21.187783672752005,49.24014758766753],[21.187776838406624,49.24014707165182],[21.187770117228347,49.24014611043288],[21.18776357668963,49.24014471366007],[21.18775728244957,49.240142895355405],[21.187751297694692,49.240140673772416],[21.18774568250461,49.24013807121309],[21.187675258470396,49.240101830953]],[[21.186836529534368,49.23662793878484],[21.186842028869624,49.23662997680713],[21.186847218770822,49.23663233726744],[21.186954988592866,49.2366863312831],[21.18695757873556,49.236687509470464],[21.187126939174306,49.236757216894404],[21.187129966708206,49.236758327268994],[21.18727696991715,49.236806014920525],[21.187282811483893,49.2368081479786],[21.18728830837629,49.236810643099595],[21.187293408429827,49.23681347660519],[21.187298063245944,49.23681662160614],[21.187302228651216,49.23682004825685],[21.18730586511665,49.2368237240391],[21.18730893813276,49.23682761407043],[21.18731141853705,49.23683168143512],[21.1873132827908,49.23683588753472],[21.187314513202423,49.23684019245402],[21.187315098095368,49.23684455534011],[21.187315031918946,49.23684893479001],[21.18731431530097,49.236853289243506],[21.18731295504188,49.23685757737755],[21.187310964050106,49.236861758498506],[21.1873083612197,49.23686579292818],[21.18730517125094,49.236869642380576],[21.187299163993384,49.23687611778968],[21.187295306949228,49.236879841717894],[21.18729090075569,49.23688329453804],[21.18728598954835,49.2368864416643],[21.18728062252133,49.236889251572585],[21.187274853434676,49.23689169611691],[21.187268740075723,49.23689375081088],[21.187262343680345,49.236895395073155],[21.18725572831954,49.23689661243364],[21.187248960257634,49.236897390698275],[21.18724210728853,49.2368977220715],[21.187235238056644,49.23689760323391],[21.187228421369277,49.23689703537592],[21.18722172550742,49.236896024185626],[21.187215217541752,49.23689457979185],[21.187208962660858,49.23689271666272],[21.18678130240384,49.23674799966006],[21.186773441872848,49.236744886722356],[21.186529259404182,49.23663292407729],[21.18652380785882,49.236630146679296],[21.186518810068524,49.23662702466556],[21.18651431661532,49.23662358963356],[21.186510372976862,49.236619876349],[21.186507019066166,49.236615922393554],[21.18650428882763,49.236611767784794],[21.186502209893558,49.23660745457105],[21.186500803304412,49.23660302640584],[21.18650008329595,49.236598528106136],[21.18650005715508,49.23659400519862],[21.18650072514621,49.23658950345916],[21.18650208050848,49.23658506844919],[21.186504109524275,49.23658074505498],[21.18650679165802,49.23657657703296],[21.186510099764035,49.236572606567144],[21.186514839914732,49.23656754126089],[21.18651868606472,49.236563855458066],[21.18652307146614,49.236560437587784],[21.186527952882486,49.23655732134735],[21.186533282186968,49.236554537460336],[21.186539006837034,49.236552113373506],[21.186545070392377,49.23655007298635],[21.18655141307139,49.23654843641534],[21.18655797234057,49.23654721979575],[21.186564683531,49.23654643512242],[21.186571480476005,49.236546090131505],[21.18657829616342,49.236546188224395],[21.186585063396308,49.236546728433886],[21.186591715455453,49.2365477054341],[21.186598186757124,49.236549109592495],[21.186604413499712,49.23655092706536],[21.186836529534368,49.23662793878484]],[[21.18698720971535,49.23958971117639],[21.18698130572566,49.23958764315185],[21.18697573743479,49.23958520843336],[21.186970557793792,49.239582430173584],[21.18696581605785,49.23957933479212],[21.186961557317904,49.23957595172417],[21.18695782207188,49.239572313140584],[21.186954645839567,49.239568453642136],[21.18695205882486,49.23956440993026],[21.18695008562852,49.23956022045817],[21.186948745014288,49.239555925065176],[21.186948049730415,49.23955156459776],[21.186948006388434,49.239547180521356],[21.186948615400325,49.23954281452568],[21.186949870974612,49.23953850812862],[21.186951761171407,49.23953430228138],[21.186954268015967,49.239530236978865],[21.186957367669656,49.23952635087952],[21.186961030656597,49.23952268093769],[21.186965222144014,49.239519262052134],[21.18696990227344,49.239516126734344],[21.186975026539756,49.23951330479913],[21.186980546214414,49.239510823081254],[21.186993205763358,49.23950570730755],[21.186999148998147,49.239503563590475],[21.18700538635764,49.23950181443346],[21.187011856929498,49.239500476918295],[21.187018497523948,49.239499564106715],[21.18702524329083,49.23949908491302],[21.187032028352892,49.23949904401688],[21.187038786449172,49.239499441817706],[21.187045451581987,49.239500274430604],[21.18705195866158,49.239501533724585],[21.18705824414161,49.239503207401704],[21.18706424663986,49.23950527911734],[21.187069907537573,49.23950772863969],[21.18707517155196,49.239510532047326],[21.187079987276046,49.23951366196309],[21.187084307680728,49.23951708782092],[21.187088090574008,49.239520776164994],[21.18709129901308,49.23952469097591],[21.187093901665033,49.23952879402257],[21.187095873112934,49.23953304523587],[21.187097194103995,49.23953740309955],[21.18709785173757,49.23954182505581],[21.187097839591218,49.23954626792103],[21.18709715778338,49.2395506883073],[21.1870952089408,49.239559126664766],[21.18709387766223,49.2395634464893],[21.18709190686561,49.23956766021958],[21.187089315486663,49.239571727369146],[21.187086128423804,49.23957560885986],[21.187082376298914,49.23957926739755],[21.18707809516319,49.239582667830035],[21.18707332615068,49.23958577748529],[21.187068115083097,49.23958856648489],[21.18706251202954,49.239591008031496],[21.187056570825455,49.239593078666154],[21.18705034855532,49.23959475849369],[21.187043905004206,49.239596031373964],[21.187037302083276,49.23959688507677],[21.187030603235034,49.23959731139959],[21.187023872823623,49.23959730624611],[21.187017175516488,49.23959686966598],[21.187010575663,49.23959600585385],[21.18700413667614,49.23959472310951],[21.186997920423256,49.23959303375783],[21.18698720971535,49.23958971117639]],[[21.185836270492466,49.239266301005216],[21.18584243234948,49.239264456321806],[21.185848841866996,49.239263018259535],[21.185855436635077,49.23926200082098],[21.185862152439984,49.23926141391299],[21.18586892388951,49.23926126325038],[21.18587568504958,49.23926155030004],[21.185882370086308,49.23926227226705],[21.185888913907053,49.23926342212156],[21.18589525279417,49.239264988667266],[21.185901325025455,49.239266956650745],[21.185907071475135,49.23926930690951],[21.185912436189582,49.239272016558935],[21.185917366932088,49.23927505921498],[21.185921815691593,49.239278405251106],[21.185925739150075,49.239282022086634],[21.185929099104392,49.23928587450415],[21.185931862838267,49.23928992499243],[21.185934003440853,49.2392941341115],[21.185943538244985,49.23931651046244],[21.18594504266761,49.23932086642155],[21.185945879648138,49.23932529861988],[21.18594604092755,49.239329763322864],[21.185945524914242,49.239334216475235],[21.18594433669976,49.23933861413571],[21.18594248800861,49.23934291291044],[21.185939997082524,49.239347070381434],[21.18593688850049,49.23935104552498],[21.185933192936226,49.23935479911639],[21.18592894685549,49.23935829411729],[21.18592419215629,49.23936149604072],[21.18591897575544,49.239364373291835],[21.18591334912559,49.23936689747939],[21.18590736778739,49.23936904369605],[21.185901090761554,49.239370790763985],[21.185894579986535,49.23937212144401],[21.185887899707286,49.23937302260574],[21.1858811158414,49.239373485356914],[21.185874295328595,49.23937350513141],[21.1858675054702,49.23937308173396],[21.18586081326506,49.2393722193426],[21.185854284748427,49.239370926466876],[21.185847984340363,49.23936921586419],[21.185808571802745,49.239356979443855],[21.185802728069152,49.23935493340763],[21.185797212779608,49.23935252804329],[21.185792077306587,49.23934978575576],[21.185787369484697,49.23934673208826],[21.185783133165124,49.23934339548432],[21.18577940780722,49.23933980702292],[21.185776228110896,49.239336000129],[21.185773623693514,49.239332010262096],[21.185771618813877,49.239327874585975],[21.185770232146407,49.23932363162261],[21.1857694766071,49.23931932089329],[21.18576935923332,49.23931498255048],[21.18576988111817,49.23931065700384],[21.185771037400368,49.23930638454384],[21.185772817309534,49.23930220496648],[21.18577520426648,49.23929815720265],[21.185778176037676,49.239294278955185],[21.18578170494234,49.23929060634828],[21.185785758110278,49.23928717359052],[21.185790297788053,49.239284012656384],[21.18579528169064,49.23928115298848],[21.185800663395295,49.23927862122329],[21.185806392773962,49.2392764409429],[21.185836270492466,49.239266301005216]],[[21.18002892210869,49.23443320383907],[21.18002730435101,49.23443288226818],[21.180020271197378,49.23443173058253],[21.180013747862514,49.234430433915286],[21.18000745306359,49.23442871999404],[21.18000144886585,49.23442660571779],[21.179995794469274,49.23442411193282],[21.17999054562484,49.23442126322717],[21.179985754084864,49.23441808768843],[21.179981467092727,49.23441461662682],[21.179977726917038,49.23441088426601],[21.179974570434933,49.23440692740624],[21.17997202876839,49.23440278506122],[21.179970126977505,49.234398498073425],[21.17996888381328,49.234394108711555],[21.179968311532853,49.23438966025365],[21.17996841577857,49.234385196560275],[21.17996919552242,49.234380761642434],[21.179970643076146,49.234376399227145],[21.179972744167074,49.23437215232683],[21.179975478078834,49.23436806281483],[21.179978817855623,49.23436417101259],[21.180024438300318,49.234316694660386],[21.180028176557705,49.23431318646253],[21.180032407068236,49.23430992680913],[21.180037091530018,49.234306945212076],[21.18004218753125,49.23430426866593],[21.18004764893417,49.23430192140332],[21.18005342629283,49.234299924675724],[21.18005946730071,49.23429829656082],[21.180065717264295,49.23429705179916],[21.180072119598314,49.23429620166038],[21.180078616337944,49.234295753841444],[21.180085148663657,49.23429571239671],[21.18009165743375,49.23429607770142],[21.180098083719773,49.23429684644821],[21.180104369340075,49.2342980116771],[21.18011045738653,49.234299562838444],[21.18011629273977,49.23430148588849],[21.18083598100594,49.23456747946764],[21.180840013738752,49.23456875032572],[21.18212762521151,49.23490867523597],[21.18213513292536,49.23491101252342],[21.182142154227144,49.234913926858546],[21.182313605061754,49.23499501777953],[21.182550016411202,49.23510683286869],[21.182551397760523,49.2351074213069],[21.182553045615833,49.23510741215073],[21.18266956882937,49.2351030386166],[21.182904493347507,49.23509421920598],[21.182911673713107,49.235094195920645],[21.182918818523007,49.235094663842936],[21.182925849626987,49.235095617854675],[21.183186234389954,49.23514036172328],[21.183187784277294,49.23514057712037],[21.183189671911002,49.235139209615696],[21.183194538129182,49.23513602126768],[21.18319986745552,49.235133168042054],[21.183205606314623,49.235130678622106],[21.18321169701411,49.23512857803384],[21.183218078324593,49.23512688739421],[21.183224686095244,49.235125623699126],[21.183231453898642,49.23512479965253],[21.18323831369859,49.23512442353832],[21.183245196534042,49.23512449913761],[21.183252033212426,49.23512502569048],[21.18325875500514,49.23512599790341],[21.18326529433853,49.235127406002924],[21.183271585473168,49.23512923583345],[21.183277565164722,49.235131468999846],[21.183283173299767,49.23513408305224],[21.183288353500103,49.23513705171181],[21.183355289534603,49.23517947498061],[21.183356568000583,49.23518020801711],[21.18335811499349,49.235180660254194],[21.18365824006042,49.23525690261775],[21.183659219996382,49.23525715723973],[21.184396560217465,49.23545304520015],[21.184403166144318,49.23545507414245],[21.184409405948305,49.23545755069331],[21.184415209155702,49.23546044688208],[21.18509323422196,49.235837749310015],[21.185096905990903,49.235839947409794],[21.185242884378344,49.23593391692596],[21.18524753509932,49.235937226103864],[21.18525165767517,49.23594082297708],[21.185255210854773,49.23594467155483],[21.185258159084448,49.235948733327824],[21.18526047286368,49.23595296765343],[21.185262129040343,49.235957332162464],[21.18526311104235,49.23596178318306],[21.185263409043454,49.235966276177656],[21.18526302006165,49.23597076618886],[21.18526194798896,49.2359752082889],[21.18526020355252,49.235979558029534],[21.185257804207215,49.23598377188661],[21.185254773961116,49.23598780769567],[21.185251143135144,49.23599162507384],[21.18524694805977,49.23599518582379],[21.18524223071145,49.23599845431621],[21.18523703829259,49.23600139784596],[21.185231422759287,49.23600398695963],[21.185225440301398,49.236006195750186],[21.185219150780302,49.23600800211611],[21.185212617129945,49.23600938798263],[21.185205904727066,49.23601033948247],[21.185199080737053,49.236010847094796],[21.185021627380348,49.23601818625335],[21.18501536817667,49.23601825786105],[21.185009125030952,49.23601795584703],[21.185002949846673,49.23601728272216],[21.184996893962268,49.236016244082585],[21.18499100772437,49.23601484856318],[21.184985340069215,49.236013107765906],[21.184979938115774,49.236011036163106],[21.184493520994543,49.23580443967792],[21.184489087646124,49.23580238922889],[21.184484915500907,49.235800115866574],[21.184132893511244,49.235592343173046],[21.184131634396806,49.23559166819638],[21.184130283086105,49.23559107456847],[21.183677723441804,49.235412082156415],[21.183676309152574,49.23541158084305],[21.183674737260457,49.23541135833864],[21.183519438301897,49.2353943534663],[21.182991830196702,49.23533657624965],[21.182991830067014,49.23533657623746],[21.18238291338703,49.23526989272236],[21.182377717506338,49.235269187556874],[21.18237262031029,49.23526822172926],[21.18212375778528,49.23521415922713],[21.18211601196115,49.23521212666105],[21.18182393301112,49.235121629752314],[21.18182266510245,49.235121277034],[21.18182135801053,49.235120992174004],[21.18095479990669,49.234957166136184],[21.180948937333714,49.23495586765053],[21.180943277143193,49.23495422873377],[21.180937865327905,49.23495226270311],[21.180932745862403,49.23494998553391],[21.180927960345684,49.23494741572968],[21.180522300445286,49.23470876144025],[21.18051838962165,49.23470626976917],[21.180514793314583,49.234703582595536],[21.18041454401155,49.23462238023286],[21.180413607335783,49.234621682700485],[21.180412511321894,49.234621098100455],[21.180030324355915,49.23443382230537],[21.18002892210869,49.23443320383907]],[[21.182008742338372,49.22584678249298],[21.182015005584603,49.225848323528176],[21.182021010020932,49.22585025659883],[21.182026698604606,49.225852563340524],[21.182032017293487,49.22585522183913],[21.182036915559458,49.22585820683855],[21.182041346868388,49.225861489980986],[21.182045269122323,49.22586504007628],[21.182048645059314,49.22586882339817],[21.18205144260749,49.225872804004645],[21.1820536351897,49.22587694407954],[21.182055201976013,49.225881204291724],[21.182056128081623,49.225885544168605],[21.182056404708256,49.225889922480974],[21.182056029227752,49.225894297634234],[21.182055005207058,49.22589862806401],[21.18205334237431,49.22590287263058],[21.182051056526493,49.225906991010106],[21.182048169379293,49.22591094407745],[21.182044708360834,49.22591469427791],[21.182040706351145,49.225918205984165],[21.182036201369723,49.22592144583451],[21.18203123621442,49.225924383049865],[21.182025858054814,49.22592698972639],[21.18202011798411,49.22592924110021],[21.182014070533743,49.225931115783],[21.181884447892664,49.22596634229307],[21.18187921171347,49.22596760448823],[21.181640251008726,49.22601808464793],[21.18163276814838,49.22601936553647],[21.181625112784257,49.226020086977734],[21.181604677988616,49.226021248135964],[21.181597930460168,49.22602141322344],[21.181591190811755,49.226021143327394],[21.18158452425535,49.226020441059426],[21.18157799529577,49.22601931321451],[21.18157166710637,49.22601777070554],[21.181565600917942,49.2260158284577],[21.181559855426105,49.22601350526393],[21.18155448622347,49.226010823603076],[21.1815495452617,49.226007809422626],[21.181545080348812,49.22600449188736],[21.181541134686615,49.22600090309732],[21.181537746452697,49.22599707777718],[21.18153494843103,49.225993052940176],[21.181532767694733,49.225988867530106],[21.18153122534414,49.225984562044424],[21.181530336302668,49.22598017814234],[21.181530109172368,49.2259757582419],[21.181530546150743,49.225971345109386],[21.181551868358966,49.225849336634056],[21.181552992703054,49.22584488985018],[21.18155479121727,49.225840539148614],[21.181557245824365,49.22583632825872],[21.181560331852683,49.22583229950463],[21.181564018284078,49.22582849337973],[21.181568268065735,49.225824948139795],[21.181573038482554,49.22582169941841],[21.18157828158651,49.22581877986868],[21.181583944678607,49.22581621883539],[21.18158997083852,49.225814042059724],[21.181596299496704,49.22581227142053],[21.181602867043228,49.22581092471482],[21.181609607467074,49.225810015478345],[21.18161645301964,49.22580955284994],[21.181623334895665,49.2258095414796],[21.181858849557308,49.2258168931973],[21.18186483978599,49.22581725300103],[21.181870758919786,49.22581795490143],[21.18187656150399,49.22581899350849],[21.182008742338372,49.22584678249298]],[[21.1806447100602,49.223840663266536],[21.180643545384797,49.22383976538784],[21.180586562113003,49.22380028728397],[21.180582305013434,49.22379704155351],[21.180578538297013,49.22379354544357],[21.180575296083965,49.223789830623254],[21.180572607743333,49.223785930742714],[21.180570497626967,49.223781881128595],[21.180568984848918,49.223777718463694],[21.180568083112348,49.22377348045498],[21.180567800585344,49.22376920549185],[21.180568139826985,49.223764932298465],[21.18056909776414,49.22376069958295],[21.180570665719316,49.223756545686754],[21.18059061245846,49.223712761437405],[21.180601557835864,49.223688737029285],[21.18060383329591,49.22368452043103],[21.180606737091423,49.223680472767064],[21.180610240488786,49.22367663408968],[21.18061430882122,49.22367304238309],[21.180618901831874,49.22366973318774],[21.180623974072194,49.223666739248614],[21.18062947535154,49.22366409019113],[21.180635351233946,49.223661812228116],[21.180641543576723,49.2236599279003],[21.18064799110575,49.22365845585337],[21.180654630021863,49.22365741065345],[21.180661394632097,49.223656802642836],[21.180668217999717,49.22365663783799],[21.18080769613169,49.22365781620066],[21.180814277245567,49.22365807922457],[21.180820789469664,49.223658754608984],[21.18082717271758,49.22365983612237],[21.18083336809296,49.2236613137859],[21.18083931843287,49.223663173965555],[21.180844968835213,49.22366539949807],[21.18085026716532,49.22366796984906],[21.18085516453699,49.2236708613026],[21.180859615763502,49.22367404718012],[21.180863579774552,49.22367749808649],[21.18086701999526,49.22368118218108],[21.180869904683544,49.223685065471855],[21.181011474837817,49.223901489077875],[21.181012269748667,49.223902546021634],[21.181013528767405,49.22390338755971],[21.181277356994897,49.22406200309277],[21.181282171426865,49.224065202154115],[21.181286474443127,49.224068699915236],[21.181290223088475,49.224072461459585],[21.18129337994173,49.22407644923732],[21.18129591348926,49.22408062344027],[21.18134792428293,49.22418059749171],[21.18134972080281,49.22418467045932],[21.181350923595694,49.22418883615388],[21.181351521966004,49.224193057533256],[21.181351510592794,49.22419729706036],[21.181350889577008,49.224201517036406],[21.1813496644407,49.22420567993671],[21.181347846077838,49.22420974874401],[21.181345450657503,49.224213687277675],[21.181342499480085,49.22421746051556],[21.18133901878788,49.224221034905355],[21.18133503953174,49.22422437866287],[21.181330597095904,49.22422746205479],[21.18125718628038,49.22427382605908],[21.181252181974653,49.224276693603194],[21.181246777552726,49.22427923056476],[21.181241023725498,49.224281413138975],[21.181234974482418,49.22428322084601],[21.181228686584934,49.22428463672395],[21.181222219033852,49.22428564748719],[21.181215632515734,49.22428624365147],[21.18120898883342,49.22428641962287],[21.181202350326163,49.2242861737502],[21.181195779284657,49.22428550834055],[21.18118933736653,49.224284429637606],[21.18118308501781,49.22428294776314],[21.18117708090576,49.22428107662185],[21.18117138136832,49.224278833771145],[21.18116603988555,49.224276240256216],[21.181161106577765,49.22427332041258],[21.181156627735234,49.22427010163779],[21.181152645383918,49.22426661413444],[21.181149196890964,49.22426289062647],[21.181004587424052,49.224088189982],[21.181003642370005,49.224087180391344],[21.181002261353598,49.22408641603876],[21.180736398211305,49.22395447727555],[21.180693796433765,49.22393333501549],[21.18068857141919,49.22393046348791],[21.180683807300024,49.22392726649436],[21.180679551116103,49.22392377560132],[21.180675844891955,49.22392002527701],[21.18067272522193,49.2239160525514],[21.180670222908816,49.22391189665036],[21.180668362659777,49.22390759860822],[21.18064520650187,49.22384179569114],[21.1806447100602,49.223840663266536]],[[21.180605528864774,49.22550671639034],[21.180779921332782,49.22554807463703],[21.180786269322883,49.22554982061361],[21.18079231833851,49.22555197430252],[21.18079800752481,49.225554514036965],[21.180803279646895,49.22555741426658],[21.18080808166566,49.22556064581425],[21.1808123652713,49.22556417616954],[21.180816087369397,49.225567969816204],[21.180819210514436,49.22557198858898],[21.18082170328651,49.22557619205781],[21.180823540607445,49.22558053793463],[21.180824703993054,49.22558498249853],[21.18082518173916,49.22558948103595],[21.180824969039307,49.225593988290164],[21.180824068033132,49.225598458916856],[21.180822487784855,49.2256028479401],[21.180817831106946,49.22561338470421],[21.180815754903218,49.225617372524695],[21.180813117846313,49.22562121553771],[21.180809943095934,49.225624879991955],[21.180806258534137,49.22562833370457],[21.180802096520353,49.22563154634341],[21.180797493607276,49.22563448969366],[21.180792490219762,49.22563713790526],[21.180787130299898,49.22563946772049],[21.18078146092098,49.22564145867778],[21.180576957737003,49.22570538440549],[21.180569738233018,49.22570731947633],[21.180562230138772,49.22570870557653],[21.180554530414312,49.22570952480584],[21.18040789293856,49.22571956777527],[21.18040105308797,49.225719811151194],[21.18039421025831,49.2257196068318],[21.18038743259074,49.22571895685174],[21.180380787577477,49.22571786768355],[21.180374341389793,49.22571635017323],[21.180368158219018,49.22571441943212],[21.180362299637316,49.22571209468664],[21.18035682398458,49.22570939908668],[21.18035178578747,49.22570635947512],[21.18034723521638,49.22570300612041],[21.18034321758593,49.22569937241542],[21.180339772903654,49.225695494544674],[21.18033693547164,49.22569141112402],[21.180334733544928,49.225687162816335],[21.180273832541317,49.225547050616704],[21.18027233033811,49.22554283256728],[21.180271454824684,49.225538539415815],[21.18027121412672,49.22553421100789],[21.180271610477995,49.22552988751643],[21.180285159151595,49.22544816305272],[21.18028622915913,49.2254437583082],[21.180287960255445,49.225439444677754],[21.18029033540345,49.2254352646148],[21.18029333122746,49.225431259258336],[21.18029691824334,49.22542746802783],[21.180301061148615,49.22542392823553],[21.180305719169965,49.22542067471895],[21.180310846464454,49.22541773949816],[21.180316392570735,49.22541515146078],[21.180322302905697,49.22541293607745],[21.180328519301586,49.225411115151275],[21.18033498057854,49.22540970660327],[21.18034162314667,49.225408724295946],[21.18034838163188,49.225408177896846],[21.18035518951927,49.22540807278346],[21.180361979807728,49.22540840999018],[21.180368685669375,49.22540918619845],[21.180375241107207,49.225410393769074],[21.180381581604628,49.225412020817465],[21.18038764476041,49.22541405133072],[21.180393370902806,49.22541646532522],[21.180406180280293,49.225422474173314],[21.180411985740523,49.225425522381876],[21.180463613182443,49.22545578181071],[21.180465071728875,49.22545654692052],[21.18046664905545,49.22545720320122],[21.180535529931532,49.22548251329632],[21.180536169310642,49.22548274242249],[21.18060106624204,49.225505415620994],[21.180605528864774,49.22550671639034]],[[21.17944835652858,49.22481412326559],[21.179448960745326,49.224810259918414],[21.179450071749276,49.22480644513728],[21.179451681250445,49.22480270738669],[21.179453777239264,49.224799074556245],[21.17949352757071,49.22473826064066],[21.179496351633755,49.22473444763159],[21.179499711308168,49.22473082572637],[21.179503576741173,49.224727427107766],[21.179507913586004,49.224724281974446],[21.179512683307166,49.22472141827283],[21.17951784352282,49.224718861448544],[21.179523348381384,49.22471663422049],[21.17952914896895,49.22471475637887],[21.179535193743867,49.224713244609404],[21.17972977043987,49.2246713497641],[21.179736767079934,49.224670107211885],[21.179743924774847,49.224669354880106],[21.17975116369231,49.22466910115989],[21.179758403094084,49.22466934888102],[21.18007589910525,49.22469126936093],[21.18008308488679,49.22469201947485],[21.18009010906082,49.224693263586964],[21.180096892695282,49.22469498771686],[21.18010335956112,49.22469717249021],[21.18010943698881,49.224699793356244],[21.180225095213938,49.22475564293673],[21.180230191177063,49.22475835959312],[21.180234867217504,49.22476138292976],[21.180239080489933,49.224764685244644],[21.18024279238924,49.224768236279594],[21.180245968904217,49.224772003497485],[21.180248580929227,49.2247759523804],[21.180250604530862,49.22478004674569],[21.180252021167277,49.22478424907792],[21.18025281785806,49.224788520872245],[21.180273455734483,49.22497166964617],[21.180273619757433,49.22497612132046],[21.18027311060939,49.224980561786566],[21.180271933284942,49.22498494748318],[21.18027009933356,49.22498923538636],[21.180267626746257,49.22499338343149],[21.180264539779138,49.22499735092595],[21.180260868715433,49.22500109894833],[21.18025664956844,49.225004590730215],[21.180251923728214,49.22500779201699],[21.180246737555514,49.225010671403716],[21.180241141927063,49.225013200643446],[21.180235191736383,49.225015354924075],[21.180228945355314,49.22501711311196],[21.18022246406136,49.225018457959145],[21.180003838929633,49.22505612993763],[21.1799969255651,49.22505707514005],[21.179989900509867,49.22505755008551],[21.179982838128133,49.22505754974643],[21.17997581317928,49.22505707412641],[21.179968900026395,49.225056128260164],[21.179962171849134,49.2250547221602],[21.1796684389157,49.224982233950314],[21.17966666030619,49.22498186622363],[21.17966483112254,49.22498162758097],[21.17960267987445,49.22497580613183],[21.179601495678096,49.2249757089427],[21.179499894883595,49.22496854320483],[21.17949344410888,49.224967883699115],[21.17948711817839,49.22496682576851],[21.179480974321166,49.22496537898371],[21.179475068119064,49.22496355643353],[21.179469453003904,49.224961374606025],[21.17946417977412,49.22495885323968],[21.179459296135192,49.224956015144556],[21.17945484626801,49.22495288599619],[21.17945087042925,49.224949494103114],[21.17944740458716,49.22494587015089],[21.179444480096187,49.224942046924475],[21.17944212341324,49.22493805901146],[21.179440355858446,49.22493394248943],[21.17943919342225,49.224929734599485],[21.17943864662073,49.22492547340915],[21.179438720400505,49.22492119746829],[21.17944835652858,49.22481412326559]],[[21.17884247915011,49.23434801206676],[21.178843536197846,49.234347190772006],[21.179095635852544,49.23413104494321],[21.17910012279156,49.23412757650246],[21.17910512164037,49.23412442249369],[21.179110581295866,49.234121615160134],[21.17911644594414,49.23411918320118],[21.179122655631087,49.23411715147854],[21.17912914687533,49.23411554076247],[21.179135853317128,49.234114367519204],[21.179142706396846,49.23411364374277],[21.179149636055765,49.23411337683234],[21.179156571452314,49.234113569516474],[21.179163441686246,49.234114219825436],[21.179170176523503,49.234115321111084],[21.17917670711412,49.23411686211506],[21.179353503748704,49.234165324466595],[21.179359616034958,49.23416723718181],[21.179365410711018,49.234169535048146],[21.179370831359396,49.234172195693425],[21.179375825204172,49.23417519321335],[21.179380343624736,49.234178498423866],[21.17938434262929,49.23418207914506],[21.17938778328303,49.2341859005148],[21.179390632087323,49.23418992532788],[21.179392861305786,49.23419411439833],[21.17939444923439,49.23419842694091],[21.179395380412736,49.2342028209683],[21.179395645774605,49.23420725369988],[21.17939524273624,49.23421168197808],[21.17939417522148,49.234216062688695],[21.17939245362359,49.234220353180646],[21.179390094704072,49.23422451168123],[21.17938712142948,49.234228497702915],[21.17938356274781,49.23423227243716],[21.179204856338764,49.234402432313736],[21.17920063488434,49.234406045641094],[21.179195877388274,49.234409361088886],[21.179190632567664,49.234412344706605],[21.179184954129912,49.2344149659417],[21.179178900222716,49.234417197952524],[21.179172532838642,49.234419017882985],[21.179165917180327,49.23442040709689],[21.179159120992786,49.2344213513685],[21.17915221386964,49.23442184102834],[21.178941902678353,49.23442972981328],[21.17893691801805,49.23442979804196],[21.178882088281384,49.234429244384394],[21.178875382448084,49.23442896129686],[21.17886875099625,49.23442825027959],[21.178862257453805,49.23442711814393],[21.178855964027562,49.234425575735564],[21.178849931007203,49.23442363783038],[21.178844216187798,49.234421322993185],[21.17883887431605,49.2344186533996],[21.178833956565917,49.23441565462377],[21.17882951004834,49.23441235539331],[21.17882557735988,49.2344087873141],[21.178822196174742,49.23440498456767],[21.178819398883824,49.23440098358347],[21.17881721228442,49.23439682269],[21.178815657323497,49.234392541747745],[21.17881474889707,49.23438818176713],[21.178814495707496,49.23438378451581],[21.1788149001801,49.23437939211848],[21.178815958439948,49.23437504665316],[21.178817660349,49.23437078974854],[21.17881998960321,49.234366662184634],[21.17882292388872,49.23436270350261],[21.17882643509565,49.23435895162561],[21.17883048958737,49.23435544249571],[21.178835048522735,49.234352209729586],[21.178840068228183,49.23434928429628],[21.17884247915011,49.23434801206676]],[[21.179188810344268,49.223559728034935],[21.1791897947824,49.223560593423905],[21.179431010384317,49.22375241337016],[21.179435158999286,49.22375607628208],[21.179438719691326,49.223759995641366],[21.179441655818287,49.22376413111508],[21.179443937165146,49.223768440146195],[21.17944554025505,49.22377287839171],[21.179446448590877,49.22377740017886],[21.179488701381125,49.22412225693188],[21.179488919682303,49.224123345786886],[21.17949050619637,49.2241237011039],[21.179837620643298,49.22418882668989],[21.17984422113296,49.22419030661421],[21.179850558179254,49.22419221772121],[21.179856566320165,49.22419454026911],[21.179862183491274,49.224197250265874],[21.179867351666854,49.224200319717106],[21.17987201745932,49.22420371691517],[21.179876132670664,49.22420740676695],[21.179879654790426,49.224211351155944],[21.179882547434755,49.22421550933644],[21.17988478072231,49.22421983835422],[21.179886331582907,49.22422429349022],[21.17988718399588,49.22422882872259],[21.179887329155566,49.224233397202106],[21.179886765562244,49.22423795173607],[21.179866937181327,49.224335982745544],[21.17986573263763,49.22434030399871],[21.179863889998487,49.224344527633995],[21.179861426854014,49.22434861333175],[21.179858366717824,49.22435252208888],[21.179854738802547,49.224356216591396],[21.179850577741036,49.2243596615708],[21.17984592325566,49.22436282414045],[21.17984081977919,49.22436567410965],[21.1798353160306,49.22436818427194],[21.179829464549975,49.22437033066464],[21.179823321196956,49.22437209279782],[21.179816944617485,49.22437345384968],[21.179810395683987,49.22437440082729],[21.17945887107511,49.22441354687399],[21.17945732087594,49.22441376950478],[21.179456693910666,49.224414724415105],[21.1794237835619,49.22447221996194],[21.179421165067883,49.224476199627475],[21.179417973757474,49.22447999568789],[21.17941423928001,49.224483572875165],[21.179409996331263,49.224486897954854],[21.17940528433106,49.22448994003458],[21.17940014705706,49.224492670851355],[21.179394632238054,49.22449506503399],[21.179388791110483,49.2244971003389],[21.17938267794247,49.22449875785664],[21.179376349529583,49.224500022187684],[21.17936986466718,49.22450088158556],[21.179363283604175,49.22450132806585],[21.179356667483262,49.224501357480456],[21.179350077772796,49.22450096955603],[21.179343575695846,49.224500167896764],[21.179235771476755,49.224483316404616],[21.179229293133332,49.22448208041225],[21.179223031369588,49.22448043378826],[21.17921704669398,49.22447839244428],[21.17921139693743,49.224475976106184],[21.17920613669442,49.224473208123484],[21.179201316795492,49.224470115243534],[21.179196983816055,49.224466727353466],[21.179193179626264,49.224463077191004],[21.17918994098654,49.224459200028164],[21.17918729919221,49.22445513333067],[21.179185279771218,49.224450916395625],[21.179183902237376,49.224446589971926],[21.17917203874064,49.224397322109255],[21.179172038517635,49.22439732131163],[21.1791514894629,49.224311993081194],[21.179150810423863,49.22430804889502],[21.17915066515403,49.22430408085296],[21.179151054785503,49.2243001198828],[21.179151976281307,49.224296196857395],[21.17920461281679,49.22412329141391],[21.179204871392255,49.22412212473653],[21.17920494131422,49.22412094672035],[21.179200689581865,49.22391906815278],[21.17920057955424,49.223917951317645],[21.17919951558333,49.22391707560651],[21.17895438558554,49.223735050318716],[21.178950056334084,49.223731486878314],[21.1789462996658,49.22372765486334],[21.17894315412453,49.223723593590805],[21.178940651983822,49.223719344729965],[21.178938818915857,49.22371495187477],[21.178937673727976,49.22371046009654],[21.17893722816978,49.22370591548148],[21.178937486812586,49.22370136465803],[21.178938447002476,49.22369685431817],[21.178940098887598,49.22369243073866],[21.178942425519207,49.22368813930593],[21.17905179189462,49.22351480059269],[21.179054659440457,49.22351081984665],[21.179058107543458,49.223507041839504],[21.17906210315357,49.22350350278336],[21.179066607972935,49.223500236599925],[21.179071578822946,49.223497274595324],[21.179076968058183,49.22349464516036],[21.179082724023015,49.22349237349793],[21.17908879154676,49.22349048138191],[21.1790951124725,49.223488986948084],[21.179101626214425,49.2234879045205],[21.17910827033869,49.223487244474214],[21.179114981161685,49.2234870131357],[21.17912169436055,49.22348721272235],[21.179128345589632,49.22348784132113],[21.179134871097233,49.22348889290693],[21.17914120833671,49.223490357400415],[21.17914729656593,49.22349222076442],[21.179153077429497,49.22349446513871],[21.179158495518077,49.22349706901113],[21.179163498899488,49.22350000742362],[21.17916803961648,49.22350325221166],[21.179172074146393,49.22350677227409],[21.17917556381833,49.22351053387127],[21.17917847518379,49.223514500948426],[21.179180780337308,49.22351863548131],[21.179182457183924,49.22352289784056],[21.179183489650978,49.22352724717163],[21.179188557735007,49.2235586616008],[21.179188810344268,49.223559728034935]],[[21.179250863709512,49.22301014333303],[21.17925223280979,49.223009575005165],[21.179614027145323,49.222842389105445],[21.179619630491917,49.22284005712147],[21.179625551575576,49.2228380906048],[21.179631735007188,49.2228365079513],[21.179638122943466,49.22283532396598],[21.17964465562815,49.22283454972443],[21.179651271950885,49.22283419246946],[21.17965791001896,49.22283425554295],[21.179664507736227,49.222834738354855],[21.179671003383998,49.22283563638876],[21.17967733619842,49.2228369412439],[21.179683446938828,49.22283864071394],[21.179689278441952,49.22284071890112],[21.17969477615665,49.222843156364924],[21.179699888654213,49.22284593030394],[21.1797045681094,49.222849014769245],[21.17970877074793,49.222852380907014],[21.179712457255842,49.22285599722851],[21.179776921674915,49.22292638221514],[21.179779988675556,49.222930120199926],[21.179782503949312,49.22293403093661],[21.179784445086977,49.22293807958371],[21.179785794794423,49.22294223007095],[21.179786541046678,49.22294644542083],[21.179786677195082,49.22295068807793],[21.17978620202651,49.22295492024354],[21.179785119774177,49.22295910421239],[21.179783440079955,49.22296320270862],[21.179781177908442,49.22296717921789],[21.179778353413692,49.22297099831254],[21.179607064017354,49.22317719173382],[21.179603700801007,49.22318082087733],[21.179599829957162,49.22318422605769],[21.179595486001194,49.22318737691172],[21.1795907076671,49.22319024534402],[21.179585537562176,49.22319280577729],[21.17937003084801,49.22328940811073],[21.179367796038918,49.223290368568215],[21.179252562581713,49.2233378163785],[21.179246787064013,49.22333994685479],[21.17924072473617,49.22334170251542],[21.179234432131828,49.22334306698815],[21.17922796793208,49.223344027548706],[21.17922139241821,49.223344575239466],[21.179214766909585,49.22334470495308],[21.179208153191762,49.22334441547979],[21.179201612940382,49.223343709519106],[21.179195207145938,49.2233425936544],[21.17918899554509,49.2233410782916],[21.179183036063513,49.22333917756202],[21.179177384275757,49.22333690919078],[21.179172092886994,49.22333429433128],[21.17916721124152,49.22333135736828],[21.179162784862548,49.223328125689996],[21.17915885502774,49.22332462943323],[21.179155458384276,49.22332090120193],[21.17915262660708,49.22331697576328],[21.179150386103455,49.223312889723616],[21.179148757766843,49.22330868118683],[21.179147756781944,49.22330438939919],[21.17910238817173,49.22301771754443],[21.17910202332313,49.223013321944755],[21.17910231652648,49.22300892404484],[21.179103264970625,49.22300456600814],[21.17910485956254,49.22300028961565],[21.17910708501447,49.222996135865806],[21.179109919990548,49.222992144581205],[21.179113337311307,49.222988354026796],[21.179117304214326,49.22298480054323],[21.17912178266826,49.22298151819814],[21.179126729737487,49.22297853845984],[21.17913209799372,49.22297588989544],[21.17913783597075,49.22297359789711],[21.179143888657823,49.222971684438434],[21.17915019802703,49.22297016786411],[21.179156703589648,49.222969062713695],[21.179163342976018,49.222968379582326],[21.179170052533546,49.2229681250193],[21.179176767936855,49.22296830146517],[21.179183424804567,49.222968907228314],[21.179189959316464,49.22296993650121],[21.179196308825365,49.222971379416094],[21.179202412457723,49.22297322213956],[21.179208211697215,49.22297544700517],[21.179213650945773,49.222978032682875],[21.179218678056547,49.22298095438345],[21.179223244833906,49.22298418409614],[21.179227307495466,49.22298769085732],[21.1792498831738,49.22300929794377],[21.179250863709512,49.22301014333303]],[[21.178627294389646,49.2265807273506],[21.178625688965266,49.22658066924778],[21.178501193055006,49.22658007786241],[21.178494694056,49.226579844884476],[21.178488257961835,49.22657920981725],[21.178481942635383,49.22657817836998],[21.178475804853758,49.22657675981591],[21.178469899797886,49.226574966908316],[21.178464280556355,49.22657281576613],[21.178458997648182,49.22657032572889],[21.178454098568608,49.22656751918295],[21.178449627362056,49.22656442136017],[21.178392714493132,49.22652104280231],[21.17839191988349,49.22652042604326],[21.178323272026844,49.226466162253026],[21.178319234817906,49.2264626318408],[21.178315745243324,49.226458859316615],[21.1783128368911,49.22645488099216],[21.178310537754793,49.22645073515987],[21.1783088699641,49.22644646172458],[21.17830784957178,49.226442101819266],[21.178307486399234,49.22643769740918],[21.17830778394192,49.22643329088805],[21.17830873933574,49.22642892466973],[21.17831034338459,49.22642464078027],[21.178312580648935,49.22642048045325],[21.178315429594342,49.22641648373287],[21.178318862798847,49.22641268908861],[21.17832284721685,49.226409133044896],[21.17845071697573,49.22630602435488],[21.178455163318766,49.22630277486158],[21.178460069683222,49.22629982297588],[21.178465389853013,49.226297196503296],[21.178471073714235,49.22629492018424],[21.17847706772715,49.226293015460634],[21.17848331543056,49.22629150027426],[21.1784897579736,49.22629038889755],[21.17849633467014,49.22628969179919],[21.17850298357035,49.22628941554563],[21.178509642044304,49.22628956273903],[21.178516247371892,49.226290131992826],[21.178522737333598,49.22629111794496],[21.17852905079663,49.22629251130814],[21.178535128290697,49.22629429895741],[21.178540912568245,49.226296464053945],[21.178872417217107,49.226434941419974],[21.178873830682594,49.22643547005132],[21.17887521240611,49.22643490657079],[21.178938304207737,49.22640628269051],[21.17894385188812,49.2264040140211],[21.17894970404339,49.226402101441124],[21.178955807548995,49.22640056231264],[21.17896210699869,49.22639941060741],[21.178968545207525,49.22639865678043],[21.178975063730913,49.226398307674714],[21.178981603395226,49.22639836645938],[21.178988104834893,49.22639883260077],[21.17899450903135,49.22639970186741],[21.179000757848794,49.22640096636823],[21.17900679456187,49.22640261462446],[21.179012564370677,49.22640463167361],[21.179018014898162,49.226406999205224],[21.179110134268832,49.226451291229736],[21.179112282083913,49.226452367194234],[21.179313908096866,49.2265575594211],[21.179318976752366,49.22656048196519],[21.17932358243338,49.22656371655068],[21.17932768056685,49.226567231873844],[21.179331231491624,49.22657099391399],[21.179334200842327,49.226574966262675],[21.179336559881957,49.22657911047629],[21.179338285779938,49.22658338644772],[21.17933936183316,49.22658775279485],[21.17933977762758,49.226592167260804],[21.179341972558607,49.226708066872945],[21.179341722913883,49.22671249550439],[21.179340808766717,49.22671688652357],[21.17933923899911,49.22672119726574],[21.179337028863316,49.226725385846095],[21.179334199833686,49.22672941156696],[21.17933077939795,49.226733235312956],[21.1793268007902,49.22673681993112],[21.179322302667938,49.22674013059194],[21.179317328736495,49.226743135127876],[21.179311927324374,49.22674580434572],[21.179306150913675,49.22674811231028],[21.179300055630122,49.22675003659661],[21.17929370069777,49.22675155850753],[21.179287147863544,49.226752663255596],[21.178880204797007,49.22680742191874],[21.178873564189384,49.226808095558624],[21.178866854833924,49.226808340727864],[21.178860141025133,49.22680815507709],[21.178853487100174,49.22680754038531],[21.178846956822355,49.226806502543035],[21.178840612770106,49.22680505149574],[21.178834515737258,49.22680320114846],[21.178828724150485,49.22680096923276],[21.178823293509428,49.22679837713669],[21.17881827585481,49.22679544969972],[21.17881371926975,49.226792214975085],[21.178809667419053,49.22678870396029],[21.178806159130662,49.22678495030084],[21.17880322802371,49.22678098996729],[21.178800902186236,49.22677686091067],[21.17879920390614,49.22677260269892],[21.17879814945751,49.22676825613762],[21.178797748944753,49.226763862878926],[21.178797409264686,49.226743017283354],[21.178797308520867,49.22674192184336],[21.1787964255121,49.22674098916631],[21.17862827062496,49.22658156410016],[21.178627294389646,49.2265807273506]],[[21.178120192258024,49.23455434480825],[21.178119052697955,49.234553353443204],[21.178117752616625,49.234552450739244],[21.177981991611908,49.23446808402846],[21.177977339818085,49.23446489503854],[21.177973187526923,49.23446142294261],[21.177969574692227,49.23445770114974],[21.177966536077058,49.23445376547146],[21.17796410091923,49.23444965377738],[21.177962292650008,49.23444540563081],[21.177961128668628,49.23444106190788],[21.177960620174897,49.234436664404576],[21.177960772061425,49.23443225543407],[21.177961582866587,49.234427877420096],[21.177963044788516,49.23442357248839],[21.1779651437603,49.2344193820615],[21.177967859585205,49.234415346460175],[21.177971166131147,49.23441150451549],[21.17797503158203,49.234407893195005],[21.17797941874396,49.234404547247195],[21.17798428540312,49.23440149886719],[21.17798958473191,49.23439877738681],[21.177995265739604,49.23439640899235],[21.178001273762934,49.23439441647278],[21.178007550992046,49.23439281900031],[21.178014037026838,49.234391631946025],[21.178020669458025,49.23439086673183],[21.178027384467725,49.23439053072064],[21.17803411744347,49.234390627145714],[21.178040803599917,49.23439115507914],[21.178047378602233,49.23439210944117],[21.178053779185095,49.234393481048734],[21.17805994376147,49.234395256704154],[21.178114870281114,49.234413232311596],[21.178121349430047,49.23441564914949],[21.178127390113303,49.234418511860056],[21.178217424267757,49.234466265309024],[21.17831874662518,49.23451972897958],[21.178323575344862,49.23452253190602],[21.178327980889158,49.23452561931416],[21.17833192434164,49.23452896393133],[21.178335370867764,49.234532536212946],[21.178338290022555,49.2345363046032],[21.178340656019554,49.23454023581409],[21.17834244795861,49.23454429511928],[21.178343650010476,49.234548446660924],[21.178344251556677,49.23455265376628],[21.178344247283317,49.23455687927193],[21.17833916844581,49.23462658973232],[21.178338523636395,49.23463095385033],[21.178337232731998,49.2346352560855],[21.178335308009952,49.23463945552027],[21.17833276777567,49.234643512214745],[21.17832963618861,49.23464738758666],[21.178325943032434,49.23465104477826],[21.178321723431807,49.23465444900687],[21.178317017518285,49.23465756789551],[21.178311870048688,49.23466037178118],[21.178306329979392,49.23466283399682],[21.178300450000737,49.23466493112474],[21.178294286035868,49.23466664321963],[21.178287896708905,49.234667953998176],[21.17828134278734,49.234668850993806],[21.178274686604095,49.234669325675426],[21.178267991464693,49.23466937352836],[21.17826132104519,49.234668994097554],[21.178254738786492,49.23466819099168],[21.178248307291057,49.234666971848924],[21.178242087727416,49.234665348264265],[21.178236139248487,49.23466333567928],[21.17823051842892,49.23466095323519],[21.17822527872704,49.23465822359094],[21.178220469976445,49.234655172707555],[21.178216137912013,49.23465182960127],[21.17821232373493,49.234648226067705],[21.17820906372087,49.23464439637921],[21.17820105500095,49.23463380449861],[21.17819882208473,49.23463127877281],[21.178120192258024,49.23455434480825]],[[21.177389238884206,49.229398843728674],[21.177389238658705,49.22939884363124],[21.177174475879006,49.22929585032012],[21.17716909366866,49.229292984718334],[21.177164180486322,49.22928977803892],[21.177159786493377,49.22928626302068],[21.177155956550433,49.229282475550356],[21.177152729759413,49.22927845429641],[21.177150139064278,49.229274240314076],[21.17714821091473,49.22926987662622],[21.17714696499613,49.22926540778414],[21.177146414028574,49.22926087941277],[21.177146563636988,49.22925633774469],[21.177147412293767,49.22925182914831],[21.177148951334306,49.22924739965427],[21.177151165045554,49.22924309448578],[21.177154030826333,49.22923895759646],[21.177157519418234,49.22923503122221],[21.177198247155516,49.22919410008922],[21.177202554585833,49.229190237206936],[21.17720746428861,49.22918669589563],[21.177212920688593,49.22918351624105],[21.17721886202221,49.229180734235214],[21.17735245098641,49.229124966384255],[21.177359726709067,49.22912232081616],[21.177579522028267,49.22905346206688],[21.17758651024956,49.22905157488204],[21.177593772921412,49.2290502023223],[21.17760122198608,49.229049361029574],[21.177608767125896,49.229049061204265],[21.177709239423063,49.229048698087404],[21.177716125762636,49.229048899857304],[21.177722946488004,49.22904955290041],[21.177729632826438,49.22905065063222],[21.17773611736021,49.22905218198438],[21.17774233470634,49.22905413151641],[21.177748222175868,49.22905647957139],[21.177753720405935,49.22905920247405],[21.177758773958285,49.22906227276962],[21.177763331878317,49.22906565950057],[21.177767348208818,49.22906932851878],[21.177770782453322,49.22907324282986],[21.17777359998449,49.22907736296611],[21.177775772393225,49.229081647384525],[21.17781106926142,49.22916504702106],[21.17782169539171,49.22919015746091],[21.17782225393976,49.229191252173635],[21.177823570728524,49.22919201931476],[21.17790494828419,49.229234668307946],[21.17803733850434,49.22930405304752],[21.178042179108548,49.22930684407528],[21.17804659842175,49.2293099202833],[21.17805055743918,49.22931325452118],[21.17805402121864,49.22931681736099],[21.178056959188837,49.229320577357356],[21.17805934541922,49.229324501324555],[21.178122995424523,49.229445404472685],[21.178169784534948,49.229534278765314],[21.178192838688336,49.22957807039481],[21.17819514213558,49.229583546728335],[21.17822141704456,49.22966606494605],[21.17822183625222,49.229667118906896],[21.178223080900462,49.22966784124661],[21.17843496350083,49.22977911134956],[21.178439583946133,49.22978176897644],[21.17844382270581,49.22978468672797],[21.17844764576682,49.229787841191346],[21.17845102245174,49.22979120705421],[21.178534275596025,49.2298828943999],[21.178537407425186,49.229886760210505],[21.178539950520072,49.229890807116355],[21.178541880785176,49.229894996773794],[21.178543179931417,49.229899289486596],[21.178543835649457,49.22990364458203],[21.17854384172629,49.22990802079627],[21.17854319810421,49.229912376665496],[21.17854191088123,49.22991667091858],[21.17853999225342,49.229920862868184],[21.17853746039931,49.229924912796285],[21.178534339307646,49.22992878233037],[21.178530658550176,49.22993243480738],[21.178526453001357,49.22993583562056],[21.178521762508023,49.22993895254774],[21.178516631511766,49.22994175605653],[21.178511108627962,49.229944219584155],[21.178505246185033,49.22994631978899],[21.17849909972873,49.22994803677196],[21.178492727495783,49.229949354264846],[21.17848618986215,49.22995025978467],[21.178479548770945,49.2299507447517],[21.17847286714554,49.22995080457101],[21.178466208293376,49.229950438675694],[21.178459635306087,49.22994965053273],[21.178453210461768,49.22994844760952],[21.178446994634875,49.22994684130364],[21.178382766734366,49.229927828198264],[21.17837767687131,49.22992615154655],[21.178372816831743,49.229924204259476],[21.178368220091382,49.22992199974985],[21.178162530531278,49.22981448999868],[21.178157480000845,49.22981157347386],[21.178152890052903,49.22980834693915],[21.1781488048466,49.22980484143653],[21.178095863962085,49.22975446980062],[21.178095863938662,49.229754469779444],[21.177973752894154,49.22963828450827],[21.177969911493303,49.22963417393479],[21.177966764011867,49.2296298176902],[21.177922647140726,49.22955919648969],[21.177830259723624,49.229411304563044],[21.177829522910134,49.22941027948491],[21.177827872682357,49.229409939458655],[21.17765230645226,49.22938018909051],[21.177650650315098,49.22937996625539],[21.177649365362875,49.22938068589908],[21.177560972554254,49.229435491884395],[21.17755579836003,49.22943839508361],[21.17755021021213,49.22944094807154],[21.177544263158634,49.229443125699014],[21.177538015783234,49.22944490651448],[21.177531529628062,49.22944627297532],[21.17752486858745,49.22944721162068],[21.17751809827853,49.229447713204095],[21.177511285394832,49.229447772784525],[21.177504497049288,49.229447389775025],[21.177497800113084,49.22944656794859],[21.17749126055698,49.229445315400945],[21.177484942801343,49.229443644470784],[21.177478909081636,49.22944157161824],[21.177473218835278,49.22943911726273],[21.17738923887644,49.22939884373565],[21.177389238884206,49.229398843728674]],[[21.17490570748197,49.23552646504018],[21.17490613831007,49.23552545206695],[21.175079521687135,49.23502845412984],[21.175081508364528,49.23502388594579],[21.175084219941446,49.23501948050727],[21.17517149054427,49.234896815503696],[21.175240431740377,49.23479991122303],[21.17524364853863,49.234795924986905],[21.175247458854027,49.23479216977346],[21.175251824367244,49.23478868334771],[21.175256701175563,49.23478550077153],[21.17526204023434,49.234782654051074],[21.175267787850245,49.234780171815025],[21.17527388622125,49.23477807902642],[21.175280274017933,49.23477639673173],[21.175286887000205,49.234775141849326],[21.175293658663374,49.234774326999116],[21.17530052090699,49.23477396037579],[21.175307404719632,49.234774045666335],[21.175314240872996,49.23477458201313],[21.175678577649546,49.23481538968898],[21.17568013804434,49.23481551511468],[21.175680971286003,49.23481464213434],[21.17578739582683,49.23469044710996],[21.175788281431924,49.23468934290687],[21.17596176148427,49.234457641678965],[21.175962415418617,49.234456647724166],[21.175961958721317,49.23445560758864],[21.175944679183022,49.23442246729917],[21.17594280986329,49.234418205400665],[21.175941590759567,49.234413843645726],[21.175941033730712,49.234409424463955],[21.17594114419512,49.23440499084363],[21.175941921078078,49.23440058591352],[21.175943356822142,49.234396252523084],[21.175945437460744,49.23439203282618],[21.175948142754027,49.23438796787041],[21.175951446385696,49.23438409719828],[21.175955316219092,49.234380458462226],[21.175959714609753,49.23437708705855],[21.17596459877166,49.234374015783125],[21.17621345759079,49.234232292526706],[21.176218801320054,49.23422954133399],[21.176224534314176,49.23422714966574],[21.176230600373486,49.23422514096712],[21.176236940033352,49.234223534929114],[21.176243491147083,49.23422234729537],[21.17625018949518,49.23422158970817],[21.17625696941481,49.23422126959394],[21.176263764443537,49.23422139009079],[21.176270507970813,49.23422195001742],[21.176277133890938,49.23422294388499],[21.176283577251095,49.234224361950766],[21.176289774888048,49.23422619031372],[21.17629566604734,49.23422841105069],[21.176301192978833,49.23423100239213],[21.17651076753012,49.23433993044302],[21.17651588353321,49.2343428717115],[21.176520529546796,49.23434613031618],[21.17652465988755,49.23434967421588],[21.176528233942605,49.2343534685642],[21.176531216568886,49.234357476052075],[21.176533578438715,49.23436165727475],[21.176535296328158,49.23436597111915],[21.176536353345387,49.234370375168076],[21.1765367390968,49.23437482611738],[21.176536449789186,49.23437928020183],[21.176535488267092,49.23438369362525],[21.176533863984773,49.23438802299128],[21.176531592913335,49.234392225730176],[21.176528697383638,49.2343962605171],[21.176525205866742,49.23440008767881],[21.176179216541218,49.23473985467113],[21.176178329108716,49.2347408311531],[21.176178287699255,49.23474196714918],[21.17618559695249,49.23491641610421],[21.17618544870096,49.23492084869286],[21.176184634446198,49.23492525016543],[21.176183162106856,49.23492957771687],[21.176181046001563,49.23493378926066],[21.176178306709737,49.23493784383877],[21.17617497087141,49.23494170201945],[21.176171070928234,49.234945326281085],[21.176166644807882,49.23494868137704],[21.176161735555247,49.23495173467809],[21.176156390913814,49.23495445649029],[21.176150662861396,49.23495682034346],[21.176144607104515,49.234958803248496],[21.176138282536755,49.234960385921276],[21.176025834116366,49.23498443620376],[21.17602432785028,49.23498481071725],[21.176022955652897,49.23498536365715],[21.17590546685978,49.235037865732245],[21.175900583648698,49.23503985682973],[21.175895463038714,49.23504157324968],[21.175809524342508,49.23506746436052],[21.175803411707005,49.23506907792233],[21.1757970909706,49.23507030025207],[21.175790620377928,49.23507112008612],[21.175784059554516,49.23507152986988],[21.175777468957364,49.23507152582716],[21.17577090931784,49.23507110799532],[21.175764441082038,49.235070280224555],[21.17575812385378,49.23506905014263],[21.175752015845354,49.23506742908465],[21.17569966057843,49.235051577912294],[21.175693554828857,49.23504947950196],[21.175687801315764,49.23504699061356],[21.17568245807711,49.23504413635362],[21.175677579012252,49.23504094551414],[21.17567321333819,49.23503745028241],[21.175669405093117,49.23503368591626],[21.1756661926922,49.23502969038832],[21.175663608540056,49.235025504003126],[21.175661678703896,49.235021168990365],[21.175660422650548,49.23501672907903],[21.175659853050142,49.23501222905622],[21.17565997564828,49.23500771431539],[21.175660789208077,49.2350032303985],[21.175662285522634,49.234998822536475],[21.17566444949792,49.2349945351932],[21.17571185177475,49.23491437538374],[21.1757123182179,49.23491345573163],[21.17571098589737,49.23491387749649],[21.175481304733612,49.23499586465551],[21.175479862721886,49.23499644231865],[21.175479019151616,49.234997401595884],[21.175067578237467,49.23552447492661],[21.17506692529064,49.235525419903865],[21.1750679680529,49.23552620063439],[21.17520660397627,49.2356205276991],[21.175211109929734,49.23562391742265],[21.175215076575565,49.23562758478474],[21.175218464279283,49.23563149314159],[21.175221239191153,49.23563560344111],[21.17522337358435,49.23563987461371],[21.175224846132043,49.23564426398211],[21.175225642120484,49.23564872768814],[21.175225753596052,49.23565322113091],[21.175225179444716,49.23565769941224],[21.175223925403145,49.235662117785495],[21.175222004001466,49.23566643210266],[21.175186652005593,49.235733196474186],[21.17518415458295,49.23573726129176],[21.175181064783427,49.23574114761935],[21.175177411952596,49.235744818546074],[21.175173230783482,49.23574823920696],[21.175168560987085,49.23575137711391],[21.175163446915224,49.23575420246433],[21.175157937139307,49.235756688424075],[21.174886887871974,49.23586662819995],[21.174881260671956,49.23586867803172],[21.174875364951532,49.235870373633915],[21.174869252571344,49.235871700091415],[21.174862977297895,49.23587264573636],[21.174856594330517,49.23587320225046],[21.17485015981589,49.23587336473848],[21.174843730354127,49.23587313177113],[21.174837362500863,49.23587250539761],[21.174831112269857,49.23587149112777],[21.17482503464015,49.23587009788344],[21.174819183072554,49.23586833792003],[21.174724107050636,49.23583612468042],[21.17471817668435,49.23583386245908],[21.174712620862163,49.23583122383271],[21.174707495101924,49.23582823516845],[21.17470285062395,49.23582492633122],[21.174698733839232,49.23582133038542],[21.17469518588561,49.235817483264334],[21.174692242216718,49.23581342341134],[21.174689932247734,49.23580919139537],[21.174688279061375,49.23580482950592],[21.17468729917733,49.23580038133015],[21.174687002387135,49.235795891317444],[21.174687391656338,49.235791404335295],[21.17468846309491,49.23578696522087],[21.174690205996075,49.23578261833296],[21.174692602943345,49.23577840710887],[21.174695629984555,49.23577437363015],[21.174904994962038,49.235527407383415],[21.17490570748197,49.23552646504018]]],[[[21.206660736117012,49.183424449267946],[21.20666094527589,49.183425465034546],[21.20666689458064,49.18344658446294],[21.206667441130335,49.18344884565632],[21.20676765144768,49.183944832642155],[21.20680672304623,49.18413820666623],[21.206806976757534,49.18413911212726],[21.20680747353553,49.184138251037865],[21.20709321145705,49.183556687410004],[21.207093636804274,49.18355564643011],[21.207092223133085,49.18355509631372],[21.206916136437908,49.18349414179177],[21.206844002609667,49.18346917170845],[21.206839961686775,49.18346798502254],[21.206663084040713,49.183424803597255],[21.20666162235212,49.1834244949755],[21.20666124456885,49.18342446214879],[21.206660736117012,49.183424449267946]]],[[[21.186489650676858,49.24947691807431],[21.18649028548568,49.24947791602282],[21.186742845689942,49.24982511976301],[21.186759650123758,49.249848223925866],[21.186763268837087,49.24985319775845],[21.186826132441908,49.24993961650491],[21.1868270469225,49.24994071137913],[21.186828309704108,49.24994164613262],[21.18688126101056,49.249976683060936],[21.187047928621208,49.25008696558056],[21.187149395302313,49.250154103623146],[21.187410414849545,49.250326813988586],[21.187411488265564,49.25032746598511],[21.18741264281972,49.25032805558726],[21.18754638671185,49.25039052486418],[21.18773314910565,49.25047775738317],[21.188320883053354,49.2507522694756],[21.188514515335047,49.25084270823182],[21.188519721789763,49.25084539747828],[21.188524507728438,49.25084840292659],[21.188528828521655,49.2508516965507],[21.18853264387746,49.25085524763713],[21.18853591821718,49.25085902307172],[21.188538621007126,49.25086298764814],[21.188540727043364,49.25086710439629],[21.18854221668672,49.25087133492708],[21.188543076045956,49.2508756397903],[21.18854329710727,49.25087997884258],[21.188542877809105,49.250884311621846],[21.188541822061268,49.25088859772431],[21.188540139708593,49.25089279718167],[21.188537846439054,49.250896870833365],[21.188534963637554,49.25090078069217],[21.188531518186423,49.25090449029804],[21.18735560221519,49.25204281300087],[21.187326342796194,49.252071136775285],[21.186801380036215,49.25257929583539],[21.186800557323366,49.25258018044157],[21.186801569925887,49.25258097617543],[21.186891181547274,49.252644924458],[21.186892295371344,49.25264564953294],[21.18689358751631,49.25264622660742],[21.187074260150247,49.25271926285202],[21.18707563279363,49.25271976017137],[21.187076576017105,49.252718939525636],[21.18763096778455,49.25218540213202],[21.187650687830935,49.252166422087754],[21.188819437340694,49.251041590767144],[21.188823558405513,49.2510380204419],[21.188828201252022,49.251034735989364],[21.18883331988229,49.2510317699495],[21.188838863584653,49.251029151707584],[21.188844777436234,49.25102690720326],[21.188851002846995,49.251025058673285],[21.188857478140232,49.25102362443151],[21.188864139163623,49.25102261868738],[21.188870919924756,49.25102205140503],[21.188877753244977,49.251021928204594],[21.188884571424936,49.25102225030679],[21.188891306915245,49.25102301452033],[21.188897892985768,49.25102421327405],[21.188904264386668,49.25102583469155],[21.188910357994907,49.25102786270908],[21.188916113439575,49.2510302772346],[21.189084465447593,49.25110890651446],[21.189095168334664,49.25111390498773],[21.189100803283477,49.25111684022073],[21.189105937748508,49.25112014556739],[21.189110515279147,49.251123784687344],[21.189114485547883,49.2511277175704],[21.189117804903713,49.25113190097685],[21.189120436852004,49.25113628891242],[21.189122352455776,49.25114083313424],[21.189213078774394,49.25141046993446],[21.189214378727716,49.25141338106633],[21.189256746439746,49.25148889498834],[21.18925849529629,49.251492465602034],[21.189299091459674,49.2515890295472],[21.18930006559756,49.25159099016174],[21.189325397438353,49.25163499823972],[21.18932752727313,49.25163935957363],[21.189328968404638,49.25164384009842],[21.189329705884727,49.25164839334034],[21.1893297320638,49.251652972071476],[21.18932904667011,49.251657528799484],[21.189327656812633,49.251662016260255],[21.18932557690732,49.25166638790817],[21.18932282852757,49.251670598398725],[21.189319440180494,49.25167460405914],[21.189300603499944,49.25169441918413],[21.18852476758767,49.25251053491641],[21.18846359422097,49.25257488240574],[21.187958166535882,49.25310652886208],[21.187957399519544,49.25310742858173],[21.187958556533502,49.25310812712968],[21.188243545095204,49.253264411766715],[21.188244787326823,49.25326502921836],[21.18824565741979,49.25326418182699],[21.188357687319947,49.25314291104929],[21.188746261537414,49.252722281564914],[21.188784492343405,49.252680896141726],[21.188849846060613,49.25261014967703],[21.1894481272658,49.25196249180219],[21.18945194859853,49.25195878486126],[21.189456313612574,49.251955344773286],[21.189461179119036,49.251952205575556],[21.18946649697706,49.2519493983282],[21.189472214570117,49.25194695080696],[21.189478275326593,49.2519448872283],[21.189484619279543,49.251943228009985],[21.189491183660014,49.251941989568735],[21.189497903518088,49.25194118415808],[21.18950471236553,49.251940819746885],[21.18951154283362,49.25194089994084],[21.189518327339716,49.25194142394647],[21.18952499875594,49.251942386579145],[21.189531491073346,49.2519437783142],[21.18953774005503,49.251945585381506],[21.1895436838717,49.2519477899013],[21.189549263713438,49.251950370061515],[21.18955442437159,49.25195330033319],[21.18955911478499,49.25195655172344],[21.18956328854518,49.251960092061935],[21.189725230447706,49.25211257465318],[21.1897262050609,49.25211351758712],[21.1898886129037,49.25227501445983],[21.189892799211037,49.2522797905401],[21.189896062176768,49.25228486580418],[21.189965172096205,49.252413954997195],[21.189966778815702,49.25241739015786],[21.190034033844608,49.2525848054751],[21.19003452671511,49.252585829971956],[21.19003516714588,49.252586818878086],[21.190063678029688,49.25262556328],[21.190064341080266,49.25262637695813],[21.19006519614052,49.25262710594917],[21.190156936020852,49.252699036941245],[21.190157971989613,49.25269977890565],[21.190159188991178,49.25270038523677],[21.19017281039294,49.2527065654049],[21.190269353478936,49.2527503696904],[21.190272000861146,49.252751457516894],[21.190628493209086,49.25288352570325],[21.19076685766591,49.25293421297798],[21.190768269556767,49.252934672814106],[21.190768858529236,49.2529337151007],[21.190778500388497,49.252915537470045],[21.190781103420605,49.252911328987445],[21.19078434163038,49.25290731382725],[21.190788181991053,49.2529035329403],[21.1907925853345,49.25290002488793],[21.190797506750766,49.25289682544896],[21.190802896046073,49.25289396725453],[21.19080869825476,49.25289147945547],[21.190814854199868,49.25288938742495],[21.190821301096715,49.2528877124996],[21.190827973193198,49.25288647176198],[21.190834802440406,49.25288567786652],[21.19084171918669,49.25288533891008],[21.190848652887993,49.25288545834977],[21.190855532827296,49.25288603496738],[21.190862288835937,49.25288706288196],[21.190868852009224,49.25288853160979],[21.19087515540913,49.25289042617129],[21.19111578052031,49.25297262040024],[21.19112197374654,49.25297501395489],[21.1911277506372,49.252977818333974],[21.191133047844296,49.25298100278541],[21.191137807279826,49.25298453238923],[21.191141976752885,49.252988368440704],[21.19114551054187,49.25299246887456],[21.19114836989594,49.252996788726456],[21.1912045250911,49.25309549860938],[21.19120515589929,49.25309646550523],[21.191206173810222,49.253097278778796],[21.191323204209493,49.25318227518952],[21.19132439537365,49.25318305662019],[21.19132599049794,49.253182698365094],[21.19134980774767,49.253176447910384],[21.191356405568396,49.25317496621824],[21.191363198951336,49.253173930228996],[21.191370117826082,49.253173350628416],[21.191377090827768,49.25317323339478],[21.191384046033313,49.25317357973728],[21.191390911703138,49.25317438608356],[21.191397617021234,49.25317564411661],[21.191404092825465,49.25317734086032],[21.191410272321047,49.2531794588137],[21.191416091769433,49.253181976131046],[21.191498859269622,49.25322187413794],[21.19150416871028,49.25322471157766],[21.191509019665112,49.25322788130021],[21.191513363821638,49.253231351737156],[21.19151715791476,49.253235088325155],[21.19152036415761,49.25323905385024],[21.19152295061793,49.253243208818326],[21.191524891536066,49.25324751184851],[21.191526167581525,49.25325192008538],[21.19152676604554,49.25325638962571],[21.1915266809676,49.253260875955704],[21.191525913194834,49.25326533439422],[21.191524470373604,49.25326972053808],[21.191522366873354,49.25327399070405],[21.191519623643458,49.25327810236387],[21.19151626800465,49.25328201456793],[21.19151233337689,49.253285688353124],[21.191457463909703,49.25333183707549],[21.191456548843096,49.253332688382926],[21.19145761734544,49.253333459300535],[21.191512784054837,49.253369597390204],[21.19151398213316,49.253370310936496],[21.191515438519154,49.25337077499274],[21.191547728522973,49.253379848097815],[21.19154825890476,49.25337999369781],[21.191675398879273,49.253414079310865],[21.191677777520013,49.25341465086476],[21.19178976849036,49.253438529659256],[21.191791196718484,49.25343879001811],[21.19179265398916,49.253438968563856],[21.19189798620599,49.2534488076178],[21.191899396417778,49.25344890058165],[21.191900813542524,49.253448916930544],[21.191951727358273,49.2534481252139],[21.191958101349396,49.25344821985707],[21.191964434470567,49.25344870098797],[21.19197067214824,49.25344956446068],[21.191976760631327,49.25345080283446],[21.191982647454356,49.25345240543809],[21.19198828188956,49.253454358461575],[21.191993615384074,49.25345664507551],[21.192034646335983,49.25347607541158],[21.19203985629593,49.25347880448522],[21.192044637094046,49.25348185162163],[21.192048943604252,49.25348518805876],[21.192052735177256,49.25348878230397],[21.19205597602423,49.253492600431166],[21.192243401691034,49.25374113170631],[21.192244167415026,49.253742035448454],[21.19224568693865,49.25374175501841],[21.19225698845937,49.25373928182997],[21.192263496694494,49.253738087151426],[21.192270152809982,49.25373731701402],[21.192276892338892,49.25373697887678],[21.192283650006434,49.25373707601467],[21.19229036036212,49.2537376074869],[21.192296958413696,49.253738568145984],[21.19230338025661,49.25373994868749],[21.192309563692945,49.2537417357405],[21.192315448833803,49.25374391199664],[21.19232097867939,49.25374645637814],[21.192326099671046,49.253749344241676],[21.192330762209977,49.25375254761721],[21.192334921137665,49.253756035478965],[21.19233853617322,49.25375977404548],[21.192341572303537,49.25376372710748],[21.192344000122407,49.253767856378005],[21.19234579611531,49.253772121863484],[21.1923469428872,49.2537764822511],[21.192347429330983,49.25378089530873],[21.192347250735082,49.25378531829426],[21.192346408829106,49.253789708369304],[21.19234491176707,49.253794023014265],[21.192342774048427,49.253798220440075],[21.1923400163777,49.25380225999298],[21.192336665463884,49.253806102548324],[21.192332753761818,49.253809710889406],[21.19232831915779,49.25381305006793],[21.192323404602664,49.253816087742635],[21.192321724123865,49.253816938446796],[21.192320024994487,49.253817890451124],[21.19232083526886,49.25381881364055],[21.19268153901229,49.25418643490597],[21.19278350665111,49.25429035716387],[21.192784516078227,49.25429127936872],[21.192785788983713,49.254292049305555],[21.19307070837058,49.25444760047868],[21.193070708455707,49.254447600522816],[21.1940652972982,49.25499057943326],[21.19426287683709,49.2550984420574],[21.194725576123847,49.25535103670617],[21.194727252394635,49.25535184382465],[21.19472906609379,49.25535251161618],[21.195090271620135,49.255467151108235],[21.195096121049346,49.25546924286004],[21.19510163318004,49.25547169588896],[21.195106756101104,49.2554744870934],[21.195111441566837,49.25547759018677],[21.19511564545129,49.25548097594552],[21.195119328163848,49.255484612483826],[21.195122455022023,49.255488465554194],[21.19512499657815,49.25549249886986],[21.195126928896734,49.25549667444676],[21.195128233779748,49.2555009529608],[21.19512889893814,49.25550529411854],[21.195128918107564,49.25550965703677],[21.19512829110729,49.25551400062699],[21.19512702384203,49.255518283983],[21.195125128246243,49.2555224667657],[21.195122622171784,49.25552650958325],[21.19511952921981,49.25553037436182],[21.195115878518482,49.25553402470441],[21.19511170444865,49.25553742623333],[21.192922919720484,49.25715367936735],[21.192921934494457,49.257154483193375],[21.192923397326695,49.25715486427469],[21.193073595260326,49.2571884965623],[21.193079271206976,49.25718995474133],[21.193084727216828,49.2571917366505],[21.19308992029352,49.25719382824742],[21.193094809512704,49.25719621304915],[21.19331751558744,49.25731525946012],[21.193318680551947,49.257315822826534],[21.193318366616698,49.257314897308625],[21.193284074188178,49.25723283393468],[21.193282490288595,49.25722802233073],[21.193281719480314,49.25722312623209],[21.19328177100194,49.25721820432306],[21.19328702874526,49.25716242540813],[21.193287792998454,49.25715796148599],[21.193289233982444,49.25715356976127],[21.193291337312502,49.25714929407411],[21.193294081992104,49.25714517710638],[21.193297440622505,49.25714125995542],[21.193301379676225,49.25713758172388],[21.193305859831813,49.257134179129544],[21.193310836366305,49.2571310861386],[21.19331625960171,49.25712833362654],[21.193322075400882,49.25712594907019],[21.193328225707994,49.25712395627314],[21.19333464912802,49.257122375128425],[21.193341281539613,49.25712122141963],[21.193348056735235,49.25712050666362],[21.193354907082004,49.25712023799537],[21.193361764196847,49.257120418096804],[21.193368559629143,49.25712104517011],[21.193632266862238,49.257154247064335],[21.19364059644663,49.25715565487355],[21.193795213617577,49.257188672176014],[21.193796838009018,49.25718896037639],[21.193797949044384,49.257188132929684],[21.194296791670304,49.2567763010945],[21.19429679168746,49.25677630107953],[21.194629912121673,49.25650128005432],[21.194634149560514,49.25649810034852],[21.19463882375517,49.25649519466793],[21.195340257429145,49.25609841888505],[21.19534466858493,49.256096123601424],[21.195349352347893,49.256094072728764],[21.19535427719139,49.25609228007154],[21.19559918443124,49.256011557246325],[21.195599262638556,49.25601153130118],[21.19559942244846,49.256011478455726],[21.195902964974056,49.25591142822426],[21.195904352854388,49.255910912833066],[21.19590328948182,49.25591013409484],[21.195633833353313,49.25573146553838],[21.19562951651081,49.25572832013118],[21.195625670195984,49.25572492318506],[21.195622328429312,49.255721304745926],[21.195619520768535,49.25571749681879],[21.195617272047212,49.255713533084645],[21.195615602155097,49.255709448602666],[21.19561452586218,49.25570527949991],[21.195614052688097,49.25570106265203],[21.19561418681789,49.25569683535679],[21.19561492706505,49.25569263500455],[21.195616266881963,49.25568849874726],[21.195635572388795,49.255640214532384],[21.195772219450724,49.255298438933686],[21.195772748082643,49.25529689736347],[21.195830372838504,49.25509605374641],[21.19583060090538,49.255094964328755],[21.195830169893327,49.25509390153915],[21.19538439742703,49.25417961587218],[21.195383859016452,49.254178662982774],[21.195383069685853,49.25417779304633],[21.195082608642288,49.25387818617741],[21.195082608648242,49.25387818617482],[21.195082608524583,49.25387818606003],[21.19502760052642,49.25382333359311],[21.195025994797085,49.25382165275531],[21.19471501929369,49.25347957600332],[21.194711585402448,49.253475289090346],[21.194708875500154,49.253470785364996],[21.19470692099979,49.25346611703455],[21.194705744557712,49.25346133821421],[21.194705359811014,49.2534565043001],[21.19470548405944,49.253411454972294],[21.19470627522924,49.25312557688577],[21.194706637972462,49.25312104305578],[21.194707697405814,49.25311655629104],[21.194709442725312,49.25311216234621],[21.194711856132525,49.253107906029506],[21.194714913016075,49.25310383074556],[21.194718582202633,49.25309997805288],[21.19472282627481,49.253096387240085],[21.19472760195273,49.25309309492513],[21.194813013702486,49.25303987298688],[21.194814100760297,49.25303912748964],[21.19481311715511,49.253038322781016],[21.194610777658475,49.25288813067194],[21.1946107762683,49.2528881296898],[21.19460047531624,49.25288048390411],[21.194597386258412,49.25287846582972],[21.194045014950685,49.252560850449235],[21.19404017630843,49.25255778013375],[21.194035820617945,49.2525544141923],[21.19403198981281,49.25255078502994],[21.194028720773357,49.25254692758586],[21.194026044971565,49.2525428789969],[21.19402398816812,49.252538678240256],[21.194022570164382,49.25253436575787],[21.194021804611786,49.25252998306747],[21.19402169888035,49.252525572362615],[21.194022253987832,49.25252117610654],[21.19402346458985,49.25251683662344],[21.1940253190314,49.25251259569086],[21.194027799459032,49.252508494137636],[21.194030881992752,49.252504571450594],[21.19403453695593,49.2525008653947],[21.195108679143534,49.25152078765072],[21.195109573621682,49.25151988123997],[21.195109554383823,49.25151880222361],[21.19506167524628,49.25100085403282],[21.195061505001195,49.25099981719062],[21.195061043956315,49.25099881900577],[21.194935506405542,49.25076668808414],[21.19493550634555,49.250766687981276],[21.194572943358157,49.25009626655453],[21.194570269892864,49.25009132336314],[21.19413473636968,49.24928594262896],[21.194134143403666,49.24928499264712],[21.194132623455495,49.24928524379718],[21.19402701489315,49.249306245223195],[21.194025449958986,49.24930661353995],[21.194025415963402,49.24930770198335],[21.194038605637303,49.249597618084955],[21.194038952123428,49.249600202166896],[21.19404367158302,49.249621310872385],[21.19404384948264,49.24962202594086],[21.19404501745327,49.24962628662551],[21.194045361346245,49.24962726521799],[21.19404653995877,49.249626622558864],[21.194080162027646,49.24960640165933],[21.194085335236636,49.24960358354516],[21.194090904957996,49.249601110438384],[21.194096817703695,49.24959900608906],[21.1941030166916,49.249597290706035],[21.19410944239066,49.24959598076267],[21.1941160330927,49.24959508883878],[21.19412272550495,49.249594623499874],[21.1941294553579,49.24959458921468],[21.194136158022488,49.24959498631253],[21.19414276913073,49.24959581097989],[21.194149225193932,49.24959705529728],[21.194155464212283,49.249598707315045],[21.194161426270334,49.249600751168245],[21.194167054112377,49.249603167229196],[21.19417229369224,49.24960593229549],[21.194177094692364,49.249609019813306],[21.194181411007015,49.249612400132136],[21.194185201184972,49.249616040789576],[21.194188428827754,49.24961990682309],[21.194191062939012,49.24962396110589],[21.194193247072338,49.249627840387205],[21.19419527480759,49.2496320752887],[21.194196654845495,49.24963642043481],[21.194197373737794,49.249640833483184],[21.194197424478897,49.24964527142989],[21.194196806574183,49.24964969102834],[21.194195526044776,49.249654049210676],[21.194193595368944,49.24965830350765],[21.194191033360436,49.24966241246213],[21.194093434065955,49.249799221185484],[21.194092782194502,49.24980027212362],[21.194093000439775,49.249801397363605],[21.19416902692084,49.25007884589974],[21.19417036950821,49.250083747716765],[21.194389858700035,49.25088472843145],[21.19438997507098,49.25088516549378],[21.194423500386062,49.25101485816185],[21.19442432800646,49.251019541208855],[21.194424401963527,49.25102425524197],[21.194416366941205,49.251148870644656],[21.194415739049912,49.2511533269447],[21.194414437481786,49.25115772030314],[21.19441247513329,49.25116200718819],[21.194302489801597,49.25136494100607],[21.19430233753548,49.25136522809462],[21.194227654704793,49.25150917064861],[21.194225222364757,49.25151320747064],[21.19422220681964,49.25151707197908],[21.194076867701547,49.25168303223167],[21.194072856424526,49.251687090208335],[21.19406820283356,49.251690842839274],[21.193918656336063,49.25179899401761],[21.1939145004845,49.25180175088835],[21.193909997573485,49.251804263378354],[21.193905181022767,49.25180651284027],[21.193657834140133,49.251911810187394],[21.19365549953223,49.251912761062854],[21.193592644329105,49.251937233013166],[21.193592644310854,49.25193723302071],[21.193356174399447,49.252029299407766],[21.192954022757945,49.25218586816549],[21.192954022314606,49.252185868348064],[21.19286627999674,49.25222002914036],[21.19286524025346,49.25222042591238],[21.192825311156525,49.25223535778311],[21.192824231819817,49.252235796927884],[21.192823205154248,49.252236287214],[21.19274564496245,49.252276292270786],[21.192745644803505,49.252276292356946],[21.192604642855223,49.252349020414336],[21.192602401850674,49.25235028239886],[21.192476631139407,49.25242752043115],[21.192475867877416,49.252428003906275],[21.19243448847154,49.25245503854721],[21.192432355668213,49.25245656669568],[21.192325156833263,49.25254086500423],[21.192324209045108,49.2525416852786],[21.19232436400878,49.252542708745324],[21.192520776623606,49.25342048487517],[21.19252137231506,49.2534242417487],[21.192521484156966,49.25342801809433],[21.1925149214456,49.2536177779632],[21.192514235004083,49.25362318116029],[21.192512559907495,49.25362849097578],[21.192479964773003,49.25370743126644],[21.19247788542507,49.2537116349455],[21.192475185729144,49.25371568471253],[21.192471891762032,49.25371954144992],[21.19246803534073,49.253723167904546],[21.192463653715148,49.25372652904777],[21.192458789208263,49.25372959241355],[21.19245348880735,49.253732328412106],[21.1924478037101,49.25373471061588],[21.192441788830095,49.25373671601454],[21.192435502266406,49.25373832523761],[21.192429004742348,49.253739522741135],[21.192422359018984,49.25374029695825],[21.192415629288874,49.25374064041053],[21.192408880556023,49.25374054978047],[21.192402178008013,49.25374002594362],[21.192395586386255,49.25373907395971],[21.192389169360762,49.25373770302421],[21.192382988915014,49.25373592637931],[21.192377104747322,49.253733761186],[21.192371573694153,49.253731228358426],[21.19236644918113,49.25372835236172],[21.192361780707,49.25372516097573],[21.19235761336551,49.253721685026775],[21.19235398740981,49.25371795808987],[21.192350937863672,49.253714016164224],[21.19234849418319,49.25370989732581],[21.192346679972232,49.25370564135931],[21.192345512754486,49.25370128937408],[21.192341134029835,49.253678410592926],[21.192340610905102,49.253673573365056],[21.192340886746848,49.2536687273947],[21.192341958345562,49.253663929062135],[21.192343813233528,49.25365923419339],[21.19236922571805,49.253606768516974],[21.1923696098296,49.25360583786623],[21.192369617051355,49.25360487386024],[21.19235987381213,49.25343824727048],[21.192359680493297,49.25343694397632],[21.192359255941764,49.25343566438372],[21.19230319702575,49.25330429935243],[21.19228477982454,49.253261143914045],[21.192284284739017,49.253260163518576],[21.192282902005932,49.25325966657592],[21.192186219973248,49.25322868372883],[21.192031773911403,49.253179189797635],[21.192025907384036,49.253177071635434],[21.192020384046963,49.253174589392],[21.192015256458955,49.25317176668772],[21.192010573412936,49.253168630382866],[21.192006379471618,49.25316521032184],[21.192002714543463,49.253161539049074],[21.19199961350299,49.25315765149961],[21.191997105858817,49.253153584666364],[21.191995215472975,49.253149377248505],[21.191764704487166,49.25252534310684],[21.19176344288678,49.25252100480916],[21.191762837590638,49.25251660641747],[21.191762894439012,49.252512190371625],[21.191763612883236,49.252507799281936],[21.19176498599088,49.2525034755177],[21.19176700051273,49.25249926079878],[21.191769637010605,49.25249519579277],[21.191772870044947,49.25249131972275],[21.19177666842024,49.25248766998862],[21.19178099548607,49.25248428180652],[21.191785809490714,49.25248118786879],[21.19205059822612,49.25232697716521],[21.192057127335953,49.25232361485413],[21.19206422883083,49.25232079316079],[21.19230428681763,49.25223797560391],[21.19230532204076,49.25223762577245],[21.19289394995401,49.25204283049455],[21.193581843023207,49.251815178939076],[21.19358327456861,49.25181464699166],[21.193584523854174,49.2518139453198],[21.19392021502022,49.251606199077976],[21.1939215830352,49.2516052474824],[21.193922772285593,49.25160419799188],[21.19407412077077,49.251452915131345],[21.19407503943748,49.251451879673965],[21.194075600233656,49.25145073991312],[21.194128022211824,49.25132067176418],[21.1941282180043,49.25132016186456],[21.19419147299569,49.25114688021289],[21.194192205517684,49.25114412351288],[21.194212788780476,49.25102199766576],[21.194212891124046,49.251020866832214],[21.194212643367344,49.25101974568612],[21.1941701831002,49.2508785520751],[21.194169657427455,49.25087657132433],[21.193985726014038,49.250078009071885],[21.19398459885204,49.25007311396664],[21.193967604588646,49.24999932986636],[21.193965997336008,49.24999235075504],[21.193880772973344,49.24962232379622],[21.193880490212052,49.249621375367205],[21.193880083767205,49.24962044639665],[21.19370171718806,49.249270498248585],[21.193701131660422,49.24926950829495],[21.193700405690855,49.24926855904667],[21.19344954974268,49.248976034816984],[21.19319871044193,49.248683584088795],[21.1931976820939,49.248682528571514],[21.193196320634208,49.248681649398804],[21.192914647411847,49.24851912228212],[21.192909770738822,49.2485160140792],[21.19290538798549,49.24851260512624],[21.192901542200374,49.24850892890684],[21.19289827115769,49.2485050215298],[21.192895606986394,49.2485009213745],[21.19284510701807,49.248411083135785],[21.19284442125942,49.24841003389754],[21.192842931719955,49.24840944097643],[21.192789687013338,49.24839064095675],[21.19278825084539,49.248390189768216],[21.19278669399194,49.248390410593885],[21.19272244708572,49.24840162486406],[21.19271881452682,49.248402190154806],[21.192573697827623,49.24842206081754],[21.192571851488186,49.24842238509194],[21.192570071966703,49.24842284224115],[21.192411245909742,49.24847051115346],[21.19240886870665,49.24847129910963],[21.19213001093138,49.248572817406355],[21.192129522951046,49.248572998486814],[21.191818297511162,49.24869069694983],[21.191812628049092,49.248692616736086],[21.191516509277402,49.24878172464475],[21.191512177092296,49.24878328512251],[21.19136745713068,49.248844704838525],[21.191367456611683,49.24884470507051],[21.19129571079328,49.24887515473479],[21.19129365402725,49.24887609938379],[21.19113541679573,49.2489545858765],[21.191134296432573,49.24895519223952],[21.191133352420916,49.24895591139721],[21.191026548850964,49.24904457289484],[21.19102212993327,49.24904789292044],[21.191017236072007,49.24905091401618],[21.191011914217025,49.24905360719877],[21.19100621542417,49.24905594663086],[21.190903842957148,49.249093530219675],[21.190898383484043,49.24909533033635],[21.190892701123335,49.249096805511094],[21.19083176726098,49.24911060344143],[21.190830267157423,49.24911099704943],[21.19082975535841,49.24911200057683],[21.19062633910541,49.24958569387032],[21.190624259389942,49.24958977590583],[21.190621593060882,49.249593709082866],[21.190618364544374,49.24959745736961],[21.19061460341671,49.249600986428035],[21.190610344133535,49.24960426392838],[21.19060562571405,49.24960725984537],[21.190600491383677,49.24960994673354],[21.190594988178006,49.24961229997816],[21.19058916651192,49.249614298021136],[21.190559252234294,49.249623398005845],[21.18978329024032,49.249859445775364],[21.189776142450626,49.24986130901673],[21.189768721160156,49.24986263719307],[21.18930556050618,49.24992752205284],[21.18927717572677,49.249931498390524],[21.188917600156653,49.24998186996079],[21.188910839591482,49.24998258837606],[21.188904003336788,49.2499828623979],[21.188897159384897,49.24998268930091],[21.188890375804778,49.249982070806716],[21.188883720064904,49.24998101306678],[21.18887725836225,49.24997952660112],[21.18887105496393,49.24997762619407],[21.188865171567976,49.24997533074667],[21.1888596666897,49.2499726630891],[21.18885459507973,49.249969649753524],[21.188850007179415,49.249966320710065],[21.188787638267478,49.24991625588512],[21.18878133922092,49.249911199646405],[21.18851343709891,49.24969614683731],[21.188512334749717,49.249695345772835],[21.18851068961049,49.249695396778904],[21.187303961164503,49.24977184645259],[21.187297450908012,49.24977205542667],[21.187290939710216,49.24977185942303],[21.187284486223284,49.24977126020726],[21.1872781485795,49.24977026317701],[21.187271983867628,49.249768877313386],[21.187266047618714,49.249767115100155],[21.187260393305774,49.24976499241112],[21.18725507186218,49.249762528367235],[21.187025454714764,49.249645119158565],[21.187020935064865,49.24964259465989],[21.18701676562947,49.24963982388455],[21.1870129776131,49.249636827569404],[21.18693118168748,49.24956610903773],[21.186930831667826,49.24956581161388],[21.18668906012036,49.24936387973069],[21.18668803703042,49.24936310458915],[21.18668681218213,49.24936374214415],[21.186490836865357,49.24947616600668],[21.186489650676858,49.24947691807431]],[[21.187740601751447,49.250341628763],[21.187733738454853,49.25034040153686],[21.187727105937924,49.250338716070694],[21.18772077538234,49.25033659045324],[21.18771481472906,49.25033404749714],[21.187709287949097,49.250331114494],[21.187687466107096,49.250318252090615],[21.187682821165232,49.25031524009454],[21.187678634790824,49.250311952602644],[21.187674944924012,49.25030841940878],[21.18767178500523,49.25030467253361],[21.18766918367205,49.25030074593427],[21.187667164499686,49.250296675196736],[21.187665745787328,49.25029249721323],[21.187630267270603,49.250158097356255],[21.18762948759208,49.2501540645757],[21.187629267528674,49.25015000217789],[21.187629608879288,49.2501459433731],[21.187630508853218,49.25014192134257],[21.187659152490053,49.250044773025415],[21.187661044762542,49.25003986106211],[21.18766376913671,49.250035119636294],[21.187667807947214,49.25002913724938],[21.187670887259674,49.250025129741104],[21.187674561311677,49.25002134307082],[21.187678793524,49.25001781493889],[21.187683541760343,49.25001458047165],[21.187688758746887,49.25001167187163],[21.18769439254291,49.25000911809703],[21.187700387057966,49.250006944573386],[21.18770668261027,49.25000517294045],[21.18771321652092,49.25000382083668],[21.18771992373792,49.25000290172364],[21.187726737483864,49.250002424752154],[21.187733589920715,49.25000239467099],[21.18774041282525,49.25000281177951],[21.18774713826825,49.2500036719251],[21.18775369929085,49.25000496654402],[21.18776003057113,49.25000668274698],[21.187766069074474,49.25000880344742],[21.187771754681176,49.25001130753146],[21.187777030784932,49.25001417006834],[21.18778184485647,49.25001736255841],[21.18784716291371,49.250065237203295],[21.188094069371807,49.25024620707098],[21.18809531443402,49.25024714542501],[21.188181100613466,49.25031363348575],[21.18818520683349,49.250317154151794],[21.188188763887723,49.25032092224991],[21.188191737246854,49.25032490120228],[21.188194098047582,49.250329052384174],[21.18819582337289,49.25033333549906],[21.188196896474434,49.250337708969624],[21.188197306935194,49.25034213034154],[21.188197050770512,49.25034655669535],[21.188196130466896,49.250350945063275],[21.188194554957786,49.25035525284629],[21.18819233953691,49.25035943822763],[21.188189505709804,49.25036346057871],[21.188186080985023,49.250367280853354],[21.188182098607196,49.25037086196726],[21.188177597234223,49.25037416915746],[21.188172620562092,49.25037717032025],[21.188167216900666,49.25037983632239],[21.18816143870472,49.25038214128436],[21.1881553420648,49.25038406283117],[21.188148986162677,49.25038558230987],[21.188142432696864,49.2503866849704],[21.188135745283713,49.25038736010899],[21.188128988839853,49.250387601171774],[21.188071591121027,49.25038779526675],[21.188064050403437,49.250387549081886],[21.188056596534643,49.25038676252179],[21.187740601751447,49.250341628763]]],[[[21.18477259639588,49.24687711410729],[21.184772469318673,49.246878149259835],[21.184769459826548,49.24694100066363],[21.184766151106817,49.24701004192524],[21.18476569737546,49.24701953778788],[21.184765725321977,49.24702061400829],[21.184766145337548,49.24702148252142],[21.18476751521685,49.24702390769381],[21.18476921898543,49.247028164102616],[21.1847702790387,49.24703250916189],[21.184770685222453,49.24703690125128],[21.184770433645753,49.24704129829972],[21.184769526718227,49.24704565818875],[21.18476797312702,49.24704993915573],[21.184765787753516,49.24705410019413],[21.184764769230533,49.24705555764863],[21.184763995259377,49.24705683079349],[21.18476385857592,49.24705793341348],[21.184746448597227,49.24742143720695],[21.184736371879634,49.24763183921559],[21.184712924430787,49.24812142066312],[21.184712924418104,49.24812142092789],[21.18467400200856,49.248934052575905],[21.184674030346713,49.24893510383566],[21.184675630849537,49.24893519144894],[21.184716786353366,49.248936119545846],[21.184719419380603,49.248936112770956],[21.18510262231665,49.24892549569599],[21.185112489652234,49.24892568717994],[21.185149875069932,49.24892818157267],[21.185151513927565,49.24892823639483],[21.185151522797096,49.24892716213501],[21.185145047727328,49.24883325547538],[21.185090097159094,49.24803619733751],[21.18504785015591,49.24742337693362],[21.185023340887756,49.247067873292735],[21.185023190072503,49.2470668129795],[21.185022698746934,49.24706600608854],[21.185020964483517,49.247063499863756],[21.185018786930954,49.24705928905781],[21.185017255249434,49.247054958045034],[21.185016384415132,49.247050549172855],[21.18501618294264,49.24704610554991],[21.18501665280173,49.24704167062467],[21.185017789398067,49.2470372877606],[21.1850195816182,49.24703299981201],[21.185020701448586,49.247030761748896],[21.185020710235932,49.24702970420565],[21.185020164636352,49.24702177667737],[21.185015766716447,49.24695797895478],[21.185010766176305,49.246885457785254],[21.18501061938334,49.24688442904161],[21.18500904221951,49.24688439124287],[21.18483983332564,49.24688565888091],[21.18483191713283,49.246885418811985],[21.184824095894783,49.24688458328275],[21.184774159627914,49.24687729044016],[21.18477259639588,49.24687711410729]]],[[[21.179293605145872,49.249931451393856],[21.179294533540862,49.24993236846826],[21.17945694092406,49.25007640750038],[21.179457924815644,49.25007719699497],[21.17945882370454,49.25007636519777],[21.179506356076246,49.2500275228053],[21.1795266195648,49.250006702125106],[21.179820412422234,49.24970480983465],[21.179884766040395,49.249638680550994],[21.179889355672856,49.24963396393737],[21.18023600809207,49.24927775134065],[21.18028538493994,49.249227012395934],[21.180619986060876,49.24888317557717],[21.18061998611828,49.24888317551509],[21.18079796381674,49.24870028230868],[21.180798025235053,49.24870021930941],[21.18086539374165,49.24863124305677],[21.181216386730515,49.24827186856371],[21.18229006537884,49.24717251144703],[21.182290324216133,49.24717224843327],[21.18270857580826,49.2467504745475],[21.182941982928824,49.24651509638069],[21.182975420886404,49.24648137539583],[21.183052022522794,49.246404127932216],[21.183065325822383,49.24639071297509],[21.183066170324793,49.24638976168778],[21.183066392668472,49.246389140875095],[21.18306723758788,49.24638610875283],[21.18306907924793,49.24638188648209],[21.18307154127452,49.24637780196966],[21.183074600181524,49.246373894178824],[21.183078226789082,49.24637020038699],[21.18308238650182,49.24636675583043],[21.183087039639027,49.246363593367555],[21.183092141813077,49.24636074316608],[21.183096984979812,49.246358533279775],[21.18309729463698,49.24635837706679],[21.18309825705443,49.246357502235035],[21.183100348664382,49.24635539301294],[21.183116206949176,49.246339400790205],[21.183161909226474,49.24629331097146],[21.183204145452642,49.246250718661656],[21.183204974133528,49.246249784656975],[21.183204090990554,49.24624887229434],[21.183093997539846,49.24614671480765],[21.183093043405925,49.24614591439269],[21.183092110533565,49.246146725478646],[21.183042038923652,49.24619493464647],[21.182997137595308,49.24623816327007],[21.18298357372775,49.24625122300786],[21.182982719648138,49.24625213710135],[21.182982510497663,49.246252966391644],[21.182981095512627,49.24625725984664],[21.182979047347885,49.246261442417435],[21.18297638555207,49.24626547418333],[21.182973135530716,49.246269316662804],[21.182969328303695,49.246272933181224],[21.182965000209187,49.24627628922042],[21.182960192556855,49.24627935274849],[21.18295495123357,49.24628209452546],[21.18294932626538,49.24628448838212],[21.18294899170626,49.24628461599377],[21.18294797745291,49.2462854954121],[21.182856949817126,49.24637313560993],[21.182735648872622,49.24648992060485],[21.1827213122547,49.246503724257735],[21.182437540919032,49.246776927968845],[21.182437176440605,49.24677728620038],[21.18119517213775,49.248023666937726],[21.181014820414077,49.24820464921177],[21.180373907887,49.248847784718826],[21.179934378927634,49.24928864793282],[21.179819750420066,49.2494036216398],[21.17959913500083,49.24962490258172],[21.17959443535959,49.24962961598826],[21.179372497800472,49.24985222044133],[21.179294451363514,49.24993050085616],[21.179293605145872,49.249931451393856]]],[[[21.180879346869375,49.2506793162206],[21.180880555978813,49.25068004128126],[21.18095604590183,49.25072098952923],[21.180961572576383,49.25072433841033],[21.180966505899338,49.250728063283475],[21.180970786550525,49.25073211935949],[21.181136305058395,49.25090895847968],[21.18113719214838,49.25090980851202],[21.181138024302637,49.250908934996815],[21.182157962578042,49.24970961997515],[21.182161988341655,49.249704885455344],[21.182783411467657,49.24897413994404],[21.18280985812506,49.24894304076397],[21.182854223185632,49.248890869533426],[21.18285488770926,49.248889990361654],[21.182853419081187,49.248890184873176],[21.182835250704013,49.2488931977675],[21.1828328075673,49.24889366668009],[21.18262428389045,49.2489392504719],[21.182528865158165,49.24896011726469],[21.182314878827764,49.249006911056455],[21.18231342765053,49.24900727781864],[21.18231260445171,49.24900814188691],[21.182309816393047,49.24901139267302],[21.18228252162286,49.24904321881599],[21.18172667802495,49.24969130288065],[21.181722617914666,49.24969603632404],[21.18088007770453,49.25067835532629],[21.180879346869375,49.2506793162206]]],[[[21.178471062165663,49.249210334078555],[21.178472311022567,49.249211030170365],[21.1786904746545,49.24932082651283],[21.17869177678716,49.249321418349396],[21.178692704153658,49.24932057671516],[21.17872166953301,49.24929140422971],[21.180145815972224,49.24785708928532],[21.18116107885576,49.24683451293582],[21.181398527522052,49.24659534701713],[21.18180351085214,49.24618742806177],[21.182282983905182,49.24570447013799],[21.18228384458727,49.245703499504096],[21.182283999946424,49.24570305258852],[21.182284911434557,49.24569962555569],[21.18228672617494,49.24569535123658],[21.182289175535082,49.24569121482274],[21.182292235664864,49.24568725659133],[21.182295876767025,49.24568351508448],[21.182300063387284,49.245680026733986],[21.18230475475954,49.245676825506735],[21.182309905202835,49.24567394257365],[21.182315464566198,49.24567140600644],[21.18231588293775,49.245671234549604],[21.182316843721768,49.24567036216094],[21.182373838654772,49.24561295266663],[21.18237466512763,49.24561202227187],[21.182373652598766,49.245611174346124],[21.182351616770273,49.245594495810664],[21.182351523698276,49.24559442521819],[21.18221272959037,49.2454889325667],[21.182211647419216,49.24548818669683],[21.18221072101905,49.24548901761726],[21.18216142259607,49.24553807891131],[21.18216056790221,49.2455390286393],[21.182160339728703,49.24553965062012],[21.1821594616144,49.24554270657243],[21.182157569525057,49.24554694660574],[21.182155051016075,49.24555104461064],[21.182151930399986,49.24555496102663],[21.182148237801883,49.24555865804611],[21.18214400886857,49.2455620999795],[21.18213928442443,49.24556525359973],[21.18213411007737,49.245568088462946],[21.18212958103308,49.245570110530956],[21.182129085351765,49.245570355717874],[21.18212810455232,49.245571235050015],[21.18154586708992,49.24615064232887],[21.180955371024172,49.246738254528566],[21.18052423208269,49.24716727410227],[21.179922090853324,49.2477664439557],[21.17847189421858,49.24920940874228],[21.178471062165663,49.249210334078555]]],[[[21.177993151376825,49.24908249278525],[21.17799405490216,49.24908320399764],[21.177996284414593,49.249084638920785],[21.17818017165002,49.24919180625119],[21.178181382146434,49.24919244656895],[21.178182294031956,49.24919162096985],[21.178266310191905,49.24910735272851],[21.17843239856006,49.24894076383995],[21.17969323318151,49.24767608623073],[21.179894409495784,49.24747428993421],[21.18050088600605,49.24686593039513],[21.180508282132404,49.24685851057355],[21.18054375326231,49.24682292888354],[21.18067429543782,49.24669197965826],[21.181250922589076,49.246113539980705],[21.181931671535267,49.245430631823204],[21.181932513290825,49.24542968963934],[21.181932829369998,49.24542882719164],[21.181933572500263,49.24542625078829],[21.18193546530617,49.245422017707995],[21.18193798257346,49.24541792642864],[21.181941100073193,49.24541401632883],[21.181944787799264,49.245410325043444],[21.181949010257124,49.2454068881011],[21.181953726805425,49.245403738582446],[21.181958892047263,49.24540090680167],[21.18196199091784,49.245399521840056],[21.181963166230414,49.245398938966396],[21.181964149392304,49.24539805130499],[21.182024476425074,49.24533753144911],[21.182025278378298,49.24533663561594],[21.18202412295277,49.24533592430824],[21.181821654782777,49.24522277741426],[21.18180466940932,49.245213284129676],[21.181803377739726,49.245212632558314],[21.18180242673824,49.24521349974979],[21.18174611875595,49.245270693212014],[21.181745307360238,49.24527161028078],[21.181745107900767,49.24527214404697],[21.181744130700267,49.245275402065985],[21.181742195126667,49.24527961947376],[21.18173963862288,49.24528369267518],[21.181736485716453,49.245287582590976],[21.181732766657014,49.245291251900305],[21.181728517126018,49.24529466539895],[21.181723777894398,49.24529779033692],[21.18171859443145,49.24530059673284],[21.18171713101556,49.245301242374005],[21.181715218354764,49.24530218434414],[21.181714215997363,49.24530309773902],[21.180933171095877,49.24609642220442],[21.180172492237485,49.246869031653596],[21.18000162301469,49.24704257409651],[21.179475574806254,49.24757685345116],[21.17806723093116,49.24900715836922],[21.177993987048808,49.24908154157197],[21.177993151376825,49.24908249278525]]],[[[21.182244522620753,49.23850700259386],[21.18224460756211,49.23850804115676],[21.182248125677244,49.23853051384243],[21.182248398930778,49.23853286640437],[21.182249987416263,49.238553791437845],[21.182250139002154,49.23855481844798],[21.182251212967827,49.23855557348783],[21.182276981676665,49.238572074050495],[21.182278329380765,49.238572891981335],[21.182318651918244,49.238596081446495],[21.18231991478576,49.23859673816637],[21.182320900582134,49.238595902459274],[21.182416775302976,49.23850572918791],[21.182417603774685,49.23850486048013],[21.18241604039839,49.2385048286884],[21.18224610737769,49.23850693239051],[21.182244522620753,49.23850700259386]]],[[[21.178982883387203,49.24395203317261],[21.178984253688906,49.243952646063725],[21.17919971116113,49.2440389375903],[21.179223968037196,49.24404863300026],[21.17922535133658,49.24404912730693],[21.179225996512614,49.24404818593343],[21.179306367035576,49.24391383406174],[21.180262102878494,49.24231609742798],[21.180282301738792,49.24228232968145],[21.18029468585925,49.24226162860288],[21.18086168043472,49.24131370696819],[21.180862195886778,49.24131270229763],[21.18086078923127,49.2413121778851],[21.180669394391465,49.24124877042503],[21.180667945588386,49.24124834698608],[21.180667275540415,49.241249288623976],[21.18060463676245,49.24134979962225],[21.18008380220386,49.242185507359395],[21.180067815642804,49.24221115845108],[21.180052432940318,49.24223583950067],[21.179077099558874,49.243800725492456],[21.178983432300342,49.24395100780875],[21.178982883387203,49.24395203317261]]],[[[21.17649422629121,49.245193583303525],[21.176495500731043,49.24519424906538],[21.176571192946426,49.24522991887137],[21.17657608124213,49.24523245064958],[21.176580598761404,49.2452352621842],[21.17658470828651,49.24523833031233],[21.176588375960883,49.24524162975701],[21.176591571568196,49.245245133335764],[21.176624825751986,49.2452856649512],[21.176625444690288,49.245286387104535],[21.176675823929155,49.245342710645865],[21.176676680685613,49.24534356849028],[21.176677551141264,49.24534271657765],[21.176677614663728,49.24534264723879],[21.176762565068753,49.2452499759509],[21.177116528491695,49.2448638441134],[21.177116528491776,49.24486384411343],[21.177116528495077,49.24486384410969],[21.177269421413225,49.244697054038845],[21.177269421709244,49.24469705369738],[21.177352332209345,49.244606604770524],[21.17756961301977,49.24436957163968],[21.177569613167375,49.244369571469576],[21.17785019917618,49.244063471393034],[21.178228176414322,49.243651117677665],[21.178228932394386,49.24365019348859],[21.178227608615277,49.24364960363207],[21.178098972634952,49.24359811350799],[21.178098594515493,49.243597961052934],[21.177996735186525,49.243556594017754],[21.17799531621201,49.24355607963364],[21.177994413738936,49.24355696199746],[21.177985555439644,49.24356662613535],[21.177534469462767,49.24405871716316],[21.177346635753214,49.244263623139425],[21.17734663562476,49.244263623287445],[21.177135271184966,49.24449419824166],[21.17705036419296,49.24458681856462],[21.177050363819912,49.24458681899486],[21.176868324422074,49.24478539917073],[21.176868324413064,49.2447853991672],[21.17686832431189,49.24478539929093],[21.17649499500928,49.24519264195922],[21.17649422629121,49.245193583303525]]],[[[21.173705381895047,49.24673469997219],[21.173706739862926,49.24673521045253],[21.173901183469233,49.246800415455645],[21.17390645749555,49.24680238130586],[21.173911445815175,49.24680464432102],[21.173916109468596,49.246807186826615],[21.173920412032004,49.24680998896542],[21.173924319901687,49.24681302885227],[21.173958555445616,49.2468421838612],[21.173959570690723,49.24684296609252],[21.173960427933313,49.246842106621294],[21.174305346027115,49.24645631009252],[21.174407991108406,49.246341500751726],[21.17451137720399,49.24622585911996],[21.175110900036184,49.24555526253632],[21.175110900077783,49.24555526248709],[21.175295662112095,49.24534859197768],[21.17535884378028,49.24527791898115],[21.175358843974944,49.24527791875041],[21.175861876892487,49.244715226079315],[21.176059877087656,49.24449373965972],[21.17605987715715,49.2444937395773],[21.176179932581046,49.24435944174],[21.176466587122313,49.24403877804301],[21.176466598276345,49.24403876482377],[21.17723628145143,49.243177065647835],[21.177237047031582,49.24317609991866],[21.177235818561876,49.24317536712756],[21.17720615670244,49.24315938791065],[21.17720477789748,49.24315862501153],[21.177112267756414,49.24310605841991],[21.177005253526925,49.24304532287027],[21.177004007854368,49.24304468277296],[21.177003142366733,49.243045550984036],[21.176126179382386,49.24402663235111],[21.17612150640445,49.24403185913812],[21.176121498735604,49.24403186822374],[21.176118877233463,49.24403480146773],[21.175793206001064,49.24439912553868],[21.175544749609127,49.24467706623021],[21.175544749578272,49.244677066266746],[21.17498799179872,49.24529988257588],[21.174987991772845,49.24529988260659],[21.174733709984288,49.24558432901984],[21.174313615743042,49.246054248486395],[21.174185803195744,49.24619721645607],[21.17418580299502,49.2461972166942],[21.17370610733114,49.246733791450836],[21.173705381895047,49.24673469997219]]],[[[21.175304572177392,49.241998118752925],[21.175305560506505,49.24199901400901],[21.17553104386051,49.24218289624518],[21.175532072097404,49.24218365586506],[21.175532772660656,49.24218275040197],[21.175685410577767,49.24195908452021],[21.176014510691722,49.241476969573064],[21.1760209391665,49.24146754353688],[21.176042222077548,49.24143633468838],[21.17648416243325,49.24078868365966],[21.17651648453962,49.2407413531801],[21.17703100420604,49.2399873376946],[21.17703158042741,49.239986369497444],[21.177030110946838,49.23998597708674],[21.17675921194958,49.23992350182599],[21.176757656897113,49.239923198720746],[21.176756908795465,49.23992414141177],[21.176187515132582,49.240737268932705],[21.17615237785847,49.2407873905907],[21.175770710622615,49.24133249403818],[21.175744260616852,49.241370182811295],[21.175741097625743,49.24137468903058],[21.175305307470673,49.241996935495685],[21.175304572177392,49.241998118752925]]],[[[21.174730308443486,49.24711763465809],[21.17473162877007,49.24711822564959],[21.174955205627914,49.24720815671219],[21.1749592173157,49.247209540079005],[21.174963179498672,49.247210694273974],[21.174964663996057,49.24721107162296],[21.174965548474,49.24721020466839],[21.17518133547439,49.246974830316745],[21.175190110551807,49.246965257352706],[21.176326575693796,49.245725580745244],[21.176459682467858,49.245580380113],[21.176460421622565,49.245579476588865],[21.17645888954979,49.2455792657583],[21.17639177294512,49.24557224889657],[21.176384563667238,49.245571232660254],[21.17637756241204,49.245569716152964],[21.17637084992093,49.24556771686375],[21.176364503605114,49.24556525784914],[21.176289770366846,49.24553263159386],[21.176284949078486,49.24553032229513],[21.176280452590664,49.24552774740574],[21.176276314931265,49.2455249264116],[21.176226346421934,49.245487748709856],[21.176225236419487,49.245487000882534],[21.176224350320688,49.24548786737708],[21.176217518760772,49.24549532021116],[21.174731063733674,49.24711671165842],[21.174730308443486,49.24711763465809]]],[[[21.17299495367642,49.2462267873847],[21.172995966161764,49.24622759708698],[21.173105886241864,49.24630734775701],[21.173107012645772,49.24630808772784],[21.173107878202654,49.246307210082385],[21.17367351617184,49.24566602283227],[21.173673516178656,49.24566602282412],[21.173989636040265,49.24530767193934],[21.17398963608344,49.24530767188742],[21.17478139196245,49.24441011468646],[21.175131541052863,49.244013166775055],[21.17592294583877,49.24311595355251],[21.176388519712628,49.24258811709564],[21.176389241241544,49.242587200227035],[21.17638794853395,49.2425866107682],[21.176288568510113,49.24254578068403],[21.17621620194216,49.242516075347915],[21.176214763611576,49.24251554913737],[21.17621387866538,49.2425164591018],[21.175592071288076,49.24323322308698],[21.174917286432336,49.244011026623426],[21.173801576291194,49.24529701021829],[21.17346764712607,49.245681884128125],[21.17346764700469,49.245681884276586],[21.172995675391068,49.24622585371082],[21.17299495367642,49.2462267873847]]],[[[21.173493993508657,49.24180608250897],[21.173495537098244,49.241806257043805],[21.173706525713975,49.24182321464469],[21.173767712408623,49.24182809632606],[21.173767875642092,49.24182810947925],[21.173853973135156,49.241835115636455],[21.174082643918013,49.24185343839107],[21.174084310825556,49.241853516538825],[21.17408516413914,49.24185257572491],[21.174355782595267,49.24151682996812],[21.17460351802177,49.24120946775758],[21.174603723264756,49.24120920906342],[21.17461403563054,49.241196002419365],[21.174652158951886,49.24114718060024],[21.174691249906058,49.24109711788283],[21.174742025137135,49.2410320897913],[21.174758604393407,49.24101085835907],[21.174769164248232,49.240997333156],[21.175065531450866,49.24061777862444],[21.175097612423645,49.24057669298364],[21.175815813441474,49.2396568683198],[21.17582750860524,49.239641890887206],[21.17582817263882,49.23964092574091],[21.17582676407555,49.2396404061885],[21.175558292212514,49.239552510884124],[21.175552917751954,49.239550549508905],[21.175318866335427,49.239455894035494],[21.175312705911683,49.239453407906225],[21.175311305231112,49.2394529029158],[21.175310531173952,49.23945381911883],[21.174540738125934,49.24048076975159],[21.174511596567058,49.24051964445722],[21.174302899373792,49.24079805071675],[21.174281997273184,49.240825933941096],[21.174263214851354,49.2408509906161],[21.174157778295577,49.240991643738504],[21.173962407010986,49.24125226731264],[21.17396083056304,49.24125424468483],[21.1739131084383,49.24131064688736],[21.173911105777403,49.241313013120354],[21.173494684778376,49.241805162163494],[21.173493993508657,49.24180608250897]]],[[[21.170371288830705,49.24012073001926],[21.17037257900302,49.24012141551389],[21.170884345571128,49.24036626586012],[21.17088452499914,49.24036635199742],[21.170943453641268,49.24039473783582],[21.171307354253,49.240570023611646],[21.17195503781319,49.240881997793956],[21.172533403027035,49.24116025169135],[21.17290893904073,49.24134092084405],[21.17302758038952,49.24139799794177],[21.173028889675024,49.24139856580492],[21.173029509096757,49.24139762088785],[21.173090996611805,49.24128961878083],[21.173094026654,49.24128507828645],[21.17318205702544,49.241170782955635],[21.173182730973817,49.241169785552394],[21.173181428662435,49.24116910551588],[21.172059501783792,49.240641686898],[21.17096504796891,49.2401265228028],[21.170558249349252,49.239935752592054],[21.170556864544007,49.23993516995383],[21.170555894571415,49.23993604074068],[21.170372127505157,49.24011979088447],[21.170371288830705,49.24012073001926]]],[[[21.16971276433375,49.24092525887494],[21.169714079757604,49.24092595381876],[21.170738919126062,49.24141314835433],[21.170739295316633,49.241413328466386],[21.17111983026902,49.241596820090855],[21.172065476397588,49.2420527928605],[21.172407575191148,49.24221774210097],[21.172408943131735,49.24221833438015],[21.172409785649656,49.242217413143806],[21.172546633177458,49.24204904405365],[21.172575976016738,49.242012941163495],[21.172576682828865,49.24201195439236],[21.17257540562019,49.242011255405146],[21.17128578157662,49.2413750186442],[21.17114484661297,49.24130548663968],[21.17114407668713,49.24130511765611],[21.169818195653466,49.240688021640544],[21.16981683546008,49.240687453661245],[21.169816313710626,49.24068845319181],[21.169805453776988,49.24071326721367],[21.169713146651286,49.24092418087263],[21.16971276433375,49.24092525887494]]],[[[21.150797919042024,49.242501407095276],[21.150798824212963,49.24250207327751],[21.15100549153253,49.24264008364433],[21.151175074808688,49.242753327729375],[21.15131640518371,49.24284770512489],[21.1513164054719,49.242847705308264],[21.151440183456454,49.242930360214125],[21.15144142985328,49.24293111386711],[21.151442784101686,49.24293178301634],[21.15179476398521,49.243088396181435],[21.151938517045263,49.243152359151104],[21.152243635152754,49.243288118916766],[21.152246121278285,49.24328912649215],[21.152298781501358,49.24330848749026],[21.152298782096285,49.243308487696446],[21.152641791566943,49.2434345942997],[21.152778199382496,49.24348474384029],[21.153000270945903,49.24356638706057],[21.15300159803195,49.24356682647193],[21.153002978337344,49.24356718885162],[21.153155289816127,49.24360223167709],[21.153406793510328,49.24366009698888],[21.153410095839586,49.24366073683703],[21.153999578232813,49.243754169029984],[21.153999578408623,49.24375416905493],[21.1544171289249,49.24382034752519],[21.154679611507614,49.24386194832876],[21.15468138860911,49.24386219757129],[21.154966699958653,49.243897068453585],[21.154966700160287,49.24389706847483],[21.155752614661576,49.24399311781812],[21.155926008665947,49.2440143086762],[21.15593316245336,49.244015445761036],[21.155940089211516,49.24401707770114],[21.15614333693074,49.24407318945308],[21.156143336989096,49.244073189468125],[21.156600782187372,49.24419947688877],[21.156862513388035,49.24427173257896],[21.156863566042677,49.24427202998229],[21.15695660353127,49.24429892091226],[21.156962733829783,49.244300938067106],[21.156968526082014,49.24430334566274],[21.156973922465554,49.24430611966485],[21.15697886910985,49.244309232381404],[21.156983316633877,49.24431265273904],[21.156987220639223,49.24431634659336],[21.156990542153185,49.24432027706959],[21.156993248017894,49.244324404931014],[21.156995311221337,49.244328688970306],[21.156996711166943,49.24433308642111],[21.15699743387929,49.24433755338491],[21.15699747214356,49.24434204526926],[21.156996825577554,49.24434651723282],[21.15699550063562,49.244350924633295],[21.156993510544112,49.24435522347273],[21.156948271963202,49.24443782997777],[21.156947807305862,49.244438821143135],[21.156947777227114,49.244439857756795],[21.156961115932248,49.24475765661435],[21.15696116229482,49.24475835991612],[21.156971272527926,49.24487081734925],[21.1569714425628,49.244871863141],[21.156972190192604,49.244872793993935],[21.157026936750963,49.24493377757751],[21.157115827829923,49.24503279173956],[21.157116726721405,49.24503369084491],[21.15711797985571,49.245034384838256],[21.15743721074371,49.24519456249491],[21.1574383919094,49.24519510502917],[21.157439690890193,49.24519550848682],[21.157469972469652,49.24520391710904],[21.157472423758986,49.245204526557856],[21.157484456084045,49.24520717845969],[21.157486022448502,49.24520746891428],[21.15748726928169,49.24520678359601],[21.15825478835819,49.24474135955083],[21.158255996836616,49.24474054981321],[21.15825688151883,49.244739661132066],[21.158329341841775,49.244658571878496],[21.15833314181016,49.244654773461285],[21.158337507603495,49.24465124536109],[21.158342394689328,49.24464802356562],[21.1583477532179,49.24464514093807],[21.15835352853065,49.24464262688206],[21.158359661717697,49.24464050704169],[21.158366090218777,49.24463880303992],[21.158372748461378,49.244637532258],[21.15837956852957,49.2446367076583],[21.158386480856763,49.244636337651905],[21.158465342232727,49.244634733531704],[21.158671902954403,49.244630530145265],[21.15867863377896,49.244630609312374],[21.15868532042023,49.244631119584064],[21.158691898616134,49.244632056056346],[21.158698305146814,49.2446334097293],[21.15870447844218,49.24463516759328],[21.158710359173647,49.24463731275444],[21.158715890824276,49.24463982459656],[21.158721020231987,49.244642678979616],[21.158725698100426,49.244645848471485],[21.158729879472723,49.244649302611634],[21.158733524163612,49.244653008203976],[21.15873659714554,49.24465692963588],[21.158739068885414,49.244661029220254],[21.158740915628325,49.24466526755786],[21.158742119625956,49.24466960391615],[21.158742669307042,49.244673996620214],[21.15874255938871,49.24467840345398],[21.15874179092714,49.24468278206527],[21.158740371307513,49.244687090373276],[21.15873831417297,49.24469128697283],[21.15873563929355,49.24469533153229],[21.158371921955272,49.24517880212953],[21.158371270474603,49.24517978517057],[21.158371390736885,49.24518085385797],[21.1583947526695,49.24530577237677],[21.158395248410574,49.24531035208791],[21.158395028144835,49.24531494101991],[21.15839409416919,49.24531949131618],[21.158392456223627,49.24532395552299],[21.158390131389613,49.24532828708427],[21.158387143912044,49.24533244082743],[21.158383524946352,49.24533637343417],[21.158379312233613,49.24534004389243],[21.158374549706952,49.24534341392397],[21.15836928703341,49.24534644838361],[21.158116407640353,49.245477875527826],[21.158115176008785,49.24547858135427],[21.15811430176375,49.24547948732299],[21.158054417407058,49.2455486983587],[21.15805371606099,49.24554960760953],[21.158055140211957,49.24555001777297],[21.158219534585754,49.245591350234605],[21.158225772451,49.24559315611207],[21.158231705921914,49.24559535820059],[21.1582372764659,49.24559793477695],[21.15824242913058,49.245600860423814],[21.158247113085814,49.24560410628015],[21.158318295225754,49.24565861972524],[21.158322450156145,49.24566214049095],[21.158326053198742,49.24566591288399],[21.15832906906683,49.245669899959275],[21.158331468224205,49.245674062669124],[21.15833322717445,49.24567836024583],[21.158334328690994,49.24568275060086],[21.158334761985916,49.24568719073698],[21.158334522815544,49.24569163716948],[21.158333613522007,49.245696046351895],[21.158332043010365,49.24570037510263],[21.158329826661372,49.24570458102778],[21.158326986180843,49.24570862293628],[21.158323549387077,49.245712461243485],[21.158319549938447,49.24571605835849],[21.15831502700375,49.24571937905277],[21.158310024878613,49.24572239080485],[21.158304592551673,49.245725064118865],[21.15829878322482,49.245727372813455],[21.15829265379216,49.24572929427829],[21.158286264282758,49.24573080969534],[21.158279677272834,49.24573190422312],[21.158272957272843,49.24573256714237],[21.158266170095693,49.245732791960776],[21.158097108933998,49.245732908083106],[21.158095439196853,49.24573296450238],[21.1580949342246,49.24573400800116],[21.15806179644921,49.24581679381967],[21.158059742153007,49.245821051334495],[21.15805705294956,49.24582515445147],[21.15805375536187,49.24582906270217],[21.15804988191335,49.24583273754023],[21.158045470807064,49.245836142721366],[21.158040565548912,49.2458392446608],[21.15803521451859,49.245842012764605],[21.158029470492373,49.245844419731434],[21.158023390122626,49.24584644182171],[21.15801703337904,49.245848059091905],[21.15801046295716,49.245849255591175],[21.15800374366002,49.24585001951863],[21.15799694175901,49.24585034333969],[21.157990124340206,49.24585022386059],[21.15798335864277,49.24584966225982],[21.157976711395726,49.245848664076306],[21.157970248159813,49.24584723915489],[21.157900623208953,49.24582932301617],[21.157899174650975,49.2458290022553],[21.15789937848838,49.245829994453956],[21.15794814493818,49.24600343049177],[21.15794862463487,49.2460053747901],[21.158033049447088,49.24640265896342],[21.158033584533786,49.246406197304296],[21.158059694516076,49.24669495136147],[21.15806027549546,49.24669794498349],[21.158108162850493,49.24685782983328],[21.158109111078076,49.24686204487977],[21.158109445595777,49.24686629976231],[21.158109163399292,49.24687055626972],[21.158108267022747,49.24687477617613],[21.158106764515953,49.24687892158435],[21.158104669372133,49.24688295526632],[21.158102000406735,49.2468868409972],[21.158098781588485,49.24689054388095],[21.158095041824097,49.246894030663505],[21.158090814698717,49.24689727003157],[21.1580861381743,49.246900232893665],[21.158081054248676,49.24690289264163],[21.157499490767798,49.24717863179474],[21.157498199580168,49.24717931157042],[21.15749902293431,49.24718025289093],[21.15764002483186,49.24732409949506],[21.157640944292364,49.247324944372195],[21.157642251748463,49.24732435828449],[21.157801098744493,49.24724548262673],[21.157802276887775,49.24724487054662],[21.157852070081194,49.247217816916915],[21.15789315130655,49.24719549576297],[21.157896720185185,49.247193253063806],[21.157990903294614,49.24712486121493],[21.15799230375224,49.24712387439453],[21.158093765595474,49.24705449403009],[21.158098360552415,49.247051629450674],[21.15824065537454,49.246970788397775],[21.158244462168447,49.24696877671268],[21.1584236508466,49.2468807972595],[21.158425467171472,49.2468799354446],[21.1585854989832,49.2468065826599],[21.158588335381896,49.246805349995576],[21.15862284440093,49.246791146745565],[21.158758077367672,49.246735488354304],[21.158933975184624,49.24666309081659],[21.158939049895373,49.24666119436199],[21.158965593630274,49.24665223261189],[21.158967059621997,49.24665167433795],[21.158967281463358,49.246650573563606],[21.159030903848993,49.24613408416742],[21.159035968573694,49.246092974083886],[21.159036130934112,49.24609183672241],[21.159052023451032,49.24599394675063],[21.15913469637289,49.24548473391161],[21.159135464031213,49.24548128427561],[21.159193571459927,49.24527624503193],[21.159194928057854,49.245272405101176],[21.15946087598423,49.24464606498371],[21.15946298262112,49.24464190210609],[21.159465698719245,49.244637893407706],[21.159468998435404,49.2446340770305],[21.15947285037342,49.244630489286436],[21.159477217882852,49.24462716431205],[21.15948205940776,49.24462413374376],[21.15948732888208,49.244621426416714],[21.159492976167922,49.24461906809044],[21.15949894753263,49.24461708120394],[21.15950518616005,49.24461548466189],[21.15951163269109,49.24461429365511],[21.15951822578853,49.24461351951562],[21.159524902720626,49.244613169609316],[21.159850251256458,49.2446065462222],[21.159857096733692,49.244606630428336],[21.159863895377665,49.24460716051453],[21.15987057960288,49.244608131211315],[21.159877082961273,49.24460953286893],[21.15988334080276,49.24461135155343],[21.159889290917953,49.24461356918531],[21.159894874156524,49.24461616371892],[21.159900035015266,49.24461910936195],[21.15990472218985,49.24462237683172],[21.15990888908481,49.24462593364612],[21.159912494276778,49.244629744446826],[21.159915501926275,49.24463377135042],[21.159917882133993,49.24463797432536],[21.15991961123802,49.24464231158968],[21.159920672049086,49.244646740026425],[21.159921054021428,49.244651215612244],[21.159920753357678,49.244655693855236],[21.15991977304655,49.24466013023683],[21.15987960898117,49.244794290795646],[21.15983892564874,49.244930193495584],[21.15975718871676,49.24520322021117],[21.159756334228348,49.24520570061514],[21.159651870344057,49.24547342085453],[21.159651146298604,49.24547580994141],[21.159604411866948,49.24569039908136],[21.159604261751813,49.24569144592283],[21.159605485973497,49.24569212647642],[21.159686960764436,49.24573318009605],[21.159688336805075,49.24573380451756],[21.159689980403968,49.24573359569447],[21.159785806128536,49.24571814040155],[21.159792302080774,49.245717307799374],[21.159798890297726,49.24571688852404],[21.159805509567036,49.24571688647119],[21.159812098387782,49.24571730165982],[21.159818595541985,49.245718130232405],[21.159824940663324,49.245719364490434],[21.159831074798042,49.24572099296631],[21.15983694095269,49.245723000529395],[21.15984248462365,49.245725368527104],[21.15984765430355,49.245728074957924],[21.159852401959796,49.245731094675804],[21.15985668348091,49.245734399624055],[21.159860459086325,49.24573795909569],[21.159863693696,49.24574174001888],[21.15986635725642,49.245745707264355],[21.15986842501973,49.24574982397159],[21.159869877773783,49.24575405189141],[21.15987070202057,49.24575835174137],[21.159870890101672,49.245762683570554],[21.159870440269437,49.245767007131086],[21.15986935670317,49.245771282251766],[21.15986764947038,49.24577546921158],[21.159844642261387,49.24582264082586],[21.15978882165512,49.24593708775472],[21.15978839405906,49.24593813881568],[21.159788447909037,49.24593922594679],[21.159832451005116,49.246293206777054],[21.15983309030579,49.24629606266708],[21.15985483866254,49.24636292020638],[21.15985524695301,49.246363929147265],[21.159856739394044,49.246363562084504],[21.159966698689296,49.24633240064093],[21.160092745748603,49.24629667972565],[21.160094800882234,49.24629612300664],[21.160237234776798,49.246259295757184],[21.160245240832893,49.2462575890592],[21.16053278085667,49.246208829407685],[21.16053946283951,49.24620792554021],[21.160679085976426,49.246193731346295],[21.160680776651017,49.246193573538775],[21.160793901524528,49.2461839524377],[21.16093089354271,49.24617229995019],[21.160932515012828,49.24617210817648],[21.160933005921414,49.24617107842928],[21.16095681753734,49.24611078199309],[21.160958923462957,49.2461063905781],[21.160961704170706,49.24610216314289],[21.160965130514967,49.2460981439966],[21.160969166583023,49.24609437526508],[21.160973770071525,49.246090896449594],[21.160978892729787,49.24608774401254],[21.160984480865636,49.246084950995666],[21.16099047590809,49.24608254667333],[21.16099681502128,49.24608055624598],[21.16111296163105,49.24604876612405],[21.162018240469703,49.245800984268236],[21.162022721518262,49.24579949654367],[21.163021152064363,49.245405303388765],[21.16359210824484,49.24517987610509],[21.16359342236781,49.24517930096157],[21.163594201720223,49.245178400598355],[21.163754852978858,49.24497081981688],[21.16375814063862,49.24496703771571],[21.163761971403964,49.24496348143033],[21.163766309384123,49.244960184279776],[21.16377111393626,49.244957177155186],[21.163776340046216,49.244954488230455],[21.163781938750272,49.244952142698246],[21.16378785759387,49.244950162533954],[21.163794041123094,49.24494856628981],[21.16380043140415,49.24494736892107],[21.163806968566256,49.24494658164599],[21.163870800648002,49.244940969235046],[21.1638724387976,49.244940771254036],[21.163873836842335,49.24494017823384],[21.164458373440354,49.244664682566864],[21.16446582013912,49.24466162655526],[21.16519084398449,49.244404843579474],[21.16519256472576,49.24440419126684],[21.165504688086607,49.24427782747505],[21.16551015525037,49.24427583358553],[21.16696809379326,49.24379974336252],[21.166973759186845,49.24379809791215],[21.167186668767165,49.243743648731055],[21.167193076583327,49.2437422437143],[21.167480149580047,49.243689428632905],[21.167481707137362,49.243689088258975],[21.167483051694074,49.24368847114543],[21.168044943169058,49.24340317724504],[21.16805092667613,49.243400459127606],[21.16805731621315,49.24339817119382],[21.16806403991025,49.24339633917846],[21.16807102213895,49.2433949836881],[21.168078184362813,49.24339411996934],[21.16826216650748,49.24337848234847],[21.168262166791052,49.243378482319834],[21.168735534973912,49.24333824559206],[21.16967450520331,49.243258425434185],[21.169675572326042,49.243258323533226],[21.171039880291534,49.243113673358714],[21.171040344987976,49.24311362515572],[21.17106035277817,49.24311159572236],[21.1710617341274,49.243111409557926],[21.171060421681467,49.24311107158966],[21.170932589393665,49.243082831398226],[21.170249657060104,49.24293195498881],[21.170243872181704,49.24293048314159],[21.17023831390697,49.24292867532927],[21.170233027641608,49.24292654631995],[21.17022805656925,49.24292411350556],[21.1702234412987,49.24292139675983],[21.17021921953215,49.24291841827593],[21.1691898957919,49.24212294416819],[21.169188793758924,49.24212216979786],[21.169188395396084,49.2421219381476],[21.169187964935002,49.242121687832025],[21.16918353796988,49.242119449993254],[21.16883736241775,49.24194448772535],[21.168684832790234,49.24186739679781],[21.168683358875562,49.24186672989612],[21.168681641339283,49.24186639605462],[21.168423422347946,49.241825757238566],[21.168422184656595,49.24182556213413],[21.168422160652092,49.24182555876477],[21.16821777193641,49.241793390491466],[21.168211437024404,49.241792179904785],[21.16820530885955,49.24179057674366],[21.168199444044546,49.2417885958158],[21.168193896749674,49.24178625541795],[21.168188718212413,49.24178357716717],[21.167792935253914,49.24155783823285],[21.16779153703372,49.24155712102285],[21.167789942504296,49.241556608645226],[21.167729342172844,49.24153963796787],[21.167169410537,49.24138284492696],[21.167167924682104,49.24138248218058],[21.167166528100477,49.24138297401297],[21.167063140673807,49.2414236177186],[21.166935220790414,49.241473904255166],[21.166889905209697,49.24149171785672],[21.166883832709782,49.24149384140259],[21.166877465966333,49.24149555614876],[21.166870868977853,49.24149684485869],[21.166864108057293,49.24149769457827],[21.16685725116547,49.24149809676604],[21.16685036722791,49.24149804737928],[21.166843525441998,49.24149754691441],[21.166836794581407,49.24149660040206],[21.1668302423048,49.24149521735659],[21.166823934475666,49.24149341168039],[21.16654097012541,49.241401084592766],[21.166535929289136,49.241399263256326],[21.166531139210708,49.24139717182649],[21.166526633566768,49.24139482500717],[21.166511384294285,49.24138617452171],[21.166511383654388,49.241386174176576],[21.16637979209989,49.241311527588735],[21.166374995850962,49.24130852948345],[21.166370663653563,49.24130524244409],[21.16636683590999,49.241301697125834],[21.166363548317985,49.24129792659261],[21.166360831537716,49.241293966008634],[21.16635871090596,49.24128985231064],[21.166357206199713,49.24128562386325],[21.166356331451816,49.24128132010122],[21.16633809483582,49.241139501694896],[21.166337864295357,49.24113490517916],[21.16633835215139,49.241130317291876],[21.166339553298698,49.24112578604129],[21.16634145516816,49.24112135884302],[21.166344037858188,49.24111708202384],[21.166347274343018,49.2411130003368],[21.166351130755533,49.24110915649326],[21.166351177385494,49.24110911482736],[21.16634993281093,49.24110848179129],[21.165956490050217,49.240927570513016],[21.165890194354525,49.24089708629085],[21.165884171146217,49.24089397365234],[21.165878715964034,49.240890440426554],[21.165873896932336,49.24088653073652],[21.16576727098298,49.240789381124344],[21.165721473335577,49.240747653087716],[21.165721473124268,49.24074765290503],[21.1656487882779,49.24068142742234],[21.16563761646724,49.24067124864409],[21.165636475322785,49.24067031818935],[21.165635058619536,49.24066956747244],[21.165478008435045,49.24059507365309],[21.165305118342673,49.240513063452894],[21.16507621909222,49.24040448733831],[21.165074860144234,49.240403906064046],[21.165073393940897,49.24040409440279],[21.165066950552763,49.24040471597563],[21.165060446206862,49.240404935029524],[21.165053939423174,49.240404749593566],[21.165047488743586,49.2404041613362],[21.165041152205223,49.24040317554992],[21.165034986818263,49.24040180110397],[21.165029048053015,49.240400050364265],[21.165023389340828,49.24039793908234],[21.164967042389694,49.24037453081382],[21.16445607490193,49.240162258608976],[21.164452311977705,49.240160903818435],[21.164280685224956,49.240107985702934],[21.1642586443688,49.24010118939801],[21.16397343253173,49.24001323984405],[21.163971957398214,49.240012839001125],[21.163970394144034,49.240012624787504],[21.163753486086016,49.2399897724377],[21.16375348587983,49.23998977241938],[21.163626729323884,49.23997641804025],[21.163357600260245,49.2399480651394],[21.16331137455126,49.23994319366943],[21.163117920073265,49.23992281326242],[21.163108556348654,49.239921825264496],[21.16310545168616,49.23992144953917],[21.162545097150264,49.23984487101278],[21.16235263039909,49.239818567764765],[21.162343045086377,49.239817257913174],[21.16234228994556,49.23981716049248],[21.162010564409528,49.23977688795055],[21.161933371649717,49.23976752006096],[21.1619316835538,49.23976737239707],[21.161931550326152,49.2397674170013],[21.16192585748874,49.239769566421614],[21.161919532539216,49.239771426021456],[21.161912953419712,49.23977285849149],[21.161906187212498,49.23977384922591],[21.161899302907408,49.23977438812286],[21.16189237069849,49.23977446968767],[21.16188546126821,49.23977409308865],[21.161496902152507,49.239739908663424],[21.161495297470246,49.23973981950269],[21.16149484320548,49.239740831159224],[21.161466833923363,49.23981674473923],[21.161464213073184,49.23982226523997],[21.16135804921243,49.24000378536452],[21.16135526609688,49.24000791128801],[21.16135186560271,49.240011833857295],[21.161347881955763,49.24001551359167],[21.161343355251354,49.24001891345458],[21.161338331050715,49.24002199922645],[21.161332859922364,49.240024739848884],[21.16132699693324,49.24002710773751],[21.161320801094355,49.24002907905945],[21.161314334766868,49.240030633973355],[21.16130766303448,49.24003175682899],[21.161300853048274,49.240032436324796],[21.161293973350876,49.24003266562163],[21.161287093186576,49.24003244241161],[21.16128028180435,49.24003176894138],[21.161273607760876,49.24003065198936],[21.161267138230524,49.24002910279777],[21.160415970833693,49.23979294914114],[21.16041456883088,49.23979260664639],[21.160413102745967,49.23979243004001],[21.16040483191691,49.23979167476939],[21.160398263568844,49.239790859808714],[21.160391847392937,49.2397896304719],[21.16038564421185,49.23978799841244],[21.16037971282916,49.23978597910157],[21.160374109471874,49.239783591681636],[21.160368887257437,49.23978085878425],[21.160364095690188,49.23977780631624],[21.160359780192092,49.23977446321364],[21.16035598167216,49.239770861167706],[21.16035273613863,49.23976703432433],[21.16035007435765,49.23976301896023],[21.160348021561628,49.239758853139485],[21.160346597210026,49.23975457635218],[21.160345814804923,49.23975022914049],[21.160345681763015,49.239745852714066],[21.160346199345298,49.239741488559474],[21.160347362645176,49.23973717804704],[21.1603491606349,49.23973296203849],[21.160351576270163,49.23972888049969],[21.160393717565878,49.23966682652671],[21.160394311555425,49.23966581818826],[21.160392888439176,49.23966527071332],[21.160179973897165,49.23959252730657],[21.160032746689414,49.23954222610679],[21.160031086586617,49.23954173097381],[21.16002930374909,49.23954147801246],[21.159640342868094,49.23950040576349],[21.159633412810162,49.23949943132843],[21.15945558672727,49.23946806100219],[21.159216376305423,49.239425860405305],[21.15921472914954,49.2394256268369],[21.159214022606534,49.23942581466195],[21.15920949658347,49.23942719960385],[21.159203244876437,49.239428650082694],[21.1591968086016,49.2394296988398],[21.159190247815694,49.23943033608919],[21.159183623737285,49.239430555884795],[21.159176998175486,49.23943035617563],[21.159170432953285,49.2394297388252],[21.159163989330654,49.23942870959398],[21.15893955685011,49.23938524241843],[21.158647278850854,49.239328576338856],[21.1586404910256,49.2393270024767],[21.15863399226177,49.23932497180002],[21.15862785403559,49.239322506643106],[21.158622143857897,49.23931963411889],[21.158616924531636,49.23931638582051],[21.158612253461094,49.23931279747429],[21.15860818202061,49.23930890854628],[21.15860773790483,49.23930843261383],[21.1586061686232,49.23930807788976],[21.157964177485894,49.23918577298889],[21.157900062346073,49.239173557961394],[21.15789528168218,49.23917288494433],[21.15779853766813,49.239163931584926],[21.157607622921486,49.23914626420996],[21.157301925379155,49.23911797158716],[21.157275048244866,49.23911548412967],[21.157273377650732,49.239115384158836],[21.157270480819136,49.239115777579244],[21.157269373955547,49.23911596458974],[21.157262515987725,49.23911664989886],[21.15725558741175,49.23911687858884],[21.157248658957343,49.23911664832514],[21.157241801353,49.239115961458396],[21.15723508460391,49.23911482500041],[21.15722857727737,49.239113250552556],[21.157222345802797,49.23911125418753],[21.15697751237343,49.23902251165673],[21.15697609897129,49.239022054717],[21.156974638923945,49.23902244372741],[21.156920467411176,49.23903885730594],[21.156919369048545,49.23903919233843],[21.156919216796545,49.23903923863146],[21.15679051624754,49.23907824547941],[21.15678458520177,49.23907982756746],[21.156778454832573,49.23908104093786],[21.156772178473656,49.23908187503448],[21.15676581072885,49.239082322600716],[21.156759406997033,49.23908237974277],[21.15675302299017,49.2390820459635],[21.15674671424861,49.23908132416677],[21.155838299988382,49.238948533152026],[21.155836684545076,49.23894834980688],[21.155835045357417,49.23894837178311],[21.154849520158177,49.23899263847734],[21.154842059324533,49.238992973268054],[21.154840389473286,49.23899310241377],[21.154838747037516,49.2389933382348],[21.154744948955724,49.23901000635211],[21.15474494890477,49.23901000636208],[21.154321715549955,49.23908521498248],[21.154316482658274,49.23908600242221],[21.15351933044319,49.23918464304153],[21.153518039429926,49.239184836904684],[21.15351677514582,49.239185095489155],[21.153087676360716,49.239284932896815],[21.153085361289946,49.239285441361844],[21.15296170229446,49.23931100833206],[21.152685280835154,49.23936816097571],[21.15268286322351,49.23936872677578],[21.151850424262957,49.23958686129383],[21.15175608963487,49.239611616990125],[21.151657226057644,49.23963750179282],[21.151655786042767,49.23963793237219],[21.15165610249626,49.23963894799578],[21.15188977493072,49.24024004169458],[21.151891041003882,49.24024405598078],[21.151891743426333,49.24024812908449],[21.15189187635906,49.24025222714807],[21.15189143869693,49.240256316106496],[21.151890434077874,49.240260361970435],[21.15182843378879,49.24045388246068],[21.15167616964841,49.24092872060975],[21.151664666069568,49.240964544895526],[21.151662086248095,49.240970504758444],[21.151443424291,49.24136873310221],[21.15144281429547,49.2413699522475],[21.151322965936036,49.24163480573563],[21.151232065374415,49.24183554652553],[21.151229322532537,49.24184051260126],[21.15122570924255,49.24184523384175],[21.151019106564455,49.242079699954324],[21.151018352095566,49.24208066029236],[21.151017742306124,49.24208166371799],[21.150988862085658,49.242136781076304],[21.150900325742416,49.2423056239356],[21.150899883640403,49.242306621576795],[21.150901342857388,49.24230702935157],[21.150957794004047,49.24232073402304],[21.150960080469428,49.24232123008789],[21.151002173396197,49.24232930088258],[21.151002173521746,49.24232930090444],[21.151093596915874,49.24234683001697],[21.151095432089534,49.24234711081563],[21.151097316645235,49.242347121140504],[21.151294636944172,49.24234105291722],[21.15129802624959,49.24234083793169],[21.151589534719562,49.24231272937892],[21.15158960434795,49.24231272268883],[21.151809938527986,49.24229162760941],[21.151811424254028,49.2422914961924],[21.152058704313614,49.24227142040955],[21.152060342526553,49.24227123399211],[21.152061894616555,49.24227084343472],[21.15223442490413,49.24222098805391],[21.15223733888641,49.24222003538091],[21.152424065016085,49.24215155492051],[21.15242952560932,49.24214975645236],[21.152435208844047,49.24214828305817],[21.15244106968491,49.24214714641348],[21.1525127259849,49.242135493500626],[21.152519071917567,49.242134667159846],[21.152525508469346,49.24213423555978],[21.152531978491794,49.2421342025324],[21.152538424539312,49.24213456837095],[21.152544789379135,49.242135329827306],[21.152734826628645,49.24216418199143],[21.152736408604998,49.24216437053351],[21.152737749438383,49.242163789422335],[21.15283885221486,49.24211526901326],[21.15284183706917,49.2421139145067],[21.15287048480146,49.242101635672654],[21.15287625961438,49.24209941602109],[21.152882337181488,49.24209757521134],[21.152888659703386,49.242096130750106],[21.152895167051106,49.24209509637449],[21.152901797337947,49.24209448192179],[21.152908487508032,49.24209429323562],[21.15291517393597,49.2420945321104],[21.152921793031982,49.24209519627436],[21.152928281846624,49.24209627941114],[21.15293457866943,49.24209777121988],[21.152940623615837,49.242099657512874],[21.152946359196672,49.2421019203511],[21.152951730864924,49.24210453821428],[21.15295668753442,49.24210748620578],[21.152961182065752,49.242110736289405],[21.15296517171455,49.242114257555855],[21.152968618537976,49.242118016516905],[21.152971489755625,49.24212197742379],[21.152973758061243,49.24212610260703],[21.152975401882408,49.242130352835],[21.15297640558574,49.24213468768669],[21.152976759625556,49.24213906593645],[21.152976460634665,49.24214344594571],[21.15297551145637,49.24214778605927],[21.152973921117493,49.24215204500138],[21.152971704742495,49.242156182268104],[21.15296888340963,49.24216015851281],[21.15291629603918,49.24222570379446],[21.15291258705966,49.24222978694676],[21.152908240721292,49.242233591053335],[21.15290330555505,49.24223707363768],[21.15289783666674,49.2422401958133],[21.152891895121776,49.24224292271811],[21.152501243709402,49.24240275278643],[21.15249681321718,49.24240441870588],[21.152482513531915,49.2424093417553],[21.15248251329111,49.24240934184324],[21.152106081678873,49.242538938782516],[21.15210069638302,49.24254060184018],[21.15209511128585,49.24254195319003],[21.152089368382146,49.24254298267124],[21.151723213186695,49.24259756720616],[21.151713906883455,49.242598520691764],[21.1512958257345,49.24262227991666],[21.151289585631392,49.24262244787302],[21.151283348030677,49.24262224392617],[21.151277164531365,49.242621669763174],[21.151271086284915,49.24262073013371],[21.15126516357213,49.24261943281064],[21.150799211805815,49.24250168746518],[21.150797919042024,49.242501407095276]],[[21.1600756220849,49.24526526899889],[21.160076235874964,49.24526415215251],[21.160076475783196,49.245262975650704],[21.160084287997233,49.24519881898437],[21.160085188174826,49.24519431453227],[21.160086778081812,49.24518989255049],[21.160089041484724,49.24518559818818],[21.160091955273653,49.24518147529176],[21.160095489698083,49.245177565956624],[21.16009960867075,49.24517391009797],[21.160104270136056,49.245170545042676],[21.1601094264995,49.24516750514857],[21.16011502511359,49.2451648214536],[21.16012100881542,49.245162521358694],[21.160127316510273,49.24516062834827],[21.16013388379547,49.245159161750315],[21.160140643617854,49.24515813653896],[21.160147526958447,49.24515756318187],[21.160154463537154,49.24515744753308],[21.16018097433333,49.24515788299634],[21.1601876481964,49.24515820617128],[21.16019424232108,49.24515895311154],[21.16020069408319,49.24516011672352],[21.16020694221057,49.24516168595634],[21.16021292736492,49.2451636459071],[21.160218592705384,49.2451659779622],[21.16022388442836,49.24516865997423],[21.16022875227843,49.245171666472075],[21.160233150025682,49.24517496890325],[21.160237035904725,49.24517853590458],[21.16024037301136,49.245182333600305],[21.160243129652997,49.24518632592384],[21.160245279649754,49.24519047496018],[21.16024680258299,49.24519474130596],[21.160247683989247,49.24519908444374],[21.160247915497674,49.245203463126835],[21.160242172759098,49.24546925754771],[21.160241637624694,49.24547425910051],[21.160240255175214,49.245479190540586],[21.16020849508316,49.245565162432655],[21.160206565527012,49.24556944315925],[21.160203997168207,49.245573577535275],[21.16020081531908,49.24557752481446],[21.160197051338223,49.24558124609426],[21.16019274232149,49.24558470469964],[21.16018793073633,49.24558786654418],[21.160182664003305,49.24559070046632],[21.16017699402874,49.245593178536325],[21.160170976693113,49.24559527633151],[21.160164671300357,49.245596973176966],[21.160158139993392,49.24559825234942],[21.160151447141637,49.245599101242],[21.160144658706646,49.24559951148834],[21.16013784159201,49.245599479045325],[21.16013106298394,49.245599004232666],[21.1601243896892,49.24559809172991],[21.16011788747657,49.2455967505302],[21.160111620428744,49.245594993851796],[21.15996422103796,49.24554787855366],[21.159958151987098,49.24554568359674],[21.159952451948392,49.24554309915857],[21.15994717903046,49.24554015158605],[21.159942386987606,49.245536870927936],[21.159938124671886,49.245533290628785],[21.159934435535074,49.2455294471876],[21.159931357185638,49.24552537978608],[21.159928921005452,49.24552112988911],[21.159927151829784,49.24551674082184],[21.159926067694176,49.245512257328286],[21.159925679650577,49.245507725115075],[21.159925991654664,49.245503190385406],[21.159927000525567,49.24549869936821],[21.159928695978238,49.24549429784676],[21.15993106072838,49.24549003069192],[21.1600756220849,49.24526526899889]]],[[[21.167755929730788,49.23850551096452],[21.167757242083614,49.2385060728255],[21.16905212700046,49.23900465961265],[21.170808938736215,49.23968106777119],[21.170810323721806,49.239681544472596],[21.170811242177106,49.239680715036606],[21.170979295349444,49.2395126738179],[21.170980122382154,49.23951174954012],[21.170978878435438,49.23951105375577],[21.170971983123476,49.2395075701489],[21.170968162503346,49.239505894872444],[21.169067914843982,49.23878852785471],[21.1678639450767,49.23833398721413],[21.16786249091337,49.23833350021268],[21.16786180174707,49.23833446983423],[21.167756449455563,49.238504542308306],[21.167755929730788,49.23850551096452]]],[[[21.166378045381396,49.232292806375845],[21.166379309567056,49.23229346213737],[21.166454536473136,49.23232869966931],[21.166609649085604,49.23240010847254],[21.16661000937488,49.232400275473466],[21.166697801053783,49.232441246567404],[21.16669913462071,49.23244180711451],[21.166700014517243,49.23244094406209],[21.166917402210803,49.23220353547662],[21.16694661115272,49.23217163506209],[21.16695639539843,49.23216094975131],[21.166957113930035,49.232160079898115],[21.166957458376142,49.23215911699761],[21.16699167854026,49.23203990609748],[21.166993299560083,49.23203549706744],[21.166995590597548,49.232031217413194],[21.167155069798874,49.23177542896632],[21.167155881938314,49.23177398740515],[21.16725905357499,49.231569593404174],[21.16729532805496,49.23149772696933],[21.16729710956378,49.23149459360288],[21.167299241727374,49.23149155560569],[21.167389319492635,49.23137485190282],[21.16739225791417,49.2313714256116],[21.167395641979127,49.23136818044688],[21.167581516114396,49.23120566969456],[21.167584896902174,49.23120294272716],[21.167588592456468,49.23120039693101],[21.16770812160143,49.23112424722511],[21.167709173723182,49.23112350648508],[21.16770764057193,49.231123382593395],[21.167609999638522,49.23111871696719],[21.167605138786364,49.23111871097597],[21.16739782464246,49.23112810344776],[21.16739619194832,49.23112823037582],[21.167395306008256,49.23112913742601],[21.16637877718755,49.23229186524059],[21.166378045381396,49.232292806375845]]],[[[21.16362230030498,49.23708874306424],[21.16362363478548,49.23708929055532],[21.163858487935926,49.2371757524953],[21.163977071247047,49.23721938513645],[21.16397852816664,49.23721985966117],[21.16397903924219,49.23721884808202],[21.16465951871548,49.235603210661125],[21.164866003186088,49.235112941074796],[21.16486635925143,49.23511189641751],[21.16486492738163,49.23511138016759],[21.16469007035714,49.2350555329312],[21.164513855806796,49.23499925207229],[21.164512402720753,49.234998844029626],[21.164511904396143,49.234999826589785],[21.16446578103503,49.23510812913297],[21.16428214243507,49.23553931409122],[21.1636226508276,49.23708773775952],[21.16362230030498,49.23708874306424]]],[[[21.160963687442813,49.2397223870865],[21.16096525412228,49.239722427214765],[21.160967208589437,49.23972241399279],[21.16115462819486,49.23972112534368],[21.1611562242735,49.23972106434701],[21.161157068826558,49.2397201754781],[21.16116699953969,49.23970851616006],[21.161195763621578,49.239674608626906],[21.16119576412276,49.23967460800214],[21.16157982878386,49.239221843699546],[21.16267330361964,49.23793272336154],[21.162673303678954,49.237932723287365],[21.162911009278737,49.23765247575967],[21.16344261978561,49.23702571111657],[21.163443746152037,49.237024383383485],[21.163444455504187,49.2370234414392],[21.163443097511962,49.2370228826091],[21.163276155827855,49.23696142791959],[21.1632056640756,49.23693547188295],[21.163202235933806,49.236934369323684],[21.163200445359266,49.23693387242143],[21.16319891384177,49.23693350494004],[21.163198085275656,49.23693442493416],[21.16279123605167,49.237442140186154],[21.16279123600957,49.237442140242095],[21.162553430779905,49.237738897694456],[21.16150424434193,49.239048128329536],[21.16150424431782,49.23904812836141],[21.161130938905796,49.23951394068951],[21.16097408464265,49.239709660642326],[21.160973707955797,49.239710124067116],[21.160964363053584,49.2397214606856],[21.160963687442813,49.2397223870865]]],[[[21.159295266622504,49.24641424156557],[21.159295199232385,49.24641531595501],[21.1592965804886,49.24654127114767],[21.15929666584876,49.246542277949025],[21.15929807504866,49.246541870976905],[21.159393819468825,49.246510524261545],[21.159620816434078,49.24643620682785],[21.159622190036405,49.24643570276129],[21.15962222475827,49.24643467210267],[21.15961643236981,49.24628376045289],[21.159612270441606,49.24617529968015],[21.159608503271944,49.24607714082753],[21.159608385474804,49.24607608991614],[21.15960700076151,49.24607555277225],[21.159540730635037,49.24605259115144],[21.159539263808508,49.24605214220021],[21.15953845271424,49.24605305968697],[21.159434228702498,49.246185670498605],[21.15943285624692,49.246187645831206],[21.15929579941957,49.24641322441811],[21.159295266622504,49.24641424156557]]],[[[21.15477716762298,49.23488132478501],[21.154778558902866,49.23488185860887],[21.157510190817003,49.23581421547093],[21.159592501296885,49.236524881159],[21.15959398421177,49.236525326794045],[21.1595946120126,49.23652434064033],[21.159709583034346,49.236314698828004],[21.159710065952865,49.23631365531297],[21.159708647504665,49.236313084167264],[21.1550309928044,49.23463648241414],[21.15502953407953,49.23463601914044],[21.155028562661276,49.23463686910222],[21.154950962191997,49.23471224039529],[21.154810628705132,49.23484871596202],[21.154778001476846,49.234880420992226],[21.15477716762298,49.23488132478501]]],[[[21.156718068131735,49.24718832979955],[21.156719479026002,49.24718891114906],[21.156831080400003,49.247229932493795],[21.156836590319003,49.247232188652816],[21.156841749793845,49.24723477569374],[21.15684651261706,49.2472376704473],[21.156850836133515,49.24724084698866],[21.156854681622377,49.247244276869196],[21.156858014643984,49.24724792937138],[21.15686080534818,49.247251771784086],[21.15698305090325,49.24744292096956],[21.15698372513483,49.24744384659204],[21.15698500105018,49.247443251713264],[21.15707790530249,49.247395331095966],[21.157257408754347,49.24730274358363],[21.157258658293724,49.24730203048535],[21.157258427878805,49.24730095580493],[21.157196426305067,49.24708888685945],[21.15719603221952,49.24708782369755],[21.15719532970697,49.24708683104808],[21.15707560817725,49.24693731383823],[21.1570747828362,49.24693639746319],[21.15707340609125,49.24693696254818],[21.156741370877846,49.24708886996718],[21.15674001561964,49.24708955993686],[21.15673968218215,49.24709066248882],[21.156718225076478,49.247187243253975],[21.156718068131735,49.24718832979955]]],[[[21.155877198293958,49.247453131393826],[21.155877322209516,49.24745416200339],[21.15588821584795,49.24750937596665],[21.15588854097281,49.24751070788123],[21.155974600822407,49.247806079790614],[21.15601391060636,49.24794099489488],[21.15612865042718,49.248334790126385],[21.156129012097235,49.24833576665856],[21.156130036551172,49.24833501840535],[21.15628844606852,49.24820713963155],[21.156415410553095,49.24810464378301],[21.156415938091556,49.24810422314097],[21.156504924308383,49.24803413760302],[21.156693599051696,49.24788553399395],[21.156693849049418,49.24788533822335],[21.1569509395927,49.24768516932546],[21.15699984258597,49.24764709446485],[21.15700081816659,49.24764625510051],[21.156999887316328,49.24764539424021],[21.15684551782604,49.247516438127604],[21.156844551470098,49.24751569925547],[21.156843408745907,49.247515083300115],[21.156691743157083,49.247440263918755],[21.156690407661696,49.24743966806071],[21.156688829701043,49.247439439401205],[21.156337731371405,49.247399915314034],[21.156335881960327,49.247399690002624],[21.15610704871823,49.24736968275037],[21.156105520926154,49.247369532972236],[21.156106036669858,49.247370486297385],[21.156153046173106,49.24744547756026],[21.15615529635562,49.247449637647364],[21.156156912677613,49.24745392212226],[21.156157879564343,49.24745828970057],[21.156158187698896,49.24746269829707],[21.15615783411197,49.24746710543134],[21.15615682221049,49.24747146863698],[21.156155161744792,49.24747574587096],[21.15615286871467,49.24747989591858],[21.156149965215224,49.24748387879064],[21.156146479223946,49.24748765610895],[21.156142444331127,49.247491191475795],[21.156137899416237,49.24749445082503],[21.15613288827325,49.24749740275004],[21.156127459188635,49.24750001880664],[21.15612166447615,49.2475022737868],[21.15611555997269,49.24750414596199],[21.156109204500254,49.24750561729222],[21.15610265929918,49.24750667359987],[21.156095987438007,49.2475073047066],[21.156089253205757,49.24750750453121],[21.15608252149246,49.24750727114815],[21.156075857163877,49.2475066068063],[21.15606932443644,49.24750551790709],[21.156062986258497,49.24750401494307],[21.155878683443955,49.24745348268817],[21.155877198293958,49.247453131393826]]]]}}]}