{"type":"FeatureCollection","name":"tmpf4g_65pt","features":[{"type":"Feature","properties":{"NATIONALSITECODE":"SKUEV0332","SITETITLE_SK":"Čergov","AREA_HA":6028.6198},"geometry":{"type":"Polygon","coordinates":[[[21.090105695944295,49.240893104448176],[21.08994549520735,49.241169755525426],[21.089584074884016,49.241443569496745],[21.08820664815198,49.240997981301845],[21.088096735149744,49.2409932028876],[21.08835274549343,49.2408145963372],[21.088472568738425,49.24046193456465],[21.088486240688237,49.2403156322833],[21.08851063972321,49.2402466442289],[21.088535334790055,49.240210524570756],[21.088724871585224,49.240102709622846],[21.088998824589698,49.24003360561502],[21.08912360181817,49.23997368122241],[21.089295539912747,49.23986215139269],[21.089487808831695,49.23969005525782],[21.08950566279497,49.23964426395847],[21.089432408834618,49.239437564572285],[21.08946904520021,49.23940722830181],[21.089708285344006,49.23933341106239],[21.090111262455437,49.23914734992928],[21.090235982618687,49.23911578030442],[21.0907074078513,49.2390349848537],[21.090912038938818,49.238936651872656],[21.091280277583394,49.23881069235253],[21.091321221041905,49.2387977383607],[21.091279662367995,49.238772862451924],[21.091004697346307,49.23853315556585],[21.090993113418108,49.23845806482437],[21.090974612217302,49.23830983308006],[21.09028834465628,49.23848773471716],[21.09022318502628,49.23842128270568],[21.08978945150974,49.23862346465693],[21.089102004814155,49.23891835367841],[21.089182913940338,49.23915140544666],[21.089137346668846,49.23917245339069],[21.08848594846897,49.23960127877661],[21.088095069797532,49.23938576244041],[21.087808110247867,49.23932526271011],[21.087674705351883,49.23906802312145],[21.087520008552218,49.23881055177844],[21.087566627649963,49.238803041808424],[21.087770401056595,49.23886358002337],[21.088066626445645,49.23880914514334],[21.08772178384293,49.238419102803846],[21.087364359887783,49.238438808470455],[21.08729864316727,49.23844246602137],[21.08713936131937,49.23855205755625],[21.08708276730586,49.23849983172887],[21.086800672243864,49.23830984958305],[21.08633825676385,49.23791108636535],[21.086133940868642,49.23774744979893],[21.085870951067825,49.2375778824169],[21.085774271414778,49.237527005139135],[21.085575238825463,49.23723720946483],[21.085570695734717,49.237229507261404],[21.08548558608708,49.23708520352997],[21.085479448145147,49.23707479720367],[21.085372689716923,49.236893578410104],[21.085002423728604,49.23643024219648],[21.08473624037785,49.23608277044757],[21.084567685621597,49.235679910024686],[21.084513830206088,49.235600312859425],[21.084334258996112,49.23540010503493],[21.084091899272693,49.23527665652664],[21.084048580726215,49.23520324838302],[21.08402027709441,49.234873750379315],[21.084100844885207,49.234384346095894],[21.084118322748974,49.233828552027646],[21.08395993669856,49.23340936119334],[21.083891094023823,49.23328202010523],[21.08382013651588,49.23311860117638],[21.083810482984873,49.23306382664982],[21.0838561122576,49.232913146818206],[21.083857594332898,49.232599007019644],[21.08383155825776,49.232377161114265],[21.083766304364104,49.23187993192739],[21.083594490736033,49.23135543035881],[21.083567100626066,49.23127127920511],[21.08357105198394,49.23072180264609],[21.08342962138721,49.230370222291356],[21.08336896415093,49.230170222578685],[21.083580657889012,49.22976559361227],[21.083665118725836,49.2296103068221],[21.08384954612846,49.22934974390994],[21.083883239041153,49.22930356065211],[21.08415421411562,49.228951695073604],[21.084161810800545,49.228794844680166],[21.084107662269176,49.22850772946149],[21.08388487942027,49.228343494917475],[21.083480714131817,49.22772782071982],[21.083214031735686,49.22759008519065],[21.083111099126466,49.22746840199608],[21.083264988960657,49.2271289890468],[21.083340451352505,49.22690094362045],[21.083129870903644,49.22672989637682],[21.083030296445802,49.22662767610426],[21.08302149383764,49.226524765045035],[21.083096831641868,49.22639034202747],[21.083156735349505,49.22605781860661],[21.08314740526025,49.22579644607846],[21.082928065707932,49.225632319415915],[21.082735341614825,49.22549830394398],[21.08255640216057,49.225409742819515],[21.081840686097145,49.22516532768793],[21.081713023167346,49.22518148884671],[21.081173517128967,49.22549412688429],[21.080666538856445,49.22583121280739],[21.08062095223622,49.225834251548434],[21.080573065495503,49.225812909600606],[21.080537021889615,49.225780244289275],[21.08055524136192,49.22559177533535],[21.080671312051408,49.225105760611704],[21.08068583728265,49.22485640587877],[21.080593604371515,49.2246193804351],[21.08031538332149,49.22429626461599],[21.080138068547036,49.224121777183804],[21.079817946119437,49.22365147391901],[21.079533467338816,49.22342133146231],[21.078896806766068,49.22331492245288],[21.07885519420419,49.223292430685056],[21.078856824431156,49.223123684887796],[21.078828088445803,49.223002578193196],[21.078416495033082,49.22250592725382],[21.078198488608916,49.22220499416604],[21.078117722708967,49.22119051144462],[21.0781602266298,49.221100049822404],[21.07827455153238,49.220949776308125],[21.078441548618972,49.220793541546186],[21.078633712870296,49.22048462056907],[21.078705873788977,49.220310036497196],[21.078743023808737,49.22007986284516],[21.078661085500617,49.21986162058743],[21.07852633640171,49.219761417093764],[21.077378943375713,49.219575131658914],[21.076939560776367,49.21945028828624],[21.076036779432286,49.219438843771],[21.075830579340114,49.21936605002831],[21.075807682404754,49.21934145750124],[21.075823040492885,49.219319894562666],[21.076818264111594,49.21907863639784],[21.0774909261512,49.21893279210646],[21.077523307249297,49.21890412344702],[21.077469039093955,49.21866516238585],[21.07728824155744,49.2183172574507],[21.07700456000964,49.21759964187866],[21.0767859591275,49.217270327268736],[21.07684400655367,49.2171925188019],[21.076945748592475,49.21722864630041],[21.07776735779721,49.2176723037887],[21.078299594651668,49.21806210135404],[21.07855648666632,49.21809105527982],[21.078971805704377,49.21810573901704],[21.07947617573166,49.218170093064906],[21.07953653912486,49.218107211990805],[21.07963320236757,49.21788975133347],[21.079711965166688,49.21759924528716],[21.079616457159947,49.21736031213384],[21.07959698380328,49.21724400388998],[21.07962951223161,49.217066346660836],[21.079786310949714,49.21655012969397],[21.0798319882313,49.21649983088383],[21.080140342155794,49.21645616196733],[21.08020547749362,49.216467254932915],[21.080458567873237,49.216546947515134],[21.080958508560936,49.216946049420756],[21.08106178634036,49.21699842716987],[21.081141217307202,49.21701132864043],[21.081299318172512,49.217010549402296],[21.081603751622744,49.2170009605689],[21.08167865815754,49.21699166022147],[21.081890713522498,49.216930943398225],[21.082291343634413,49.2165260748146],[21.08250615191942,49.21617106120867],[21.082920273657123,49.215916516214506],[21.082921347429586,49.215915020213316],[21.083211388288884,49.21553333984153],[21.083298582861676,49.2154515117747],[21.08355893324982,49.21525010026054],[21.083993884570138,49.2150200764946],[21.084519020471372,49.21476008292379],[21.084869768363735,49.21459937730731],[21.08495776239022,49.21455646480941],[21.08497473512416,49.21454818722739],[21.084908003435263,49.214529032513944],[21.08495884257208,49.21446656383765],[21.085067502588746,49.21444501956693],[21.08521922061681,49.214435748356706],[21.0853342280537,49.21443961445294],[21.085383169386414,49.2144448740618],[21.0858863888181,49.214469013217126],[21.08624925380871,49.21449747552385],[21.086453516585976,49.21451698403111],[21.086602422279142,49.21454354110147],[21.086872540589564,49.21459945851063],[21.08732664146857,49.21476065700849],[21.087573004444543,49.21487342806797],[21.087727044415356,49.214939849318455],[21.087807679619,49.21496052707822],[21.088000176091214,49.21499225949739],[21.088384383819733,49.21499259041068],[21.088538583415666,49.21498690531667],[21.08867411912474,49.21497351038084],[21.08884752218916,49.21489831002975],[21.088888396355944,49.21483119951216],[21.08889899575875,49.21469650083385],[21.088893009880586,49.2145630716074],[21.088867360157806,49.21447033439699],[21.08880794515842,49.214108150290464],[21.088799122030082,49.21407905964004],[21.088783845568713,49.21395964691315],[21.088725311597468,49.21379563682001],[21.088646863538397,49.21360569183763],[21.088578922926697,49.21338727510492],[21.08852347589535,49.213183752480774],[21.088400232627098,49.213006686764366],[21.088263597759322,49.21285809017826],[21.088160827837804,49.212627664509554],[21.088266435482286,49.212506991625574],[21.088435343514302,49.21245325423321],[21.088835865351825,49.21238568741239],[21.089214537184752,49.21228311996318],[21.089371133477506,49.21224519165096],[21.089796648425267,49.21220912049454],[21.09028661512592,49.212191405460665],[21.090480924921273,49.21216368540162],[21.090795118278873,49.21211306439557],[21.090996521294105,49.21206576493775],[21.09118112866876,49.21205573830241],[21.091307419339127,49.21209065840712],[21.091493858013735,49.21226803255854],[21.091798897318185,49.212544808000956],[21.092012757155093,49.21272305853353],[21.092239058426937,49.212881901082184],[21.092494382126688,49.213021956027774],[21.092782805489698,49.213123548058896],[21.09305358115084,49.21324068938925],[21.093448305895123,49.21345929138103],[21.093803793725048,49.21365125011515],[21.094087340319845,49.213781490775276],[21.094825842560713,49.214087510883566],[21.09493620815936,49.21411678624906],[21.09495842726224,49.21411551599299],[21.095069124860526,49.2141089718797],[21.095160329140416,49.21407263643387],[21.09522716221665,49.21397052382052],[21.09523344171493,49.21380318797017],[21.095270335509937,49.21366392824422],[21.095368567515433,49.21342066970291],[21.095417311300547,49.213240377193245],[21.09540838107029,49.21299495354472],[21.095349432313032,49.21243770463942],[21.09535337411287,49.21226669296931],[21.095368121245677,49.21216093477234],[21.09548479674079,49.21211650088414],[21.095743273881247,49.21205742394056],[21.096062991562814,49.2119915712546],[21.09622292867366,49.211925292817455],[21.096410105176798,49.211768149149655],[21.096603485181745,49.21147598584784],[21.096824605342853,49.21099205509296],[21.096934688979367,49.210866296677644],[21.097119442425925,49.21073608209734],[21.097440858991806,49.21055495818336],[21.097721779162452,49.210332658660164],[21.097974666544744,49.210147273535384],[21.098183815343546,49.210021527732984],[21.098402298227505,49.20997899273416],[21.098551913842968,49.209968197176835],[21.09899580712892,49.21015198111155],[21.099853201992264,49.210438721145216],[21.099860169980616,49.210441104217075],[21.100144793656867,49.21052356161962],[21.10033884291217,49.21060447721632],[21.100436419502863,49.21068555370585],[21.100502972110842,49.21080687111674],[21.100648754685643,49.210871661321754],[21.10086916921406,49.21083827583676],[21.101112726046857,49.21079302511229],[21.102115149204796,49.21082231449779],[21.103281889450958,49.210774284209506],[21.103523015382546,49.210745065412624],[21.10364435331597,49.210737592495505],[21.103912938417306,49.210791891330594],[21.103930856091626,49.210768966352795],[21.1039551913674,49.21073364260064],[21.103881723319994,49.21068124578537],[21.1037089440113,49.21067645532954],[21.103643758476878,49.21058102066754],[21.103629964034702,49.210541059865086],[21.103580168237333,49.210464120948714],[21.103457334036136,49.21040852878761],[21.10315376397606,49.210344290381904],[21.102409715322842,49.210222065866084],[21.101931080040057,49.21015241841058],[21.101614156793147,49.21009225101255],[21.10136148776063,49.21002171002772],[21.100954744147035,49.20985379515841],[21.09998668210759,49.20942930259886],[21.099952394098555,49.20941182332335],[21.09973884258127,49.209301296141994],[21.099211445700135,49.20893974962385],[21.09902081790317,49.20885173909559],[21.098840889763874,49.2087676709567],[21.098624982492588,49.208716572834945],[21.098377643291172,49.208711193294285],[21.098164515372687,49.20875569964445],[21.097643576097493,49.20892054824657],[21.097185268642153,49.20909306743574],[21.09684977402113,49.209214234021616],[21.096562215492657,49.20932270763407],[21.096069423457042,49.209448928014616],[21.09531047463456,49.20962677509335],[21.094936764842604,49.20968162655816],[21.09465070327009,49.209709030813876],[21.09421774085697,49.20965359511685],[21.09386412537154,49.20960285593869],[21.093467621996975,49.20947674317571],[21.093184356891197,49.209378107809],[21.09287801374451,49.20932365612129],[21.092577792403546,49.20932350469032],[21.091935508944964,49.20930016462947],[21.09091736251468,49.20925731978842],[21.090033768008418,49.20925460368831],[21.089450491988938,49.20927284016653],[21.08939854264342,49.20926928629442],[21.08894872463861,49.20926676623946],[21.08856971455781,49.20923419296086],[21.088286914715813,49.209201278945145],[21.087990755240472,49.20912643449577],[21.087785862177682,49.2090456902884],[21.087664327127804,49.20898400066473],[21.087244034709137,49.208604311861045],[21.087049131986504,49.20843025955554],[21.08689338681697,49.20831516800835],[21.0867839800115,49.20820516202761],[21.086434826642243,49.20777274342318],[21.086164156145593,49.20742287166429],[21.08592288029476,49.20708789520768],[21.085600725206543,49.206719176761595],[21.085240291904324,49.206349770317956],[21.08480655013443,49.20595568583019],[21.08448111610819,49.205664190797904],[21.084204664651267,49.20544907698044],[21.08385063881898,49.20512290331656],[21.0837525285597,49.20504026398135],[21.083687472760438,49.20495472348412],[21.083650004911927,49.204867727038014],[21.083622317085965,49.204815344157296],[21.083606775659774,49.20478612741193],[21.083577968616822,49.20462549729471],[21.083470306490902,49.20414472606249],[21.083459553910572,49.20409738757607],[21.08338892842171,49.20378480240868],[21.083312894197718,49.2035004919002],[21.08321698593841,49.20314199245249],[21.083175669145934,49.20304217857323],[21.083021595493662,49.20266965954712],[21.082999392995042,49.20260088755179],[21.082975159608264,49.20252619869942],[21.082950161458,49.20244887454556],[21.082917855709695,49.202283630455675],[21.082931593299875,49.202127335545256],[21.08297053426765,49.20196653757613],[21.083022542298018,49.2018441498192],[21.083064043493287,49.20174654231227],[21.083121307092913,49.20165862308677],[21.08324217953311,49.20150450435843],[21.083526274720786,49.20122886403328],[21.08364831925029,49.201110522925084],[21.083937401799,49.20085817839665],[21.084184171962818,49.20061680989102],[21.084338719351056,49.20045503754701],[21.08453989222155,49.20023183185396],[21.084781127398326,49.19996147636654],[21.085304997879312,49.199353761535455],[21.08582153433107,49.198798114715956],[21.085986951286998,49.19866909828582],[21.086092810417192,49.19859074783654],[21.086333133047077,49.198457560071816],[21.08675587087921,49.19820130078693],[21.0870225971869,49.1979940561979],[21.08722511112701,49.19786856767493],[21.087475579591366,49.19763613401464],[21.087783483564476,49.19737403102625],[21.08811982943401,49.19707313703247],[21.08815094057459,49.19706306055752],[21.088187423276654,49.19705279606092],[21.088183398936557,49.197031240928936],[21.088352778997894,49.197003627734716],[21.088693221589182,49.19718000147429],[21.089003509663325,49.19735549830688],[21.089289123229292,49.197613207920455],[21.089732003093328,49.198035298943466],[21.089929994184537,49.19820251543891],[21.0903521257444,49.198433174430775],[21.091074041939812,49.19855846568414],[21.09157877538178,49.19862467622108],[21.092104669630654,49.19864843939026],[21.09254172405539,49.19860156805123],[21.092897000939516,49.198522009994846],[21.093271177373776,49.19836761399901],[21.093797087918972,49.19815874377359],[21.09455055406256,49.19788071746005],[21.095005367653496,49.19644584952313],[21.09507766719684,49.19616115972564],[21.094996280924356,49.19599227961333],[21.095023568783848,49.195878549557314],[21.094918165174196,49.19578686354552],[21.094939698927114,49.195737497909995],[21.09491082101238,49.195689941066334],[21.094594075145945,49.195608420527456],[21.094370200887894,49.195626377253994],[21.094095247256494,49.195625594768465],[21.094992869361842,49.19543113032972],[21.095289337553318,49.19542890766709],[21.095562264767192,49.195416298781765],[21.095903803256824,49.195362220492264],[21.096304917255463,49.1952791670077],[21.096488468966854,49.19524371303634],[21.09693648782212,49.19531484028232],[21.096710282754955,49.19534199956184],[21.09667540789304,49.195411914980234],[21.0966156384269,49.195532079132995],[21.09651500642452,49.19560142293306],[21.096031777952554,49.19576521569919],[21.095663563272417,49.19584914024933],[21.09559939512177,49.19599329019205],[21.095878715291423,49.196094137134935],[21.096064910675125,49.19610441124717],[21.096760204826065,49.19593371313715],[21.09684747435429,49.19591471644002],[21.097100200973433,49.195859776360564],[21.097435868772205,49.19583845527126],[21.097515142877963,49.195830905885735],[21.097566891469665,49.195825897770284],[21.097670621292597,49.19576844544612],[21.097842471934168,49.1956317867988],[21.097969074233845,49.19559000936523],[21.098149475010988,49.19549350482533],[21.09847167867481,49.195448163951944],[21.098713557879265,49.19538756242773],[21.099001165159518,49.19526990468295],[21.099282083445985,49.19516274563106],[21.099497582308476,49.19511327325922],[21.09964977940583,49.19508563538689],[21.09984845518564,49.19503886596939],[21.099806865970606,49.19495714494099],[21.099486217357057,49.19494654319493],[21.099209544696205,49.19498001742418],[21.098891032032608,49.19510136962624],[21.098432807966585,49.1951120271106],[21.097940194893813,49.19517685959705],[21.097386583859244,49.1952436116923],[21.097054249617496,49.19529771835317],[21.096598706827994,49.19522247994431],[21.09724886463354,49.19509696973071],[21.09800462936306,49.194934859317435],[21.09887789962642,49.194779288979],[21.09928419971318,49.194722408609074],[21.099653391468816,49.19471934715849],[21.100081993763126,49.194744919495506],[21.101155388363708,49.19482780902722],[21.101185483871056,49.19482949010154],[21.10187894156683,49.19487152384277],[21.102153317665593,49.194855975126345],[21.102456087642754,49.194813244113355],[21.102710108567795,49.1947776890056],[21.103032376722094,49.19465554634083],[21.10380299589178,49.19440033704874],[21.104356091005194,49.19420894378509],[21.104651350020863,49.19409709839376],[21.104968279467077,49.193944982030644],[21.105593119137186,49.19364559069684],[21.10613700943814,49.19329302100641],[21.106670811135807,49.192889353187816],[21.106904396445273,49.19271440915752],[21.106838964404776,49.19267433349612],[21.106765248803267,49.192580155088564],[21.106711798245524,49.192511864845436],[21.10659268281923,49.19235967609476],[21.106533538016514,49.192310796371856],[21.1058761137613,49.19252578978335],[21.105773981172234,49.192549000277204],[21.105708526214567,49.19258697414111],[21.10557336954593,49.19265351373979],[21.1053957896379,49.19270681688883],[21.105145974477054,49.192830196144236],[21.10486014789097,49.192933520953964],[21.10455869744559,49.193093692776564],[21.104124855580068,49.19319247421898],[21.10369506176524,49.19326077467081],[21.10342647971994,49.19329460667864],[21.10318351965238,49.193279381692925],[21.102962823414092,49.19324182022532],[21.102807604833302,49.193186362408255],[21.10268815760019,49.19308946405433],[21.102578607783627,49.1930220496638],[21.10250535163517,49.1930559017493],[21.10232976827281,49.19315805785242],[21.102175453873226,49.193223532089014],[21.101960874978126,49.19324414030215],[21.1016887339176,49.19320016282676],[21.10128401132472,49.19313808785665],[21.101061082037475,49.19307515428253],[21.10075799802869,49.19301506230361],[21.100556744793693,49.19291185829667],[21.100331143421514,49.192805445644105],[21.100131518444815,49.19277458331835],[21.09963149311333,49.192727013618146],[21.099161787318014,49.19257282978879],[21.098768369290266,49.192635882421264],[21.098385580714304,49.19266497364317],[21.09824592047553,49.19267554530686],[21.097889052632723,49.192753173175156],[21.097656024110783,49.19261933364041],[21.097365128693514,49.19223319173634],[21.09722261048895,49.19211968200764],[21.097060058483414,49.19199021473307],[21.096943674507084,49.19189751938543],[21.096565196010655,49.19162704474606],[21.096519933271445,49.191594718893],[21.096053869862082,49.19123510847473],[21.095959733380347,49.191177209805765],[21.095944575138777,49.19116788549194],[21.0959360931838,49.19116209390069],[21.095928360833764,49.19115876147553],[21.095871031977186,49.191140425746354],[21.095860900464146,49.19113806540295],[21.09585210925774,49.19113738818614],[21.09584325952197,49.19113755263901],[21.09583284993473,49.19113931558664],[21.09560753188142,49.19119574632319],[21.094964496967958,49.19133467975671],[21.094636062463312,49.19140312766149],[21.094389639901312,49.19143269615],[21.09413586635319,49.191489036741956],[21.09389265954057,49.19156209956982],[21.09363989977548,49.19163800718172],[21.093470513995868,49.19166598732177],[21.093321122095812,49.191680022762064],[21.09320730054515,49.19165540472231],[21.093109316619103,49.19159888400596],[21.092792399130857,49.19122872867067],[21.09247167166386,49.190874745038876],[21.0924029831043,49.190790082812526],[21.092424633240277,49.19070966227322],[21.09275236423241,49.19031323329222],[21.09302862036247,49.190036151267066],[21.093259881949727,49.18981542560532],[21.093322583749213,49.18969463647537],[21.093309391413793,49.18960067730606],[21.093252159213897,49.18958165098162],[21.09318032576969,49.18955765609372],[21.092708343044837,49.189547143234],[21.092203805688182,49.18957168692119],[21.09175416869767,49.18955621379646],[21.091506673859797,49.189517321791826],[21.09134683615751,49.1894393734965],[21.091022231423842,49.18935885032151],[21.090704121688017,49.18930545201459],[21.09051005090476,49.18924639213757],[21.090398310393663,49.189232640892406],[21.090134449998757,49.18931934854344],[21.089826920578606,49.18935802339141],[21.089493825882094,49.18928271554812],[21.08906751918605,49.18920307030833],[21.08837065400101,49.1891433831572],[21.088200667612828,49.18913712624445],[21.08803182678523,49.189156023144506],[21.087738398064126,49.18918794224855],[21.087604899534316,49.1891860046972],[21.087098201353903,49.18920820638562],[21.08687618853627,49.189221796300274],[21.086476479604563,49.189157578290285],[21.086142102118863,49.18914370762634],[21.085874754774473,49.189122442366816],[21.08568936038491,49.18910731530121],[21.085548180533834,49.189112601293935],[21.085469206725598,49.18899294445116],[21.085626334361407,49.188674607588894],[21.08577069193924,49.18823657594208],[21.08566071748617,49.18760295389821],[21.085010428790536,49.186904920183494],[21.085022462334315,49.18662595350972],[21.08422532702656,49.18577772152034],[21.08413392420238,49.18566828777594],[21.084022228864857,49.185523452626576],[21.0839110668311,49.185373322872344],[21.083890399626625,49.18527119968952],[21.083942129610083,49.18500511975091],[21.08411813585309,49.18478155814931],[21.084025484579076,49.184661280946536],[21.08399144236517,49.18457826446672],[21.083890067279203,49.18446815035311],[21.084136873693794,49.18431167945222],[21.084109317119587,49.184176745559036],[21.083988470550047,49.184038638684925],[21.083941994660876,49.183967646949796],[21.083973886804106,49.18379617880436],[21.083961033057868,49.18351767365005],[21.083820158128894,49.18334066253365],[21.083688061418833,49.18318220830074],[21.083607954366816,49.18302641233443],[21.083611781735797,49.18283720868884],[21.083558964329598,49.18263781499594],[21.08352165148944,49.18256000488162],[21.08349722983237,49.182511867126244],[21.08353108046819,49.18245947734408],[21.083519662866255,49.18241742854586],[21.083445083156356,49.182397300166585],[21.083456448282742,49.18221382997147],[21.0835334989345,49.18209602644028],[21.08354434327046,49.182079539380254],[21.08372530907911,49.18179311872133],[21.083921308340468,49.18140463954659],[21.084033288210126,49.18127697313219],[21.084107026813566,49.181150150348266],[21.08417968534885,49.18102491335627],[21.084224656273186,49.180814342832825],[21.084226018965303,49.1806231694469],[21.084299048608848,49.18052054104498],[21.084322193356723,49.18044413052716],[21.08433169128395,49.18029850164609],[21.084395196186613,49.18018548461015],[21.08448639639277,49.18002339110328],[21.08464400080777,49.17986027681812],[21.084731317974292,49.17970787151075],[21.08487068756671,49.17942290578376],[21.084945164987644,49.17918492302359],[21.084946950550155,49.17917939863196],[21.084988829409475,49.17898259278048],[21.08504066833345,49.1787572077594],[21.08519001193522,49.17864766395497],[21.085281391091595,49.17854382305214],[21.085344341819205,49.17840873120141],[21.085490196397743,49.178294393747635],[21.085499964783754,49.17828678468362],[21.085680065163064,49.17821405747698],[21.085808016202567,49.17809671473803],[21.086038847176855,49.1779569234565],[21.086169068217085,49.177891958767795],[21.08626619841041,49.177784610497525],[21.086295452880552,49.1776612214882],[21.086456815925406,49.177534056267355],[21.086771262454477,49.17738884238017],[21.08686769703244,49.17714904186124],[21.087041205807626,49.17705782593361],[21.0871999508257,49.17691968259935],[21.087318196117035,49.17676115502681],[21.08731638684617,49.17658473443629],[21.087572593285092,49.17640650221304],[21.08798569922707,49.176217904118765],[21.088109819302737,49.17604867089935],[21.08835387032073,49.175983661331806],[21.088354268613177,49.17589544782501],[21.08826295299433,49.17584021552367],[21.08815838338366,49.17584487629952],[21.088078612162178,49.17584844127483],[21.087903155165183,49.175917989696266],[21.087473715219872,49.17609364011452],[21.08755980537594,49.176031130462604],[21.08784293083702,49.17583620543762],[21.088280864984306,49.17557052910356],[21.088901043284142,49.17519572735388],[21.089127330720384,49.17506316713336],[21.089495997878714,49.174838659886596],[21.089658387894087,49.17467353227921],[21.08978171733717,49.17444845556249],[21.08993587586699,49.1742850444769],[21.090058422341393,49.17423810539985],[21.090461835052984,49.17416631354759],[21.090773802433006,49.174118419284596],[21.091217708218462,49.1740652070245],[21.091717142842633,49.17399648617706],[21.092239692888374,49.17396766494454],[21.092701109205485,49.1739650625924],[21.09303932509895,49.1739481616191],[21.093676451185626,49.173868715654066],[21.09384209815783,49.17384403837238],[21.09396920606398,49.17381875767152],[21.094346614756027,49.17370695892262],[21.094770394983666,49.17360303463148],[21.095174396508206,49.17356005418918],[21.095334973389143,49.173535212636196],[21.095935816454112,49.173535437601025],[21.096137737833555,49.17355467998061],[21.096482732488283,49.17371236712548],[21.096704283991745,49.17382028210593],[21.096907216140373,49.17387025442168],[21.097118153166523,49.17387537913206],[21.09735053563992,49.17384139752145],[21.097787257305686,49.17373877651302],[21.098119954106306,49.17363354872688],[21.098683379178123,49.17342604305368],[21.098882636821113,49.17334814720631],[21.099188843535725,49.173224244653014],[21.09960048314842,49.17298604625934],[21.10016251970175,49.172708359046645],[21.100461024368425,49.172575294677316],[21.10065460509682,49.17240556794508],[21.10076556025076,49.17224094363917],[21.100973110116318,49.17206797162014],[21.10123650485283,49.171925051317004],[21.10157707746897,49.17172832915261],[21.10168224404205,49.171617534896974],[21.101742901732578,49.17155879457314],[21.101866045604172,49.17142408721493],[21.101985544775108,49.17138649159411],[21.102331782116377,49.171374051771004],[21.102822337119328,49.17132444682891],[21.103447926748466,49.171257274410415],[21.103795590745474,49.171208955436],[21.103990958230597,49.17112219465518],[21.10394965029324,49.17097953523163],[21.104028202471056,49.17064273436092],[21.10417442026017,49.17040424104385],[21.10437223074975,49.170179097627646],[21.104739726083587,49.170042913449734],[21.10474404446062,49.17007537061217],[21.10474473655779,49.17008008575672],[21.104785183098922,49.1700760532975],[21.105130834016,49.16986048807602],[21.10542963515497,49.16979701141965],[21.10558356394091,49.169902211795296],[21.105533252971114,49.17009173173168],[21.10554292432854,49.1702000714979],[21.10563356925468,49.17037545339706],[21.10579038918165,49.170547184805336],[21.106027529892206,49.17066341164339],[21.106259022684828,49.17069663393908],[21.106567555670683,49.170681538555016],[21.106780961824075,49.170651344808796],[21.10734734024699,49.17042525822799],[21.10785708294706,49.17018151859167],[21.10813648965773,49.17006295101082],[21.10835135657895,49.170009304340375],[21.10853943096071,49.16998739246649],[21.108654885652534,49.170030144409075],[21.10905385300599,49.17028224130085],[21.10932725070079,49.170435447219134],[21.10953491324379,49.17054010406411],[21.109793768017607,49.17061911420556],[21.109941225684643,49.170632095909355],[21.110129567978706,49.17060658893501],[21.110540692227655,49.17057809757155],[21.11098656192584,49.170519832955414],[21.111324379542836,49.17048747289675],[21.111573261348504,49.17050098275904],[21.11179492128634,49.17051128433672],[21.11198780345994,49.170489339989345],[21.112354737173188,49.170462405628044],[21.112534794596968,49.170454185962996],[21.11270324974366,49.170385729557246],[21.112951871923368,49.17027112187286],[21.11320592335723,49.17013138938814],[21.11331612912135,49.17007080019259],[21.113886005066053,49.16970795562639],[21.113997955095737,49.16965345307285],[21.11462929762974,49.1692353957007],[21.114736181639053,49.16914544125665],[21.11494054285699,49.16897945674162],[21.115124887945385,49.1688297596759],[21.11555888895647,49.16862732989085],[21.11587369366543,49.168423356584704],[21.116118042134293,49.16830689616246],[21.116262359258265,49.16818041079488],[21.116580962241127,49.16805676921724],[21.11679341122791,49.1679743125279],[21.116772472625545,49.16795114009051],[21.116811683149425,49.167675379272204],[21.11687529961764,49.167227455983785],[21.116848224439355,49.16692536961387],[21.116936598714965,49.16662155429142],[21.11700386163081,49.16630617425762],[21.116987333869975,49.16600811438584],[21.116972990442953,49.16583084810442],[21.11706526310684,49.16562276370066],[21.117312676657974,49.16539782799567],[21.117992442975883,49.16497544306709],[21.118732797629388,49.164773202600195],[21.119099951209346,49.16463867514806],[21.119633068999654,49.164491237486985],[21.12019742803946,49.16429068526098],[21.120528599748074,49.16404850991345],[21.12084518750443,49.16377886264947],[21.121249375168517,49.16336588717811],[21.12170124561358,49.16304508093512],[21.121801539275456,49.16297336644787],[21.12193609257247,49.16283927252011],[21.122083018956243,49.16268819666428],[21.122235693195996,49.16252433960514],[21.12225615048472,49.16249456095684],[21.122486018067015,49.162569832262676],[21.122609883363033,49.162615718680364],[21.122741825507777,49.16271209558946],[21.12289000408527,49.16290090378589],[21.12311220285827,49.163241774572825],[21.123147063912356,49.16325674564399],[21.123287091771623,49.16327712729975],[21.123612086281852,49.16337486270006],[21.123661098371134,49.16338789732058],[21.123997274445625,49.16347729924639],[21.124192865743783,49.16355021821369],[21.12438713553503,49.1636484828544],[21.124508162910544,49.1637365878842],[21.12457708327367,49.16386481106262],[21.124574519019397,49.164033436650755],[21.124573607557817,49.164069957894654],[21.124479335458968,49.16424980591152],[21.12439811979971,49.16444060131786],[21.124322645808324,49.164607542272456],[21.12402452914135,49.16501344820599],[21.123962756797603,49.16509755531179],[21.12387175813304,49.1652478885892],[21.123751143377394,49.16541258566069],[21.123558691228812,49.165609391036455],[21.123437124359892,49.1657533626229],[21.123422993389834,49.165770097869114],[21.1232539780606,49.16602130200548],[21.123159507422475,49.166171992669064],[21.12309571489695,49.166273747651324],[21.122952011008916,49.16643529534934],[21.12288551268706,49.16651004949616],[21.122688052542344,49.16682806097425],[21.122638065831715,49.16690856358681],[21.12254462529003,49.16717549091564],[21.122511069362808,49.16732066183531],[21.12247783995583,49.16746442071845],[21.122466066421776,49.167616369184614],[21.12246916755741,49.16764001284319],[21.122483718160154,49.16775097718298],[21.122653958962957,49.16813755042509],[21.122766909534914,49.16830165242379],[21.12290566668703,49.16846396313572],[21.123061065288155,49.16861473877828],[21.123235129464124,49.168747021613804],[21.12332410826188,49.1687765845705],[21.12341699878747,49.16877246008817],[21.12356171681057,49.168766035414514],[21.123833311750744,49.16862989885447],[21.124156071906075,49.16847536095088],[21.124187556657404,49.16846028566567],[21.124438474840662,49.16835819686276],[21.124786995568506,49.16821639349767],[21.12495457574946,49.16814821017044],[21.125088780742896,49.16809296346071],[21.12546020825057,49.167940060486835],[21.125708839562208,49.167837707473325],[21.126235744381134,49.16764439869934],[21.126639996252887,49.1674964416809],[21.1269641616723,49.16739185441533],[21.127184988099543,49.16732953980315],[21.127235741029196,49.16733779903836],[21.12727981409145,49.1673449713129],[21.12733520957941,49.16739615215423],[21.127369949945564,49.167468643815205],[21.127316525817733,49.16759172349881],[21.127130107989633,49.167775672228295],[21.126864211221626,49.16795385836274],[21.126490340876924,49.168291022968184],[21.12604524504658,49.16861656384512],[21.125637580589007,49.168966877564685],[21.1255585875073,49.169095897001064],[21.125564343031193,49.169198347867855],[21.12557398143778,49.16922773176567],[21.125591371479754,49.16929346161694],[21.125610278575206,49.16940560239036],[21.125580024525625,49.169577399916896],[21.12565951550205,49.169882495909114],[21.12576230009957,49.17000035919288],[21.12592741267032,49.17018339753726],[21.126057562838817,49.170283943847856],[21.126344815939962,49.170458433575945],[21.126634642156528,49.17051993310153],[21.12716714671027,49.170554380499176],[21.127477190063516,49.17053540694701],[21.127954166512176,49.17055764662363],[21.128229017908968,49.17066584009962],[21.128396990581688,49.17082141770211],[21.128573198497566,49.17087651862316],[21.1287702120634,49.17084126408737],[21.129110880789412,49.1707588896187],[21.129482519496634,49.17065868083123],[21.130029079721705,49.17052485468441],[21.130399937124796,49.170396080552905],[21.130760572650605,49.17032027586621],[21.131363861851074,49.170271694081926],[21.131705276055403,49.17029646498912],[21.13193881338749,49.170341223769796],[21.132018429784292,49.17042341757392],[21.132009393796697,49.170542323637264],[21.131862425572955,49.170813322474814],[21.13175129233057,49.17093151470952],[21.13163283307751,49.171013104886846],[21.13155484129447,49.1711138019074],[21.131550316536366,49.171350332718994],[21.131572941057335,49.17148860679893],[21.131570065617893,49.171585381948475],[21.13151618474483,49.17167748029705],[21.13123953559168,49.17200522625563],[21.131014971466687,49.17231364634679],[21.130952704880578,49.17243752744215],[21.13088791531227,49.17254161321841],[21.130755465838696,49.17275518520906],[21.13060952531851,49.172950594738815],[21.130341493424584,49.17322459726084],[21.130037655510066,49.173507457115136],[21.129870326451314,49.17366140687818],[21.129830599866846,49.17374396046177],[21.129945337541578,49.17379864092437],[21.130211532725966,49.17382526248715],[21.130654398290684,49.17381147952382],[21.13103673583719,49.17379550698948],[21.131892603816826,49.173735298613764],[21.132548963486173,49.17368442953731],[21.13298375949172,49.17361240661048],[21.132983349357094,49.17304578100321],[21.133304490740088,49.17277192429119],[21.13371021538666,49.172790623001276],[21.133761775783015,49.17266847223486],[21.134132866724148,49.17262422627459],[21.13410834309786,49.17244079074619],[21.134629055016113,49.17225904192275],[21.13511739460654,49.17199290388624],[21.13559585188891,49.17176768226142],[21.135623358442675,49.17176891376623],[21.13567237392152,49.17169082509627],[21.135779053620613,49.171520872232364],[21.13588005300798,49.17136415672758],[21.135968620656236,49.17122673062939],[21.136064229474176,49.17110745919202],[21.136071724978606,49.171098107906566],[21.136081240192443,49.17105560792375],[21.136106906747777,49.17094095873659],[21.13617001854602,49.17078487339898],[21.136275010468612,49.17067908636041],[21.136447696486954,49.170526558049716],[21.136605938339052,49.17031469671331],[21.136739102956653,49.170132019818936],[21.136815770905045,49.17005468858294],[21.13678959445852,49.17003918197132],[21.13705759291141,49.16977351110209],[21.1371918242235,49.16964044558984],[21.137261233276504,49.169517772465326],[21.13731139353604,49.169429116366715],[21.137375715532507,49.16922032271351],[21.137521227531526,49.16874797515824],[21.13755505682501,49.168497157712515],[21.137638929112274,49.16827898155817],[21.137685633365145,49.16822824489962],[21.13784481724389,49.16805566242975],[21.138003798113896,49.16791755259353],[21.1380540395199,49.167870978767795],[21.138265331984346,49.16767492717702],[21.1383538679277,49.16760606807965],[21.13838753276601,49.1675478068722],[21.13849569832675,49.167439777821286],[21.13871763084097,49.167180391527765],[21.13893568438659,49.16701068306391],[21.13895346273971,49.16703402135045],[21.138976381234272,49.16706400390926],[21.139002313274773,49.16704658593158],[21.139108246776704,49.16710366743007],[21.13914794721382,49.167200935273065],[21.1393018845193,49.16738077798564],[21.13944238253327,49.16730729449712],[21.14032450256039,49.16684591612669],[21.140500794511127,49.16673922862573],[21.14052632333179,49.166727715765255],[21.14060026865299,49.16669436841178],[21.14078491633026,49.16661109789838],[21.14159469361573,49.1662458995282],[21.141783527142046,49.16609558570352],[21.14182507929091,49.16606250950213],[21.14183178757734,49.1660571390814],[21.14185386520587,49.16603959962271],[21.141853926427125,49.16603955114374],[21.141854516906903,49.16603908187143],[21.141870740897016,49.166026192637524],[21.141908183739123,49.165996446187656],[21.141908168094293,49.16599636017052],[21.141773366784413,49.16530899413509],[21.141372976445346,49.16537039270813],[21.14126324625506,49.16538721907336],[21.141087977658238,49.165338109183594],[21.141325484944666,49.16506656232057],[21.141074218620382,49.16492572332725],[21.14144873009905,49.1646472315718],[21.141811001218475,49.16447548055047],[21.14195845447051,49.16452758248529],[21.142121764024875,49.164457597711525],[21.14217092576126,49.16443652979228],[21.14216055375017,49.164422804704145],[21.14208171941057,49.16431848044958],[21.142426705652372,49.16413528859029],[21.142433745659762,49.16414081432594],[21.14252781552007,49.16421464330983],[21.14280644493804,49.16405871439097],[21.14287498711947,49.164020356262064],[21.14287798943342,49.16432975642847],[21.142892475718206,49.16582293638217],[21.142892487405703,49.16582408545672],[21.142892909429484,49.16586758394678],[21.14290107319914,49.16663455660478],[21.142902542280197,49.16677260514544],[21.142920935631757,49.1685004974436],[21.142894942332116,49.168501116779325],[21.1428837781998,49.16864703036116],[21.142881158547443,49.16868126919964],[21.14309701895109,49.16868259591325],[21.143324136349445,49.16857552900225],[21.143628356748696,49.16873200976345],[21.144108235846424,49.16897884060733],[21.143220146354363,49.16933330582423],[21.14275860428447,49.16958977324116],[21.142570024612276,49.169694561846796],[21.142289957320994,49.17004193875041],[21.142258403208565,49.17003788110731],[21.141945792177726,49.17003403647332],[21.14191598829761,49.17002931024189],[21.141599860978523,49.169979174945965],[21.141581275462176,49.169994269853156],[21.141247685437484,49.170265215510675],[21.14109168670399,49.17043187227004],[21.140886201549538,49.17059561278767],[21.140836630529503,49.170635102486514],[21.140781637277204,49.17067891119549],[21.140746944772946,49.17075676572699],[21.14074222377421,49.17085834350958],[21.140797381627966,49.171028791432484],[21.14085864979421,49.1711572112171],[21.140831517406376,49.17142732557027],[21.141079331431015,49.17169082458304],[21.141215404452957,49.17162904697857],[21.141369801129127,49.171558935859046],[21.141437882706978,49.171745995983315],[21.141551293104737,49.17204674793003],[21.14166373191762,49.17224304141255],[21.14180029371998,49.17258377479595],[21.141917184498332,49.172801724248025],[21.141936901161557,49.172987435944115],[21.141945256564153,49.17317828014164],[21.141978222550456,49.17343967019016],[21.1420634900038,49.17362835286083],[21.14213028986059,49.17373390031897],[21.142230735883295,49.17375442093038],[21.14230438694227,49.173769467826126],[21.14256846484205,49.173815619286614],[21.14307458945615,49.17397420216515],[21.143404830995696,49.17408221778894],[21.14342547589291,49.17416947153542],[21.14490715757913,49.17447398881996],[21.145138837463097,49.17444907331065],[21.145333462953356,49.17432666271609],[21.145538266931602,49.17421708632352],[21.14558190351874,49.17419541659503],[21.145652125035163,49.17416054399982],[21.145835235871438,49.17406963754115],[21.145971224646683,49.173965990866286],[21.14607507515573,49.17384188482799],[21.146110471259956,49.17384975354359],[21.14627832107289,49.17373477872464],[21.14650080421057,49.17350773788709],[21.146693382495926,49.173306490105034],[21.14761100161151,49.173311762239805],[21.14819059882369,49.17328872244762],[21.148638549563156,49.173175466168715],[21.148936045284106,49.1730543133616],[21.14903869357479,49.173101841494386],[21.148854535792974,49.173617089574606],[21.14856664193411,49.173895545711964],[21.148666343185518,49.17391588416352],[21.148522608569955,49.174353546046085],[21.14834023108636,49.174677820100655],[21.148552790856673,49.17452608222406],[21.148651387213793,49.174443579211236],[21.148741506983562,49.17436431974063],[21.148802214712447,49.174390270226574],[21.148774902071736,49.174560453218284],[21.14869910177758,49.17471965480593],[21.148536840494522,49.175091645613804],[21.14849093034199,49.17516905825347],[21.148379291168197,49.17538627478101],[21.14829920402381,49.17567686494086],[21.1482394324919,49.175840262694464],[21.14815269853356,49.17605673404545],[21.14806238915525,49.17616659506676],[21.148056292023156,49.176287123965],[21.14810881144356,49.176370431367886],[21.148167798132402,49.176412419472555],[21.148409866168524,49.17658472815787],[21.148515506637665,49.17657284547377],[21.148589484566028,49.17654709097601],[21.148618670720882,49.176557283680864],[21.148857187386273,49.17667886383267],[21.149010791335908,49.17688355836881],[21.1490645583749,49.17706782055751],[21.150676415300527,49.179748561012865],[21.15185611260955,49.179688865749974],[21.15254771999589,49.18084781968981],[21.152996455782947,49.18105631135205],[21.15373738744427,49.182037484158606],[21.15367256061693,49.182163185311296],[21.154102972830543,49.18267825251837],[21.15417494473163,49.18274371507361],[21.154423217157387,49.182556450591456],[21.1545748050481,49.182535653136306],[21.15480053940891,49.18250468155672],[21.154991500468785,49.18244551559656],[21.15528822010483,49.18224735199466],[21.15537751557859,49.182188766792514],[21.155578663052946,49.1821011132668],[21.155716372537782,49.18198131100408],[21.155730759307747,49.18196879506893],[21.155765655329844,49.18197104275248],[21.15588657578596,49.18197882945035],[21.156081829143968,49.18193789140455],[21.156172827424808,49.181854152892434],[21.156597073417778,49.181478333097736],[21.15673728080889,49.181562774983924],[21.156777933260063,49.181575845933004],[21.156915732087885,49.18146054090864],[21.15710866028979,49.18133688739539],[21.157641914781024,49.181105738421955],[21.157840833743663,49.18105780109166],[21.15812169848114,49.18101973230684],[21.15862643703851,49.181105011490374],[21.159040128472025,49.181119008907345],[21.15957142175575,49.181053431043786],[21.159736379802453,49.18085021459606],[21.159954238678708,49.18071788797854],[21.16006283185346,49.180566192685696],[21.160120283584924,49.180383362535224],[21.16018882191046,49.18010338655476],[21.160197475632856,49.18000571417025],[21.160208331767244,49.17993988891641],[21.160249423766512,49.179920655350536],[21.160334074684442,49.179880375242014],[21.16038446511616,49.17987106627459],[21.160431400277176,49.17984328412148],[21.16050146739228,49.17979399341837],[21.1603861037316,49.1797228508761],[21.160330205248478,49.1797624142973],[21.16028041940477,49.17982917653826],[21.16023941576983,49.17988100100265],[21.160215719628006,49.17989519993947],[21.160225607310498,49.179835105677924],[21.160359007529813,49.17964647045642],[21.160540689947528,49.17943414625798],[21.160691184072807,49.17931968625841],[21.16079311844558,49.17927400753967],[21.160835146258236,49.17926074467492],[21.160871430328324,49.179252792662176],[21.161193871533605,49.179397148437026],[21.161321610708708,49.1794981163468],[21.16139480491496,49.179593859393684],[21.161499948560706,49.17982735016463],[21.161547156575775,49.17998178135765],[21.161526755607483,49.18020448576544],[21.161547094497603,49.180309460663274],[21.161619877518312,49.18053482268872],[21.161546870064825,49.18080277586173],[21.161437062442396,49.18104814744585],[21.161349176077522,49.1813336374702],[21.16137747212989,49.18148567394907],[21.161463050573136,49.18164122058759],[21.161644675029752,49.18188053463058],[21.16180453442076,49.18195361365264],[21.16195853846691,49.18194899935473],[21.162086058032774,49.18189152004641],[21.162177560873754,49.1817950999009],[21.162358863516754,49.18167251327919],[21.16266282155209,49.18168485122286],[21.163045721783345,49.18174818954516],[21.16319657953543,49.18179037637854],[21.163149217691416,49.18171876175451],[21.163125484885647,49.1816225929342],[21.163122397610813,49.18134162676961],[21.163110674374646,49.18119011134469],[21.16306227895194,49.1810518477578],[21.163002543942874,49.18079628914948],[21.162948947568708,49.18057324123874],[21.162955247103827,49.18035738573683],[21.162985809445786,49.18018721333235],[21.163058650952927,49.180084895183704],[21.16322988727908,49.179987197477736],[21.163589587088797,49.17982475032873],[21.163851793541376,49.179681026298354],[21.16423890473221,49.17943652753684],[21.16448571398599,49.17923659503755],[21.164610616755866,49.179092609785],[21.16477298944556,49.178924414428366],[21.1650064746807,49.17879968128968],[21.16525026547889,49.17872748404167],[21.165665919867685,49.178629712706005],[21.16640679059404,49.178429617549085],[21.167475715973325,49.17815779914291],[21.167492376970294,49.17814589964676],[21.16715883749286,49.178046223475576],[21.166998255195885,49.178073413433076],[21.166646961296745,49.178185001623],[21.16643038014826,49.17816857347573],[21.16625353562354,49.1781363776835],[21.16614429205893,49.17817318945805],[21.166019936671507,49.17819881426386],[21.16575566859848,49.17819232115308],[21.16565070941753,49.178266356069],[21.165458608712136,49.1781760660666],[21.165405748764247,49.178117692983456],[21.165264739175985,49.17810624525812],[21.165119057148416,49.17821329993361],[21.16500533493239,49.17822305345638],[21.164778551902987,49.17817146339656],[21.164667095557505,49.178240432312485],[21.164505168694532,49.17824840196124],[21.164401755876767,49.17819033174107],[21.163734950522873,49.178305058447],[21.16345357434903,49.17830342425081],[21.16346086650837,49.178291950356986],[21.163532831427155,49.17818654367116],[21.16369699053217,49.177982462633835],[21.16416368981349,49.17740227514217],[21.16448831497028,49.176998699914975],[21.16453103564145,49.1769455884959],[21.164967141484787,49.176403405604425],[21.16499575876075,49.17636784494658],[21.165001112134693,49.17636119381354],[21.165024375996214,49.17633228428128],[21.165156225647426,49.17616826163356],[21.165555494180683,49.17559718459433],[21.165782364418366,49.175272684064396],[21.165786060984992,49.175267396048945],[21.16591608395252,49.175081417402346],[21.165917504171944,49.175079398665936],[21.16592772552353,49.17506485768884],[21.166212743096445,49.17465718055007],[21.16639922076542,49.174376580898326],[21.166510795943733,49.174208685266564],[21.16661733592267,49.174048363549524],[21.166652717675166,49.17400203388762],[21.16682561000181,49.17377564363926],[21.167541709169626,49.17283794052849],[21.16800760222197,49.172227801623656],[21.168158592963636,49.17203005004912],[21.168229123948013,49.17193767517224],[21.16840942582188,49.171701532710756],[21.168101155857748,49.171459335716854],[21.168048431149067,49.171417981992036],[21.16802584142547,49.17140016914289],[21.167988572284436,49.17137091308667],[21.167710289059958,49.17130861986498],[21.167378652878785,49.17106685797527],[21.166970861122742,49.17065337335351],[21.16610479127548,49.16977539207161],[21.16590278589025,49.169554168017164],[21.16538511835037,49.16868846570973],[21.165005459926544,49.16793719104815],[21.16454838245708,49.167366409415116],[21.164048820654394,49.16636245254645],[21.164034039998754,49.166333631192266],[21.163838261961693,49.165939124368634],[21.16318341252356,49.16579468318269],[21.163131059377474,49.16579159815659],[21.162320867916975,49.16574408758427],[21.15907862608171,49.1656625998891],[21.158468464582064,49.165592455753185],[21.15800642547913,49.1656068187192],[21.15714522119352,49.165776243222],[21.156172440664577,49.16596762633262],[21.155385213265813,49.166148368917014],[21.15517339718739,49.16619697472857],[21.154783606946786,49.166285708338265],[21.15350584118366,49.16642353521333],[21.152469996233183,49.16639225471541],[21.15142843882876,49.16528131403039],[21.151020077847658,49.16489295555757],[21.151571128341036,49.16453501532885],[21.15181110457677,49.164356859565636],[21.152152172690574,49.16422663048573],[21.15225801635573,49.16408232716407],[21.15239308756125,49.16397378374581],[21.152637540195375,49.16362202224907],[21.15289658616071,49.163249024414014],[21.153034391646276,49.16305063307254],[21.15322549632174,49.162919187615834],[21.153663870639484,49.16284153266033],[21.15380469877193,49.1627049017511],[21.15424994695913,49.16227276906229],[21.154497930119636,49.162149954758675],[21.154604734828634,49.16199424685198],[21.155468150728023,49.161529455715105],[21.156057419340083,49.161265423351615],[21.156225435497863,49.16114539971929],[21.156430528680357,49.16099890574214],[21.157127862318443,49.16065355777906],[21.15746034400284,49.16057822832067],[21.157636214826994,49.16053839062251],[21.15836590095923,49.160351054168345],[21.159279546814442,49.1601163856579],[21.1595188998865,49.16005495576649],[21.160217983276514,49.15979408706386],[21.16061963436532,49.159559152340655],[21.160919094989993,49.159152300392144],[21.161150648651706,49.15889887294544],[21.16133354002468,49.158612587354185],[21.161806196273357,49.158063179745774],[21.16228151683155,49.157683817755576],[21.162659466976237,49.15729383227734],[21.16288820186808,49.15725537828312],[21.163123183865217,49.15708253568302],[21.163427424191706,49.15691231876868],[21.16396020360998,49.15669121579601],[21.16415967502055,49.15654219211598],[21.16450954785873,49.156280772321765],[21.16453001722339,49.15626548118133],[21.164746040782077,49.15613597132753],[21.16545509684897,49.15571100482554],[21.16572986386061,49.15552878400552],[21.166139261070114,49.1551718239288],[21.16654677904454,49.15476718143108],[21.166634079695402,49.15468052925761],[21.166582574874493,49.15431801042821],[21.166791460361278,49.15407358382504],[21.16678790143875,49.15406969114209],[21.166633791784058,49.153903892284504],[21.16654415639958,49.15336049039649],[21.166701754238833,49.15304207536831],[21.16657867345394,49.1528930943887],[21.166677369910346,49.15266150287157],[21.166587448698564,49.15234963092723],[21.166807147539323,49.151844026995796],[21.166647798420854,49.15163539239171],[21.166736314438058,49.15129500342915],[21.166860656960143,49.15121032425932],[21.16647009733192,49.150474547456476],[21.166558531091717,49.15014279813668],[21.166797799487394,49.14983720965593],[21.16683422310195,49.149796942515295],[21.1668658899254,49.1491747967632],[21.166942368723824,49.14855162707491],[21.166864104647715,49.148382897320616],[21.166726003826906,49.14820481695845],[21.1665539728968,49.14806483115498],[21.166504898060104,49.14797380729254],[21.16645574025438,49.14798360675373],[21.1662314787969,49.14782784680845],[21.16607147912316,49.14760388622408],[21.166043827760625,49.14746753297949],[21.165861444477663,49.14736980187229],[21.165715264629753,49.14722729557589],[21.165575912166773,49.1469837273178],[21.16558460947984,49.14691720320858],[21.165531754577685,49.14674638948875],[21.165125966037408,49.1465039047147],[21.1651548865047,49.14608134346893],[21.165253720067017,49.14581581827899],[21.165248584255536,49.145696286035594],[21.16509616979704,49.145509561411394],[21.164980941601566,49.14523263095702],[21.16502592345204,49.14507884368244],[21.165022696433024,49.14494820843754],[21.165048639947646,49.144812728010706],[21.16516905148008,49.14466140011115],[21.16530899183444,49.14461664300876],[21.165352627023605,49.14455085617048],[21.165633363982504,49.14436873425952],[21.165751622901126,49.14426379026333],[21.16591000257337,49.14417505005157],[21.16611090571551,49.143921011853664],[21.1663251171991,49.14372527626648],[21.166404559949317,49.14359372617801],[21.166368470463826,49.143448915660315],[21.166558296702146,49.14325259400336],[21.16692168117831,49.14310547282907],[21.16722401723871,49.142956253940284],[21.16737702647516,49.14280747781158],[21.167461281525004,49.1426794990562],[21.167533994873583,49.14242755592781],[21.16768119855948,49.14231883761601],[21.16773805448208,49.1422767810465],[21.167842373521896,49.141847313671846],[21.167794901350515,49.14171366926746],[21.167790411010227,49.14155886824976],[21.167785192949854,49.141378297706005],[21.16784357763453,49.14120989634399],[21.167777246713133,49.14109402464639],[21.16784746071734,49.14091393148644],[21.167772324113685,49.140757002762996],[21.16774434508653,49.14069850950381],[21.16781052389701,49.14063018870918],[21.168014150726304,49.140310246047044],[21.16801061148158,49.140136749968306],[21.16795459899748,49.13995089393739],[21.1677937680734,49.1398413794028],[21.167733815463993,49.139800555930776],[21.167493623990726,49.139694349779006],[21.167496800981816,49.1396507881689],[21.167608165220827,49.139403119081614],[21.167954116218393,49.13926697116606],[21.16806924371682,49.13904291594245],[21.16825463082009,49.13885446468664],[21.169231316547243,49.138443463109965],[21.169367301768375,49.13830585356003],[21.169685418261267,49.13819187338553],[21.170214114488314,49.13794271228927],[21.17056501768625,49.13788899376405],[21.171083251750957,49.13761195363125],[21.17193597258638,49.137321814655905],[21.172049349180213,49.1370028166718],[21.17205182378173,49.136313316227294],[21.171958639718177,49.136174278960276],[21.171697763611995,49.13564396282797],[21.171698385594517,49.13517208015884],[21.171584110864572,49.13426412180471],[21.171657026002677,49.1339140464242],[21.171657126508915,49.133914060379155],[21.171694115961404,49.1339193597427],[21.1717769690253,49.13393123240227],[21.172371926370452,49.13405172600469],[21.173170197500532,49.1342133898711],[21.17396321138492,49.133832029801944],[21.175816653117455,49.13294066693989],[21.176633784597207,49.132573034830436],[21.17714945024762,49.13234102809756],[21.177559745815298,49.132156426176124],[21.177851130212566,49.132266917788556],[21.178554361855053,49.13253357369932],[21.179175639553236,49.13276914708004],[21.179182799652597,49.13277186211938],[21.179506622607857,49.13303448702997],[21.180137253716207,49.133545927475716],[21.180429815456623,49.13378318946181],[21.18054843549969,49.133879387508095],[21.18037600034382,49.134071413498056],[21.18037507805414,49.134072437908884],[21.180160627478717,49.134311246443474],[21.180135503901862,49.134686582990845],[21.180133399195096,49.13471801792771],[21.180272911189185,49.13491352587731],[21.18041567413048,49.1351135878502],[21.180419187048866,49.13511767496592],[21.18044171284732,49.13514388498573],[21.18051228223362,49.13522599437764],[21.180735392194165,49.135485585495346],[21.180759629870366,49.13551378718381],[21.180840437665204,49.13565636083567],[21.180892144003295,49.13574758790144],[21.180926406941662,49.135808040531465],[21.1809416918888,49.13583500786947],[21.1809524992383,49.13585407517646],[21.180966862844738,49.136062348309025],[21.180977753567987,49.136220267492625],[21.181006382833036,49.13628303387473],[21.181063854564055,49.1364090341917],[21.181064148103857,49.13640967713375],[21.181161388644195,49.136622865147544],[21.181201903998733,49.13671169122593],[21.181343573897003,49.13684467484874],[21.181638929624235,49.13694717422128],[21.18182246618089,49.137010867193986],[21.181874998570244,49.13702909762902],[21.1823018216983,49.13712931674128],[21.182305048837566,49.13713294113738],[21.18238917011399,49.13722740089519],[21.18250402885049,49.13735637489197],[21.18250712896273,49.13740814480184],[21.182560491180542,49.13739126862879],[21.182540605681687,49.13733825371136],[21.182530443870892,49.13732515276983],[21.185362904941773,49.13546370456639],[21.18598646363107,49.13543907441792],[21.185980010370756,49.135433471477356],[21.18595172002122,49.1353884767028],[21.185887122684285,49.135352250178805],[21.185830086833185,49.13532526208675],[21.185824089831765,49.135315262287996],[21.186404249925868,49.13512858409483],[21.186603194685485,49.13487499324144],[21.18662539516591,49.1346219133291],[21.18640257905572,49.13423820961822],[21.185961975745148,49.133872458036365],[21.18580348350755,49.133598789336084],[21.185758154278027,49.13340292445428],[21.185763067122224,49.133248239138304],[21.187762004905462,49.13329248847786],[21.188002092991848,49.13319969997359],[21.189584543996542,49.13322470189363],[21.19024507354428,49.1332422539344],[21.190977242376093,49.13302275802083],[21.19273623758823,49.13283573136668],[21.192513140868062,49.133340010379044],[21.192531853746914,49.13338092385185],[21.19255070353687,49.133421841589424],[21.192316687886123,49.13349151283722],[21.19213351402931,49.13361687259006],[21.191743516889314,49.13397623063555],[21.19164776744906,49.13414653686557],[21.191835824295275,49.13479092962796],[21.192254330060905,49.13516316991139],[21.192809711322976,49.13551338986538],[21.193088636665184,49.135666751897865],[21.193366985857647,49.13575419910953],[21.193612031027904,49.135865813605925],[21.193339654075746,49.13643481375603],[21.193624250502033,49.136625530112525],[21.19383302790874,49.13656542175092],[21.19395701295498,49.136397344405054],[21.194343970084645,49.13633018576756],[21.194902549986285,49.136393954638],[21.1953491385201,49.13659286516453],[21.195513578647194,49.136804138704505],[21.195387329967648,49.1373277333949],[21.19541187923336,49.13768048372105],[21.19566153763626,49.137965529128316],[21.19626294156797,49.1376273272959],[21.196215355520184,49.13747910948049],[21.196069951182086,49.137298587447276],[21.19617427976057,49.13717265602164],[21.196443472724592,49.13706446286167],[21.19640606310564,49.136804034792],[21.196586102037553,49.136648053416536],[21.19685181336598,49.136720694791485],[21.196914127651777,49.13698774970098],[21.197173529166722,49.137242487822675],[21.197741342521738,49.13715979476179],[21.19813844988375,49.1371685578159],[21.19800508779445,49.13717430813225],[21.197345114245447,49.13728113915953],[21.19722642666439,49.13734766013823],[21.197261583550546,49.13757290910801],[21.197171106127485,49.13771412635565],[21.19740506490245,49.13773266459477],[21.19750833299691,49.13751892786589],[21.197645447795825,49.1375011420028],[21.197686661336643,49.1374340087622],[21.19824119012822,49.13732254275592],[21.198867494342124,49.13731323240831],[21.19940589245022,49.13740965896408],[21.200523398962765,49.13726709037945],[21.201507694377113,49.137031246621234],[21.20324814374828,49.13710607414862],[21.205039042260196,49.13704083969276],[21.204995582284376,49.13710502472374],[21.206230953475778,49.1372566532893],[21.208186916676954,49.13748987671555],[21.209044046069753,49.13745500023444],[21.209712058579534,49.13751795288078],[21.210139279616406,49.13749916283279],[21.210732229491253,49.13737766794276],[21.2116412325336,49.13733492967215],[21.212032590020236,49.13745779351701],[21.212572929585253,49.13775424501051],[21.21291442779667,49.13785890575883],[21.212765896789495,49.13788859826712],[21.212746690726313,49.13808667872384],[21.212913794565274,49.13812867853883],[21.212729967193138,49.138223621981076],[21.212679222043906,49.13846717521445],[21.213180403152958,49.1386903024535],[21.21391740229956,49.13891776648603],[21.21361549090787,49.138952968144],[21.213599898100366,49.13907995416142],[21.213423196886016,49.13904161885271],[21.213177752057867,49.13898620858855],[21.213153805873024,49.13914534308015],[21.213313462420626,49.139233652025794],[21.213213727048895,49.13943733771926],[21.2132194696553,49.13949476895417],[21.213537686695034,49.139387516966146],[21.214121170719363,49.13953487296794],[21.214357892186143,49.13939133509644],[21.21443281892164,49.13940067885226],[21.214124994310144,49.140061072405594],[21.21445235327345,49.140145125090385],[21.214716807954275,49.140289161705695],[21.214485353817082,49.1405386378581],[21.214330956197553,49.140996558998474],[21.213729225206635,49.142220823937635],[21.213390688488833,49.14354353563674],[21.213071538742593,49.145116924392745],[21.213028471347016,49.145389071780784],[21.21293580177213,49.14607359593552],[21.212875770095287,49.14628976466863],[21.212831734321696,49.14652389324187],[21.21272779484466,49.146747612739965],[21.212213397233498,49.147224887009756],[21.211695435477814,49.147749579568085],[21.211238196767543,49.14813608131923],[21.21047506482797,49.14846169131821],[21.210414914673102,49.14850798647256],[21.209077788851992,49.149162090308096],[21.20730796197902,49.15007253898372],[21.20645634731438,49.150568036998294],[21.206079493960495,49.15074303703634],[21.204426531040525,49.15125558126949],[21.20434733142457,49.151282377286925],[21.204249564689395,49.15133443233289],[21.204193173135295,49.151360856679425],[21.203962033711807,49.15150761018726],[21.20389912231207,49.151553996479684],[21.203393294229574,49.151935449283904],[21.202847261203935,49.15245158197259],[21.202615880542563,49.15286748804675],[21.202477572688085,49.153322925466306],[21.202499946615273,49.153873738566745],[21.202591126762126,49.15447521153592],[21.202640964507548,49.15536967723318],[21.202528878496164,49.15575274260441],[21.20181296016865,49.15689445650701],[21.20151481128007,49.15736589818517],[21.201148729358128,49.157565614578516],[21.20079468293166,49.157849423542466],[21.20054374434502,49.157975210793204],[21.200291663769708,49.158188912390294],[21.199940726646602,49.158543482066854],[21.198915995085027,49.15925841794527],[21.19838132560612,49.15957017832704],[21.19799656613276,49.15995744813008],[21.19726471691821,49.160539341745746],[21.196901729541146,49.16070142340718],[21.19556515354734,49.16117022941336],[21.19448780558515,49.161605505971814],[21.19413876953117,49.1617585618633],[21.194235122551074,49.1617965815566],[21.194598870204427,49.16198057231095],[21.194835348308274,49.16190142752934],[21.195102865704385,49.16173862919676],[21.195431163830175,49.16160652977629],[21.195872157006242,49.16141942485345],[21.196363129153816,49.16123207392946],[21.196655305764168,49.161081202579055],[21.1968945344027,49.16097153234484],[21.197218955531685,49.16083975759232],[21.197478927095354,49.16078294399585],[21.198392504848247,49.160142338924565],[21.198288668422613,49.16036524037795],[21.198266127598902,49.160506051808554],[21.198271999772075,49.160690507269116],[21.19826674965417,49.16083896836309],[21.198257846623033,49.16100946091569],[21.198252330007872,49.16116160455557],[21.198223877808736,49.161393603174595],[21.198173437258056,49.16158800901896],[21.198138836638186,49.16175320085441],[21.198043161642076,49.16192774479561],[21.198012830810132,49.162062372352445],[21.19795680246472,49.16219169919511],[21.197894641455957,49.16233937946509],[21.19784435326773,49.162474736240235],[21.197788647269274,49.16261856639561],[21.197751829520097,49.16276694524279],[21.197707124063125,49.162931372381],[21.197684842823733,49.163078043078805],[21.197662827933943,49.16322103120333],[21.197640281733943,49.163352390099796],[21.197621203204115,49.16350222115022],[21.197594534200352,49.16370951931069],[21.19758020779026,49.163850586170454],[21.197580959129397,49.16403938316857],[21.197605349078014,49.16418606589478],[21.19764185994308,49.16434356821327],[21.197674828007855,49.164495018882555],[21.19771397861613,49.1646179452963],[21.197772120997975,49.16476297763957],[21.19778293800088,49.16487908093845],[21.19785000734574,49.16501457873952],[21.197874683811364,49.165128862761584],[21.19788764831973,49.16522477818233],[21.197918323638554,49.165332047186816],[21.197963243502883,49.1654132032978],[21.198592896153727,49.16609867694227],[21.198646221447305,49.16626291320758],[21.198658787337347,49.166952592184764],[21.198838099522394,49.16734696933608],[21.198984662816738,49.16815802284851],[21.198882466392757,49.168536441101054],[21.198880171297574,49.168776904634974],[21.1989839656627,49.16917343296403],[21.198965250881997,49.16968830835709],[21.198710611966877,49.17020970823978],[21.198295792941277,49.17121052490794],[21.198017391997126,49.17171858134867],[21.1980491653976,49.17209531538369],[21.197863898183193,49.1725134578335],[21.19754034899286,49.17269666498687],[21.197259533582734,49.17291729929692],[21.196684433982217,49.173172794650505],[21.195701115526994,49.173341403093694],[21.194308447110163,49.173474750928236],[21.19335716713674,49.173979754910185],[21.19306997552203,49.17413833702432],[21.192496731298196,49.17438666891719],[21.192493809231074,49.17452169897398],[21.19245781909702,49.17469620803495],[21.19191507856018,49.17520357716482],[21.19108475609189,49.17567002351646],[21.1912856630973,49.17609380150241],[21.191075164158452,49.17690246851683],[21.191670726271546,49.17702860405338],[21.19107024754289,49.176975952220296],[21.1905909240984,49.17687909290882],[21.190041966305753,49.1768279516696],[21.18976389135779,49.17681694133616],[21.189279887776852,49.176795998180346],[21.188766192984204,49.1768341709175],[21.188153570034338,49.1768486408246],[21.18808424953481,49.17685971156763],[21.187788841638923,49.1767356297098],[21.18787514554729,49.17641676732415],[21.18831365797761,49.176076844053476],[21.188120706037708,49.17603571717269],[21.18784800544559,49.17627044685941],[21.187623938149763,49.176412081227035],[21.187521513183132,49.17647820187754],[21.187315941807956,49.17625339733243],[21.1871820005433,49.17615595650271],[21.18701890090543,49.17610270618009],[21.186804746236167,49.17638202036272],[21.186292674906415,49.176552923775276],[21.185791949057265,49.17656754257959],[21.183676077924392,49.176874887635385],[21.18358436392774,49.17721113290711],[21.183462972672594,49.17731518689909],[21.183398111296004,49.17737068458776],[21.183472316746165,49.177458702374295],[21.183574710908918,49.177580188136176],[21.183804067841436,49.1776305612538],[21.183980308295645,49.17767306373105],[21.18399436005229,49.17801072155577],[21.184240993446902,49.17791229007289],[21.184272377044625,49.17789976508421],[21.184303658723238,49.177887281915616],[21.18440316718989,49.17784757232945],[21.184430333727864,49.1778367313502],[21.184446879034674,49.17783012639638],[21.18449937297792,49.177809169271285],[21.18451396139125,49.17782498416745],[21.184513868033815,49.177825078475195],[21.184476515837996,49.17786256904901],[21.18437387450043,49.17796558901327],[21.1839119366214,49.17832871270992],[21.18364301349669,49.17857714455526],[21.183250212821633,49.179116795910545],[21.18283134041978,49.17994135865261],[21.182848750736074,49.18029883606382],[21.18291143747183,49.18054916225327],[21.18309129514846,49.18109940733178],[21.182822186307394,49.18202271943832],[21.18321933921897,49.18348122065154],[21.184260274898044,49.18420139467302],[21.184225039315592,49.18434234746007],[21.183958756266584,49.185105872102085],[21.18405176011617,49.185477771313266],[21.184063040719753,49.18552286386454],[21.184206769133123,49.18559549705192],[21.18442983327347,49.185725429516566],[21.184492661024255,49.18576042854503],[21.185328515301585,49.18622681095031],[21.185319980788925,49.18624787948876],[21.185585514875946,49.18634717769687],[21.185780794980186,49.186407824498026],[21.186428643932512,49.18654533697892],[21.186752916381963,49.186543121425096],[21.18697556675958,49.18666187316449],[21.187156910103507,49.186823716027035],[21.18724256960276,49.186947195748104],[21.18762658128221,49.18719475777099],[21.187806623707647,49.187240252358244],[21.188069957430542,49.18725647700697],[21.18834077703328,49.187294449398856],[21.189309930907964,49.1873176462488],[21.18968248863514,49.18739956648464],[21.19013841951333,49.18748705483815],[21.191115010680246,49.187784580263354],[21.191350653880637,49.187891035086025],[21.191491453755592,49.187991023619205],[21.1915944835796,49.18811945187671],[21.19175362864953,49.18842669813157],[21.19198804692936,49.188608820360024],[21.192230728958208,49.188752760832266],[21.193821252125005,49.18875116341687],[21.194607447130277,49.18880345625826],[21.19524829118672,49.18891135331348],[21.195648734412128,49.189090173027175],[21.19592129534438,49.189142224619644],[21.196468212805257,49.18932965016303],[21.19685890772284,49.18942318333876],[21.197145406834352,49.18948952864876],[21.197369496242754,49.18946940328515],[21.197493226519597,49.189427881887426],[21.19786522689332,49.1894116360254],[21.198066715316966,49.189455170619546],[21.198250002996524,49.18959076926668],[21.198373697169536,49.189758451914464],[21.200091145059233,49.191712161833706],[21.20038176140479,49.19227427461729],[21.200090862099,49.19285504232136],[21.200345881821463,49.192975222471894],[21.200300355288977,49.19301026554181],[21.200166903967503,49.193146188561975],[21.199585372237905,49.19361665013995],[21.198887545981076,49.194568339342716],[21.19828285608806,49.195601147908036],[21.197944844738007,49.19635391381968],[21.196650264591092,49.197151643443505],[21.196599702736478,49.19718558608094],[21.196574335974656,49.197202613684894],[21.196470745983806,49.19727215323612],[21.197721343793766,49.19786226348588],[21.19807784316504,49.19797939200934],[21.198875932902425,49.19797755915713],[21.199472935378637,49.198043826939475],[21.199745559694726,49.198088128015364],[21.199945407374837,49.198175716562375],[21.200041789432852,49.19834533779787],[21.20025699941114,49.199496352017434],[21.200380425938885,49.199859904638735],[21.20055084303059,49.20012652596034],[21.201254327685866,49.20058407521659],[21.201760172530005,49.200809532920424],[21.20228043387932,49.2009610801325],[21.20274600030236,49.201086351328335],[21.20280153957587,49.20111049067535],[21.202343611963805,49.201200602785036],[21.201946910111346,49.20136345985123],[21.201605408806337,49.20146204617152],[21.200985914404946,49.2014497337234],[21.200364496799363,49.20120960942234],[21.200109714148933,49.20112733656755],[21.200353597540413,49.20142477693906],[21.200923857155466,49.20173973821634],[21.201400382052014,49.20185221224961],[21.201926333249215,49.20191193780387],[21.202366684539673,49.20185980949628],[21.20262261180762,49.20190925572362],[21.20439943874837,49.20289935409787],[21.204477178011935,49.20307064243882],[21.20428271544279,49.20376720519388],[21.204409129516275,49.20412418296401],[21.2047683573949,49.2045027884587],[21.204698606387115,49.20451934785046],[21.20472296878321,49.20455863197627],[21.204004865376874,49.20507744913091],[21.203391418407268,49.205320992497604],[21.203080262171607,49.205320694705975],[21.20283136298464,49.20509593127958],[21.202801863444922,49.205310070766615],[21.202545791299794,49.20554922202326],[21.20239078846831,49.20561526477006],[21.202360289976244,49.20562825897804],[21.202297862593994,49.20565485739207],[21.201876295518225,49.20558739438567],[21.20152671215782,49.20544874605134],[21.20143944016724,49.20541413264966],[21.200845248651518,49.20536092361245],[21.20084224698985,49.20536065482783],[21.200306658987117,49.20530071621256],[21.199394265331296,49.20531422360095],[21.198628094877083,49.20505709927607],[21.19854926501427,49.20503064433215],[21.19825408012493,49.204931578446654],[21.19821033248054,49.20491689646996],[21.197846352201164,49.204882257338824],[21.197521971266536,49.20485138511301],[21.197421215712673,49.20517079141128],[21.196518190293876,49.205127045217495],[21.196645638563385,49.20541024916215],[21.196602180189654,49.20572567564616],[21.1961169853132,49.205753343609764],[21.196149952539137,49.20603216883252],[21.195659470441836,49.206136547094935],[21.19568150454285,49.206306468993326],[21.19543270691719,49.20637074442343],[21.195233961306606,49.20611214666556],[21.194118048909345,49.20576784508811],[21.19284259311896,49.20591115229571],[21.192657429613305,49.20591083534493],[21.191909433133883,49.205909551999376],[21.1908574125582,49.20567532169751],[21.19137023703431,49.206336826239905],[21.19020428554172,49.2063585685541],[21.189249865760402,49.20554250623182],[21.188282803719687,49.20605329330168],[21.187648788134425,49.20587122190604],[21.187613709634377,49.20562968515045],[21.187612277766473,49.20558508066907],[21.183481737780983,49.20570386830494],[21.18379293213501,49.20613082458403],[21.184221053580675,49.206591765544864],[21.184612479949696,49.2067562039655],[21.184789325716586,49.20691277559357],[21.184948998327933,49.20700696737509],[21.185013041222547,49.207091783901745],[21.18515582847887,49.2073824122045],[21.185263764636034,49.20748147079698],[21.185317599511524,49.207595225118276],[21.185298839558488,49.20770590450265],[21.185441145101347,49.207780109364144],[21.185870500190585,49.20806185191927],[21.18585087132026,49.20807294224156],[21.185831235915014,49.20808412237683],[21.186621538412076,49.208738369648444],[21.187257692481275,49.20914871213865],[21.187734887847643,49.20968390378133],[21.18831556409038,49.21023033026856],[21.18840182409285,49.210296932872104],[21.18891357529344,49.21056844806474],[21.189894869299618,49.21083946731893],[21.190274213696064,49.210962819565594],[21.190706821303085,49.21112473758173],[21.19126687709996,49.211351926388986],[21.191227276707725,49.21213251190854],[21.190966790288098,49.212241874589196],[21.190546582969347,49.212317905565214],[21.189968414052572,49.21239126454833],[21.189366627013584,49.21235271070035],[21.18831967055731,49.21227597421403],[21.187692578502794,49.21228694391613],[21.187256519003796,49.21230872733813],[21.18697221435239,49.21226349522709],[21.186513828699425,49.21210463038559],[21.18633221394112,49.21197744021385],[21.186179830615803,49.21172216308549],[21.185878545959657,49.21144549793392],[21.18547056807065,49.21119440015966],[21.18522087706301,49.21110784388668],[21.18503060012502,49.21119633875137],[21.18495324097767,49.21138161667759],[21.184941705551214,49.211738815490435],[21.184847247436394,49.212026992652476],[21.184838408049327,49.21205408289972],[21.18492898160694,49.212673814155025],[21.18494172501059,49.21287090489906],[21.18485181526795,49.21307757597207],[21.184785857688222,49.21330254809057],[21.184884163036134,49.21364012832046],[21.185042552082578,49.213988584679974],[21.18542288766559,49.21410604174757],[21.18556546631567,49.21418997631054],[21.185742170753688,49.21429405919971],[21.186232071136292,49.2145716548028],[21.186998765807967,49.214829792179756],[21.187453823242723,49.214879716705035],[21.188116636129475,49.21501308162277],[21.1886202953334,49.21523204254406],[21.189459439006935,49.21624903367455],[21.18998564234552,49.216674474572116],[21.190195905472322,49.21704344200368],[21.19024767951869,49.21740738234542],[21.190246856337648,49.21758721523086],[21.19026034203748,49.21798642065286],[21.190427313089497,49.218310109390316],[21.19049087398226,49.21836781094976],[21.190745889544264,49.218599360976555],[21.191102274184725,49.21878617680891],[21.191529923023612,49.21883748105983],[21.191572565856557,49.218842589593265],[21.192043717757628,49.21883412343991],[21.19274371997021,49.218756892678954],[21.193014268422505,49.218789618569346],[21.193173023354014,49.218855502379505],[21.19328609243077,49.21891276264904],[21.193633862271906,49.219354956276604],[21.193776734442213,49.219533768873276],[21.19369271256569,49.2198149842857],[21.19365335061081,49.21994653746994],[21.193576251026467,49.220393783165335],[21.193518121310085,49.22093568889425],[21.193438057330958,49.221014484580174],[21.1931694656701,49.221163029201364],[21.19267509570415,49.221316968790504],[21.192040129676784,49.22156942144125],[21.191266121968777,49.22191782286763],[21.19054474941314,49.22224337347353],[21.19025610956076,49.222391467506974],[21.190069821783894,49.222487026979984],[21.189512344521827,49.222625845477175],[21.18911737938459,49.22265585024432],[21.18817447079852,49.222628991223736],[21.187573553718202,49.22257110522696],[21.188212498732057,49.22241575049371],[21.188684045952233,49.22217334921422],[21.18910036237212,49.221943898580506],[21.189213750000654,49.22188135703995],[21.189578650672146,49.221612314915376],[21.190598578323208,49.22067439630946],[21.19070698799429,49.22057434046959],[21.19067542603856,49.22047145588652],[21.190468521936943,49.2204687029833],[21.190088902788833,49.22059991988743],[21.18908103752235,49.22087575875914],[21.188217689804343,49.2211257564812],[21.18786525196926,49.221202361652374],[21.18742974815337,49.221219214415584],[21.187223363504323,49.22121683213239],[21.185862138113535,49.221201398446276],[21.184867264263872,49.22106171729162],[21.184042383329384,49.22096189871669],[21.183732644852252,49.22096150677858],[21.18353438664803,49.22110250257403],[21.183618031949095,49.221507589862085],[21.18380476437,49.22206937661988],[21.18415394782587,49.22254801184439],[21.184154657531153,49.22268189290437],[21.184045603747887,49.222760318391515],[21.183835332617978,49.22283396554282],[21.183327221467497,49.22287950488023],[21.1828106977368,49.22295754659972],[21.18246394641437,49.22301991045716],[21.182331675027818,49.22311705401404],[21.182209445429848,49.2234653052954],[21.18270989200719,49.22429037991058],[21.182741043368672,49.224506408586024],[21.182844954647408,49.22465368250792],[21.18340008237833,49.22497103966276],[21.183753897289527,49.22524070448833],[21.18406221870849,49.225650279258936],[21.184388708451955,49.2257703774812],[21.18441857252018,49.22577934954858],[21.184518102012436,49.22580925103812],[21.184427739631186,49.225810579633404],[21.18440267618317,49.225810948285734],[21.18438774627879,49.225811167627405],[21.18405125840962,49.22581611304173],[21.184329493070337,49.226953274354756],[21.18450855049163,49.22805385358119],[21.184066864445622,49.229016695067],[21.184752522704155,49.22920884747979],[21.185398068176852,49.22932700945056],[21.186270496851975,49.22949887077548],[21.186795110337194,49.229639450300965],[21.186965992891487,49.22970905011002],[21.187668807924158,49.229780733936515],[21.188499576164595,49.23007784645659],[21.189539439901175,49.23036337153358],[21.19069919398515,49.23138519246172],[21.191858350224663,49.231900716464],[21.192759666820475,49.232323227712214],[21.193569190637426,49.23277393223826],[21.19279769925356,49.232795568359066],[21.192112135767278,49.23295337127354],[21.191114929576003,49.23335181102116],[21.190040344936197,49.23342043524837],[21.188818262503514,49.23353441567899],[21.188016493448615,49.233473070406355],[21.18312169979232,49.23503343501592],[21.181467968370484,49.23463282657865],[21.18105914927022,49.23431544085636],[21.18072573366328,49.23412553424397],[21.180175324797585,49.23391399830066],[21.179857364346176,49.23375922897515],[21.179703816508102,49.233513812542725],[21.179343176938243,49.23332224125537],[21.178836678936012,49.23326483270771],[21.177788702721685,49.233081131346644],[21.1771165197768,49.23300170467597],[21.176591340433358,49.23287627779272],[21.17635582251437,49.232354454816914],[21.175781949532116,49.232271071407055],[21.175210029974835,49.231889421172454],[21.17514023151686,49.231870134998076],[21.17484716086715,49.23178913518138],[21.173977293558107,49.23166686977668],[21.17335589310009,49.231645361361686],[21.17316178529075,49.23166251391242],[21.172934302663826,49.23166043795379],[21.172705987280796,49.23164528262738],[21.172441404378258,49.23161098803455],[21.172173470997482,49.23147567576641],[21.1716536281868,49.231305742851475],[21.169832352526473,49.23106580503711],[21.169752205224103,49.23109228169656],[21.169439701619247,49.23106674178137],[21.169042077072163,49.2311000186549],[21.168780504696812,49.23108291369263],[21.168416916880616,49.23109997074077],[21.168230618863728,49.2311607494167],[21.16815117824361,49.231160601209325],[21.167891724337775,49.231097560365136],[21.167589877623115,49.231078560751264],[21.166794388191196,49.23111448628423],[21.166584875653065,49.23107344221479],[21.16655820284294,49.231094211071934],[21.16648529000791,49.23110254817943],[21.166357483488238,49.23111717646736],[21.165997724977807,49.231194659582115],[21.165062544337037,49.23090194150344],[21.164911142687014,49.23078430876392],[21.164752716859123,49.230661234359076],[21.164729435529722,49.23064313038588],[21.164710214189494,49.230646578550875],[21.164690986279695,49.230650116527066],[21.164632073129717,49.23063242551162],[21.16465028726999,49.23061643295411],[21.164668501398648,49.23060044039367],[21.164212146518686,49.23034847512801],[21.16410539408074,49.23028949445361],[21.163855465794338,49.23027112310932],[21.16349325045583,49.23020367863044],[21.162723010217974,49.230024229118406],[21.162060767260265,49.22977029580419],[21.161345061877917,49.22939801382036],[21.16098609510515,49.22905718073217],[21.160796068766867,49.22873317267181],[21.159883781812564,49.22838783685175],[21.159091758354553,49.22818166193339],[21.160344799137683,49.22797282399473],[21.161850003391056,49.2269737648699],[21.16258963121183,49.22649439119782],[21.16247039136344,49.225775795981676],[21.162490644506043,49.225666156301756],[21.16397467291101,49.224490867920565],[21.164201763063712,49.224225318981475],[21.164637618642946,49.223875216646654],[21.165365236946243,49.222878462602964],[21.16538478429758,49.22285170932164],[21.165388906743758,49.222846077277715],[21.165523916879717,49.2228924404182],[21.16554011922708,49.2228870071117],[21.166509393071724,49.222562535292745],[21.166526128533274,49.22252723176757],[21.1666248086659,49.22232030738429],[21.16682645999641,49.22189660062835],[21.166983944023503,49.22139454162241],[21.167135698652714,49.22091066700497],[21.16719393534139,49.22072488962403],[21.16723226707008,49.220602762973364],[21.16595595933602,49.220604521688415],[21.16593148676055,49.2206742404852],[21.165864162544956,49.22067212954743],[21.16576242865491,49.220668849606426],[21.16571567379606,49.22066779044615],[21.1656590940026,49.22066629896003],[21.165665852599133,49.220615679853665],[21.165680264867277,49.22049181331776],[21.165702795231926,49.22032832220134],[21.165704653558297,49.2203179380811],[21.165700021508115,49.22030798058822],[21.165429085120863,49.21998729302069],[21.16542950664576,49.21997740756952],[21.16544462305791,49.21962238646612],[21.165429121857663,49.21959296861806],[21.1653629171229,49.21946732918596],[21.165372208338493,49.21909777332945],[21.165374231515237,49.219017310577925],[21.165374613760935,49.21901674373229],[21.165382049809367,49.21900572614472],[21.16541474890502,49.218957270827495],[21.165454993527238,49.218897596096674],[21.165576439601445,49.21871758143232],[21.165580355291127,49.218688447502416],[21.16565576467577,49.21852535421903],[21.16564796193233,49.2184582934848],[21.16564420057945,49.218425968833415],[21.165631180084866,49.21841971908731],[21.165631126947297,49.21841969401562],[21.16552139060919,49.21836702496892],[21.165509277970497,49.21823545435377],[21.165507983921955,49.21822140115007],[21.165505814044504,49.21822019704189],[21.16528016726744,49.21809497919368],[21.16527108991238,49.217936103199584],[21.165268832177553,49.217896578107464],[21.165366627689064,49.217805123372344],[21.16536959103777,49.21778268411865],[21.165370320989382,49.21777715273196],[21.165208871535537,49.21764146926846],[21.1652102862785,49.21763392038902],[21.165239275663424,49.217479305233695],[21.165525382596886,49.21729698387563],[21.16607673713152,49.21717447102667],[21.166298471672196,49.217058725223986],[21.16637637610664,49.216791825860916],[21.16639297484674,49.21648564572625],[21.166480940246423,49.21641017570409],[21.166490462323992,49.21640210231968],[21.166664467702706,49.21631888731098],[21.167092379759232,49.216217435659104],[21.167351985125098,49.21594245833538],[21.167377382171683,49.215923989990124],[21.16745357056339,49.21587614657481],[21.167975531271793,49.215909339942556],[21.168163901231356,49.21581000921219],[21.16822107784726,49.21558206746685],[21.168224189941174,49.21556965302546],[21.168235598930945,49.215563885558254],[21.16830951569985,49.21552650644954],[21.16849486389465,49.21555698031138],[21.168592523163642,49.21550296564047],[21.168613003661886,49.2154916364556],[21.168612411903688,49.2154827841892],[21.168599212340958,49.21528550627225],[21.168594473880233,49.21521469249554],[21.168580529906933,49.21517041550674],[21.16848759210804,49.2148962710138],[21.168366739351487,49.214857645861],[21.168290415487057,49.21480952353885],[21.168270181451017,49.21479493623564],[21.16828632076784,49.21478789828251],[21.16897658370387,49.21448687590911],[21.168324068398768,49.21428467737921],[21.16720469506341,49.21394802326228],[21.16700815894308,49.21383941842576],[21.166493748535764,49.21373326980042],[21.164502375092994,49.21331973295644],[21.163449914264252,49.21310216767526],[21.162852492443825,49.21300582039853],[21.162506702974216,49.21279629041231],[21.16194488176872,49.21290837439722],[21.161301011304353,49.21283468646416],[21.16083766842728,49.21302808574152],[21.160221670541688,49.212949055688554],[21.159395307897228,49.212834246853035],[21.159386259656156,49.21283396259501],[21.15574412155402,49.21272074493336],[21.154773688980153,49.21268572243628],[21.154742237083486,49.21268458095952],[21.1546787276691,49.2126822744288],[21.15466240833715,49.2126816818621],[21.1544172332242,49.21267279897543],[21.15314354289379,49.21228163908263],[21.152542403855218,49.21220447578301],[21.151724395770966,49.212028569848265],[21.151261882997666,49.2119236261853],[21.150846230746957,49.21233931193777],[21.1500612484103,49.212170285630016],[21.149160402693326,49.21289467176256],[21.147960726837198,49.21265432218213],[21.14696801795593,49.21319017227014],[21.146712540682255,49.21286317084698],[21.145827609511237,49.21279214985177],[21.145360170972197,49.21258224165103],[21.14456992085889,49.21277111995304],[21.14432212208396,49.21273062533227],[21.14376774589482,49.212583774247165],[21.143172289330828,49.21217897072746],[21.142831846231207,49.21234638146808],[21.14280180697879,49.212356866306486],[21.142329274256266,49.212606978545395],[21.1423212404195,49.2126115861815],[21.142591901960806,49.21277280633863],[21.14253963185963,49.21301646732256],[21.14225838453627,49.21305710299332],[21.14236336526775,49.2135915476712],[21.142166691363183,49.21397693695883],[21.142437336379977,49.214127263948576],[21.14307129050359,49.21428905497468],[21.14314601844926,49.21453798367673],[21.143592023285034,49.21452928047083],[21.14441451849925,49.214855631120706],[21.145119874809303,49.215319435991965],[21.145055497102554,49.215505461703415],[21.144936643413505,49.21579698554497],[21.14439217799268,49.216219660647695],[21.143639405230793,49.216641883367295],[21.142681141317954,49.217171045049845],[21.14242717755025,49.217640147721774],[21.142563906717154,49.21779723001458],[21.142012552978876,49.2184306894502],[21.14188401702557,49.21857885998273],[21.14181568702066,49.21855869890387],[21.142062312667672,49.219170440829174],[21.142365440092746,49.21895423193794],[21.142817471900877,49.21926403842162],[21.142443907560928,49.21961017803213],[21.142417654768064,49.21963448282433],[21.142817887818428,49.21988070217628],[21.14360778948056,49.22036176455197],[21.14399183070135,49.22091995167635],[21.14402979875803,49.22126530285644],[21.144070587851218,49.22167510855247],[21.143865263288355,49.22193302632397],[21.143451105640413,49.222451630930216],[21.143000439134838,49.22258630945403],[21.142690378905993,49.22280869310894],[21.14227603643315,49.223107184657394],[21.14220796761986,49.22315625913278],[21.141957599251434,49.22335927948568],[21.14144184411217,49.22378816039137],[21.141270594012582,49.22424393747356],[21.141234272899986,49.22434343553639],[21.14117311730589,49.224511466575116],[21.14094402511304,49.22484919918759],[21.140917962801836,49.22488771607456],[21.14100352530498,49.2254022813977],[21.141446642124777,49.22612536963744],[21.141573848765372,49.2264738077778],[21.141854861430097,49.22676435423011],[21.142470374590367,49.22739016268482],[21.142560205018174,49.227506874376694],[21.14308519597364,49.22822182493889],[21.14292784045428,49.22883629997509],[21.142678702858436,49.22920725142677],[21.14258527907724,49.22932061200027],[21.142364686843443,49.22958560774602],[21.142048988701806,49.22994752630196],[21.141830388345205,49.23041891362573],[21.14178215658597,49.23138647453304],[21.141772522801475,49.231455757250075],[21.14187810084847,49.2315771069826],[21.142008931048267,49.231725179579946],[21.142099413974094,49.23182750833165],[21.14210061862326,49.23183168733261],[21.142143700071998,49.23197294012812],[21.142222874241003,49.23225702555914],[21.142235151681415,49.23227325670603],[21.142167159568586,49.23239399095958],[21.14245752775658,49.23266250387661],[21.14266039774617,49.232851647465],[21.142789835346875,49.2330860056041],[21.142744850955644,49.23319297245234],[21.142941528988743,49.23328505697719],[21.14323042379724,49.233427941173325],[21.14337777177998,49.23349920439828],[21.143442700803895,49.23366122028478],[21.143600356708674,49.233683926656816],[21.14376818876858,49.23392903653049],[21.144040280733105,49.23434163276294],[21.14407644326592,49.23446304161699],[21.144116670630847,49.23460582366124],[21.14415318602479,49.23473552555633],[21.144240650983278,49.23501176827908],[21.144247126596756,49.235032137239266],[21.143859674922275,49.23487399528813],[21.142880275123336,49.23457007150763],[21.142661388428152,49.23442849490093],[21.14142144462709,49.23358728254032],[21.141106393250407,49.2334935302498],[21.140945340279146,49.233376910751176],[21.1405622000958,49.23318477487914],[21.139982387636593,49.232904329342965],[21.139390685143404,49.23260622110024],[21.13889836719895,49.23236238040909],[21.138531286529666,49.23218010668796],[21.138057773300517,49.231949819167504],[21.137609749353203,49.23173185756925],[21.13760609276218,49.231731111904615],[21.13708429491053,49.23162829614851],[21.137020875987243,49.231591634012084],[21.13680037617983,49.23156936336036],[21.136392706567936,49.231488514941006],[21.135574591672697,49.23139064157342],[21.135430407507744,49.231373661124955],[21.13502820238826,49.231377241147975],[21.1346572431708,49.23137838681196],[21.134353176714338,49.231382096453814],[21.13349551544971,49.231361997360324],[21.13234666391172,49.23132385822842],[21.131628055323425,49.23142382282752],[21.131596957568025,49.23142797011054],[21.13122391056952,49.23148161181981],[21.13076333573488,49.23154778602803],[21.1305349865044,49.231527595614665],[21.12934815412384,49.23142664965374],[21.12890149544511,49.23133409763365],[21.128722486541438,49.23128053728206],[21.128598883264473,49.23113006666624],[21.127927204839512,49.23113985199144],[21.12744762838736,49.23113384347589],[21.127345687517277,49.23112377248882],[21.12669748142899,49.23104283144015],[21.126411010130113,49.231001886548356],[21.12618026297878,49.230919315895676],[21.12614329692562,49.230820560036136],[21.126081798349244,49.23070779341742],[21.12615548095964,49.23038217613787],[21.126420211361932,49.23030243281863],[21.12634341473712,49.23001903889582],[21.126271987311164,49.2297746147403],[21.126430195630757,49.229664939247094],[21.126906521265607,49.22945983652738],[21.126907094083325,49.229128301543454],[21.127138484412317,49.22896386951153],[21.12706295242584,49.228817800476314],[21.126871189864474,49.22876770377653],[21.126661477151636,49.22872613026672],[21.12647396185029,49.22907811843482],[21.12631308163542,49.22938026763867],[21.12538414401248,49.22937090240881],[21.125506167961483,49.229166817729336],[21.125394516656087,49.22903895752681],[21.125413710431467,49.22895593483941],[21.12470114331353,49.22895765295885],[21.124105269956686,49.22895946596896],[21.124247501244184,49.22864385480863],[21.123765582869527,49.22853783083208],[21.12365198037773,49.228745061719394],[21.12339381676526,49.22885687502346],[21.123535348010876,49.229009991051946],[21.124160490721128,49.229246318900735],[21.124380779713775,49.229159679756066],[21.124916715395763,49.22917099901141],[21.12529549369074,49.22937448408806],[21.125298404506996,49.22937601671522],[21.125313761711308,49.2294937129987],[21.124830160826775,49.229622329608596],[21.12430341169377,49.22976001890244],[21.124248582244125,49.229666817421766],[21.123654941943514,49.22956580320969],[21.12346188930626,49.22953501490021],[21.123454262744648,49.229534052858405],[21.12336922477491,49.229563134070574],[21.12346736342723,49.22974170071915],[21.123541609601425,49.22988088981777],[21.123856382094967,49.22997585286894],[21.12432557445094,49.23012405320168],[21.12447363890665,49.2302316434141],[21.124705251057595,49.23040471785476],[21.124876174741516,49.23053409745833],[21.125018735120047,49.230680852294924],[21.12515105948024,49.230824761832935],[21.12527983669633,49.230964597761755],[21.125267537674123,49.23110869420887],[21.125255289327608,49.23125954394944],[21.125097051118203,49.23137695902818],[21.124806601013642,49.23121687420447],[21.124625784540818,49.231117158527645],[21.124263885579317,49.230761438459524],[21.12392045269319,49.230691494499645],[21.123734070314587,49.23090136894925],[21.123594735366783,49.23084860842618],[21.123299071880737,49.23074425835861],[21.123151563558984,49.23067377365638],[21.12276516287434,49.23045437604889],[21.12251690214967,49.23024070931159],[21.122204446374102,49.22998062424902],[21.122035242189355,49.2298931555903],[21.121905950947752,49.229797590569724],[21.12156551983948,49.229545978382916],[21.12125721511627,49.229408273222745],[21.120981800854068,49.22916232311002],[21.120707266959876,49.22898067656266],[21.12051899413093,49.22881103948604],[21.12030021809794,49.22847965280615],[21.120291218123132,49.228348653748405],[21.120284461527444,49.228250494262035],[21.12026710782719,49.22824724274877],[21.12024657103696,49.228246140772875],[21.12019940299058,49.22815912173169],[21.12026341917378,49.227739845977126],[21.12020897426146,49.227472549859584],[21.120274908044507,49.22728739479766],[21.120268577850794,49.22693457358984],[21.12026278893231,49.2269217866107],[21.11994120905679,49.2266424095811],[21.11981095484485,49.22632229352524],[21.119901610573205,49.22565449929287],[21.11973910357417,49.22565879267444],[21.119444006525704,49.22556030084218],[21.118969686646476,49.22529272522276],[21.118585487305083,49.22509822764514],[21.118113506302876,49.22491984550748],[21.117698292461018,49.22480087949037],[21.117152613752634,49.22468046781155],[21.117054365832352,49.224828585606716],[21.117005070168968,49.22499311246035],[21.117514855903625,49.225050718562535],[21.118084953951552,49.22532404326136],[21.118372113652278,49.22552041189616],[21.11846774334941,49.225695393303994],[21.118348349326823,49.22600848319873],[21.1182077707762,49.226217823596556],[21.118842003773107,49.226423412860576],[21.11938887934208,49.2263701091742],[21.119494078378516,49.22672228874693],[21.119405678426975,49.22693238678408],[21.119097916754825,49.2274226935591],[21.11876814970724,49.22763457956399],[21.118962412184345,49.2278698568643],[21.118712332374038,49.22816574392608],[21.118643266584733,49.228393109668424],[21.118419345265547,49.228781200283436],[21.118309216413326,49.228922640112195],[21.11827859230878,49.22906705486709],[21.11824808693816,49.22936766343759],[21.118439042380178,49.22948985732714],[21.11826253206139,49.22977592671106],[21.117855114065975,49.22995023556969],[21.117755847649093,49.230121277445235],[21.117429280280057,49.23024323874068],[21.117381083025176,49.230365039439874],[21.117219553758616,49.23050439553877],[21.117217218277737,49.23063800565505],[21.116877164695104,49.23087701730067],[21.11672273438113,49.23112462603956],[21.11661139486856,49.23135649922398],[21.116481212869743,49.23156436765875],[21.116412492302636,49.23164770625358],[21.116164832154624,49.23151155442732],[21.116100827036615,49.23129931668756],[21.11584213886365,49.23118216863846],[21.115517283126096,49.23126231853675],[21.115311947160095,49.231408382132805],[21.115453870864467,49.23149661413043],[21.11524094021791,49.23177296987135],[21.115419369159234,49.23193438058678],[21.115501766595248,49.23213955124137],[21.115651199778,49.23213574782588],[21.115776398466203,49.23208796302284],[21.115998698545155,49.232121133533845],[21.11629516192056,49.2321274024795],[21.116274462868738,49.232267630963044],[21.11656202666434,49.232431156817256],[21.116287288392495,49.232512001031274],[21.116250887655976,49.233077539750525],[21.11616173630914,49.233436599895526],[21.115862559992642,49.23356888019789],[21.115907241600762,49.233633766218546],[21.11616397046491,49.233712591533624],[21.11565919972265,49.23395716938571],[21.11518077595024,49.23387399823484],[21.11449938774532,49.233774921235735],[21.114267108107214,49.23368156546831],[21.11395816695857,49.23350970245477],[21.11400526335695,49.23345853615214],[21.113736290320208,49.233266787640346],[21.113787083456856,49.23302669021245],[21.11366866916146,49.23268623849261],[21.113532989042074,49.23266211940173],[21.113306805297935,49.23306138245418],[21.113145038600305,49.233398326897564],[21.1130248650924,49.233535841972945],[21.113052370251975,49.233711811814146],[21.112941243574276,49.23384781403538],[21.112567906684575,49.23406234977227],[21.11202557319549,49.23427556019041],[21.11163334511186,49.234540805530834],[21.111245505028208,49.23483949788418],[21.111402970489205,49.234931379846955],[21.111693208574597,49.23460482588524],[21.111947118252207,49.23471237824793],[21.110993677365776,49.23549135677196],[21.110900754602074,49.23556717071592],[21.110328055498666,49.23597619874134],[21.110046419913946,49.2361773508972],[21.109622492464094,49.23646183659664],[21.10961265261183,49.236468455222266],[21.109388786937394,49.23661914099151],[21.10914688864198,49.23672937203424],[21.10867268058614,49.23691322837367],[21.10845795826387,49.23701847168864],[21.108357265567026,49.23681001261953],[21.10831580382937,49.23654447388894],[21.108240591887984,49.23656683571168],[21.107110188342084,49.23586781678453],[21.10643135261878,49.2363633799845],[21.10542785905347,49.23710201197473],[21.10405385585745,49.23819891428153],[21.10397727369102,49.238258139496345],[21.103807857974708,49.23820682738031],[21.103237160697837,49.23868016383448],[21.102771319557302,49.23919465094573],[21.10192827113531,49.2398541989771],[21.101948352503573,49.24007404699449],[21.101951601101284,49.240104308517544],[21.102012345240617,49.24073866171061],[21.101749498917904,49.240677165524154],[21.101253019520726,49.240605066234245],[21.10096680036051,49.24047890590681],[21.100746459696374,49.240585307091024],[21.100667216922712,49.24053236593238],[21.100392372598847,49.24018870954331],[21.100290868527726,49.23995456024006],[21.100128867015627,49.23997909940819],[21.100226191609725,49.24025092550482],[21.09985359322337,49.2402971025785],[21.09927683179786,49.24026924538545],[21.09931927473378,49.240622592915045],[21.099060508383424,49.24075567217751],[21.098684708167596,49.2407616828904],[21.098349868373138,49.24103006902378],[21.09808568539446,49.24136507689153],[21.097749807479087,49.2413057415045],[21.09737215630291,49.241041167258686],[21.097042249247966,49.24076326224459],[21.09727467176997,49.240476305456305],[21.097355515750433,49.24048923952042],[21.097552573472967,49.240197101990546],[21.097314274255694,49.24012917736021],[21.09722083782969,49.24023917395462],[21.096928910759402,49.24015288171864],[21.096673870434557,49.24026356884772],[21.09638421936525,49.24023901434062],[21.096168419866373,49.24039506542698],[21.095865386183227,49.24040249086195],[21.095347771714543,49.24050343741192],[21.095254797767257,49.24066251045981],[21.094898030350816,49.2408005521555],[21.094609789521627,49.240535674110205],[21.094453887563194,49.24059821057853],[21.09441022262023,49.2407782138322],[21.09362120037988,49.24080341203605],[21.09307290075898,49.24087320996324],[21.092467154655722,49.24097582808499],[21.092157730393964,49.24093982811132],[21.091971845466478,49.241035611944646],[21.09194026221955,49.241053507152095],[21.09170382955923,49.24091451152923],[21.09141231520686,49.24076745217968],[21.09086529007108,49.2409399082944],[21.09059375319749,49.24092132031698],[21.090734870520514,49.24073453249826],[21.09035422078463,49.240575166703245],[21.090105695944295,49.240893104448176]]]}},{"type":"Feature","properties":{"NATIONALSITECODE":"SKUEV0331","SITETITLE_SK":"Čergovský Minčol","AREA_HA":4262.652},"geometry":{"type":"Polygon","coordinates":[[[21.02122229482516,49.260631607446754],[21.021075937847566,49.26076548355703],[21.0208718688385,49.260862368949496],[21.02048612308908,49.26094253284169],[21.02005872127951,49.26099162926331],[21.019719825177717,49.26105261054623],[21.01869744442816,49.2610391023218],[21.0182454560488,49.26101356803219],[21.017992055047277,49.26089097306664],[21.01783861105402,49.2607563310916],[21.0176771612595,49.26069074944973],[21.016947159817263,49.260576922212714],[21.016299157179184,49.26050627697863],[21.015755839143715,49.26039762950498],[21.015529707244887,49.26036864721466],[21.015224621058252,49.260383003391304],[21.015000139540177,49.260368478404395],[21.01473544770113,49.26032203159171],[21.014109932600235,49.260154877156545],[21.013898675088605,49.26005705524009],[21.012766798961746,49.25922426478909],[21.01241618703915,49.25898774882891],[21.012183378507224,49.258793789863546],[21.011895933708114,49.25843239423655],[21.0116708052061,49.25819187000935],[21.011462637951652,49.25803562556997],[21.011097329484436,49.25761316644228],[21.01064918221809,49.25735725396629],[21.01010672964502,49.25721979764589],[21.008962470134506,49.25674937607424],[21.008453438643055,49.25662470746136],[21.007882600563217,49.25649891667472],[21.00725330637311,49.256237969431275],[21.006745027340806,49.25595936833752],[21.00584135201678,49.25576146472423],[21.00533104246511,49.255797891840565],[21.004963685817916,49.255637328106644],[21.00478141464493,49.2555566416594],[21.004281416753976,49.25532475493874],[21.00425614318663,49.255255866130334],[21.004182882937286,49.25510393103458],[21.004334301057437,49.25486994803401],[21.00432694599851,49.254820371496244],[21.00426726893967,49.25441490890547],[21.00419523596593,49.25418747950326],[21.003961658622504,49.254004280268454],[21.003999335266794,49.25382068337701],[21.004003292907957,49.253801276562804],[21.004156253098863,49.25334713309378],[21.004108297906946,49.25305657062063],[21.004125096841314,49.25274651986941],[21.004085787230917,49.25254086755011],[21.004123095966925,49.25223238812155],[21.00409229239961,49.25202341290403],[21.004052845970506,49.25180155076399],[21.00392765383655,49.25136981568963],[21.00371658678239,49.25101809697791],[21.00353584288399,49.25088163965761],[21.003343574725502,49.25049992532014],[21.003350020921,49.250289467857115],[21.00331051192404,49.25028457360967],[21.00328586679756,49.25027773504025],[21.00326122167779,49.25027089646563],[21.002706090947427,49.25012618903614],[21.002102393839017,49.24996881701956],[21.002024453690705,49.24994852949643],[21.00050224504114,49.249551682654904],[21.000490116330294,49.249548520592676],[20.99907301751341,49.24945858206344],[20.9989555594796,49.24945112681809],[20.998942081453436,49.24945027104986],[20.9989302931229,49.24944652577971],[20.998725987420453,49.24938161529704],[20.99827095766712,49.249237045703005],[20.997281707051,49.24892273629334],[20.997142441270125,49.248878487585124],[20.996852186965423,49.248786263407915],[20.994773414514835,49.2481257349211],[20.993439902869756,49.24770198403526],[20.993331245705807,49.24766745526282],[20.993255801775152,49.247643480294926],[20.993244011618565,49.2476397334593],[20.993243250797637,49.24763113493731],[20.993235609953942,49.247544803829385],[20.99323126917846,49.247495763396785],[20.99322705282946,49.24744813331429],[20.99325972135457,49.24742617753485],[20.99339015576552,49.247338517524916],[20.993465945115677,49.24730418234439],[20.993549392264374,49.247235691653955],[20.994076528403294,49.24680303391809],[20.994087258111623,49.24674683545133],[20.99417248826509,49.246300394086106],[20.99412331856967,49.2462618685322],[20.994141396958824,49.24624738347183],[20.994213582890815,49.246189546153374],[20.99423979499433,49.24616854418594],[20.99426610228695,49.24614746610999],[20.994283518369077,49.24613351208388],[20.994323879529848,49.246101173189786],[20.99429214771325,49.246040379214456],[20.99427249879098,49.24600273313223],[20.994185754371735,49.245836535783404],[20.993990603665658,49.245462639235306],[20.994033111851984,49.245430092700474],[20.994265419269144,49.2451849412772],[20.994337844123937,49.24510851065536],[20.994848884069633,49.24466377649925],[20.995282638623603,49.24428629108642],[20.995413372431667,49.24419544376395],[20.995646738993276,49.244033275541724],[20.995691317343024,49.243992297534476],[20.996109262407266,49.243608108476316],[20.99692514597541,49.24336846425554],[20.997725094331205,49.24321841209203],[20.99777082692141,49.24313465299824],[20.99726652082292,49.24302223824238],[20.996504086937055,49.24297491136036],[20.99606584185411,49.242971433092926],[20.99565739799889,49.24290554953433],[20.995466149305233,49.24291422147451],[20.995336847360115,49.24298848631075],[20.995148273764816,49.24303586837344],[20.994334270456772,49.24297423137678],[20.993856131382078,49.24293324375175],[20.993776136078857,49.24286633717331],[20.993750254682286,49.24282182324522],[20.993746858336443,49.24280944608721],[20.993683809803418,49.2425797124808],[20.99379556451894,49.242274846600424],[20.993695887920435,49.24228003840122],[20.99317919335757,49.242132087044695],[20.992649016514385,49.24189627137922],[20.99239189343969,49.24177223191497],[20.99225222274554,49.241676626079716],[20.991930814365453,49.241338093594734],[20.991824315093556,49.24134621079799],[20.99179377477965,49.24113993896856],[20.991432747092624,49.24074608573725],[20.99126593381637,49.24053839883975],[20.991225332499248,49.240487849532656],[20.99115846432854,49.24040459656926],[20.99114207270178,49.24040404206247],[20.990815045345485,49.24039297788629],[20.99079489181863,49.24039229617759],[20.990541333611667,49.24057006111259],[20.990341938732506,49.240850258636506],[20.990325544592828,49.240865025311294],[20.989969810957156,49.24105005653481],[20.989415216677298,49.24150458681604],[20.989164134749593,49.2416176084792],[20.98891515116749,49.24158124802263],[20.988106196866728,49.24104338095688],[20.987365572141393,49.240699518920636],[20.98700830093071,49.240450813472016],[20.986674691693786,49.240268337040476],[20.98637346502129,49.23998996130455],[20.986186939432773,49.23980808804412],[20.98577562287106,49.23923520105639],[20.985734465328072,49.239172359205305],[20.9855031205645,49.2388191198452],[20.985428190237943,49.23881686066588],[20.985272521530298,49.238812165531634],[20.98513844936975,49.2390278962088],[20.98470769989298,49.239720986447566],[20.984700128042785,49.23973316881712],[20.984328471604634,49.24012013887831],[20.98413274851148,49.24055989233138],[20.984223674456707,49.24074933752446],[20.984268621385173,49.240876769289585],[20.98420698670085,49.24101158835069],[20.983354866740363,49.241662023426294],[20.9831835083585,49.24163729804906],[20.982729009079968,49.241259966567576],[20.982369688028292,49.24107221982329],[20.98231050008117,49.24089930298301],[20.98231028562352,49.240588689318976],[20.982198486456568,49.24029691037851],[20.98176126977783,49.23994724246719],[20.980896682276708,49.23971251521399],[20.980562458279017,49.239554488553935],[20.98010351022617,49.23940738826823],[20.979667709734294,49.23931875849193],[20.97843269174026,49.2392794218205],[20.978223460689517,49.239257402251056],[20.978169422321564,49.23924310724455],[20.977942369712732,49.23919671275148],[20.97785455485731,49.23917876923393],[20.97780975330366,49.23916961493031],[20.977795387602196,49.23916667914903],[20.977427774818118,49.23915339332518],[20.977198037774713,49.23936234649527],[20.97680559253027,49.23959690668273],[20.9765550030669,49.239676426591856],[20.976389927251113,49.2395272046346],[20.976280225528328,49.239332001369924],[20.976071903956793,49.239112209050816],[20.97611790539013,49.238894859516726],[20.976236154858693,49.238760740089205],[20.976281384115374,49.23857487601051],[20.976177862407916,49.2383690724719],[20.9761054869526,49.23815340191369],[20.976115816106965,49.23793325561688],[20.97599991044366,49.237691841209376],[20.975658462049356,49.23745728837236],[20.975539953980995,49.23737587964895],[20.97551031102485,49.237354130983654],[20.975429623314465,49.237294932223136],[20.975268331749287,49.237176595796896],[20.975067785367735,49.23714627571709],[20.97501409431916,49.23713815864189],[20.97500082787824,49.237136152756115],[20.974970710939477,49.237131599625954],[20.974924064274,49.237124547630756],[20.974834697830637,49.23713171339625],[20.974665494278028,49.23714527956001],[20.974521198984977,49.23725693082438],[20.974528521872955,49.23740302340924],[20.97481643357336,49.237776607030376],[20.974755653347337,49.237914331211016],[20.974593514555306,49.238047001632104],[20.974407294869113,49.23818526977572],[20.974029819290365,49.238271672656765],[20.973351127131274,49.23810919265071],[20.97277314508278,49.23802097684795],[20.972242650164073,49.23788210704168],[20.971719481943705,49.23756773474599],[20.971471082213537,49.237331304799895],[20.971291959573062,49.236973727779095],[20.971189704853806,49.23643034167084],[20.97113153915367,49.23580900285589],[20.970845734038292,49.23531213450268],[20.970591165014273,49.23520579591086],[20.97037299354582,49.235114660399105],[20.970003662720003,49.23493662508767],[20.969547831714937,49.234698201110184],[20.969514047522875,49.23467570355767],[20.969341582754247,49.23456085767924],[20.96924587252588,49.23449712273236],[20.96920605451929,49.2344706066153],[20.969128818264586,49.234419174246376],[20.96912803232345,49.23441865040763],[20.9690324398065,49.234315647212334],[20.969027401145475,49.23430441853849],[20.968984917251877,49.23420973029851],[20.96861694256227,49.23367160693815],[20.96864676968566,49.233582470324386],[20.968632756131854,49.23332001418552],[20.968381895573277,49.23302497390693],[20.967864225419024,49.23269194610388],[20.967613944862293,49.23255718016435],[20.967055006829042,49.232415453365974],[20.965982285233768,49.23245588967223],[20.96497768051887,49.23265414460699],[20.963825368703166,49.23265510604812],[20.963056195461785,49.23249064937301],[20.962592438482723,49.232286146204046],[20.962454085931913,49.232240423118924],[20.961700221358186,49.23182608333264],[20.961550199393614,49.23138473008595],[20.96206372096895,49.23112235578614],[20.96204907166905,49.230758139595636],[20.961731915965178,49.230608452140345],[20.961827205315288,49.230269752527725],[20.962092786316628,49.2300651654768],[20.961931084846597,49.22996401897162],[20.962209939223694,49.229925891033716],[20.962377249016598,49.230036316027174],[20.962878967849704,49.229780570559036],[20.96289344931592,49.229599994377054],[20.963376623697386,49.2296273256887],[20.96364712719113,49.22950671848139],[20.964307951406823,49.2284676366908],[20.964305644627053,49.22829433791766],[20.964454616113755,49.22784037011568],[20.964766834701532,49.22749416863997],[20.965111410239423,49.227165062343225],[20.965527471538355,49.226905393322],[20.965971256439833,49.22679069152305],[20.966250100690917,49.22645814828725],[20.9668766696463,49.227258993512365],[20.967379558098557,49.22773487143616],[20.96768817712765,49.22769915528041],[20.9677057329811,49.22748914998574],[20.967946130403853,49.22730937760981],[20.968247462302752,49.22730754147595],[20.968987671001415,49.226892372435195],[20.969585337846652,49.226776799165904],[20.968622939709984,49.22601304042619],[20.968600755186294,49.22528385601961],[20.96914106859556,49.22533087935152],[20.969906102598458,49.22587455859931],[20.97051888123222,49.22578748018492],[20.970880111523815,49.22565562869707],[20.969614025903386,49.2249655781134],[20.967725358584307,49.223557365170834],[20.967932486218885,49.223106216163906],[20.96852407275932,49.22299765124568],[20.968860506801576,49.22283419585817],[20.96943657575409,49.222866374494195],[20.969879226389228,49.22298894693779],[20.970335629354384,49.2227472510514],[20.970497491586748,49.22294976810372],[20.9713932612315,49.222926862582],[20.971728398194642,49.22306766530278],[20.97237439908259,49.22304136662801],[20.97237549472642,49.223166457470796],[20.972193958617666,49.223181981944805],[20.972216785479162,49.2233854879983],[20.97240055330631,49.223633921357866],[20.972610593502765,49.22362311880673],[20.97305171652119,49.22336731337353],[20.973178430047714,49.22312102643966],[20.973573022043787,49.222846397243416],[20.974313089199935,49.22284443998171],[20.974318277196957,49.22312190986923],[20.974750634348467,49.22306928154173],[20.97487288926689,49.22268959856161],[20.97447109289013,49.22250933233846],[20.97412890745668,49.22223316684345],[20.975244352537946,49.222093507001894],[20.975756643559322,49.22208447675746],[20.976471014163888,49.222182404363366],[20.976892334530813,49.22225355848021],[20.977164715148906,49.2221147075337],[20.97704791880989,49.22165637525909],[20.977361366628948,49.221609090070025],[20.97776020847748,49.2218224706692],[20.977875191631313,49.2218787499388],[20.97787928312654,49.22187022285647],[20.977888218860077,49.22185160084324],[20.977936588343823,49.22175079407373],[20.977940437641845,49.22174277128653],[20.97794965647551,49.221723558989744],[20.977797678804986,49.22147078101133],[20.977877192367025,49.22145174790148],[20.97788128668093,49.2214507682844],[20.978137720703966,49.221389386863],[20.97822595196475,49.221368266761814],[20.978760590156867,49.22124028905939],[20.979065146851074,49.22116738583906],[20.97953666242903,49.22105451413176],[20.979560432765503,49.22104882415086],[20.979976330508826,49.220949263996694],[20.98006445936539,49.22092816709243],[20.980377619449825,49.22085319961623],[20.980441434113132,49.2208345452222],[20.980919944014964,49.220694666669],[20.981389863210584,49.22055729696673],[20.981853510391105,49.22042175811223],[20.982318393788496,49.22028585486324],[20.98243753769155,49.22025102406785],[20.982493179121423,49.22023475720017],[20.98261863713498,49.22019808051928],[20.98285601567196,49.22012868359185],[20.98308564030152,49.2202654391825],[20.983512583667242,49.219854779761384],[20.9836390290957,49.219733155528154],[20.983683236168922,49.21969063393753],[20.983712801649666,49.21969325296297],[20.9844934651994,49.21976240845296],[20.9844937155355,49.219761510074335],[20.98451414191164,49.21968814040065],[20.98453457193464,49.21961475823886],[20.984544307945455,49.21957978720017],[20.984161878223237,49.21937825650024],[20.984099763143938,49.21934552292604],[20.98391054510167,49.21924580852445],[20.98391034168785,49.2192457009933],[20.983923682993996,49.21917063605344],[20.983936633238848,49.21909776581334],[20.983938802624166,49.219085557813315],[20.983945063394064,49.21905033106301],[20.983966591115134,49.21892919722301],[20.983989915622214,49.21879795165058],[20.984012591379855,49.21867035980635],[20.984026196656895,49.21859380270995],[20.984038268332778,49.21852587777885],[20.983885098973765,49.21855856186038],[20.98371246513923,49.21859539918142],[20.983472793131888,49.21864654020926],[20.983414686656616,49.21865893869825],[20.983101394598084,49.21872578765322],[20.982977744777028,49.21875217152965],[20.982866357563406,49.21877593847809],[20.981034521454298,49.21833290875556],[20.979673564878983,49.21800373817518],[20.978967245476117,49.21783289485037],[20.978928395514615,49.217823497957944],[20.978894775704834,49.21773668930776],[20.97882964594666,49.21756851370918],[20.978830044256082,49.217550857164724],[20.978832755762202,49.21743083579356],[20.978833976909215,49.21737679113931],[20.97883560007663,49.21730491629843],[20.979559660248338,49.21751028471632],[20.979589483619897,49.217485564341516],[20.97966369833142,49.21742404960294],[20.979737864517148,49.21736257373719],[20.979812175827828,49.217300977467104],[20.9799909027124,49.217152830502165],[20.98007083800874,49.21708657208747],[20.980124182375476,49.217042355052115],[20.98016816126996,49.21702438250648],[20.980484631402653,49.21689504714192],[20.98056106163538,49.2168638114806],[20.980522392646996,49.21672318067769],[20.98051851613709,49.21670908540787],[20.980526259909457,49.21670333181913],[20.980608020802297,49.21664258015228],[20.98061520194693,49.21663724467594],[20.980704410482023,49.216570959178064],[20.980928758645568,49.216404257559496],[20.98101898513505,49.21633721489983],[20.981109565604918,49.21626990834059],[20.981204180076126,49.216199605098986],[20.981208237702038,49.21619659035175],[20.98121986704213,49.21618794865278],[20.981535420650268,49.21619470863754],[20.98201176776846,49.216204911705],[20.982791056634003,49.21622159993272],[20.98279283829824,49.216221181432005],[20.983199281752835,49.21612569884063],[20.983582294775157,49.216035719623534],[20.983594335280426,49.216032891083174],[20.98395976275542,49.21594704128187],[20.98411475346217,49.21591062876358],[20.98427517427629,49.21587293987286],[20.984585617811508,49.21580000479665],[20.98495903891812,49.21571227322367],[20.985271993992793,49.21563874650661],[20.985322555529624,49.21562686690128],[20.985366116484734,49.215616632266396],[20.98561229013747,49.21552415940094],[20.985779953968287,49.21546117748574],[20.98585666432018,49.215432361494756],[20.986110089881684,49.215337162404],[20.986372729462715,49.21523850080025],[20.986625615337154,49.215143502573135],[20.986845895761046,49.21506075235856],[20.986914856033966,49.21503484628347],[20.98696634589131,49.21501550320792],[20.987072171145215,49.21497574828269],[20.98730178950643,49.21488948796679],[20.987526209574327,49.21480518010124],[20.987664756844865,49.21475313207448],[20.987724073347678,49.21472445592608],[20.987899657635143,49.21463957035726],[20.988084864665243,49.2145500330415],[20.98827306528198,49.21445904714792],[20.98845913583628,49.21436909111699],[20.988633641498854,49.21428472544618],[20.988807768371977,49.2142005424463],[20.988980429021733,49.21411706726344],[20.989137596017486,49.21404108267457],[20.989292962993275,49.213965966938055],[20.989442035814836,49.21389389423528],[20.98956146529176,49.21383615316267],[20.989584041075194,49.213825238004574],[20.989731040835625,49.213754167285636],[20.989750599554778,49.21374471136836],[20.989846586386488,49.213698304173434],[20.98981352684927,49.2134983380746],[20.989856247332753,49.213322740495116],[20.99006839389413,49.21307024297183],[20.99040247695426,49.21279924484055],[20.990793728104425,49.21251923074717],[20.991310739710862,49.21223533500494],[20.992286980428553,49.21166815988174],[20.99270706175971,49.21131463108226],[20.992849041460687,49.211138331614826],[20.992974979586673,49.21087354450006],[20.993278163798383,49.21010977290373],[20.99347358223778,49.20961750723349],[20.993729419262433,49.209154504911915],[20.993981875167027,49.20875360274169],[20.994175471990474,49.20833888325667],[20.994300634382725,49.208040937883396],[20.994356496220703,49.20780824043404],[20.994358853916815,49.207572615731685],[20.994205591365702,49.20723194619342],[20.99403981424072,49.20705670323745],[20.994345161249573,49.20714082578828],[20.99446562839626,49.207180883939174],[20.99492197632518,49.20734603937675],[20.99512090415785,49.20741127056769],[20.995254147750014,49.20744778591535],[20.99551817710514,49.20750804104043],[20.995891591398212,49.207582599572014],[20.996187007614612,49.20761516334037],[20.996852804810032,49.20766852357104],[20.997157153163027,49.20769210473075],[20.997430908620263,49.207713240874114],[20.997883809986256,49.20774925649755],[20.99817929200333,49.20776300080055],[20.998359966935396,49.20777045776439],[20.99838793321265,49.20777158485158],[20.998444079527086,49.20777384691754],[20.99857982256063,49.2077794696333],[20.999085397727494,49.207764540003865],[20.99980409433256,49.2077154521392],[21.000378628953978,49.20766658554333],[21.00051338750653,49.207650926426595],[21.000683515944747,49.20763993783167],[21.000913296127496,49.20762514235233],[21.001360592733068,49.207671584371916],[21.001424158788776,49.20763990614315],[21.001678245462248,49.20769910093817],[21.002047341110657,49.20767374366344],[21.00287162903388,49.20781103984897],[21.003475036546885,49.20799241247538],[21.00368273634684,49.20802568492353],[21.003981196292546,49.208061659550175],[21.004147598436777,49.20811752672519],[21.004243277963496,49.208064751188225],[21.004486690069623,49.20803517990558],[21.0049953388158,49.208088028414636],[21.005337195270236,49.20810813459385],[21.00564215120756,49.20808957896097],[21.00654746342104,49.20782400331085],[21.007176530683996,49.20767614412054],[21.008003703027963,49.2075900422323],[21.008380308769787,49.20759228007664],[21.008587056334346,49.20761461891381],[21.0087563650765,49.20764500583589],[21.009012631553595,49.20763421198254],[21.009134499793493,49.20770653129287],[21.0093777650066,49.2077455483676],[21.009466550438923,49.20777726101888],[21.00984936744644,49.20777460239856],[21.010018902413545,49.20776301726649],[21.010318768342383,49.20771543106809],[21.010531183323717,49.20768172236025],[21.01097557941827,49.20761500830695],[21.011256688668194,49.207583081334555],[21.01149096052593,49.20756174435357],[21.011493997633337,49.207677176972375],[21.011494380072435,49.20769375505199],[21.011579469587982,49.20768249171502],[21.011692260795158,49.20767375433787],[21.01180409932422,49.207664895683976],[21.01199711787006,49.20766724311009],[21.01223058552168,49.20767253272202],[21.012396556828946,49.20769083118757],[21.012557145707277,49.20769499883146],[21.012700102382244,49.20770696288516],[21.012801898318923,49.20772172315192],[21.0130215575544,49.20776581313044],[21.0132748072654,49.207818112569115],[21.013443736757793,49.20785352187507],[21.013656074407084,49.20788188622272],[21.013830750218037,49.20789776607432],[21.014017777571816,49.20792107149397],[21.01417008642894,49.207947383918025],[21.014313365371354,49.207955125069375],[21.014452367476913,49.20796128586877],[21.014626163022463,49.20796165058098],[21.014793195192546,49.20796602555991],[21.01497081630171,49.20797209656632],[21.015110167392628,49.20797547704322],[21.015224603462556,49.20796678997149],[21.01535454748501,49.20795293730589],[21.015439614303016,49.20793473811679],[21.01555437187533,49.20789653136534],[21.015688995630306,49.2078518608062],[21.01580973694462,49.207818080609556],[21.01596977353481,49.207777120456],[21.016094230853515,49.207750483646095],[21.016261132668046,49.20770416538643],[21.016364746513084,49.20766973544242],[21.01647381863093,49.20762134888666],[21.016633847264156,49.207555179198124],[21.016779446770503,49.20750528387434],[21.016920934049185,49.20748055257572],[21.01707540117003,49.2074549843593],[21.017248348022534,49.20744118282205],[21.01740500828332,49.20744098418139],[21.017635224087662,49.20746011151916],[21.01788425634402,49.207539002111616],[21.017958446426977,49.20752467760096],[21.018124172309374,49.20751910193888],[21.018271213206642,49.20750445353888],[21.01847053477652,49.207456399146075],[21.0186292501341,49.2074309675178],[21.01879155655895,49.2073618983176],[21.018873326453765,49.20730568655624],[21.018896523389014,49.20725719701293],[21.018931104225413,49.207254183832234],[21.01891044237461,49.2071915691859],[21.018885319915082,49.20713159993114],[21.018856984218065,49.20703074229377],[21.018832365339016,49.206937028237526],[21.01878350065906,49.20682424705255],[21.01875508502372,49.20675156611832],[21.018748408253717,49.20670201188815],[21.01873655789146,49.2066102448893],[21.018777420209155,49.206555309393295],[21.01877434407877,49.206514425478765],[21.01877059852175,49.20648054205573],[21.018792942031627,49.20644327842165],[21.018833367346478,49.2063940905659],[21.018912233351877,49.20634894777706],[21.0190008734746,49.20628728822434],[21.019131193690068,49.206266601532704],[21.01919807932949,49.2061982901556],[21.01917335860136,49.206151118285725],[21.019112588261365,49.20609736853963],[21.018983392289815,49.20600924570417],[21.018982556824163,49.20598950189431],[21.019036786952803,49.20595030753266],[21.01914233794101,49.20588307756861],[21.019235914716603,49.205832382505555],[21.019308314115413,49.205778295619524],[21.019385392235872,49.20571868943723],[21.0194103418887,49.20566881650115],[21.01942622660918,49.205624319732735],[21.01940805709495,49.20557592113158],[21.019367547370383,49.20550869772959],[21.01933390961364,49.20543602660388],[21.01932975270681,49.20533883873937],[21.01931596270692,49.20522738197382],[21.019301732241217,49.205152462982944],[21.01927359196676,49.20506169508522],[21.01921459272411,49.20501358496294],[21.019069395085427,49.20493898473117],[21.018861877203637,49.2048654120198],[21.01854570210267,49.20477884036724],[21.018467885961837,49.204754153844895],[21.018413767179705,49.2047286199955],[21.018355925157397,49.20469603231405],[21.018315617936974,49.204656904422755],[21.01826101284297,49.20460884712254],[21.018206475572693,49.20455809110494],[21.01815185650016,49.20450841274791],[21.018041042760984,49.204409904825276],[21.017963216713174,49.20432570775383],[21.017879892261004,49.20423250822915],[21.01782669744038,49.204129758438],[21.017707329270326,49.20401908697841],[21.017643249105422,49.203927595684426],[21.01758768414604,49.20382530856807],[21.017489350969296,49.20365122195362],[21.017480111061722,49.203619139742365],[21.01742195122253,49.20349858173402],[21.01742159227345,49.2034653489083],[21.017401851293556,49.203399702816675],[21.017406292937853,49.203306936717716],[21.01741085233664,49.20319454789358],[21.01743072053712,49.20315369251629],[21.01746467692571,49.20306125956855],[21.017521690498178,49.20298542449536],[21.017578699143417,49.20291688167664],[21.017644094797948,49.2028464518527],[21.017687509392342,49.202808525683494],[21.01771745472064,49.20275800582263],[21.01775550566508,49.20270387921078],[21.017785316959834,49.20266415857404],[21.01781281454486,49.202609687508364],[21.01781469389879,49.20256869511317],[21.017808534291987,49.20252500953226],[21.017778100316146,49.20247350933924],[21.017755722139402,49.202435326429466],[21.017727079418595,49.202392797663464],[21.01768253061007,49.2023462385587],[21.01763070541481,49.202303223203295],[21.01758730946478,49.202237885383724],[21.01753321662634,49.20217228842467],[21.017483308943493,49.20212393376935],[21.017441223615126,49.20203955226519],[21.01739681039424,49.201985795037906],[21.017381927680805,49.20186890023912],[21.01737339289725,49.20183296970218],[21.017367043506972,49.201746603572545],[21.017377101471993,49.201668515601995],[21.017400923151826,49.201555765132326],[21.017442191583438,49.20146834244444],[21.01750555772885,49.20137578907517],[21.01749990463875,49.20125676471469],[21.017584109566982,49.20114310420419],[21.017607294459978,49.20108210026324],[21.017639222243588,49.20099464272272],[21.01769448625705,49.20089660306041],[21.01768555609942,49.200820686226756],[21.017740241647616,49.20078447840222],[21.017830515383604,49.20073736806471],[21.018004538339003,49.20082659580095],[21.018154105192483,49.20093753265225],[21.01822903349266,49.201018214164925],[21.018284577315246,49.20107917662821],[21.018323262647684,49.20115768495563],[21.018360225682283,49.201228124377074],[21.0183959176914,49.20130986609927],[21.018433259614675,49.201386169808266],[21.018462623157017,49.201455370854426],[21.018486769784385,49.201517289269056],[21.018496102308603,49.20158250552193],[21.018512658223614,49.201650298269314],[21.01852336925885,49.2017190706723],[21.018549672594148,49.201774307180614],[21.018621572470003,49.20182797053],[21.01869910308301,49.20187443509486],[21.018803710108113,49.20190449731898],[21.018924920041552,49.201909532632136],[21.019048420666138,49.20192058454212],[21.019194436101895,49.20192282770633],[21.019333540972607,49.20193645910721],[21.01945035344527,49.201946932266296],[21.019563331424735,49.20196628321772],[21.019643472181734,49.202007340435145],[21.019689196653953,49.202040252535895],[21.019743141738655,49.20208612701578],[21.01980417959569,49.20213268298821],[21.01985452129589,49.20222237450549],[21.0199138025944,49.20232280107831],[21.019974444229067,49.202412558413094],[21.02000875293904,49.2025071286517],[21.020025778003887,49.20259771396781],[21.020012758948056,49.20268227760557],[21.019956181353695,49.20279945174503],[21.019902213776504,49.20291482036817],[21.0198372529771,49.203026589293934],[21.019786417561455,49.20312423410582],[21.019786745245174,49.203203111052375],[21.019856190471646,49.20328370241555],[21.019911871631965,49.20333206418284],[21.02007298840904,49.20335622582405],[21.020236373372082,49.20335957427109],[21.02039304939645,49.20334271703367],[21.020560866714355,49.203361874794176],[21.020719936005957,49.20336958330997],[21.02086040413625,49.20338883904687],[21.020993283279264,49.20339947435721],[21.021122759645152,49.203456724064246],[21.021259115800472,49.20347404462473],[21.02137911392023,49.203527653864064],[21.021536654232662,49.20360616488507],[21.021636183593895,49.20365973666409],[21.02175495652508,49.20371501610553],[21.021884726364625,49.203782897990955],[21.02202736095226,49.203855070397765],[21.02220516480692,49.20392730874075],[21.02237355914588,49.20399680926419],[21.022497691932987,49.20405028195012],[21.02259143229768,49.20406792232258],[21.022699071854934,49.20410699259067],[21.02285878989523,49.204136956594766],[21.023057133765153,49.20417394115322],[21.023236234328603,49.20420921787315],[21.023398852170487,49.20425710150319],[21.02355046559099,49.20429067169001],[21.023720857163415,49.20432665416529],[21.023814639642985,49.2043111639697],[21.023891457740245,49.2042874684088],[21.02394339978681,49.20426386254467],[21.023987083456543,49.20422234175622],[21.02399590798781,49.2042834893516],[21.024011171439003,49.20432134899907],[21.024026538439,49.20441034887072],[21.024034333908364,49.20448505740586],[21.024020917586796,49.204555023463655],[21.024023123158962,49.20461829615215],[21.024020084024606,49.2046927416891],[21.02401448535919,49.2047755666154],[21.02398872934513,49.204901309109246],[21.02395204970979,49.205060546819546],[21.023933798587496,49.20517248920373],[21.023910820800705,49.205256188322736],[21.023915082207633,49.205319527984976],[21.02393285364579,49.205405815254046],[21.023969103880425,49.20559803927624],[21.023986770226852,49.20584322538398],[21.02401024877252,49.20625443537004],[21.02398678531218,49.206473073028235],[21.024009004140733,49.20652430355989],[21.02411828482093,49.20665408552875],[21.024280545070216,49.206857076885086],[21.024428363528983,49.206987843923585],[21.02461213188954,49.20715912475968],[21.02468098491661,49.20728209729382],[21.024742484121898,49.20738790467192],[21.024784351078743,49.207435543639896],[21.024725554431072,49.207478823182235],[21.02459165840797,49.20752127682214],[21.02452653568698,49.20753202959404],[21.024522912962844,49.20755441896023],[21.02464031888569,49.2076532247147],[21.02487646669871,49.20775175685172],[21.024986134196272,49.207845718641686],[21.02521043820394,49.20787580198142],[21.02571815010175,49.20822373558696],[21.02595458043956,49.20836026697138],[21.026447335673772,49.20853413333048],[21.02684965476823,49.20863402015125],[21.02742583799064,49.20869716126287],[21.02784946995254,49.20873165677867],[21.02840390274988,49.208849723142194],[21.028847270549996,49.20898280900285],[21.029764943403947,49.20901671628972],[21.029842734299187,49.20897117127322],[21.030268788999656,49.20906803684264],[21.03068421805844,49.20909478267835],[21.030924211781176,49.209322348616105],[21.03116674719211,49.20940937123653],[21.03132601790025,49.20940923860929],[21.031417053854135,49.20949358502483],[21.03158119994319,49.20941276450067],[21.031856657147532,49.20952777473951],[21.031986618527192,49.20939029434421],[21.031944569237552,49.20872991483262],[21.031773064420126,49.20801716050736],[21.03182883909599,49.20761276277179],[21.031832152282657,49.20749826347428],[21.0316346369029,49.20733762148413],[21.031640431115303,49.207282892133655],[21.031454524615125,49.20721571735512],[21.03098413588976,49.20720546229543],[21.030990452053665,49.20716380415177],[21.0306738308199,49.207015582113726],[21.03066041733512,49.206875240513085],[21.030037861627605,49.20664639296427],[21.0300107470335,49.206563584332365],[21.03031336968512,49.20656100424416],[21.030320214205926,49.20653232750233],[21.030575328097783,49.20653837469378],[21.031215268744532,49.206603031356615],[21.031314590720434,49.206697640819414],[21.03173091330897,49.20675043107658],[21.032041651160167,49.20674775022694],[21.032076962662554,49.20663528156502],[21.03209399947326,49.20657304917473],[21.032104885448952,49.2065332861333],[21.032058107626337,49.2061567039958],[21.032053845101174,49.20612401358026],[21.031909487263448,49.205016694301804],[21.03179366565279,49.2047063789577],[21.031715281871485,49.204538536597475],[21.031675384937113,49.20444556793323],[21.031618815722208,49.20431374787209],[21.031614296353265,49.20419926380921],[21.03160187038331,49.20408758362622],[21.03158474491706,49.20404624349874],[21.031443428654654,49.203705118753206],[21.03139169488018,49.20360449422669],[21.031368995882495,49.203581163206024],[21.03134185304075,49.20355326722655],[21.03123605748077,49.203508234911055],[21.03112156248845,49.20345949845166],[21.031090487947075,49.203446271747815],[21.03107895046933,49.203441360839456],[21.031015519742812,49.203414360650584],[21.030977280287864,49.203398083869004],[21.030955300164916,49.20335919026677],[21.03090010412864,49.20326152015395],[21.030921420842226,49.203183257780935],[21.030934954794432,49.20313337159002],[21.030991054996246,49.20303429497503],[21.03102425430336,49.202975663717346],[21.03133511515207,49.20274793343431],[21.031563054116617,49.202580949480556],[21.031602479482153,49.20255206455677],[21.031663596286403,49.20245195881073],[21.031777367235236,49.20226560664452],[21.031844264954234,49.202085473613224],[21.031865903693376,49.202027207169195],[21.03211664390467,49.20173511357228],[21.032189573078455,49.20165015557063],[21.03227103873555,49.201357419229836],[21.032273551033587,49.20134839085252],[21.032311882088162,49.20121064814871],[21.032316788075146,49.20101220485853],[21.03231785016708,49.20096923780146],[21.032324967993986,49.200681343075416],[21.0323299317261,49.20048055726051],[21.032412706569506,49.20037251975973],[21.032417287860582,49.200366539519244],[21.03254021963894,49.200180034416],[21.032544517648393,49.20013596976677],[21.032641459278206,49.199906746025846],[21.03267086332201,49.19983721896318],[21.032718925154406,49.19970222597711],[21.032760377173254,49.19958579639366],[21.032781659901424,49.19950984726599],[21.03281213654789,49.19940108605554],[21.03284640372319,49.19927880232596],[21.032879888930744,49.199195898997615],[21.032937534431973,49.19905318057979],[21.032955843774005,49.1990256659623],[21.032982663434204,49.198985364756595],[21.033068834819595,49.198855873455464],[21.033104114922676,49.19877275293172],[21.033125378640456,49.19862615621665],[21.033032833949704,49.19840770746259],[21.033001146153616,49.19820564176869],[21.03299521951858,49.19810815257275],[21.032986829196798,49.197970109678664],[21.03298737010236,49.19781959817279],[21.033005711301637,49.197551906939985],[21.033040333427586,49.197379850217786],[21.033072880942424,49.19721810102118],[21.033234155893382,49.19695685704515],[21.033345327132064,49.19672774512119],[21.033407851581263,49.1965478282856],[21.03340870985906,49.19654342223917],[21.033422455604097,49.196472858405706],[21.03343354113943,49.19629697904191],[21.03344023716447,49.1961907441603],[21.033445303678505,49.196156385289314],[21.033475516407453,49.19595151251608],[21.033509007631153,49.1957812752802],[21.033566721361765,49.19565945099264],[21.033636821790775,49.19556998976835],[21.03364290133818,49.1955637178801],[21.033822933880273,49.195377974802035],[21.033837506562822,49.195362471869615],[21.03389569244209,49.19530057375401],[21.033902616420473,49.19528797142544],[21.03397009382006,49.19516515710217],[21.034020602330624,49.19516211728784],[21.034324963055084,49.19521189269234],[21.034614371647024,49.195235973143944],[21.034608771679476,49.1950685166019],[21.034729818263553,49.19506641840654],[21.03483755038053,49.19484448587701],[21.03490488837286,49.19469344415598],[21.035226926686615,49.19472560581255],[21.03543241643702,49.194731292378634],[21.0355449950649,49.194773932887536],[21.035670408515163,49.19474496683171],[21.035907858456852,49.194767626112295],[21.03607937000012,49.19479210412932],[21.03644418776589,49.194839876732544],[21.036800948903725,49.194928799943035],[21.037123558786334,49.194991584772374],[21.037239315707744,49.19507033847845],[21.037346579212564,49.195152417399775],[21.037533935923054,49.1950999826808],[21.037753117322907,49.19506631682161],[21.037884695696352,49.19485767031431],[21.038024800936775,49.194685222180865],[21.038336956508935,49.1947009390915],[21.038422632932225,49.19452159172892],[21.038542295308105,49.19432696237325],[21.038760993049618,49.19421603404437],[21.03897671271787,49.19414813261494],[21.039177096672077,49.194106831774526],[21.039854846203884,49.19394544028339],[21.03978463963594,49.19409648129573],[21.04002770626163,49.19428658853996],[21.04034445763487,49.19422871550825],[21.040668663377527,49.19422672145277],[21.040935588933568,49.19425923978856],[21.04124926378177,49.194293004067525],[21.041469217687478,49.19437270296808],[21.04175293191121,49.194317535638156],[21.041785634287578,49.194406554711556],[21.041836037680724,49.19451766485372],[21.041867251006565,49.19463004311207],[21.04164103994609,49.19460406940001],[21.041316967477417,49.19460426997941],[21.041054572864365,49.19458630422836],[21.040761481271243,49.194574634239345],[21.040478230779545,49.194538164741125],[21.040453658213753,49.194663408031886],[21.040503518816422,49.19478530469782],[21.040706783610702,49.19491136856435],[21.040971514836606,49.19493661316886],[21.041168720497843,49.19503015918237],[21.04144053190802,49.19515628475411],[21.041637874962348,49.19524803378698],[21.041852042187948,49.19528982194984],[21.042050604501856,49.19536180342714],[21.042292627363764,49.19544221633268],[21.04223620633893,49.19550718788879],[21.042322319422638,49.19553473868257],[21.042421122151552,49.195492478428235],[21.04256095455238,49.19549629304148],[21.04257757397847,49.19553635467915],[21.042544576486165,49.19558038903375],[21.04245826500705,49.19564097023942],[21.042682849960602,49.195657616481334],[21.042915537402084,49.19573070301869],[21.04309637471546,49.195799136879124],[21.04341145887759,49.1959872500163],[21.043546650655557,49.19608895428859],[21.04381671560436,49.196243826464226],[21.044167165309762,49.196554982742235],[21.044315405869874,49.19667313409062],[21.044425778044452,49.196776103347595],[21.044658790481773,49.196901413292736],[21.044800420047732,49.19698522879875],[21.045035285836757,49.1971861320275],[21.045136704650233,49.19724757722726],[21.045384388289623,49.19735328462584],[21.045530644827974,49.197395835917696],[21.0457531759752,49.19745256215214],[21.04596828361551,49.197489331167205],[21.04620255160697,49.19747243329072],[21.04648560022481,49.19740985021182],[21.046924942356476,49.19741156789013],[21.047295509107855,49.197356139045105],[21.047483672665614,49.19732757217128],[21.047551455486317,49.19734687281162],[21.047573483945182,49.197377205595224],[21.04769873269406,49.19731761164918],[21.047905000726512,49.1971837569219],[21.04790535404114,49.19717741325272],[21.047907327369796,49.1971419690211],[21.047782053729506,49.197003319625985],[21.047786872399644,49.197000702796615],[21.047910971474973,49.19693331096726],[21.047914721288585,49.1969299843065],[21.04801888541123,49.19683759410973],[21.048028284917525,49.19677487854448],[21.048041733701357,49.19676967195908],[21.0482679963825,49.19668207886538],[21.048269297744614,49.19667345486239],[21.04829050732203,49.196532913954464],[21.048299566532137,49.19647288460769],[21.048316602791154,49.19641100058761],[21.04834137666419,49.19632100993477],[21.04826817719431,49.19618676779201],[21.048259671200853,49.196171167712656],[21.04827748025012,49.196152292821964],[21.048299236808944,49.196129235186035],[21.048336557172604,49.19608975074444],[21.04836932077714,49.19605505860921],[21.04849916423416,49.19591756879466],[21.048544006844264,49.195870084846085],[21.048594435787066,49.19581668592745],[21.048650218154354,49.1957576183716],[21.0487605557033,49.1957244591551],[21.048905827475238,49.19576364337513],[21.048988692548882,49.19574138824368],[21.04899134553564,49.19573358403815],[21.049006520785646,49.195688938657234],[21.048830222047012,49.195584114081214],[21.048708193393836,49.19551155699333],[21.048626643634314,49.19536694166644],[21.048572871842683,49.195319894685156],[21.048457177421167,49.19521866933998],[21.048454960144976,49.1950622180028],[21.048491436432496,49.1950259184126],[21.04855089946146,49.1949667432169],[21.048738084994827,49.194958309340585],[21.04880703050308,49.194985839600974],[21.048922945167455,49.19497707851664],[21.04896437508293,49.19494501925981],[21.048996046760834,49.19497134264549],[21.049094013348252,49.19508587952033],[21.04943236970469,49.19555597816166],[21.049495487208265,49.19574104913798],[21.049532367104266,49.195989911157675],[21.04951194261302,49.19613149493088],[21.049416248493788,49.19630755385126],[21.049384713573048,49.196423389935035],[21.049535923982877,49.19661347306603],[21.049682816303974,49.1965200067994],[21.04964923922611,49.195769793536805],[21.04981789016749,49.19558079107874],[21.04992119923864,49.19569739064822],[21.050076063657492,49.19556006807779],[21.050021543944798,49.195346556677066],[21.050248483641465,49.19512594965927],[21.050159680603446,49.19500279761143],[21.050412167642573,49.19472386849066],[21.05025274079923,49.194617336820855],[21.050591073639893,49.19435856118329],[21.050828049626208,49.194382074915715],[21.05098599004551,49.19450287221043],[21.051166704028063,49.19469336787516],[21.05169459995871,49.194567752695356],[21.054506035532977,49.193045189384286],[21.055354599236995,49.193040749625176],[21.055815218159026,49.1931863576349],[21.055856966774556,49.193182845330256],[21.05621369797489,49.193157371858284],[21.05633606112281,49.19314863191891],[21.057241496320017,49.19308389672689],[21.057104149047785,49.19287545593549],[21.057160371690546,49.19268497232246],[21.057308827793406,49.19261054362919],[21.057622546689764,49.19243179913224],[21.057888782205715,49.19213187283288],[21.058176877117845,49.191782326341865],[21.058134025901786,49.191334673182496],[21.058328031527918,49.19137415959094],[21.058527209844854,49.190953859386],[21.058393243402815,49.18996966699699],[21.05875486472807,49.18937086550792],[21.0597512721272,49.18840904052062],[21.05956838588618,49.18801340383899],[21.059439905078833,49.18802879133906],[21.05934501033374,49.18796828918996],[21.059330930516566,49.18785043786287],[21.059340265870134,49.18774450612189],[21.059403411074186,49.187673712386925],[21.059536802911467,49.18751803965773],[21.059687138049064,49.187334284926685],[21.059824190961102,49.18714631999561],[21.060009430571117,49.186971434290435],[21.060184818116536,49.18680883418851],[21.060413458958408,49.18666316777694],[21.060552102412206,49.18655816932241],[21.06080960075356,49.18639947940797],[21.06106723447954,49.18624079334035],[21.061366942001253,49.18614729458616],[21.061674922270974,49.185982039637686],[21.062138469636032,49.185802718017904],[21.062291274651834,49.185646228466055],[21.06257768118929,49.18552492907346],[21.062710864267117,49.18544315936948],[21.06335923853792,49.18511602847581],[21.06387476632185,49.184699623026894],[21.0640958303127,49.18464364350632],[21.064147097553672,49.18454797677666],[21.06462342686304,49.18478363677128],[21.065525918228463,49.18540755073773],[21.065815157064073,49.185674895088326],[21.06596615864283,49.18575097483101],[21.06609530338511,49.18576873203008],[21.06611243224745,49.18577108472677],[21.066199132844925,49.18585481441993],[21.066231962375575,49.18588954302121],[21.06622915719145,49.18591412021257],[21.066226345267054,49.185938787214276],[21.066267690017064,49.18621884586909],[21.065803589805785,49.186297694647074],[21.06609726171503,49.1864511157091],[21.06646946808671,49.186315647405365],[21.06709337538863,49.18667344882634],[21.06712374233601,49.186887522964845],[21.067127929941503,49.186915926605295],[21.067429324077125,49.18703790313134],[21.06770986198151,49.1872255572175],[21.067790136812988,49.18719357301103],[21.067646968765267,49.186976314863166],[21.06771667593845,49.18690941960123],[21.06800741016606,49.18736406332159],[21.068101883832604,49.18729841587924],[21.06818316814072,49.187241976418456],[21.06823107604737,49.18731743246266],[21.06839812062541,49.18728590240324],[21.068560519489257,49.18720641781008],[21.06858931132372,49.18725289922343],[21.068652634694125,49.18735540977452],[21.068709151371277,49.18740215401332],[21.06880847586819,49.18748430749642],[21.068820895661393,49.187494520543986],[21.06886999516708,49.187532113055774],[21.068970669818505,49.18760908826889],[21.069052649192834,49.18764413860393],[21.06907620121597,49.18765426002853],[21.06914511097336,49.18783617440317],[21.069259499148,49.18780717845512],[21.069524813385883,49.18786091668772],[21.069553718455193,49.187872920919204],[21.069636835209394,49.1879074672749],[21.069779189489473,49.187946982054],[21.069961227547495,49.18801046139737],[21.07007789263332,49.187947417555414],[21.0703114563558,49.18793000021585],[21.070339498985987,49.18789120098879],[21.070543948832796,49.18798736073494],[21.070581739340554,49.18794311353082],[21.070801537915674,49.18803607582109],[21.071434791477746,49.18828630012886],[21.07152496797856,49.188321972574606],[21.071614578158304,49.18835420567859],[21.071758425257194,49.188381162160354],[21.07180109622127,49.18839459914955],[21.07200989265411,49.188434628948826],[21.07212090231845,49.188459897998285],[21.072123705752276,49.18846097851635],[21.072400925168836,49.188568569327586],[21.07268998765058,49.18867392970811],[21.072868529820198,49.188751156007406],[21.072938085162807,49.188785263545235],[21.07304234984305,49.18883642256911],[21.073275760010866,49.188898128216884],[21.073369156820164,49.18894218525554],[21.0734855290106,49.18904810980104],[21.073486188074618,49.18906865721118],[21.07348894623011,49.18915472194188],[21.073386814351906,49.18941440597057],[21.073441022661186,49.18942236169198],[21.073493874203017,49.189430093687974],[21.07367191481806,49.1892499146804],[21.07384465404248,49.189076316948515],[21.07398615648852,49.189099774118034],[21.07474182589231,49.18920312130435],[21.074785857347383,49.18914151825703],[21.075353159421258,49.18922178868792],[21.075629241764805,49.18929332403396],[21.076184197007162,49.189417486678],[21.07642408980038,49.1894477046685],[21.076711679398773,49.18952518891357],[21.076906660450703,49.189593934362975],[21.077045678633564,49.18964512622404],[21.077269804674142,49.18983472362388],[21.07748439021921,49.190034367049265],[21.07765559158512,49.19019336423496],[21.07787772971977,49.19050326238118],[21.078055059872213,49.19074564062871],[21.07828820893487,49.19093408516421],[21.078217542962843,49.19097718844463],[21.07814903304553,49.191019010551265],[21.07856398999898,49.19121554601084],[21.07872716503421,49.19126706150451],[21.079100093670544,49.19148565181227],[21.07896356582222,49.19158659795462],[21.07935714427437,49.19172194561016],[21.07940180443664,49.191738234358176],[21.079463210362476,49.191701404933575],[21.079705377168068,49.191938390194586],[21.079656944729336,49.192058911125685],[21.07973795764922,49.19211994009839],[21.079845708970687,49.19205849100582],[21.080050301597012,49.19209071838224],[21.080066323589207,49.19209321344358],[21.080495313928466,49.192333764943655],[21.080741311919954,49.19236705034893],[21.080738179058905,49.19254313197139],[21.08069872936213,49.19260965554361],[21.080760823514996,49.19280070502864],[21.080636601208766,49.192946521308016],[21.081014905146013,49.193110000880026],[21.081491294828698,49.19314104740484],[21.081568599042303,49.193154331838116],[21.081683630717958,49.19311310065588],[21.081987204702106,49.193159034393595],[21.082110772427587,49.19311753659134],[21.0820298182335,49.19305750161599],[21.082356672141792,49.193029009338126],[21.082450030756235,49.19302597340765],[21.082720341713305,49.19301151035947],[21.082750288849123,49.19311078024114],[21.083106021388907,49.19310391858154],[21.083780636426788,49.193092520990845],[21.083972133779888,49.1930297934103],[21.084422586503248,49.192968529127505],[21.084556741076153,49.19286615039083],[21.085035633360263,49.1929446166151],[21.08586317701429,49.19322151389759],[21.085856724295002,49.19324723460981],[21.085938389336356,49.19331989324072],[21.085960988602807,49.19323059142021],[21.086122951201755,49.19323227264205],[21.08654582152852,49.19322584225215],[21.08658936182726,49.19327927308296],[21.0869711807372,49.193314917952094],[21.08738844517884,49.19337258355995],[21.087691445182966,49.19374482888311],[21.088040349360718,49.19418678386058],[21.08822567791473,49.19419200152679],[21.088282007865413,49.19410531054796],[21.088765764299275,49.19391617896339],[21.088859639233284,49.19386571063533],[21.088674025568213,49.19372067419093],[21.089002417818055,49.19350576845605],[21.088791768946702,49.19339621073786],[21.088470381991904,49.19322620834509],[21.08833965599762,49.193124341720946],[21.08827845715611,49.19294115823155],[21.08836816859525,49.19298148338918],[21.08864363636253,49.193131739769875],[21.08882139122036,49.19313347304749],[21.089063169015365,49.193177408546575],[21.08914754947938,49.19322476439398],[21.08930034574373,49.193310682131624],[21.08931744271899,49.193328244690015],[21.089380591774727,49.193288225145395],[21.08954688544521,49.19344551543009],[21.08967748182852,49.19361732670754],[21.089771849530717,49.19374998653762],[21.089865864595183,49.193951865025916],[21.08976549991261,49.1941796577117],[21.08973789568264,49.19425142470287],[21.089581596224672,49.19444087529056],[21.089598989076425,49.194574220784446],[21.08943379119962,49.19470982070084],[21.08928675945313,49.194791536480786],[21.089179428592924,49.19485111694495],[21.08906120021273,49.194916830134986],[21.089047585325634,49.19492440635393],[21.088906295323707,49.19504699739907],[21.088813476657794,49.19512747833808],[21.0886094411563,49.1953122477081],[21.088317611135285,49.195576397933486],[21.087989238924806,49.195873676654806],[21.087864241936316,49.19601533397156],[21.087740765253606,49.19601875975764],[21.08731887854029,49.19618844417358],[21.087418945910112,49.19621523767325],[21.087548653107785,49.196176181457396],[21.087714529474212,49.19617708530037],[21.087645347805278,49.19624265823506],[21.08756123905424,49.19632233705509],[21.08703740022828,49.196733444702005],[21.086828068796596,49.19697979949441],[21.086742926065984,49.19706961760297],[21.086798520719945,49.19710146811374],[21.086215210862232,49.19748644938884],[21.086102776675254,49.19762715732345],[21.086113088694876,49.19764360255644],[21.086128677025428,49.19766849932519],[21.08617942091856,49.19765491146648],[21.086197083616973,49.1976869867833],[21.086255320821092,49.19789510341397],[21.086160622381783,49.1981165931911],[21.08599811971895,49.19832438609243],[21.08597546653102,49.19850272193982],[21.08578145170577,49.19859157018839],[21.085455008739345,49.198741081473926],[21.085087960379383,49.198438978993764],[21.084904178108822,49.19865202997244],[21.084501573900283,49.19900642698295],[21.084197241155795,49.19940061502211],[21.083609070332688,49.19989418029045],[21.083077953464244,49.20061508886792],[21.083180731972135,49.20073073856432],[21.08336193991808,49.20070684252049],[21.083436862051876,49.20069700215197],[21.083487199788962,49.200534408939106],[21.083527754774522,49.2004034612312],[21.083544422366167,49.20034952998043],[21.083888070228014,49.20001035000872],[21.08392099131243,49.19997791610521],[21.084247419730936,49.20005320369795],[21.084175067946504,49.20015189280699],[21.083956643243962,49.200449716505936],[21.083702604838173,49.20077367554157],[21.083208020965117,49.20111026421461],[21.08285950222477,49.20138023606999],[21.08283329529803,49.20130071242314],[21.082821224080156,49.20126368449746],[21.08277600532265,49.201126024152224],[21.082709633942656,49.20092394658007],[21.08268226868039,49.20076615289089],[21.08221713159973,49.200734304472746],[21.08251059442883,49.20093457584795],[21.08242351305451,49.20123769118572],[21.0821033396685,49.20168718246837],[21.082084388720197,49.20204190802255],[21.082082153573836,49.20208468879834],[21.082141069274087,49.20219163979218],[21.08232433328683,49.20252458506623],[21.082214969199217,49.20260552078141],[21.082182970392893,49.20262925131235],[21.082231237275003,49.20269669913805],[21.082440513483785,49.20298861648367],[21.082375749902464,49.203193418869915],[21.082297548000096,49.20339418902531],[21.08209198762169,49.203447821261605],[21.082113061797262,49.20361441570141],[21.08217245642192,49.20368924257073],[21.08222218322712,49.20375187576487],[21.082343925465842,49.20390063377649],[21.082531118354574,49.20402664415893],[21.082737669612165,49.204086655869204],[21.082786472726365,49.204132244206725],[21.08313371188527,49.204457123690496],[21.083406599282153,49.20471245783371],[21.083466493736957,49.204596714748924],[21.083475894898967,49.204634557140565],[21.083501969888808,49.20479681016521],[21.08352297314029,49.204881658150775],[21.08352392878269,49.20488357934735],[21.08356841850627,49.204977733049105],[21.08365789797147,49.205067387869015],[21.083777834449496,49.205153968184874],[21.08413969998085,49.20549290707823],[21.084396941639678,49.205707675184],[21.084721975967348,49.20600635971343],[21.085150621520203,49.20638956806241],[21.08550845304257,49.206760691909935],[21.085811652972485,49.20712196112654],[21.086049915599684,49.207458641774274],[21.08632581597362,49.20781759396217],[21.086657678443277,49.20824234682305],[21.086818232535297,49.20836479485681],[21.08694575494501,49.20848798481467],[21.087142001158913,49.20864587570974],[21.087230690549486,49.208738922892344],[21.087488089072615,49.2089924890024],[21.08769371237495,49.209100264845404],[21.087916579262775,49.20918320539998],[21.08824016272807,49.20927171202042],[21.088547630462173,49.20930550617609],[21.088937741398635,49.20933663447465],[21.08940755810367,49.209330792326995],[21.089451279662846,49.209332282243906],[21.09002598232682,49.20935347252684],[21.09091492782217,49.20935816039831],[21.09192933083032,49.20937198726275],[21.09259079296591,49.209396120926854],[21.092865410343578,49.209404275755126],[21.09313212219744,49.20944107519184],[21.09342401387606,49.209534585068475],[21.093804472675618,49.20965658384053],[21.094194711588013,49.20972847991146],[21.094617922292567,49.209769109815866],[21.094940558321028,49.209732161949894],[21.095341136153248,49.20968555142996],[21.09610489691599,49.20951505993542],[21.096615610087483,49.2093732975959],[21.096896879960504,49.2092736254087],[21.097252231166532,49.20914598114586],[21.097691488196674,49.208970962547504],[21.098216838246014,49.20881885812266],[21.098438595481987,49.208771026302756],[21.098611123921646,49.2087809482034],[21.098823432865675,49.208810235392434],[21.09896485535465,49.208892893760996],[21.099144516887616,49.20898055416762],[21.099668771274334,49.209347402138064],[21.099926905786305,49.20948293943276],[21.100885344558392,49.20989272131593],[21.101306250393495,49.21008638539296],[21.10158452974049,49.21014883135075],[21.101909140577096,49.21021464561922],[21.10237901381137,49.21028941506133],[21.103119742090644,49.21040271139915],[21.103404777917856,49.21045564574898],[21.10352862223153,49.210536477085014],[21.103544757832463,49.210581914055936],[21.103539620756965,49.2106177600625],[21.103456235538445,49.21067478669026],[21.103264073060412,49.210710788652165],[21.102120251341866,49.210764771447465],[21.101104788761837,49.21072606340629],[21.100847396943237,49.21077258297256],[21.10069243632832,49.21078132039168],[21.10063387945021,49.210757575167996],[21.10056190271905,49.210666693130676],[21.10042382282323,49.2105445327854],[21.100204978454073,49.210464446187814],[21.09991567681929,49.210372837078225],[21.099831231907796,49.21034430377777],[21.099048977543845,49.210080038734866],[21.098574134785295,49.20990408892311],[21.098376386338384,49.20989696254583],[21.0981093042177,49.20996108149415],[21.09788932260658,49.21008468060764],[21.097627000286828,49.21028236763384],[21.097369758121637,49.21048561793376],[21.097033694042103,49.21067707663638],[21.096852889097654,49.21079301324648],[21.09671083186474,49.210969874387246],[21.09651024002623,49.21144014699086],[21.096310038754556,49.211746406146176],[21.096151285863968,49.211863226583],[21.095993418497116,49.21193677307422],[21.09573781777574,49.21199414197941],[21.0954106870621,49.21205066429825],[21.095283769823403,49.212116376742884],[21.095230433360605,49.21225502088172],[21.09522869778167,49.21243330509407],[21.095295191674587,49.21299808732026],[21.095343305950134,49.213235851038505],[21.095271638023192,49.21339551521369],[21.095186034461243,49.21365187090248],[21.095134899490585,49.21379598684951],[21.095126011606304,49.213961438824846],[21.095082261037,49.2140211672694],[21.095019943634554,49.214040511107044],[21.094948010013503,49.21404505347288],[21.09490812627013,49.214038106893184],[21.094882894659175,49.21403369928102],[21.094171935348623,49.213717667154185],[21.093869329962597,49.21358501674066],[21.09351029747142,49.21340374785107],[21.093103802540742,49.21319557262058],[21.092872081459973,49.21307067809668],[21.09254855049389,49.21296076120626],[21.092328060076678,49.21283271378444],[21.092072543223644,49.21266024314322],[21.091893848098323,49.21252272893831],[21.091601385491735,49.2122265506134],[21.09139615619509,49.212043173827446],[21.091192511138892,49.21198048127339],[21.090975137196956,49.211987658777986],[21.09073716774766,49.21204621137778],[21.090470243763956,49.212091323223184],[21.090253873083626,49.2121200475856],[21.089796128235438,49.21214608605034],[21.089343464410987,49.212177686944166],[21.089170156568144,49.212218591127375],[21.08878285785872,49.21232628370227],[21.088430152380294,49.21237917706179],[21.088183275965367,49.21244653194412],[21.088064556610274,49.212595592980755],[21.088060373542863,49.21271978422505],[21.088140433118266,49.212888085259124],[21.088317105766393,49.213050747845244],[21.088418098005523,49.213198202906504],[21.08848022775849,49.21338582504336],[21.088543824544914,49.21362561882542],[21.08862856002473,49.213804962173235],[21.088666097142454,49.21395569641201],[21.088701163754873,49.21410455100489],[21.088739278627585,49.21435253112114],[21.088776871313335,49.214539367227246],[21.08878398746903,49.21469263824782],[21.088778352575993,49.21476447812405],[21.088719556423005,49.21484892978631],[21.08864244973094,49.21488778240465],[21.088535724960284,49.21491839448641],[21.08832643621883,49.21492753688136],[21.08800514189415,49.21492940074077],[21.08787228713793,49.21490687059592],[21.0876501119454,49.21483457615405],[21.087383425826967,49.21470134865802],[21.086914543310854,49.21455408089632],[21.08663426531575,49.21448883552088],[21.086490984290705,49.2144605681643],[21.086259166059662,49.2144401767846],[21.0858989092136,49.214413598584116],[21.085342073138737,49.214375047454645],[21.08523830154505,49.214367940455766],[21.085070669211394,49.2143694995455],[21.084899355924602,49.21438354399477],[21.084663284725906,49.214453218784634],[21.08464678166671,49.21446628363743],[21.08489368372293,49.21453676584659],[21.084723271428032,49.21462889116046],[21.08444129597573,49.21475381022423],[21.08351219146901,49.21523194674011],[21.08315760463182,49.21552666371045],[21.082901957536077,49.21588577021332],[21.082455310988337,49.216161778386805],[21.0822478271906,49.21651072504527],[21.08186437311195,49.21689723906443],[21.0816385213111,49.216967866207234],[21.081535341569527,49.216978510146085],[21.081112350823293,49.216983844878904],[21.08103748894809,49.2169557856067],[21.080953472317464,49.21690312558656],[21.08048669847398,49.21651994223112],[21.08018759940563,49.2164306708425],[21.079898929374544,49.21645921711427],[21.079799843426045,49.21647944360676],[21.079759387421998,49.2165150557228],[21.07973818619996,49.21656884088275],[21.079600982424385,49.217034372013835],[21.079563864547193,49.217236639037125],[21.079574574390488,49.21735986807078],[21.07966451114162,49.2176089754174],[21.079590082493223,49.2178874670677],[21.07949091214956,49.218101696320076],[21.079449567567465,49.21813998060979],[21.079001927323844,49.218079698225885],[21.07853855554649,49.21806437208418],[21.078326490644457,49.21803325638088],[21.077770765299523,49.2176359527083],[21.07691719389531,49.217178664945614],[21.07684602332641,49.21716557577956],[21.076812030581582,49.21716988545568],[21.076749419936778,49.217244396419275],[21.076753982024535,49.21729360713804],[21.07694982764489,49.217578078182626],[21.07725379782655,49.21831840188609],[21.077428055767456,49.218671048289266],[21.077471543680918,49.21889795980646],[21.07744244238369,49.218919531709325],[21.07667963344015,49.21908543675612],[21.075791963942468,49.2193035917035],[21.075759400428577,49.219325502109825],[21.07576947958424,49.219374439978075],[21.07602392816295,49.21946363817914],[21.076941522688063,49.21947915959461],[21.07738975023295,49.21960518726123],[21.07850310246956,49.21978722878665],[21.078617493591228,49.21986562267227],[21.078704398475477,49.22008177376379],[21.078667060255647,49.22032364471965],[21.078608979053307,49.22044781621422],[21.078402606789933,49.22079049080416],[21.07826038330968,49.220918712652804],[21.078105926938797,49.22111856221178],[21.0780709706698,49.221190810868706],[21.078157112704563,49.22222527192594],[21.07834924840733,49.22248621334225],[21.07878015874721,49.223018594648245],[21.078823036619465,49.223152758905954],[21.078805341886934,49.22330658492896],[21.078829626875343,49.22334022384162],[21.079506905091396,49.22344568615353],[21.079778995942203,49.223666878695454],[21.080087468930348,49.22411835302172],[21.08031244158841,49.22434478401763],[21.080562794060363,49.22464539957475],[21.080638698493644,49.22485264288788],[21.080623420252916,49.22510287371914],[21.080479508801453,49.22574058835758],[21.080486784232782,49.22579033579345],[21.08054148197971,49.225849256868976],[21.08060105783806,49.2258705237219],[21.080670876222552,49.225865111507915],[21.08122871602781,49.225500398823044],[21.08173077121151,49.22521986876883],[21.081810172965316,49.22520576073819],[21.081925652308172,49.22522386850468],[21.082590869177526,49.22546351288272],[21.08274438831067,49.22556116164107],[21.082946361326755,49.225690972366245],[21.083089727000313,49.22580494975087],[21.08310879480572,49.22585327450946],[21.083098677960457,49.22610817190488],[21.0830441678172,49.226405308237325],[21.082980720480784,49.22653696157259],[21.082989335975657,49.22665156992589],[21.083285078091507,49.226915372964115],[21.083218696515818,49.22714145885786],[21.083056113574735,49.227468439639836],[21.083198386633665,49.22762469346476],[21.083440639988403,49.227749042367755],[21.083843615942857,49.22837143047564],[21.084060079107566,49.22852826052988],[21.084114233056333,49.22886128877353],[21.084099442825032,49.228958041889484],[21.083825187734565,49.2293170042318],[21.083795944348243,49.229358828838556],[21.083647636115632,49.2295683348669],[21.083331673749868,49.23015417303717],[21.083330638247435,49.23021400656145],[21.083420803862538,49.23045141238103],[21.083443148807802,49.23051109511369],[21.08352490965803,49.23072302434161],[21.083528188568483,49.2312493261521],[21.083540210376444,49.231327583200084],[21.08372313870952,49.23187809826618],[21.083796111054994,49.23227204608742],[21.083826886924147,49.23266959272466],[21.083825284051695,49.232930163768465],[21.08377144054928,49.23308958281955],[21.083853509071687,49.23329747014173],[21.083938056183122,49.23342621481707],[21.084067889771216,49.23378597442068],[21.08407184763333,49.23388017734555],[21.084053374669885,49.234329710091075],[21.084050983035304,49.23439850252645],[21.083976322428477,49.23487324198859],[21.084015794617557,49.235218852293954],[21.08405891177041,49.23529495474363],[21.084304465349586,49.23542165653596],[21.0843735263971,49.235490938084375],[21.084516186948246,49.23567916013463],[21.084704519219258,49.236120914889106],[21.085008008798244,49.236511893580484],[21.085355216775394,49.23694343254438],[21.085464110534463,49.237151277053435],[21.08571270533545,49.23751348745764],[21.085815791890234,49.237587458788056],[21.085873937507255,49.23771274506413],[21.08598420300576,49.23785626517351],[21.086371286076954,49.23821435694159],[21.086458214362914,49.238302214079816],[21.086480700613944,49.238360099832704],[21.08646692198525,49.23842492645593],[21.086379160836156,49.238661131400406],[21.086322904832944,49.238935705460946],[21.08630939101705,49.23909821726933],[21.086378683196475,49.23965228721983],[21.086664158797497,49.239953558684334],[21.08677448699324,49.240068721944],[21.087029591736734,49.240454543137716],[21.087036708168785,49.24050653509781],[21.08697211308353,49.240837557664776],[21.08728818422837,49.24138287283693],[21.087028080658744,49.24168062863904],[21.086697057072513,49.242016624145414],[21.086228398057305,49.241553744879354],[21.085831360632614,49.24116292629965],[21.085272857240586,49.24062379486724],[21.08492063521087,49.24028662242049],[21.084502496396496,49.239874866875084],[21.083352669325553,49.23874917095008],[21.082539048705797,49.23903007597903],[21.08191716245369,49.23924735394951],[21.080572858359655,49.23909576442974],[21.079786036215985,49.24007475411892],[21.07972667632948,49.240160624193926],[21.080853603938827,49.24123340794496],[21.080891313279043,49.241271527484024],[21.080908567881714,49.24173930988712],[21.08091544856114,49.24188627105746],[21.080919138011964,49.242075891678354],[21.080838031469067,49.24259948582137],[21.080773868399927,49.24301604356853],[21.08067296399863,49.24355610730155],[21.080569746592666,49.2438881394479],[21.080478045064016,49.24419488376854],[21.080685919205425,49.2442375603087],[21.08159505722946,49.244408951494506],[21.08288223556196,49.24421389878843],[21.08303289220997,49.244093142982365],[21.08324997634609,49.24391149862977],[21.084419320471948,49.24298390418352],[21.08611646292049,49.24226990640273],[21.086424688472533,49.24246927829908],[21.086983582080936,49.24297600640773],[21.087407934910402,49.243608959833125],[21.08768034697497,49.24387379942059],[21.08786586049917,49.244114701101054],[21.087972835336387,49.24424731004402],[21.088077332066664,49.244709598636234],[21.088271842819996,49.2448945221997],[21.088383688993723,49.24534867320875],[21.088516737271526,49.24544520592419],[21.088668706315325,49.24565667473066],[21.088970783789623,49.24613221619424],[21.088665096013795,49.24597209415499],[21.088651262116837,49.245963999409646],[21.08645897345495,49.2464942877025],[21.08611500101915,49.2466534197386],[21.08586125684681,49.24677357895],[21.085477888787207,49.24698141116756],[21.085322380787773,49.24701063993522],[21.08492362716194,49.247249486226806],[21.084446844850053,49.2471892011176],[21.08427719275689,49.247315651948284],[21.083906079149372,49.2472398447266],[21.08352640874278,49.24706698576455],[21.083295031681185,49.24702581225473],[21.083313446052895,49.247110575266966],[21.082825088021544,49.24705801469538],[21.082224546059194,49.24717245267561],[21.081747021716595,49.24720485797952],[21.081158305963037,49.24714277133719],[21.080990311303808,49.24712748199765],[21.080452180824935,49.24708771942301],[21.080068212445603,49.24705514949833],[21.07917478985818,49.24698553008933],[21.07835002095467,49.24693566157355],[21.078201340950013,49.246947095136306],[21.07730620781824,49.24690036275098],[21.0766830323034,49.24706896137074],[21.076523650139446,49.247125961973936],[21.076011876623255,49.24730893648427],[21.07601622649393,49.24751703375656],[21.07597054614261,49.24762017604614],[21.075825114830717,49.24794796857937],[21.075774326894308,49.24802015827624],[21.07566834180946,49.24810407932775],[21.07552156358024,49.24820019412455],[21.075330839077306,49.248286345155485],[21.075200915083297,49.24832268409723],[21.07491282465991,49.248359344789364],[21.07449960380752,49.2483316689428],[21.074069993228083,49.248330022507155],[21.073815688682334,49.248347060082885],[21.07314810889414,49.24841968791259],[21.072806206661337,49.24850457835056],[21.07243851122196,49.248612495556955],[21.07188685584489,49.24884458528792],[21.071689297003,49.248930060854335],[21.071344914882523,49.24911209466042],[21.070912365365572,49.24945198791382],[21.07051178909841,49.24954893950345],[21.07022258582685,49.249581952183874],[21.069806464133634,49.249647792980724],[21.069439685489023,49.24973412462876],[21.06923429208646,49.24981394278145],[21.06916547590387,49.24985134047499],[21.069036447176252,49.24994891880674],[21.068481495348458,49.250096263561794],[21.068244609934368,49.250119251268714],[21.06790404417576,49.25011279527461],[21.067220322610186,49.24997871282808],[21.06642593035054,49.24973438390353],[21.066036440002385,49.24962866995402],[21.065757510791386,49.249570626585076],[21.06534766964038,49.249534474961436],[21.06514324820534,49.24968363706493],[21.065067187474376,49.24971674802919],[21.064974270706443,49.24973626247477],[21.064750969620285,49.24973402325033],[21.063741008324804,49.24945797639503],[21.0633394840012,49.249320356585244],[21.06271249669052,49.24911785461293],[21.06239779568182,49.249023540382865],[21.062088975916737,49.24894246852011],[21.061731770945226,49.2488647878279],[21.061656992429008,49.24888083305121],[21.06160928994363,49.24891170488226],[21.061543556787512,49.249008614617146],[21.06135640592715,49.249065150416236],[21.06119557160328,49.249073470157114],[21.061095618381415,49.249058544932474],[21.06098848365121,49.24900197626208],[21.060785361232544,49.2488594894313],[21.060528098980054,49.24869635135644],[21.06016260117433,49.24850046449883],[21.059889800070962,49.24836113083555],[21.059607766051506,49.24824400521242],[21.059425734874818,49.24818682023886],[21.05903049276484,49.24815786867091],[21.05881878557419,49.248120431553495],[21.058266132478725,49.247935606531605],[21.058156323225443,49.247905506442955],[21.05807960266874,49.24790168100394],[21.057660904206685,49.24796514491434],[21.057558838697826,49.24796005126162],[21.056649490626043,49.24786453811883],[21.05644411365815,49.24790742412473],[21.056106108559543,49.24800409576098],[21.05592766499947,49.24802714422872],[21.055559470060743,49.24804991865201],[21.054716989941706,49.24792657032944],[21.05430898174785,49.24788458675165],[21.054300520318574,49.247759627168506],[21.05427679666015,49.24770034399244],[21.05391374123366,49.247581937918476],[21.053329292213252,49.24743612350343],[21.05326507012529,49.247412442671994],[21.052922009776182,49.247256868182575],[21.05248074933247,49.24690816420078],[21.052299796659213,49.24681859300893],[21.051960237885435,49.246589306895665],[21.051888159265154,49.24656041990914],[21.051557426760407,49.246305310027346],[21.050989975996934,49.24608936165565],[21.050562423573727,49.24581446417959],[21.050244979718382,49.245456249140766],[21.050075069728955,49.24521128515372],[21.05000207141633,49.245112596537716],[21.04972887858521,49.24494441621447],[21.049480223848594,49.244831944915326],[21.04930517624219,49.24481007951768],[21.049015246580954,49.24459769319057],[21.04785486244991,49.244394960462124],[21.047419059656118,49.24444838108479],[21.04706831604418,49.24455901867129],[21.046934493014735,49.244619507699255],[21.046648932634238,49.24468633964329],[21.046486563112108,49.24488814676309],[21.046352378368145,49.245008041167594],[21.0461039225411,49.2450387115575],[21.045684756769923,49.24502649467567],[21.045157503368607,49.245016178753616],[21.04473660535887,49.24481754664639],[21.044681882473903,49.244702791046386],[21.04426154030475,49.24442405104454],[21.044209573078607,49.244447575795],[21.044160349233422,49.24447118936163],[21.044171441597317,49.2444990968149],[21.044025039147417,49.24447851109809],[21.04398124604371,49.244475742499766],[21.04387912014603,49.244344146728174],[21.04375935909924,49.244375735231415],[21.04375144458091,49.24437782321389],[21.043317036347144,49.244294432767795],[21.043079656638554,49.24415125309617],[21.04278918023378,49.24394648484348],[21.042737638656227,49.24391888735743],[21.042563111565308,49.24381015236544],[21.042299020314406,49.243645669400735],[21.042034875077622,49.24364746414526],[21.04178373302239,49.24361366878312],[21.04136721432138,49.243548405716034],[21.04089337121868,49.243541151277185],[21.040557979938885,49.24360320239582],[21.040312610437383,49.24362945905981],[21.040109797642035,49.24361118092491],[21.03988890292825,49.243531997951415],[21.039715025320646,49.243503853910696],[21.039528392843796,49.24357162525684],[21.039457851660565,49.243613451457094],[21.03928233571368,49.24364332126549],[21.038990592953716,49.24358821728842],[21.038937396461066,49.24357343828258],[21.038686431176394,49.243591857773836],[21.038519803210466,49.243631467560554],[21.038372968922573,49.24364372507691],[21.037968361170353,49.243677501576705],[21.03763885986165,49.243734333875764],[21.03698527463727,49.243749141344495],[21.036694682860315,49.24379147862755],[21.03635679331752,49.24376836089618],[21.036182872698927,49.2437771214399],[21.036048300932716,49.24381101599334],[21.03586907513957,49.24383535872319],[21.035796664354596,49.243864145584844],[21.035689022678348,49.24390693879801],[21.0356583695449,49.24390774087642],[21.035481665000287,49.24391236240474],[21.035097741702643,49.24365277498554],[21.03477959008899,49.24360508562558],[21.034427328839346,49.2434086426854],[21.034339186695444,49.24339776850175],[21.03419097539249,49.243379362177485],[21.03374232972037,49.243357141957276],[21.03356223093515,49.24341116191788],[21.033298764283153,49.24328601990498],[21.033165561187644,49.243202019345304],[21.033089366461347,49.24297357515842],[21.033032233233016,49.243137820655036],[21.032546879100554,49.24309378714499],[21.032227859683818,49.243064878239345],[21.031918030904993,49.2430126797646],[21.031632510486208,49.24296451125344],[21.03131039784046,49.24293288848801],[21.03099660237912,49.242860482408034],[21.030650247911602,49.242780445268615],[21.030375025725736,49.24264726185346],[21.030097066566757,49.24252299155981],[21.029797714452133,49.24232726317786],[21.0293293785145,49.24202088749156],[21.029092540738997,49.24163551988473],[21.02918378312885,49.241629033543255],[21.029245601142495,49.24148474792876],[21.029227325708057,49.241027711766506],[21.029290304390766,49.24094063164709],[21.02922401854334,49.240735913462125],[21.02897997453345,49.240790097886155],[21.028941574354526,49.2407978520898],[21.02884478690281,49.24048770929315],[21.028934212900392,49.24048701597341],[21.029181483662533,49.240508110010644],[21.029148461645676,49.240439515307045],[21.029098311107106,49.24033570286608],[21.02908463186128,49.24020786840031],[21.028799961481518,49.240136042537465],[21.028827496939424,49.24007211770202],[21.0287959677719,49.23997116129567],[21.028796076234798,49.239915347413664],[21.02902877500264,49.2398112791579],[21.029036821512964,49.23972331328512],[21.029033720488854,49.23962823283501],[21.028914669430552,49.23949382102629],[21.028692786954842,49.239491557459196],[21.02853253449991,49.23958312637009],[21.028536411697946,49.239586989523225],[21.02860540058597,49.239655717871244],[21.02851573966065,49.239596084417336],[21.028505263888405,49.239574677165805],[21.02848504675324,49.23953305690714],[21.028481827184244,49.23952656020928],[21.028507461423473,49.23929737200663],[21.02895649955182,49.238933225822365],[21.029018193332305,49.23853151613407],[21.029059780939356,49.238386913026545],[21.029023147213913,49.23824219448879],[21.0292143187237,49.23781422746163],[21.02918481954528,49.23773207190586],[21.029058161149393,49.23749127845215],[21.029028389903548,49.23736442040446],[21.028992976909997,49.23685991145264],[21.02891618902348,49.23671870441387],[21.028915607517593,49.23671763397481],[21.028838365114517,49.2366963971638],[21.028837011376062,49.236692202841226],[21.028686757483577,49.236226886183175],[21.028609985267146,49.23606950848259],[21.028489946023015,49.236057046450284],[21.028429944974302,49.235851182849714],[21.028367402506767,49.23584194647615],[21.02837083303655,49.23590003624737],[21.028201907953964,49.23585051819775],[21.028095516434806,49.23581941904262],[21.028073504237387,49.23581296016072],[21.028073455750285,49.235812946879946],[21.02792282673758,49.235768787809135],[21.027888753503063,49.235759115084036],[21.027448949024578,49.23563426515654],[21.02740189954195,49.23566022738243],[21.027208600035348,49.235766890073705],[21.027025927314995,49.23577355082864],[21.026537771925316,49.23579277847175],[21.026228355352917,49.2360473931864],[21.026006266174342,49.23608427961929],[21.0258346102539,49.23611785546588],[21.0255857831826,49.236244349473914],[21.02534053395577,49.23632369452362],[21.02521352988205,49.23638483113332],[21.025057955155336,49.23642388090434],[21.024764591298513,49.236403527549655],[21.024174856057748,49.236568375463065],[21.02350107381325,49.23675671246194],[21.023146008236882,49.23686083585229],[21.023027627584504,49.236889840782595],[21.023010722722173,49.236886139206845],[21.02236541707634,49.23722680833992],[21.02233333409824,49.23724374555574],[21.02230959733987,49.23725627675671],[21.021827125722897,49.23748093562363],[21.021599055762806,49.2375963941708],[21.02122200637415,49.23771630791637],[21.020799303236874,49.23785073896085],[21.020557832667894,49.237927531837066],[21.020484779165667,49.23814029071654],[21.02047571165879,49.23816669860493],[21.02043243280113,49.23829274350081],[21.020305318569342,49.238662938967664],[21.020248711493434,49.23884610472803],[21.02017585317206,49.23908185409647],[21.020125720457813,49.23948100242494],[21.02007334703197,49.23989798525486],[21.020031176448825,49.2402337247386],[21.02002781880653,49.24026045553212],[21.019797499764355,49.24087850610181],[21.01969270182771,49.24115972197474],[21.019514507345054,49.241604506745446],[21.01940708713395,49.241739823015315],[21.019160949185085,49.24204987678453],[21.018987912265533,49.242670834858345],[21.018884522674707,49.24267398061147],[21.01886221730422,49.24267465968767],[21.018780357526886,49.24265741893912],[21.01838177285666,49.24257346864875],[21.017833053642597,49.2425744823994],[21.017873491803478,49.24240753841894],[21.017882105817545,49.24237197260752],[21.017533513283674,49.24234713640479],[21.017469189930452,49.242341142206925],[21.01722136809615,49.242318048355976],[21.017188114619174,49.24231301872833],[21.016932100381204,49.24227366255419],[21.016610147397476,49.24221642595495],[21.01578021110224,49.242057872985555],[21.01567169059424,49.242040317383896],[21.01527652716433,49.24197639295192],[21.01517156556696,49.24196160075587],[21.015159676978122,49.24198221202197],[21.01455844780044,49.24190542221602],[21.01453199093331,49.24190825709433],[21.014249294509558,49.24193854546205],[21.014091641786326,49.241982356253764],[21.01384051063351,49.24205214246451],[21.013864111503885,49.242094326194774],[21.014215269559806,49.24233430019824],[21.014615985019535,49.24246702755255],[21.01482076668454,49.24249109546862],[21.014829049339763,49.24249092283556],[21.015025896050208,49.242486827890005],[21.015049638007287,49.24248633417187],[21.01533821696721,49.24254085111474],[21.01553348891825,49.24255182786007],[21.015712645094386,49.24251542207446],[21.015711569063267,49.242637899930386],[21.015711550648852,49.2426399303788],[21.015928651691983,49.242777540109515],[21.01631503091787,49.242675221038944],[21.01633017482837,49.242646611481476],[21.016400859708845,49.24251307301571],[21.016457593720187,49.24240588907273],[21.016457929217403,49.242404859284946],[21.016869125107075,49.242511534963135],[21.017185882249358,49.24252444313149],[21.017311891017833,49.242529577397924],[21.017784786215124,49.24262152387679],[21.018309709875222,49.242626036473794],[21.018623824456245,49.24266328650747],[21.018833433761376,49.242691543377006],[21.01893263830485,49.2427049165217],[21.018952391870524,49.24270757892992],[21.018945725481558,49.242728338264065],[21.0188695018777,49.24271473211715],[21.018747657651055,49.242692981902294],[21.01868140778176,49.242692622593914],[21.018473708893413,49.24269350337559],[21.018473168007148,49.242718693750255],[21.01842015752243,49.24272866909918],[21.01814227907213,49.24277542641856],[21.017863362535564,49.24290812659213],[21.017711322446424,49.24304496370286],[21.017515596076677,49.24318667795404],[21.01742788611709,49.243209925835515],[21.01707366427963,49.24347386088932],[21.017039283854675,49.24364559457922],[21.017092552439784,49.24369549729155],[21.017147002221577,49.243726262397104],[21.01722425273665,49.243770014997196],[21.017245482568004,49.24378196096652],[21.017106627247756,49.24387196235454],[21.01721725049458,49.243939760698666],[21.017994928475527,49.24352308088192],[21.018548666608826,49.24352853164986],[21.018871654529832,49.2437384747683],[21.019222498870832,49.24403962351601],[21.01922275954862,49.24403981207029],[21.01947181902424,49.24424554286992],[21.019938154406447,49.24445115206889],[21.02068091268946,49.24424038227693],[21.02153814952969,49.243988773328496],[21.021502032553272,49.243595523143945],[21.022257925038787,49.24334735988683],[21.022493680093827,49.24326681069927],[21.022859435223975,49.243194546007246],[21.023703440608095,49.24310769303832],[21.02451719901915,49.243102225300944],[21.025268476106962,49.24332203956947],[21.025610840306427,49.243476326192436],[21.026120299845633,49.24398355723749],[21.025384980576284,49.24451330234991],[21.025139342771887,49.24481455477431],[21.025261754189557,49.24579219249434],[21.02471971946381,49.24618462940226],[21.02409461303317,49.24664773271694],[21.023524140935574,49.24689834480824],[21.022972458451616,49.247326921601626],[21.02242141374376,49.247213096979344],[21.021795922583557,49.24747271265397],[21.021065986981544,49.24817456244115],[21.02106494480545,49.24817560882799],[21.021033061869836,49.24820608002481],[21.02105223317483,49.24826504289363],[21.02099614210854,49.24830642909557],[21.02033016804468,49.2487816867829],[21.019974979623612,49.24889525211325],[21.01963235748031,49.2491600233459],[21.019256012711008,49.2492985552097],[21.01880152561432,49.24949710846829],[21.018286883377193,49.249817487961685],[21.017979442992882,49.2499992251889],[21.017565910659215,49.25025582710273],[21.017640524116572,49.25032353054452],[21.0176881001009,49.25034893931322],[21.01802733911173,49.25063503647408],[21.01804638374633,49.25112586161775],[21.018577529651814,49.251221501387384],[21.018718112384974,49.251246430309415],[21.01886947788876,49.25127063018058],[21.01965816945187,49.25128913246236],[21.019687376254016,49.25155611760123],[21.019944703418485,49.25175311202067],[21.020515763918006,49.25150478528397],[21.021167506565693,49.251506661504116],[21.021828193599347,49.251580847859415],[21.021776465692255,49.25128432115384],[21.022050367885843,49.25130854654972],[21.022452538870667,49.25141842368541],[21.022641646275734,49.251056366957165],[21.021999710499674,49.250943633466264],[21.02181924031756,49.251119612491394],[21.021405927460965,49.25101162081222],[21.02121487498294,49.25057596325131],[21.02087713101489,49.250396608029625],[21.020955005091164,49.249788303800784],[21.021291917980395,49.249580510766904],[21.021405890268014,49.24922996249865],[21.02094013883068,49.24935973539911],[21.020750571912878,49.24902225560082],[21.02135158252272,49.24852417291416],[21.021548237859704,49.24864176369649],[21.022425448333333,49.24895167223217],[21.02354080258312,49.248978086286655],[21.024390272790708,49.248693791712206],[21.025275716932597,49.24866003940994],[21.02617415149041,49.24883556782756],[21.026790885793726,49.24827450094618],[21.027294607395692,49.24799739453216],[21.028425008415017,49.24831459167248],[21.02899771485509,49.24782590529307],[21.02922835667046,49.24752280751188],[21.030089284089424,49.247793866636684],[21.031080625233148,49.248095264602156],[21.031456252592886,49.24815608388636],[21.031056955056396,49.24887908623496],[21.031048600474048,49.24902555977587],[21.031028465405413,49.249263928825556],[21.031026238635917,49.249329576617484],[21.03137372026366,49.24927199533316],[21.03153805284118,49.24925392704003],[21.031716650331642,49.24929258915185],[21.031853662224655,49.24911788521711],[21.032041797276612,49.249012350762975],[21.032120385785667,49.24896826659091],[21.032504013670792,49.248753067449414],[21.032649354271935,49.24867153619968],[21.032865795637225,49.248682616906954],[21.033295024585836,49.24839001240385],[21.03377435258768,49.24815304962678],[21.034007468350417,49.24802036287959],[21.03402872804895,49.24800826201935],[21.03431768178425,49.247742606581596],[21.03435834757584,49.24770521767628],[21.034929902879576,49.247503204306405],[21.035252173618037,49.24725168489974],[21.035269849417485,49.24724153993932],[21.035270622869803,49.24724109600037],[21.03547294802042,49.247124963428455],[21.035686132002677,49.24700259833666],[21.035866762800985,49.24689891767797],[21.035902418646007,49.24672767232532],[21.036084502603657,49.24657827940466],[21.036090828024776,49.246573087525036],[21.03630217815468,49.246469662181696],[21.036532899877205,49.24631014778448],[21.036501987168823,49.24623712286471],[21.036623248682233,49.246197484133894],[21.036653564030548,49.24618757443149],[21.036854136305944,49.24597216454274],[21.03687376411789,49.24596172708419],[21.037149292042486,49.245815189670175],[21.037312495817975,49.24582093431561],[21.037600863531658,49.24537204959891],[21.037699988959684,49.24510963214254],[21.037700055913753,49.24510945606022],[21.03771670514708,49.24506537946798],[21.037721236122167,49.24505338625366],[21.038026451703573,49.24474882078633],[21.038126247616468,49.2446493364369],[21.03824128672119,49.2446046328804],[21.03824933159324,49.244604569703185],[21.038303646413553,49.24460414452997],[21.038464869690543,49.24460288145949],[21.038831773848784,49.244669696726255],[21.038935732648056,49.2446952902071],[21.039236081072247,49.24476923313625],[21.03961546664149,49.2449255775309],[21.039712423084246,49.244989039183096],[21.039734295187063,49.245027109581244],[21.039702243164424,49.245323610407596],[21.039624075114094,49.245302620574144],[21.03939947899689,49.24538680641114],[21.03937803815257,49.245706608161896],[21.039379469201865,49.2457116312652],[21.039399215449865,49.24578091454339],[21.0394334594931,49.24590106329735],[21.039347042936726,49.24593324242908],[21.039249088551525,49.24596971801404],[21.0392505704709,49.24597348688821],[21.039331200150897,49.246178542654505],[21.039313572554352,49.24676422821331],[21.039236207578714,49.24679439968477],[21.039280797740137,49.246995705776165],[21.039310773100816,49.24704853240709],[21.03948781754147,49.24736054216836],[21.03950952164403,49.247398790750495],[21.03965197761158,49.24760417596775],[21.039825086087856,49.2478537550461],[21.039979520322948,49.248002804667685],[21.040166208153245,49.24803451391356],[21.040267680889798,49.24807471414886],[21.04018571779134,49.248294304556886],[21.040143507201133,49.24840739135425],[21.03958518291664,49.24853828626192],[21.039179908478694,49.248614723940776],[21.0388276601679,49.24865371785386],[21.03850258876175,49.24871519854392],[21.03839776374814,49.24879472233322],[21.03828009959526,49.24888398652991],[21.038173012351567,49.24899394067846],[21.038020876626017,49.24915014903669],[21.03793119207862,49.249242232527436],[21.037991554083643,49.249589444396676],[21.038032261524517,49.24958761366159],[21.037785475871626,49.2498411386615],[21.03780418897544,49.25002089963674],[21.03789969436805,49.25005820746682],[21.037934505848007,49.25009610987036],[21.03796182380715,49.25012585224586],[21.037971050464165,49.25013604366527],[21.038038987313602,49.25021108971267],[21.03792311276223,49.25018888515062],[21.037902610748986,49.25019133876477],[21.03772602959523,49.25021246859475],[21.03756866019966,49.25030640687786],[21.03751235365545,49.25030333908117],[21.037265903045892,49.250421287665574],[21.037120260336014,49.250584370330714],[21.037034052962593,49.250910477316545],[21.03671875877869,49.25128285098915],[21.036666691094755,49.25142883248529],[21.036678166899083,49.25158583134833],[21.036679061560093,49.25159806535539],[21.03667017233514,49.251596895606305],[21.03650336901593,49.25157494157415],[21.036402906603854,49.25157051093889],[21.036105945400305,49.2515574143379],[21.03592991835641,49.25154488763407],[21.035928206259992,49.2515535494143],[21.0358887115017,49.25175343547066],[21.036296499665884,49.25193138239809],[21.036312659537806,49.25199066563716],[21.035948709452313,49.25206602474206],[21.035979134851193,49.25216662705706],[21.035979610901492,49.252168822061826],[21.035718722753934,49.25225306932727],[21.03571821529117,49.25226273078403],[21.035711608706652,49.25238861929595],[21.035706238826823,49.25249093019971],[21.035673356331756,49.2524931158549],[21.035575919615027,49.2524995932199],[21.03544724878884,49.25265664741003],[21.03553645290213,49.25270983138803],[21.035646991217572,49.252724583571165],[21.036521235474957,49.25284125434302],[21.036628258636394,49.252829834988944],[21.036911349965127,49.252057169022976],[21.03724059180668,49.25237531768359],[21.03771891311766,49.25283751273763],[21.037730756094213,49.25297737033728],[21.03776103292105,49.253334927764456],[21.03774513039596,49.253390544777986],[21.037676863567615,49.253629287214174],[21.037648781558172,49.25378328866232],[21.037577637187518,49.25417343337196],[21.03757456826877,49.25419944167315],[21.037460429073143,49.25450813354772],[21.037049273314885,49.25507424677406],[21.03703051814565,49.25510007125574],[21.037000208738686,49.255161409322234],[21.03682911397454,49.2555076625253],[21.03676116451642,49.255689598714],[21.036685931301697,49.25589103430927],[21.03656574955106,49.255998718767444],[21.036560071807454,49.256003806564074],[21.036254574482097,49.25627544818554],[21.036231659248266,49.25629582329872],[21.035301142675106,49.25643474180369],[21.034889213916443,49.25649623678383],[21.034664370223165,49.2565411552526],[21.034361002310334,49.256624036770624],[21.034039557113196,49.25687288091827],[21.034028115647654,49.2568893733997],[21.033951985217968,49.256999118227085],[21.033811304043596,49.257201913615056],[21.033714928153476,49.25734083967801],[21.03349984058706,49.257650887589186],[21.033374234310408,49.257831945124266],[21.03329684559604,49.257943499685716],[21.033003499755548,49.258206603717724],[21.032567574256777,49.25859758194651],[21.032448270327077,49.25870458436342],[21.032406377668995,49.25873626483376],[21.031805191847074,49.25919088952028],[21.031803335816594,49.25919229308126],[21.031544321890415,49.259276979353736],[21.03109951841929,49.25942240856529],[21.030828250665788,49.25953513306691],[21.030822346924364,49.25953789146678],[21.030390459693294,49.259739676144726],[21.029959048216952,49.25993272953985],[21.02963743629568,49.2600766467076],[21.029495857307435,49.26014000111405],[21.029415129201677,49.26017612536606],[21.02929694914091,49.26025265293013],[21.029218538406912,49.26030342688655],[21.028944996694648,49.26048044290229],[21.028770617148727,49.2605125865571],[21.027863531864632,49.260556922032805],[21.027460276289172,49.26057802140898],[21.026586197228788,49.2603506370797],[21.026251431108328,49.26026682697562],[21.025956346271773,49.26024012367129],[21.02578453248947,49.26018411941883],[21.02551722721187,49.25999086742992],[21.02525220681675,49.2598400020302],[21.02501316141138,49.2597818092188],[21.02424602549845,49.259468758619214],[21.023955153598223,49.259495303472214],[21.023634321962973,49.25957218824712],[21.02331459580689,49.25967071479943],[21.022917566518426,49.259809037019515],[21.022638407956926,49.25997100156412],[21.022334495001047,49.2601690708833],[21.021948934415523,49.26035547811848],[21.02122229482516,49.260631607446754]]]}}]}